caseIndex,radius,rise,yawDegrees,settling,responseIndex,frame,usec,delta,position,along,wholeDelta,wholeDistance,parentDelta,realVelocity,lastMotion,grounded,onWall,targetSlideAngles,targetSlidePoints,supportContactCount,supportHit,supportAngles,supportIdentities,walkableSupportRids,queryStateUnchanged,operandReplayValid,landingQualified,blockedResponseQualified,baseSupportQualified
0,0.35,0.15,-45.0,True,0,2,391776,0.0166666666666667,"[0.70710676908493,0.0444444455206394,-0.70710676908493]",-0.9999999828857283,"[0.0,-0.00555555522441864,0.0]",0.00555555522441864,"[0.0,-0.00555555522441864,0.0]","[0.0,-0.333333283662796,0.0]","[0.0,-0.00555555615574121,0.0]",False,False,[],[],0,False,[],[],[],True,True,False,False,False
0,0.35,0.15,-45.0,True,1,3,392331,0.0166666666666667,"[0.70710676908493,0.0333333313465118,-0.70710676908493]",-0.9999999828857283,"[0.0,-0.0111111141741276,0.0]",0.0111111141741276,"[0.0,-0.0111111141741276,0.0]","[0.0,-0.666666805744171,0.0]","[0.0,-0.0111111123114824,0.0]",False,False,[],[],0,False,[],[],[],True,True,False,False,False
0,0.35,0.15,-45.0,True,2,4,392756,0.0166666666666667,"[0.70710676908493,0.0166666638106108,-0.70710676908493]",-0.9999999828857283,"[0.0,-0.0166666675359011,0.0]",0.0166666675359011,"[0.0,-0.0166666675359011,0.0]","[0.0,-1.0,0.0]","[0.0,-0.0166666675359011,0.0]",False,False,[],[],1,True,[0.0],"[{""rid"":94489280512,""shape"":0,""localShape"":0,""point"":[0.70710676908493,0.0,-0.70710676908493]}]",[94489280512],True,True,False,False,True
0,0.35,0.15,-45.0,True,3,5,393078,0.0166666666666667,"[0.70710676908493,0.0166666638106108,-0.70710676908493]",-0.9999999828857283,"[0.0,0.0,0.0]",0.0,"[0.0,0.0,0.0]","[0.0,0.0,0.0]","[0.0,0.0,0.0]",True,False,[],[],1,True,[0.0],"[{""rid"":94489280512,""shape"":0,""localShape"":0,""point"":[0.70710676908493,0.0,-0.70710676908493]}]",[94489280512],True,True,False,False,True
0,0.35,0.15,-45.0,True,4,6,393547,0.0166666666666667,"[0.70710676908493,0.0166666638106108,-0.70710676908493]",-0.9999999828857283,"[0.0,0.0,0.0]",0.0,"[0.0,0.0,0.0]","[0.0,0.0,0.0]","[0.0,0.0,0.0]",True,False,[],[],1,True,[0.0],"[{""rid"":94489280512,""shape"":0,""localShape"":0,""point"":[0.70710676908493,0.0,-0.70710676908493]}]",[94489280512],True,True,False,False,True
0,0.35,0.15,-45.0,True,5,7,393961,0.0166666666666667,"[0.70710676908493,0.0166666638106108,-0.70710676908493]",-0.9999999828857283,"[0.0,0.0,0.0]",0.0,"[0.0,0.0,0.0]","[0.0,0.0,0.0]","[0.0,0.0,0.0]",True,False,[],[],1,True,[0.0],"[{""rid"":94489280512,""shape"":0,""localShape"":0,""point"":[0.70710676908493,0.0,-0.70710676908493]}]",[94489280512],True,True,False,False,True
0,0.35,0.15,-45.0,True,6,8,394307,0.0166666666666667,"[0.70710676908493,0.0166666638106108,-0.70710676908493]",-0.9999999828857283,"[0.0,0.0,0.0]",0.0,"[0.0,0.0,0.0]","[0.0,0.0,0.0]","[0.0,0.0,0.0]",True,False,[],[],1,True,[0.0],"[{""rid"":94489280512,""shape"":0,""localShape"":0,""point"":[0.70710676908493,0.0,-0.70710676908493]}]",[94489280512],True,True,False,False,True
0,0.35,0.15,-45.0,True,7,9,394602,0.0166666666666667,"[0.70710676908493,0.0166666638106108,-0.70710676908493]",-0.9999999828857283,"[0.0,0.0,0.0]",0.0,"[0.0,0.0,0.0]","[0.0,0.0,0.0]","[0.0,0.0,0.0]",True,False,[],[],1,True,[0.0],"[{""rid"":94489280512,""shape"":0,""localShape"":0,""point"":[0.70710676908493,0.0,-0.70710676908493]}]",[94489280512],True,True,False,False,True
0,0.35,0.15,-45.0,True,8,10,395005,0.0166666666666667,"[0.70710676908493,0.0166666638106108,-0.70710676908493]",-0.9999999828857283,"[0.0,0.0,0.0]",0.0,"[0.0,0.0,0.0]","[0.0,0.0,0.0]","[0.0,0.0,0.0]",True,False,[],[],1,True,[0.0],"[{""rid"":94489280512,""shape"":0,""localShape"":0,""point"":[0.70710676908493,0.0,-0.70710676908493]}]",[94489280512],True,True,False,False,True
0,0.35,0.15,-45.0,True,9,11,398711,0.0166666666666667,"[0.70710676908493,0.0166666638106108,-0.70710676908493]",-0.9999999828857283,"[0.0,0.0,0.0]",0.0,"[0.0,0.0,0.0]","[0.0,0.0,0.0]","[0.0,0.0,0.0]",True,False,[],[],1,True,[0.0],"[{""rid"":94489280512,""shape"":0,""localShape"":0,""point"":[0.70710676908493,0.0,-0.70710676908493]}]",[94489280512],True,True,False,False,True
0,0.35,0.15,-45.0,True,10,12,419443,0.0166666666666667,"[0.70710676908493,0.0166666638106108,-0.70710676908493]",-0.9999999828857283,"[0.0,0.0,0.0]",0.0,"[0.0,0.0,0.0]","[0.0,0.0,0.0]","[0.0,0.0,0.0]",True,False,[],[],1,True,[0.0],"[{""rid"":94489280512,""shape"":0,""localShape"":0,""point"":[0.70710676908493,0.0,-0.70710676908493]}]",[94489280512],True,True,False,False,True
0,0.35,0.15,-45.0,True,11,13,433241,0.0166666666666667,"[0.70710676908493,0.0166666638106108,-0.70710676908493]",-0.9999999828857283,"[0.0,0.0,0.0]",0.0,"[0.0,0.0,0.0]","[0.0,0.0,0.0]","[0.0,0.0,0.0]",True,False,[],[],1,True,[0.0],"[{""rid"":94489280512,""shape"":0,""localShape"":0,""point"":[0.70710676908493,0.0,-0.70710676908493]}]",[94489280512],True,True,False,False,True
0,0.35,0.15,-45.0,True,12,14,453966,0.0166666666666667,"[0.70710676908493,0.0166666638106108,-0.70710676908493]",-0.9999999828857283,"[0.0,0.0,0.0]",0.0,"[0.0,0.0,0.0]","[0.0,0.0,0.0]","[0.0,0.0,0.0]",True,False,[],[],1,True,[0.0],"[{""rid"":94489280512,""shape"":0,""localShape"":0,""point"":[0.70710676908493,0.0,-0.70710676908493]}]",[94489280512],True,True,False,False,True
0,0.35,0.15,-45.0,True,13,15,467758,0.0166666666666667,"[0.70710676908493,0.0166666638106108,-0.70710676908493]",-0.9999999828857283,"[0.0,0.0,0.0]",0.0,"[0.0,0.0,0.0]","[0.0,0.0,0.0]","[0.0,0.0,0.0]",True,False,[],[],1,True,[0.0],"[{""rid"":94489280512,""shape"":0,""localShape"":0,""point"":[0.70710676908493,0.0,-0.70710676908493]}]",[94489280512],True,True,False,False,True
0,0.35,0.15,-45.0,True,14,16,488460,0.0166666666666667,"[0.70710676908493,0.0166666638106108,-0.70710676908493]",-0.9999999828857283,"[0.0,0.0,0.0]",0.0,"[0.0,0.0,0.0]","[0.0,0.0,0.0]","[0.0,0.0,0.0]",True,False,[],[],1,True,[0.0],"[{""rid"":94489280512,""shape"":0,""localShape"":0,""point"":[0.70710676908493,0.0,-0.70710676908493]}]",[94489280512],True,True,False,False,True
0,0.35,0.15,-45.0,True,15,17,502230,0.0166666666666667,"[0.70710676908493,0.0166666638106108,-0.70710676908493]",-0.9999999828857283,"[0.0,0.0,0.0]",0.0,"[0.0,0.0,0.0]","[0.0,0.0,0.0]","[0.0,0.0,0.0]",True,False,[],[],1,True,[0.0],"[{""rid"":94489280512,""shape"":0,""localShape"":0,""point"":[0.70710676908493,0.0,-0.70710676908493]}]",[94489280512],True,True,False,False,True
0,0.35,0.15,-45.0,True,16,18,522892,0.0166666666666667,"[0.70710676908493,0.0166666638106108,-0.70710676908493]",-0.9999999828857283,"[0.0,0.0,0.0]",0.0,"[0.0,0.0,0.0]","[0.0,0.0,0.0]","[0.0,0.0,0.0]",True,False,[],[],1,True,[0.0],"[{""rid"":94489280512,""shape"":0,""localShape"":0,""point"":[0.70710676908493,0.0,-0.70710676908493]}]",[94489280512],True,True,False,False,True
0,0.35,0.15,-45.0,True,17,19,537666,0.0166666666666667,"[0.70710676908493,0.0166666638106108,-0.70710676908493]",-0.9999999828857283,"[0.0,0.0,0.0]",0.0,"[0.0,0.0,0.0]","[0.0,0.0,0.0]","[0.0,0.0,0.0]",True,False,[],[],1,True,[0.0],"[{""rid"":94489280512,""shape"":0,""localShape"":0,""point"":[0.70710676908493,0.0,-0.70710676908493]}]",[94489280512],True,True,False,False,True
0,0.35,0.15,-45.0,True,18,20,557565,0.0166666666666667,"[0.70710676908493,0.0166666638106108,-0.70710676908493]",-0.9999999828857283,"[0.0,0.0,0.0]",0.0,"[0.0,0.0,0.0]","[0.0,0.0,0.0]","[0.0,0.0,0.0]",True,False,[],[],1,True,[0.0],"[{""rid"":94489280512,""shape"":0,""localShape"":0,""point"":[0.70710676908493,0.0,-0.70710676908493]}]",[94489280512],True,True,False,False,True
0,0.35,0.15,-45.0,True,19,21,571642,0.0166666666666667,"[0.70710676908493,0.0166666638106108,-0.70710676908493]",-0.9999999828857283,"[0.0,0.0,0.0]",0.0,"[0.0,0.0,0.0]","[0.0,0.0,0.0]","[0.0,0.0,0.0]",True,False,[],[],1,True,[0.0],"[{""rid"":94489280512,""shape"":0,""localShape"":0,""point"":[0.70710676908493,0.0,-0.70710676908493]}]",[94489280512],True,True,False,False,True
0,0.35,0.15,-45.0,False,0,22,591972,0.0166666666666667,"[0.636396050453186,0.0166666638106108,-0.636396050453186]",-0.899999925591568,"[-0.0707107186317444,0.0,0.0707107186317444]",0.10000005729416082,"[-0.0707107186317444,0.0,0.0707107186317444]","[-4.24264287948608,0.0,4.24264287948608]","[-0.070710688829422,0.0,0.070710688829422]",True,False,[],[],1,True,[0.0],"[{""rid"":94489280512,""shape"":0,""localShape"":0,""point"":[0.636396050453186,0.0,-0.636396050453186]}]",[94489280512],True,True,False,False,True
0,0.35,0.15,-45.0,False,1,23,605709,0.0166666666666667,"[0.565685391426086,0.0166666638106108,-0.565685391426086]",-0.7999999525911037,"[-0.0707106590270996,0.0,0.0707106590270996]",0.09999997300046377,"[-0.0707106590270996,0.0,0.0707106590270996]","[-4.24263954162598,0.0,4.24263954162598]","[-0.070710688829422,0.0,0.070710688829422]",True,False,[],[],1,True,[0.0],"[{""rid"":94489280512,""shape"":0,""localShape"":0,""point"":[0.565685391426086,0.0,-0.565685391426086]}]",[94489280512],True,True,False,False,True
0,0.35,0.15,-45.0,False,2,24,626563,0.0166666666666667,"[0.494974702596664,0.0166666638106108,-0.494974702596664]",-0.6999999374437915,"[-0.070710688829422,0.0,0.070710688829422]",0.1000000151473123,"[-0.070710688829422,0.0,0.070710688829422]","[-4.24264097213745,0.0,4.24264097213745]","[-0.070710688829422,0.0,0.070710688829422]",True,False,[],[],1,True,[0.0],"[{""rid"":94489280512,""shape"":0,""localShape"":0,""point"":[0.494974702596664,0.0,-0.494974702596664]}]",[94489280512],True,True,False,False,True
0,0.35,0.15,-45.0,False,3,25,640368,0.0166666666666667,"[0.424264013767242,0.0166666638106108,-0.424264013767242]",-0.5999999222964791,"[-0.070710688829422,0.0,0.070710688829422]",0.1000000151473123,"[-0.070710688829422,0.0,0.070710688829422]","[-4.24264097213745,0.0,4.24264097213745]","[-0.070710688829422,0.0,0.070710688829422]",True,False,[],[],1,True,[0.0],"[{""rid"":94489280512,""shape"":0,""localShape"":0,""point"":[0.424264013767242,0.0,-0.424264013767242]}]",[94489280512],True,True,False,False,True
0,0.35,0.15,-45.0,False,4,26,661455,0.0166666666666667,"[0.35355332493782,0.0166666638106108,-0.35355332493782]",-0.49999990714916687,"[-0.070710688829422,0.0,0.070710688829422]",0.1000000151473123,"[-0.070710688829422,0.0,0.070710688829422]","[-4.24264097213745,0.0,4.24264097213745]","[-0.070710688829422,0.0,0.070710688829422]",True,False,[],[],1,True,[0.0],"[{""rid"":94489280512,""shape"":0,""localShape"":0,""point"":[0.35355332493782,0.0,-0.35355332493782]}]",[94489280512],True,True,False,False,True
0,0.35,0.15,-45.0,False,5,27,675140,0.0166666666666667,"[0.282842636108398,0.0166666638106108,-0.282842636108398]",-0.3999998920018545,"[-0.070710688829422,0.0,0.070710688829422]",0.1000000151473123,"[-0.070710688829422,0.0,0.070710688829422]","[-4.24264097213745,0.0,4.24264097213745]","[-0.070710688829422,0.0,0.070710688829422]",True,False,[],[],1,True,[0.0],"[{""rid"":94489280512,""shape"":0,""localShape"":0,""point"":[0.282842636108398,0.0,-0.282842636108398]}]",[94489280512],True,True,False,False,True
0,0.35,0.15,-45.0,False,6,28,695484,0.0166666666666667,"[0.212131947278976,0.0166666638106108,-0.212131947278976]",-0.2999998768545422,"[-0.070710688829422,0.0,0.070710688829422]",0.1000000151473123,"[-0.070710688829422,0.0,0.070710688829422]","[-4.24264097213745,0.0,4.24264097213745]","[-0.070710688829422,0.0,0.070710688829422]",True,False,[],[],2,True,"[0.0,56.391617076466126]","[{""rid"":94489280512,""shape"":0,""localShape"":0,""point"":[0.212131947278976,0.0,-0.212131947278976]},{""rid"":115964116994,""shape"":0,""localShape"":0,""point"":[-1.19209289550781e-07,0.150000005960464,-1.19209289550781e-07]}]",[94489280512],True,True,False,False,True
0,0.35,0.15,-45.0,False,7,29,709247,0.0166666666666667,"[0.212131947278976,0.0166666638106108,-0.212131947278976]",-0.2999998768545422,"[0.0,0.0,0.0]",0.0,"[0.0,0.0,0.0]","[0.0,0.0,0.0]","[-0.0187825262546539,0.0,0.0187825262546539]",True,True,[51.30689215669124],"[[0.0,0.150000005960464,0.0]]",2,True,"[0.0,56.391617076466126]","[{""rid"":94489280512,""shape"":0,""localShape"":0,""point"":[0.212131947278976,0.0,-0.212131947278976]},{""rid"":115964116994,""shape"":0,""localShape"":0,""point"":[-1.19209289550781e-07,0.150000005960464,-1.19209289550781e-07]}]",[94489280512],True,True,False,True,True
0,0.35,0.15,-45.0,False,8,30,729935,0.0166666666666667,"[0.212131947278976,0.0166666638106108,-0.212131947278976]",-0.2999998768545422,"[0.0,0.0,0.0]",0.0,"[0.0,0.0,0.0]","[0.0,0.0,0.0]","[-0.0187825262546539,0.0,0.0187825262546539]",True,True,[51.30689215669124],"[[0.0,0.150000005960464,0.0]]",2,True,"[0.0,56.391617076466126]","[{""rid"":94489280512,""shape"":0,""localShape"":0,""point"":[0.212131947278976,0.0,-0.212131947278976]},{""rid"":115964116994,""shape"":0,""localShape"":0,""point"":[-1.19209289550781e-07,0.150000005960464,-1.19209289550781e-07]}]",[94489280512],True,True,False,True,True
0,0.35,0.15,-45.0,False,9,31,743740,0.0166666666666667,"[0.212131947278976,0.0166666638106108,-0.212131947278976]",-0.2999998768545422,"[0.0,0.0,0.0]",0.0,"[0.0,0.0,0.0]","[0.0,0.0,0.0]","[-0.0187825262546539,0.0,0.0187825262546539]",True,True,[51.30689215669124],"[[0.0,0.150000005960464,0.0]]",2,True,"[0.0,56.391617076466126]","[{""rid"":94489280512,""shape"":0,""localShape"":0,""point"":[0.212131947278976,0.0,-0.212131947278976]},{""rid"":115964116994,""shape"":0,""localShape"":0,""point"":[-1.19209289550781e-07,0.150000005960464,-1.19209289550781e-07]}]",[94489280512],True,True,False,True,True
0,0.35,0.15,-45.0,False,10,32,757505,0.0166666666666667,"[0.212131947278976,0.0166666638106108,-0.212131947278976]",-0.2999998768545422,"[0.0,0.0,0.0]",0.0,"[0.0,0.0,0.0]","[0.0,0.0,0.0]","[-0.0187825262546539,0.0,0.0187825262546539]",True,True,[51.30689215669124],"[[0.0,0.150000005960464,0.0]]",2,True,"[0.0,56.391617076466126]","[{""rid"":94489280512,""shape"":0,""localShape"":0,""point"":[0.212131947278976,0.0,-0.212131947278976]},{""rid"":115964116994,""shape"":0,""localShape"":0,""point"":[-1.19209289550781e-07,0.150000005960464,-1.19209289550781e-07]}]",[94489280512],True,True,False,True,True
0,0.35,0.15,-45.0,False,11,33,778204,0.0166666666666667,"[0.212131947278976,0.0166666638106108,-0.212131947278976]",-0.2999998768545422,"[0.0,0.0,0.0]",0.0,"[0.0,0.0,0.0]","[0.0,0.0,0.0]","[-0.0187825262546539,0.0,0.0187825262546539]",True,True,[51.30689215669124],"[[0.0,0.150000005960464,0.0]]",2,True,"[0.0,56.391617076466126]","[{""rid"":94489280512,""shape"":0,""localShape"":0,""point"":[0.212131947278976,0.0,-0.212131947278976]},{""rid"":115964116994,""shape"":0,""localShape"":0,""point"":[-1.19209289550781e-07,0.150000005960464,-1.19209289550781e-07]}]",[94489280512],True,True,False,True,True
0,0.35,0.15,-45.0,False,12,34,792013,0.0166666666666667,"[0.212131947278976,0.0166666638106108,-0.212131947278976]",-0.2999998768545422,"[0.0,0.0,0.0]",0.0,"[0.0,0.0,0.0]","[0.0,0.0,0.0]","[-0.0187825262546539,0.0,0.0187825262546539]",True,True,[51.30689215669124],"[[0.0,0.150000005960464,0.0]]",2,True,"[0.0,56.391617076466126]","[{""rid"":94489280512,""shape"":0,""localShape"":0,""point"":[0.212131947278976,0.0,-0.212131947278976]},{""rid"":115964116994,""shape"":0,""localShape"":0,""point"":[-1.19209289550781e-07,0.150000005960464,-1.19209289550781e-07]}]",[94489280512],True,True,False,True,True
0,0.35,0.15,-45.0,False,13,35,812715,0.0166666666666667,"[0.212131947278976,0.0166666638106108,-0.212131947278976]",-0.2999998768545422,"[0.0,0.0,0.0]",0.0,"[0.0,0.0,0.0]","[0.0,0.0,0.0]","[-0.0187825262546539,0.0,0.0187825262546539]",True,True,[51.30689215669124],"[[0.0,0.150000005960464,0.0]]",2,True,"[0.0,56.391617076466126]","[{""rid"":94489280512,""shape"":0,""localShape"":0,""point"":[0.212131947278976,0.0,-0.212131947278976]},{""rid"":115964116994,""shape"":0,""localShape"":0,""point"":[-1.19209289550781e-07,0.150000005960464,-1.19209289550781e-07]}]",[94489280512],True,True,False,True,True
0,0.35,0.15,-45.0,False,14,36,826536,0.0166666666666667,"[0.212131947278976,0.0166666638106108,-0.212131947278976]",-0.2999998768545422,"[0.0,0.0,0.0]",0.0,"[0.0,0.0,0.0]","[0.0,0.0,0.0]","[-0.0187825262546539,0.0,0.0187825262546539]",True,True,[51.30689215669124],"[[0.0,0.150000005960464,0.0]]",2,True,"[0.0,56.391617076466126]","[{""rid"":94489280512,""shape"":0,""localShape"":0,""point"":[0.212131947278976,0.0,-0.212131947278976]},{""rid"":115964116994,""shape"":0,""localShape"":0,""point"":[-1.19209289550781e-07,0.150000005960464,-1.19209289550781e-07]}]",[94489280512],True,True,False,True,True
0,0.35,0.15,-45.0,False,15,37,840306,0.0166666666666667,"[0.212131947278976,0.0166666638106108,-0.212131947278976]",-0.2999998768545422,"[0.0,0.0,0.0]",0.0,"[0.0,0.0,0.0]","[0.0,0.0,0.0]","[-0.0187825262546539,0.0,0.0187825262546539]",True,True,[51.30689215669124],"[[0.0,0.150000005960464,0.0]]",2,True,"[0.0,56.391617076466126]","[{""rid"":94489280512,""shape"":0,""localShape"":0,""point"":[0.212131947278976,0.0,-0.212131947278976]},{""rid"":115964116994,""shape"":0,""localShape"":0,""point"":[-1.19209289550781e-07,0.150000005960464,-1.19209289550781e-07]}]",[94489280512],True,True,False,True,True
0,0.35,0.15,-45.0,False,16,38,861031,0.0166666666666667,"[0.212131947278976,0.0166666638106108,-0.212131947278976]",-0.2999998768545422,"[0.0,0.0,0.0]",0.0,"[0.0,0.0,0.0]","[0.0,0.0,0.0]","[-0.0187825262546539,0.0,0.0187825262546539]",True,True,[51.30689215669124],"[[0.0,0.150000005960464,0.0]]",2,True,"[0.0,56.391617076466126]","[{""rid"":94489280512,""shape"":0,""localShape"":0,""point"":[0.212131947278976,0.0,-0.212131947278976]},{""rid"":115964116994,""shape"":0,""localShape"":0,""point"":[-1.19209289550781e-07,0.150000005960464,-1.19209289550781e-07]}]",[94489280512],True,True,False,True,True
0,0.35,0.15,-45.0,False,17,39,874831,0.0166666666666667,"[0.212131947278976,0.0166666638106108,-0.212131947278976]",-0.2999998768545422,"[0.0,0.0,0.0]",0.0,"[0.0,0.0,0.0]","[0.0,0.0,0.0]","[-0.0187825262546539,0.0,0.0187825262546539]",True,True,[51.30689215669124],"[[0.0,0.150000005960464,0.0]]",2,True,"[0.0,56.391617076466126]","[{""rid"":94489280512,""shape"":0,""localShape"":0,""point"":[0.212131947278976,0.0,-0.212131947278976]},{""rid"":115964116994,""shape"":0,""localShape"":0,""point"":[-1.19209289550781e-07,0.150000005960464,-1.19209289550781e-07]}]",[94489280512],True,True,False,True,True
0,0.35,0.15,-45.0,False,18,40,895551,0.0166666666666667,"[0.212131947278976,0.0166666638106108,-0.212131947278976]",-0.2999998768545422,"[0.0,0.0,0.0]",0.0,"[0.0,0.0,0.0]","[0.0,0.0,0.0]","[-0.0187825262546539,0.0,0.0187825262546539]",True,True,[51.30689215669124],"[[0.0,0.150000005960464,0.0]]",2,True,"[0.0,56.391617076466126]","[{""rid"":94489280512,""shape"":0,""localShape"":0,""point"":[0.212131947278976,0.0,-0.212131947278976]},{""rid"":115964116994,""shape"":0,""localShape"":0,""point"":[-1.19209289550781e-07,0.150000005960464,-1.19209289550781e-07]}]",[94489280512],True,True,False,True,True
0,0.35,0.15,-45.0,False,19,41,909345,0.0166666666666667,"[0.212131947278976,0.0166666638106108,-0.212131947278976]",-0.2999998768545422,"[0.0,0.0,0.0]",0.0,"[0.0,0.0,0.0]","[0.0,0.0,0.0]","[-0.0187825262546539,0.0,0.0187825262546539]",True,True,[51.30689215669124],"[[0.0,0.150000005960464,0.0]]",2,True,"[0.0,56.391617076466126]","[{""rid"":94489280512,""shape"":0,""localShape"":0,""point"":[0.212131947278976,0.0,-0.212131947278976]},{""rid"":115964116994,""shape"":0,""localShape"":0,""point"":[-1.19209289550781e-07,0.150000005960464,-1.19209289550781e-07]}]",[94489280512],True,True,False,True,True
0,0.35,0.15,-45.0,False,20,42,930183,0.0166666666666667,"[0.212131947278976,0.0166666638106108,-0.212131947278976]",-0.2999998768545422,"[0.0,0.0,0.0]",0.0,"[0.0,0.0,0.0]","[0.0,0.0,0.0]","[-0.0187825262546539,0.0,0.0187825262546539]",True,True,[51.30689215669124],"[[0.0,0.150000005960464,0.0]]",2,True,"[0.0,56.391617076466126]","[{""rid"":94489280512,""shape"":0,""localShape"":0,""point"":[0.212131947278976,0.0,-0.212131947278976]},{""rid"":115964116994,""shape"":0,""localShape"":0,""point"":[-1.19209289550781e-07,0.150000005960464,-1.19209289550781e-07]}]",[94489280512],True,True,False,True,True
0,0.35,0.15,-45.0,False,21,43,944224,0.0166666666666667,"[0.212131947278976,0.0166666638106108,-0.212131947278976]",-0.2999998768545422,"[0.0,0.0,0.0]",0.0,"[0.0,0.0,0.0]","[0.0,0.0,0.0]","[-0.0187825262546539,0.0,0.0187825262546539]",True,True,[51.30689215669124],"[[0.0,0.150000005960464,0.0]]",2,True,"[0.0,56.391617076466126]","[{""rid"":94489280512,""shape"":0,""localShape"":0,""point"":[0.212131947278976,0.0,-0.212131947278976]},{""rid"":115964116994,""shape"":0,""localShape"":0,""point"":[-1.19209289550781e-07,0.150000005960464,-1.19209289550781e-07]}]",[94489280512],True,True,False,True,True
0,0.35,0.15,-45.0,False,22,44,958243,0.0166666666666667,"[0.212131947278976,0.0166666638106108,-0.212131947278976]",-0.2999998768545422,"[0.0,0.0,0.0]",0.0,"[0.0,0.0,0.0]","[0.0,0.0,0.0]","[-0.0187825262546539,0.0,0.0187825262546539]",True,True,[51.30689215669124],"[[0.0,0.150000005960464,0.0]]",2,True,"[0.0,56.391617076466126]","[{""rid"":94489280512,""shape"":0,""localShape"":0,""point"":[0.212131947278976,0.0,-0.212131947278976]},{""rid"":115964116994,""shape"":0,""localShape"":0,""point"":[-1.19209289550781e-07,0.150000005960464,-1.19209289550781e-07]}]",[94489280512],True,True,False,True,True
0,0.35,0.15,-45.0,False,23,45,978738,0.0166666666666667,"[0.212131947278976,0.0166666638106108,-0.212131947278976]",-0.2999998768545422,"[0.0,0.0,0.0]",0.0,"[0.0,0.0,0.0]","[0.0,0.0,0.0]","[-0.0187825262546539,0.0,0.0187825262546539]",True,True,[51.30689215669124],"[[0.0,0.150000005960464,0.0]]",2,True,"[0.0,56.391617076466126]","[{""rid"":94489280512,""shape"":0,""localShape"":0,""point"":[0.212131947278976,0.0,-0.212131947278976]},{""rid"":115964116994,""shape"":0,""localShape"":0,""point"":[-1.19209289550781e-07,0.150000005960464,-1.19209289550781e-07]}]",[94489280512],True,True,False,True,True
0,0.35,0.15,-45.0,False,24,46,992227,0.0166666666666667,"[0.212131947278976,0.0166666638106108,-0.212131947278976]",-0.2999998768545422,"[0.0,0.0,0.0]",0.0,"[0.0,0.0,0.0]","[0.0,0.0,0.0]","[-0.0187825262546539,0.0,0.0187825262546539]",True,True,[51.30689215669124],"[[0.0,0.150000005960464,0.0]]",2,True,"[0.0,56.391617076466126]","[{""rid"":94489280512,""shape"":0,""localShape"":0,""point"":[0.212131947278976,0.0,-0.212131947278976]},{""rid"":115964116994,""shape"":0,""localShape"":0,""point"":[-1.19209289550781e-07,0.150000005960464,-1.19209289550781e-07]}]",[94489280512],True,True,False,True,True
0,0.35,0.15,-45.0,False,25,47,1012866,0.0166666666666667,"[0.212131947278976,0.0166666638106108,-0.212131947278976]",-0.2999998768545422,"[0.0,0.0,0.0]",0.0,"[0.0,0.0,0.0]","[0.0,0.0,0.0]","[-0.0187825262546539,0.0,0.0187825262546539]",True,True,[51.30689215669124],"[[0.0,0.150000005960464,0.0]]",2,True,"[0.0,56.391617076466126]","[{""rid"":94489280512,""shape"":0,""localShape"":0,""point"":[0.212131947278976,0.0,-0.212131947278976]},{""rid"":115964116994,""shape"":0,""localShape"":0,""point"":[-1.19209289550781e-07,0.150000005960464,-1.19209289550781e-07]}]",[94489280512],True,True,False,True,True
0,0.35,0.15,-45.0,False,26,48,1026633,0.0166666666666667,"[0.212131947278976,0.0166666638106108,-0.212131947278976]",-0.2999998768545422,"[0.0,0.0,0.0]",0.0,"[0.0,0.0,0.0]","[0.0,0.0,0.0]","[-0.0187825262546539,0.0,0.0187825262546539]",True,True,[51.30689215669124],"[[0.0,0.150000005960464,0.0]]",2,True,"[0.0,56.391617076466126]","[{""rid"":94489280512,""shape"":0,""localShape"":0,""point"":[0.212131947278976,0.0,-0.212131947278976]},{""rid"":115964116994,""shape"":0,""localShape"":0,""point"":[-1.19209289550781e-07,0.150000005960464,-1.19209289550781e-07]}]",[94489280512],True,True,False,True,True
0,0.35,0.15,-45.0,False,27,49,1040445,0.0166666666666667,"[0.212131947278976,0.0166666638106108,-0.212131947278976]",-0.2999998768545422,"[0.0,0.0,0.0]",0.0,"[0.0,0.0,0.0]","[0.0,0.0,0.0]","[-0.0187825262546539,0.0,0.0187825262546539]",True,True,[51.30689215669124],"[[0.0,0.150000005960464,0.0]]",2,True,"[0.0,56.391617076466126]","[{""rid"":94489280512,""shape"":0,""localShape"":0,""point"":[0.212131947278976,0.0,-0.212131947278976]},{""rid"":115964116994,""shape"":0,""localShape"":0,""point"":[-1.19209289550781e-07,0.150000005960464,-1.19209289550781e-07]}]",[94489280512],True,True,False,True,True
0,0.35,0.15,-45.0,False,28,50,1061137,0.0166666666666667,"[0.212131947278976,0.0166666638106108,-0.212131947278976]",-0.2999998768545422,"[0.0,0.0,0.0]",0.0,"[0.0,0.0,0.0]","[0.0,0.0,0.0]","[-0.0187825262546539,0.0,0.0187825262546539]",True,True,[51.30689215669124],"[[0.0,0.150000005960464,0.0]]",2,True,"[0.0,56.391617076466126]","[{""rid"":94489280512,""shape"":0,""localShape"":0,""point"":[0.212131947278976,0.0,-0.212131947278976]},{""rid"":115964116994,""shape"":0,""localShape"":0,""point"":[-1.19209289550781e-07,0.150000005960464,-1.19209289550781e-07]}]",[94489280512],True,True,False,True,True
0,0.35,0.15,-45.0,False,29,51,1074933,0.0166666666666667,"[0.212131947278976,0.0166666638106108,-0.212131947278976]",-0.2999998768545422,"[0.0,0.0,0.0]",0.0,"[0.0,0.0,0.0]","[0.0,0.0,0.0]","[-0.0187825262546539,0.0,0.0187825262546539]",True,True,[51.30689215669124],"[[0.0,0.150000005960464,0.0]]",2,True,"[0.0,56.391617076466126]","[{""rid"":94489280512,""shape"":0,""localShape"":0,""point"":[0.212131947278976,0.0,-0.212131947278976]},{""rid"":115964116994,""shape"":0,""localShape"":0,""point"":[-1.19209289550781e-07,0.150000005960464,-1.19209289550781e-07]}]",[94489280512],True,True,False,True,True
0,0.35,0.15,-45.0,False,30,52,1095644,0.0166666666666667,"[0.212131947278976,0.0166666638106108,-0.212131947278976]",-0.2999998768545422,"[0.0,0.0,0.0]",0.0,"[0.0,0.0,0.0]","[0.0,0.0,0.0]","[-0.0187825262546539,0.0,0.0187825262546539]",True,True,[51.30689215669124],"[[0.0,0.150000005960464,0.0]]",2,True,"[0.0,56.391617076466126]","[{""rid"":94489280512,""shape"":0,""localShape"":0,""point"":[0.212131947278976,0.0,-0.212131947278976]},{""rid"":115964116994,""shape"":0,""localShape"":0,""point"":[-1.19209289550781e-07,0.150000005960464,-1.19209289550781e-07]}]",[94489280512],True,True,False,True,True
0,0.35,0.15,-45.0,False,31,53,1109413,0.0166666666666667,"[0.212131947278976,0.0166666638106108,-0.212131947278976]",-0.2999998768545422,"[0.0,0.0,0.0]",0.0,"[0.0,0.0,0.0]","[0.0,0.0,0.0]","[-0.0187825262546539,0.0,0.0187825262546539]",True,True,[51.30689215669124],"[[0.0,0.150000005960464,0.0]]",2,True,"[0.0,56.391617076466126]","[{""rid"":94489280512,""shape"":0,""localShape"":0,""point"":[0.212131947278976,0.0,-0.212131947278976]},{""rid"":115964116994,""shape"":0,""localShape"":0,""point"":[-1.19209289550781e-07,0.150000005960464,-1.19209289550781e-07]}]",[94489280512],True,True,False,True,True
0,0.35,0.15,-45.0,False,32,54,1130100,0.0166666666666667,"[0.212131947278976,0.0166666638106108,-0.212131947278976]",-0.2999998768545422,"[0.0,0.0,0.0]",0.0,"[0.0,0.0,0.0]","[0.0,0.0,0.0]","[-0.0187825262546539,0.0,0.0187825262546539]",True,True,[51.30689215669124],"[[0.0,0.150000005960464,0.0]]",2,True,"[0.0,56.391617076466126]","[{""rid"":94489280512,""shape"":0,""localShape"":0,""point"":[0.212131947278976,0.0,-0.212131947278976]},{""rid"":115964116994,""shape"":0,""localShape"":0,""point"":[-1.19209289550781e-07,0.150000005960464,-1.19209289550781e-07]}]",[94489280512],True,True,False,True,True
0,0.35,0.15,-45.0,False,33,55,1143900,0.0166666666666667,"[0.212131947278976,0.0166666638106108,-0.212131947278976]",-0.2999998768545422,"[0.0,0.0,0.0]",0.0,"[0.0,0.0,0.0]","[0.0,0.0,0.0]","[-0.0187825262546539,0.0,0.0187825262546539]",True,True,[51.30689215669124],"[[0.0,0.150000005960464,0.0]]",2,True,"[0.0,56.391617076466126]","[{""rid"":94489280512,""shape"":0,""localShape"":0,""point"":[0.212131947278976,0.0,-0.212131947278976]},{""rid"":115964116994,""shape"":0,""localShape"":0,""point"":[-1.19209289550781e-07,0.150000005960464,-1.19209289550781e-07]}]",[94489280512],True,True,False,True,True
0,0.35,0.15,-45.0,False,34,56,1157750,0.0166666666666667,"[0.212131947278976,0.0166666638106108,-0.212131947278976]",-0.2999998768545422,"[0.0,0.0,0.0]",0.0,"[0.0,0.0,0.0]","[0.0,0.0,0.0]","[-0.0187825262546539,0.0,0.0187825262546539]",True,True,[51.30689215669124],"[[0.0,0.150000005960464,0.0]]",2,True,"[0.0,56.391617076466126]","[{""rid"":94489280512,""shape"":0,""localShape"":0,""point"":[0.212131947278976,0.0,-0.212131947278976]},{""rid"":115964116994,""shape"":0,""localShape"":0,""point"":[-1.19209289550781e-07,0.150000005960464,-1.19209289550781e-07]}]",[94489280512],True,True,False,True,True
0,0.35,0.15,-45.0,False,35,57,1178468,0.0166666666666667,"[0.212131947278976,0.0166666638106108,-0.212131947278976]",-0.2999998768545422,"[0.0,0.0,0.0]",0.0,"[0.0,0.0,0.0]","[0.0,0.0,0.0]","[-0.0187825262546539,0.0,0.0187825262546539]",True,True,[51.30689215669124],"[[0.0,0.150000005960464,0.0]]",2,True,"[0.0,56.391617076466126]","[{""rid"":94489280512,""shape"":0,""localShape"":0,""point"":[0.212131947278976,0.0,-0.212131947278976]},{""rid"":115964116994,""shape"":0,""localShape"":0,""point"":[-1.19209289550781e-07,0.150000005960464,-1.19209289550781e-07]}]",[94489280512],True,True,False,True,True
0,0.35,0.15,-45.0,False,36,58,1192244,0.0166666666666667,"[0.212131947278976,0.0166666638106108,-0.212131947278976]",-0.2999998768545422,"[0.0,0.0,0.0]",0.0,"[0.0,0.0,0.0]","[0.0,0.0,0.0]","[-0.0187825262546539,0.0,0.0187825262546539]",True,True,[51.30689215669124],"[[0.0,0.150000005960464,0.0]]",2,True,"[0.0,56.391617076466126]","[{""rid"":94489280512,""shape"":0,""localShape"":0,""point"":[0.212131947278976,0.0,-0.212131947278976]},{""rid"":115964116994,""shape"":0,""localShape"":0,""point"":[-1.19209289550781e-07,0.150000005960464,-1.19209289550781e-07]}]",[94489280512],True,True,False,True,True
0,0.35,0.15,-45.0,False,37,59,1212939,0.0166666666666667,"[0.212131947278976,0.0166666638106108,-0.212131947278976]",-0.2999998768545422,"[0.0,0.0,0.0]",0.0,"[0.0,0.0,0.0]","[0.0,0.0,0.0]","[-0.0187825262546539,0.0,0.0187825262546539]",True,True,[51.30689215669124],"[[0.0,0.150000005960464,0.0]]",2,True,"[0.0,56.391617076466126]","[{""rid"":94489280512,""shape"":0,""localShape"":0,""point"":[0.212131947278976,0.0,-0.212131947278976]},{""rid"":115964116994,""shape"":0,""localShape"":0,""point"":[-1.19209289550781e-07,0.150000005960464,-1.19209289550781e-07]}]",[94489280512],True,True,False,True,True
0,0.35,0.15,-45.0,False,38,60,1226752,0.0166666666666667,"[0.212131947278976,0.0166666638106108,-0.212131947278976]",-0.2999998768545422,"[0.0,0.0,0.0]",0.0,"[0.0,0.0,0.0]","[0.0,0.0,0.0]","[-0.0187825262546539,0.0,0.0187825262546539]",True,True,[51.30689215669124],"[[0.0,0.150000005960464,0.0]]",2,True,"[0.0,56.391617076466126]","[{""rid"":94489280512,""shape"":0,""localShape"":0,""point"":[0.212131947278976,0.0,-0.212131947278976]},{""rid"":115964116994,""shape"":0,""localShape"":0,""point"":[-1.19209289550781e-07,0.150000005960464,-1.19209289550781e-07]}]",[94489280512],True,True,False,True,True
0,0.35,0.15,-45.0,False,39,61,1240507,0.0166666666666667,"[0.212131947278976,0.0166666638106108,-0.212131947278976]",-0.2999998768545422,"[0.0,0.0,0.0]",0.0,"[0.0,0.0,0.0]","[0.0,0.0,0.0]","[-0.0187825262546539,0.0,0.0187825262546539]",True,True,[51.30689215669124],"[[0.0,0.150000005960464,0.0]]",2,True,"[0.0,56.391617076466126]","[{""rid"":94489280512,""shape"":0,""localShape"":0,""point"":[0.212131947278976,0.0,-0.212131947278976]},{""rid"":115964116994,""shape"":0,""localShape"":0,""point"":[-1.19209289550781e-07,0.150000005960464,-1.19209289550781e-07]}]",[94489280512],True,True,False,True,True
0,0.35,0.15,-45.0,False,40,62,1261204,0.0166666666666667,"[0.212131947278976,0.0166666638106108,-0.212131947278976]",-0.2999998768545422,"[0.0,0.0,0.0]",0.0,"[0.0,0.0,0.0]","[0.0,0.0,0.0]","[-0.0187825262546539,0.0,0.0187825262546539]",True,True,[51.30689215669124],"[[0.0,0.150000005960464,0.0]]",2,True,"[0.0,56.391617076466126]","[{""rid"":94489280512,""shape"":0,""localShape"":0,""point"":[0.212131947278976,0.0,-0.212131947278976]},{""rid"":115964116994,""shape"":0,""localShape"":0,""point"":[-1.19209289550781e-07,0.150000005960464,-1.19209289550781e-07]}]",[94489280512],True,True,False,True,True
0,0.35,0.15,-45.0,False,41,63,1274999,0.0166666666666667,"[0.212131947278976,0.0166666638106108,-0.212131947278976]",-0.2999998768545422,"[0.0,0.0,0.0]",0.0,"[0.0,0.0,0.0]","[0.0,0.0,0.0]","[-0.0187825262546539,0.0,0.0187825262546539]",True,True,[51.30689215669124],"[[0.0,0.150000005960464,0.0]]",2,True,"[0.0,56.391617076466126]","[{""rid"":94489280512,""shape"":0,""localShape"":0,""point"":[0.212131947278976,0.0,-0.212131947278976]},{""rid"":115964116994,""shape"":0,""localShape"":0,""point"":[-1.19209289550781e-07,0.150000005960464,-1.19209289550781e-07]}]",[94489280512],True,True,False,True,True
0,0.35,0.15,-45.0,False,42,64,1295757,0.0166666666666667,"[0.212131947278976,0.0166666638106108,-0.212131947278976]",-0.2999998768545422,"[0.0,0.0,0.0]",0.0,"[0.0,0.0,0.0]","[0.0,0.0,0.0]","[-0.0187825262546539,0.0,0.0187825262546539]",True,True,[51.30689215669124],"[[0.0,0.150000005960464,0.0]]",2,True,"[0.0,56.391617076466126]","[{""rid"":94489280512,""shape"":0,""localShape"":0,""point"":[0.212131947278976,0.0,-0.212131947278976]},{""rid"":115964116994,""shape"":0,""localShape"":0,""point"":[-1.19209289550781e-07,0.150000005960464,-1.19209289550781e-07]}]",[94489280512],True,True,False,True,True
0,0.35,0.15,-45.0,False,43,65,1309559,0.0166666666666667,"[0.212131947278976,0.0166666638106108,-0.212131947278976]",-0.2999998768545422,"[0.0,0.0,0.0]",0.0,"[0.0,0.0,0.0]","[0.0,0.0,0.0]","[-0.0187825262546539,0.0,0.0187825262546539]",True,True,[51.30689215669124],"[[0.0,0.150000005960464,0.0]]",2,True,"[0.0,56.391617076466126]","[{""rid"":94489280512,""shape"":0,""localShape"":0,""point"":[0.212131947278976,0.0,-0.212131947278976]},{""rid"":115964116994,""shape"":0,""localShape"":0,""point"":[-1.19209289550781e-07,0.150000005960464,-1.19209289550781e-07]}]",[94489280512],True,True,False,True,True
0,0.35,0.15,-45.0,False,44,66,1330272,0.0166666666666667,"[0.212131947278976,0.0166666638106108,-0.212131947278976]",-0.2999998768545422,"[0.0,0.0,0.0]",0.0,"[0.0,0.0,0.0]","[0.0,0.0,0.0]","[-0.0187825262546539,0.0,0.0187825262546539]",True,True,[51.30689215669124],"[[0.0,0.150000005960464,0.0]]",2,True,"[0.0,56.391617076466126]","[{""rid"":94489280512,""shape"":0,""localShape"":0,""point"":[0.212131947278976,0.0,-0.212131947278976]},{""rid"":115964116994,""shape"":0,""localShape"":0,""point"":[-1.19209289550781e-07,0.150000005960464,-1.19209289550781e-07]}]",[94489280512],True,True,False,True,True
0,0.35,0.15,-45.0,False,45,67,1344064,0.0166666666666667,"[0.212131947278976,0.0166666638106108,-0.212131947278976]",-0.2999998768545422,"[0.0,0.0,0.0]",0.0,"[0.0,0.0,0.0]","[0.0,0.0,0.0]","[-0.0187825262546539,0.0,0.0187825262546539]",True,True,[51.30689215669124],"[[0.0,0.150000005960464,0.0]]",2,True,"[0.0,56.391617076466126]","[{""rid"":94489280512,""shape"":0,""localShape"":0,""point"":[0.212131947278976,0.0,-0.212131947278976]},{""rid"":115964116994,""shape"":0,""localShape"":0,""point"":[-1.19209289550781e-07,0.150000005960464,-1.19209289550781e-07]}]",[94489280512],True,True,False,True,True
0,0.35,0.15,-45.0,False,46,68,1357825,0.0166666666666667,"[0.212131947278976,0.0166666638106108,-0.212131947278976]",-0.2999998768545422,"[0.0,0.0,0.0]",0.0,"[0.0,0.0,0.0]","[0.0,0.0,0.0]","[-0.0187825262546539,0.0,0.0187825262546539]",True,True,[51.30689215669124],"[[0.0,0.150000005960464,0.0]]",2,True,"[0.0,56.391617076466126]","[{""rid"":94489280512,""shape"":0,""localShape"":0,""point"":[0.212131947278976,0.0,-0.212131947278976]},{""rid"":115964116994,""shape"":0,""localShape"":0,""point"":[-1.19209289550781e-07,0.150000005960464,-1.19209289550781e-07]}]",[94489280512],True,True,False,True,True
0,0.35,0.15,-45.0,False,47,69,1378548,0.0166666666666667,"[0.212131947278976,0.0166666638106108,-0.212131947278976]",-0.2999998768545422,"[0.0,0.0,0.0]",0.0,"[0.0,0.0,0.0]","[0.0,0.0,0.0]","[-0.0187825262546539,0.0,0.0187825262546539]",True,True,[51.30689215669124],"[[0.0,0.150000005960464,0.0]]",2,True,"[0.0,56.391617076466126]","[{""rid"":94489280512,""shape"":0,""localShape"":0,""point"":[0.212131947278976,0.0,-0.212131947278976]},{""rid"":115964116994,""shape"":0,""localShape"":0,""point"":[-1.19209289550781e-07,0.150000005960464,-1.19209289550781e-07]}]",[94489280512],True,True,False,True,True
0,0.35,0.15,-45.0,False,48,70,1392362,0.0166666666666667,"[0.212131947278976,0.0166666638106108,-0.212131947278976]",-0.2999998768545422,"[0.0,0.0,0.0]",0.0,"[0.0,0.0,0.0]","[0.0,0.0,0.0]","[-0.0187825262546539,0.0,0.0187825262546539]",True,True,[51.30689215669124],"[[0.0,0.150000005960464,0.0]]",2,True,"[0.0,56.391617076466126]","[{""rid"":94489280512,""shape"":0,""localShape"":0,""point"":[0.212131947278976,0.0,-0.212131947278976]},{""rid"":115964116994,""shape"":0,""localShape"":0,""point"":[-1.19209289550781e-07,0.150000005960464,-1.19209289550781e-07]}]",[94489280512],True,True,False,True,True
0,0.35,0.15,-45.0,False,49,71,1413081,0.0166666666666667,"[0.212131947278976,0.0166666638106108,-0.212131947278976]",-0.2999998768545422,"[0.0,0.0,0.0]",0.0,"[0.0,0.0,0.0]","[0.0,0.0,0.0]","[-0.0187825262546539,0.0,0.0187825262546539]",True,True,[51.30689215669124],"[[0.0,0.150000005960464,0.0]]",2,True,"[0.0,56.391617076466126]","[{""rid"":94489280512,""shape"":0,""localShape"":0,""point"":[0.212131947278976,0.0,-0.212131947278976]},{""rid"":115964116994,""shape"":0,""localShape"":0,""point"":[-1.19209289550781e-07,0.150000005960464,-1.19209289550781e-07]}]",[94489280512],True,True,False,True,True
0,0.35,0.15,-45.0,False,50,72,1426843,0.0166666666666667,"[0.212131947278976,0.0166666638106108,-0.212131947278976]",-0.2999998768545422,"[0.0,0.0,0.0]",0.0,"[0.0,0.0,0.0]","[0.0,0.0,0.0]","[-0.0187825262546539,0.0,0.0187825262546539]",True,True,[51.30689215669124],"[[0.0,0.150000005960464,0.0]]",2,True,"[0.0,56.391617076466126]","[{""rid"":94489280512,""shape"":0,""localShape"":0,""point"":[0.212131947278976,0.0,-0.212131947278976]},{""rid"":115964116994,""shape"":0,""localShape"":0,""point"":[-1.19209289550781e-07,0.150000005960464,-1.19209289550781e-07]}]",[94489280512],True,True,False,True,True
0,0.35,0.15,-45.0,False,51,73,1440629,0.0166666666666667,"[0.212131947278976,0.0166666638106108,-0.212131947278976]",-0.2999998768545422,"[0.0,0.0,0.0]",0.0,"[0.0,0.0,0.0]","[0.0,0.0,0.0]","[-0.0187825262546539,0.0,0.0187825262546539]",True,True,[51.30689215669124],"[[0.0,0.150000005960464,0.0]]",2,True,"[0.0,56.391617076466126]","[{""rid"":94489280512,""shape"":0,""localShape"":0,""point"":[0.212131947278976,0.0,-0.212131947278976]},{""rid"":115964116994,""shape"":0,""localShape"":0,""point"":[-1.19209289550781e-07,0.150000005960464,-1.19209289550781e-07]}]",[94489280512],True,True,False,True,True
0,0.35,0.15,-45.0,False,52,74,1461361,0.0166666666666667,"[0.212131947278976,0.0166666638106108,-0.212131947278976]",-0.2999998768545422,"[0.0,0.0,0.0]",0.0,"[0.0,0.0,0.0]","[0.0,0.0,0.0]","[-0.0187825262546539,0.0,0.0187825262546539]",True,True,[51.30689215669124],"[[0.0,0.150000005960464,0.0]]",2,True,"[0.0,56.391617076466126]","[{""rid"":94489280512,""shape"":0,""localShape"":0,""point"":[0.212131947278976,0.0,-0.212131947278976]},{""rid"":115964116994,""shape"":0,""localShape"":0,""point"":[-1.19209289550781e-07,0.150000005960464,-1.19209289550781e-07]}]",[94489280512],True,True,False,True,True
0,0.35,0.15,-45.0,False,53,75,1475145,0.0166666666666667,"[0.212131947278976,0.0166666638106108,-0.212131947278976]",-0.2999998768545422,"[0.0,0.0,0.0]",0.0,"[0.0,0.0,0.0]","[0.0,0.0,0.0]","[-0.0187825262546539,0.0,0.0187825262546539]",True,True,[51.30689215669124],"[[0.0,0.150000005960464,0.0]]",2,True,"[0.0,56.391617076466126]","[{""rid"":94489280512,""shape"":0,""localShape"":0,""point"":[0.212131947278976,0.0,-0.212131947278976]},{""rid"":115964116994,""shape"":0,""localShape"":0,""point"":[-1.19209289550781e-07,0.150000005960464,-1.19209289550781e-07]}]",[94489280512],True,True,False,True,True
0,0.35,0.15,-45.0,False,54,76,1495893,0.0166666666666667,"[0.212131947278976,0.0166666638106108,-0.212131947278976]",-0.2999998768545422,"[0.0,0.0,0.0]",0.0,"[0.0,0.0,0.0]","[0.0,0.0,0.0]","[-0.0187825262546539,0.0,0.0187825262546539]",True,True,[51.30689215669124],"[[0.0,0.150000005960464,0.0]]",2,True,"[0.0,56.391617076466126]","[{""rid"":94489280512,""shape"":0,""localShape"":0,""point"":[0.212131947278976,0.0,-0.212131947278976]},{""rid"":115964116994,""shape"":0,""localShape"":0,""point"":[-1.19209289550781e-07,0.150000005960464,-1.19209289550781e-07]}]",[94489280512],True,True,False,True,True
0,0.35,0.15,-45.0,False,55,77,1509650,0.0166666666666667,"[0.212131947278976,0.0166666638106108,-0.212131947278976]",-0.2999998768545422,"[0.0,0.0,0.0]",0.0,"[0.0,0.0,0.0]","[0.0,0.0,0.0]","[-0.0187825262546539,0.0,0.0187825262546539]",True,True,[51.30689215669124],"[[0.0,0.150000005960464,0.0]]",2,True,"[0.0,56.391617076466126]","[{""rid"":94489280512,""shape"":0,""localShape"":0,""point"":[0.212131947278976,0.0,-0.212131947278976]},{""rid"":115964116994,""shape"":0,""localShape"":0,""point"":[-1.19209289550781e-07,0.150000005960464,-1.19209289550781e-07]}]",[94489280512],True,True,False,True,True
0,0.35,0.15,-45.0,False,56,78,1523423,0.0166666666666667,"[0.212131947278976,0.0166666638106108,-0.212131947278976]",-0.2999998768545422,"[0.0,0.0,0.0]",0.0,"[0.0,0.0,0.0]","[0.0,0.0,0.0]","[-0.0187825262546539,0.0,0.0187825262546539]",True,True,[51.30689215669124],"[[0.0,0.150000005960464,0.0]]",2,True,"[0.0,56.391617076466126]","[{""rid"":94489280512,""shape"":0,""localShape"":0,""point"":[0.212131947278976,0.0,-0.212131947278976]},{""rid"":115964116994,""shape"":0,""localShape"":0,""point"":[-1.19209289550781e-07,0.150000005960464,-1.19209289550781e-07]}]",[94489280512],True,True,False,True,True
0,0.35,0.15,-45.0,False,57,79,1544129,0.0166666666666667,"[0.212131947278976,0.0166666638106108,-0.212131947278976]",-0.2999998768545422,"[0.0,0.0,0.0]",0.0,"[0.0,0.0,0.0]","[0.0,0.0,0.0]","[-0.0187825262546539,0.0,0.0187825262546539]",True,True,[51.30689215669124],"[[0.0,0.150000005960464,0.0]]",2,True,"[0.0,56.391617076466126]","[{""rid"":94489280512,""shape"":0,""localShape"":0,""point"":[0.212131947278976,0.0,-0.212131947278976]},{""rid"":115964116994,""shape"":0,""localShape"":0,""point"":[-1.19209289550781e-07,0.150000005960464,-1.19209289550781e-07]}]",[94489280512],True,True,False,True,True
0,0.35,0.15,-45.0,False,58,80,1557907,0.0166666666666667,"[0.212131947278976,0.0166666638106108,-0.212131947278976]",-0.2999998768545422,"[0.0,0.0,0.0]",0.0,"[0.0,0.0,0.0]","[0.0,0.0,0.0]","[-0.0187825262546539,0.0,0.0187825262546539]",True,True,[51.30689215669124],"[[0.0,0.150000005960464,0.0]]",2,True,"[0.0,56.391617076466126]","[{""rid"":94489280512,""shape"":0,""localShape"":0,""point"":[0.212131947278976,0.0,-0.212131947278976]},{""rid"":115964116994,""shape"":0,""localShape"":0,""point"":[-1.19209289550781e-07,0.150000005960464,-1.19209289550781e-07]}]",[94489280512],True,True,False,True,True
0,0.35,0.15,-45.0,False,59,81,1578599,0.0166666666666667,"[0.212131947278976,0.0166666638106108,-0.212131947278976]",-0.2999998768545422,"[0.0,0.0,0.0]",0.0,"[0.0,0.0,0.0]","[0.0,0.0,0.0]","[-0.0187825262546539,0.0,0.0187825262546539]",True,True,[51.30689215669124],"[[0.0,0.150000005960464,0.0]]",2,True,"[0.0,56.391617076466126]","[{""rid"":94489280512,""shape"":0,""localShape"":0,""point"":[0.212131947278976,0.0,-0.212131947278976]},{""rid"":115964116994,""shape"":0,""localShape"":0,""point"":[-1.19209289550781e-07,0.150000005960464,-1.19209289550781e-07]}]",[94489280512],True,True,False,True,True
0,0.35,0.15,-45.0,False,60,82,1592441,0.0166666666666667,"[0.212131947278976,0.0166666638106108,-0.212131947278976]",-0.2999998768545422,"[0.0,0.0,0.0]",0.0,"[0.0,0.0,0.0]","[0.0,0.0,0.0]","[-0.0187825262546539,0.0,0.0187825262546539]",True,True,[51.30689215669124],"[[0.0,0.150000005960464,0.0]]",2,True,"[0.0,56.391617076466126]","[{""rid"":94489280512,""shape"":0,""localShape"":0,""point"":[0.212131947278976,0.0,-0.212131947278976]},{""rid"":115964116994,""shape"":0,""localShape"":0,""point"":[-1.19209289550781e-07,0.150000005960464,-1.19209289550781e-07]}]",[94489280512],True,True,False,True,True
0,0.35,0.15,-45.0,False,61,83,1613181,0.0166666666666667,"[0.212131947278976,0.0166666638106108,-0.212131947278976]",-0.2999998768545422,"[0.0,0.0,0.0]",0.0,"[0.0,0.0,0.0]","[0.0,0.0,0.0]","[-0.0187825262546539,0.0,0.0187825262546539]",True,True,[51.30689215669124],"[[0.0,0.150000005960464,0.0]]",2,True,"[0.0,56.391617076466126]","[{""rid"":94489280512,""shape"":0,""localShape"":0,""point"":[0.212131947278976,0.0,-0.212131947278976]},{""rid"":115964116994,""shape"":0,""localShape"":0,""point"":[-1.19209289550781e-07,0.150000005960464,-1.19209289550781e-07]}]",[94489280512],True,True,False,True,True
0,0.35,0.15,-45.0,False,62,84,1626903,0.0166666666666667,"[0.212131947278976,0.0166666638106108,-0.212131947278976]",-0.2999998768545422,"[0.0,0.0,0.0]",0.0,"[0.0,0.0,0.0]","[0.0,0.0,0.0]","[-0.0187825262546539,0.0,0.0187825262546539]",True,True,[51.30689215669124],"[[0.0,0.150000005960464,0.0]]",2,True,"[0.0,56.391617076466126]","[{""rid"":94489280512,""shape"":0,""localShape"":0,""point"":[0.212131947278976,0.0,-0.212131947278976]},{""rid"":115964116994,""shape"":0,""localShape"":0,""point"":[-1.19209289550781e-07,0.150000005960464,-1.19209289550781e-07]}]",[94489280512],True,True,False,True,True
0,0.35,0.15,-45.0,False,63,85,1640712,0.0166666666666667,"[0.212131947278976,0.0166666638106108,-0.212131947278976]",-0.2999998768545422,"[0.0,0.0,0.0]",0.0,"[0.0,0.0,0.0]","[0.0,0.0,0.0]","[-0.0187825262546539,0.0,0.0187825262546539]",True,True,[51.30689215669124],"[[0.0,0.150000005960464,0.0]]",2,True,"[0.0,56.391617076466126]","[{""rid"":94489280512,""shape"":0,""localShape"":0,""point"":[0.212131947278976,0.0,-0.212131947278976]},{""rid"":115964116994,""shape"":0,""localShape"":0,""point"":[-1.19209289550781e-07,0.150000005960464,-1.19209289550781e-07]}]",[94489280512],True,True,False,True,True
0,0.35,0.15,-45.0,False,64,86,1661442,0.0166666666666667,"[0.212131947278976,0.0166666638106108,-0.212131947278976]",-0.2999998768545422,"[0.0,0.0,0.0]",0.0,"[0.0,0.0,0.0]","[0.0,0.0,0.0]","[-0.0187825262546539,0.0,0.0187825262546539]",True,True,[51.30689215669124],"[[0.0,0.150000005960464,0.0]]",2,True,"[0.0,56.391617076466126]","[{""rid"":94489280512,""shape"":0,""localShape"":0,""point"":[0.212131947278976,0.0,-0.212131947278976]},{""rid"":115964116994,""shape"":0,""localShape"":0,""point"":[-1.19209289550781e-07,0.150000005960464,-1.19209289550781e-07]}]",[94489280512],True,True,False,True,True
0,0.35,0.15,-45.0,False,65,87,1675210,0.0166666666666667,"[0.212131947278976,0.0166666638106108,-0.212131947278976]",-0.2999998768545422,"[0.0,0.0,0.0]",0.0,"[0.0,0.0,0.0]","[0.0,0.0,0.0]","[-0.0187825262546539,0.0,0.0187825262546539]",True,True,[51.30689215669124],"[[0.0,0.150000005960464,0.0]]",2,True,"[0.0,56.391617076466126]","[{""rid"":94489280512,""shape"":0,""localShape"":0,""point"":[0.212131947278976,0.0,-0.212131947278976]},{""rid"":115964116994,""shape"":0,""localShape"":0,""point"":[-1.19209289550781e-07,0.150000005960464,-1.19209289550781e-07]}]",[94489280512],True,True,False,True,True
0,0.35,0.15,-45.0,False,66,88,1695966,0.0166666666666667,"[0.212131947278976,0.0166666638106108,-0.212131947278976]",-0.2999998768545422,"[0.0,0.0,0.0]",0.0,"[0.0,0.0,0.0]","[0.0,0.0,0.0]","[-0.0187825262546539,0.0,0.0187825262546539]",True,True,[51.30689215669124],"[[0.0,0.150000005960464,0.0]]",2,True,"[0.0,56.391617076466126]","[{""rid"":94489280512,""shape"":0,""localShape"":0,""point"":[0.212131947278976,0.0,-0.212131947278976]},{""rid"":115964116994,""shape"":0,""localShape"":0,""point"":[-1.19209289550781e-07,0.150000005960464,-1.19209289550781e-07]}]",[94489280512],True,True,False,True,True
0,0.35,0.15,-45.0,False,67,89,1709769,0.0166666666666667,"[0.212131947278976,0.0166666638106108,-0.212131947278976]",-0.2999998768545422,"[0.0,0.0,0.0]",0.0,"[0.0,0.0,0.0]","[0.0,0.0,0.0]","[-0.0187825262546539,0.0,0.0187825262546539]",True,True,[51.30689215669124],"[[0.0,0.150000005960464,0.0]]",2,True,"[0.0,56.391617076466126]","[{""rid"":94489280512,""shape"":0,""localShape"":0,""point"":[0.212131947278976,0.0,-0.212131947278976]},{""rid"":115964116994,""shape"":0,""localShape"":0,""point"":[-1.19209289550781e-07,0.150000005960464,-1.19209289550781e-07]}]",[94489280512],True,True,False,True,True
0,0.35,0.15,-45.0,False,68,90,1723531,0.0166666666666667,"[0.212131947278976,0.0166666638106108,-0.212131947278976]",-0.2999998768545422,"[0.0,0.0,0.0]",0.0,"[0.0,0.0,0.0]","[0.0,0.0,0.0]","[-0.0187825262546539,0.0,0.0187825262546539]",True,True,[51.30689215669124],"[[0.0,0.150000005960464,0.0]]",2,True,"[0.0,56.391617076466126]","[{""rid"":94489280512,""shape"":0,""localShape"":0,""point"":[0.212131947278976,0.0,-0.212131947278976]},{""rid"":115964116994,""shape"":0,""localShape"":0,""point"":[-1.19209289550781e-07,0.150000005960464,-1.19209289550781e-07]}]",[94489280512],True,True,False,True,True
0,0.35,0.15,-45.0,False,69,91,1744219,0.0166666666666667,"[0.212131947278976,0.0166666638106108,-0.212131947278976]",-0.2999998768545422,"[0.0,0.0,0.0]",0.0,"[0.0,0.0,0.0]","[0.0,0.0,0.0]","[-0.0187825262546539,0.0,0.0187825262546539]",True,True,[51.30689215669124],"[[0.0,0.150000005960464,0.0]]",2,True,"[0.0,56.391617076466126]","[{""rid"":94489280512,""shape"":0,""localShape"":0,""point"":[0.212131947278976,0.0,-0.212131947278976]},{""rid"":115964116994,""shape"":0,""localShape"":0,""point"":[-1.19209289550781e-07,0.150000005960464,-1.19209289550781e-07]}]",[94489280512],True,True,False,True,True
0,0.35,0.15,-45.0,False,70,92,1758013,0.0166666666666667,"[0.212131947278976,0.0166666638106108,-0.212131947278976]",-0.2999998768545422,"[0.0,0.0,0.0]",0.0,"[0.0,0.0,0.0]","[0.0,0.0,0.0]","[-0.0187825262546539,0.0,0.0187825262546539]",True,True,[51.30689215669124],"[[0.0,0.150000005960464,0.0]]",2,True,"[0.0,56.391617076466126]","[{""rid"":94489280512,""shape"":0,""localShape"":0,""point"":[0.212131947278976,0.0,-0.212131947278976]},{""rid"":115964116994,""shape"":0,""localShape"":0,""point"":[-1.19209289550781e-07,0.150000005960464,-1.19209289550781e-07]}]",[94489280512],True,True,False,True,True
0,0.35,0.15,-45.0,False,71,93,1778767,0.0166666666666667,"[0.212131947278976,0.0166666638106108,-0.212131947278976]",-0.2999998768545422,"[0.0,0.0,0.0]",0.0,"[0.0,0.0,0.0]","[0.0,0.0,0.0]","[-0.0187825262546539,0.0,0.0187825262546539]",True,True,[51.30689215669124],"[[0.0,0.150000005960464,0.0]]",2,True,"[0.0,56.391617076466126]","[{""rid"":94489280512,""shape"":0,""localShape"":0,""point"":[0.212131947278976,0.0,-0.212131947278976]},{""rid"":115964116994,""shape"":0,""localShape"":0,""point"":[-1.19209289550781e-07,0.150000005960464,-1.19209289550781e-07]}]",[94489280512],True,True,False,True,True
0,0.35,0.15,-45.0,False,72,94,1792529,0.0166666666666667,"[0.212131947278976,0.0166666638106108,-0.212131947278976]",-0.2999998768545422,"[0.0,0.0,0.0]",0.0,"[0.0,0.0,0.0]","[0.0,0.0,0.0]","[-0.0187825262546539,0.0,0.0187825262546539]",True,True,[51.30689215669124],"[[0.0,0.150000005960464,0.0]]",2,True,"[0.0,56.391617076466126]","[{""rid"":94489280512,""shape"":0,""localShape"":0,""point"":[0.212131947278976,0.0,-0.212131947278976]},{""rid"":115964116994,""shape"":0,""localShape"":0,""point"":[-1.19209289550781e-07,0.150000005960464,-1.19209289550781e-07]}]",[94489280512],True,True,False,True,True
0,0.35,0.15,-45.0,False,73,95,1813222,0.0166666666666667,"[0.212131947278976,0.0166666638106108,-0.212131947278976]",-0.2999998768545422,"[0.0,0.0,0.0]",0.0,"[0.0,0.0,0.0]","[0.0,0.0,0.0]","[-0.0187825262546539,0.0,0.0187825262546539]",True,True,[51.30689215669124],"[[0.0,0.150000005960464,0.0]]",2,True,"[0.0,56.391617076466126]","[{""rid"":94489280512,""shape"":0,""localShape"":0,""point"":[0.212131947278976,0.0,-0.212131947278976]},{""rid"":115964116994,""shape"":0,""localShape"":0,""point"":[-1.19209289550781e-07,0.150000005960464,-1.19209289550781e-07]}]",[94489280512],True,True,False,True,True
0,0.35,0.15,-45.0,False,74,96,1827014,0.0166666666666667,"[0.212131947278976,0.0166666638106108,-0.212131947278976]",-0.2999998768545422,"[0.0,0.0,0.0]",0.0,"[0.0,0.0,0.0]","[0.0,0.0,0.0]","[-0.0187825262546539,0.0,0.0187825262546539]",True,True,[51.30689215669124],"[[0.0,0.150000005960464,0.0]]",2,True,"[0.0,56.391617076466126]","[{""rid"":94489280512,""shape"":0,""localShape"":0,""point"":[0.212131947278976,0.0,-0.212131947278976]},{""rid"":115964116994,""shape"":0,""localShape"":0,""point"":[-1.19209289550781e-07,0.150000005960464,-1.19209289550781e-07]}]",[94489280512],True,True,False,True,True
0,0.35,0.15,-45.0,False,75,97,1840835,0.0166666666666667,"[0.212131947278976,0.0166666638106108,-0.212131947278976]",-0.2999998768545422,"[0.0,0.0,0.0]",0.0,"[0.0,0.0,0.0]","[0.0,0.0,0.0]","[-0.0187825262546539,0.0,0.0187825262546539]",True,True,[51.30689215669124],"[[0.0,0.150000005960464,0.0]]",2,True,"[0.0,56.391617076466126]","[{""rid"":94489280512,""shape"":0,""localShape"":0,""point"":[0.212131947278976,0.0,-0.212131947278976]},{""rid"":115964116994,""shape"":0,""localShape"":0,""point"":[-1.19209289550781e-07,0.150000005960464,-1.19209289550781e-07]}]",[94489280512],True,True,False,True,True
0,0.35,0.15,-45.0,False,76,98,1861560,0.0166666666666667,"[0.212131947278976,0.0166666638106108,-0.212131947278976]",-0.2999998768545422,"[0.0,0.0,0.0]",0.0,"[0.0,0.0,0.0]","[0.0,0.0,0.0]","[-0.0187825262546539,0.0,0.0187825262546539]",True,True,[51.30689215669124],"[[0.0,0.150000005960464,0.0]]",2,True,"[0.0,56.391617076466126]","[{""rid"":94489280512,""shape"":0,""localShape"":0,""point"":[0.212131947278976,0.0,-0.212131947278976]},{""rid"":115964116994,""shape"":0,""localShape"":0,""point"":[-1.19209289550781e-07,0.150000005960464,-1.19209289550781e-07]}]",[94489280512],True,True,False,True,True
0,0.35,0.15,-45.0,False,77,99,1875346,0.0166666666666667,"[0.212131947278976,0.0166666638106108,-0.212131947278976]",-0.2999998768545422,"[0.0,0.0,0.0]",0.0,"[0.0,0.0,0.0]","[0.0,0.0,0.0]","[-0.0187825262546539,0.0,0.0187825262546539]",True,True,[51.30689215669124],"[[0.0,0.150000005960464,0.0]]",2,True,"[0.0,56.391617076466126]","[{""rid"":94489280512,""shape"":0,""localShape"":0,""point"":[0.212131947278976,0.0,-0.212131947278976]},{""rid"":115964116994,""shape"":0,""localShape"":0,""point"":[-1.19209289550781e-07,0.150000005960464,-1.19209289550781e-07]}]",[94489280512],True,True,False,True,True
0,0.35,0.15,-45.0,False,78,100,1896071,0.0166666666666667,"[0.212131947278976,0.0166666638106108,-0.212131947278976]",-0.2999998768545422,"[0.0,0.0,0.0]",0.0,"[0.0,0.0,0.0]","[0.0,0.0,0.0]","[-0.0187825262546539,0.0,0.0187825262546539]",True,True,[51.30689215669124],"[[0.0,0.150000005960464,0.0]]",2,True,"[0.0,56.391617076466126]","[{""rid"":94489280512,""shape"":0,""localShape"":0,""point"":[0.212131947278976,0.0,-0.212131947278976]},{""rid"":115964116994,""shape"":0,""localShape"":0,""point"":[-1.19209289550781e-07,0.150000005960464,-1.19209289550781e-07]}]",[94489280512],True,True,False,True,True
0,0.35,0.15,-45.0,False,79,101,1909883,0.0166666666666667,"[0.212131947278976,0.0166666638106108,-0.212131947278976]",-0.2999998768545422,"[0.0,0.0,0.0]",0.0,"[0.0,0.0,0.0]","[0.0,0.0,0.0]","[-0.0187825262546539,0.0,0.0187825262546539]",True,True,[51.30689215669124],"[[0.0,0.150000005960464,0.0]]",2,True,"[0.0,56.391617076466126]","[{""rid"":94489280512,""shape"":0,""localShape"":0,""point"":[0.212131947278976,0.0,-0.212131947278976]},{""rid"":115964116994,""shape"":0,""localShape"":0,""point"":[-1.19209289550781e-07,0.150000005960464,-1.19209289550781e-07]}]",[94489280512],True,True,False,True,True
0,0.35,0.15,-45.0,False,80,102,1923652,0.0166666666666667,"[0.212131947278976,0.0166666638106108,-0.212131947278976]",-0.2999998768545422,"[0.0,0.0,0.0]",0.0,"[0.0,0.0,0.0]","[0.0,0.0,0.0]","[-0.0187825262546539,0.0,0.0187825262546539]",True,True,[51.30689215669124],"[[0.0,0.150000005960464,0.0]]",2,True,"[0.0,56.391617076466126]","[{""rid"":94489280512,""shape"":0,""localShape"":0,""point"":[0.212131947278976,0.0,-0.212131947278976]},{""rid"":115964116994,""shape"":0,""localShape"":0,""point"":[-1.19209289550781e-07,0.150000005960464,-1.19209289550781e-07]}]",[94489280512],True,True,False,True,True
0,0.35,0.15,-45.0,False,81,103,1944360,0.0166666666666667,"[0.212131947278976,0.0166666638106108,-0.212131947278976]",-0.2999998768545422,"[0.0,0.0,0.0]",0.0,"[0.0,0.0,0.0]","[0.0,0.0,0.0]","[-0.0187825262546539,0.0,0.0187825262546539]",True,True,[51.30689215669124],"[[0.0,0.150000005960464,0.0]]",2,True,"[0.0,56.391617076466126]","[{""rid"":94489280512,""shape"":0,""localShape"":0,""point"":[0.212131947278976,0.0,-0.212131947278976]},{""rid"":115964116994,""shape"":0,""localShape"":0,""point"":[-1.19209289550781e-07,0.150000005960464,-1.19209289550781e-07]}]",[94489280512],True,True,False,True,True
0,0.35,0.15,-45.0,False,82,104,1958136,0.0166666666666667,"[0.212131947278976,0.0166666638106108,-0.212131947278976]",-0.2999998768545422,"[0.0,0.0,0.0]",0.0,"[0.0,0.0,0.0]","[0.0,0.0,0.0]","[-0.0187825262546539,0.0,0.0187825262546539]",True,True,[51.30689215669124],"[[0.0,0.150000005960464,0.0]]",2,True,"[0.0,56.391617076466126]","[{""rid"":94489280512,""shape"":0,""localShape"":0,""point"":[0.212131947278976,0.0,-0.212131947278976]},{""rid"":115964116994,""shape"":0,""localShape"":0,""point"":[-1.19209289550781e-07,0.150000005960464,-1.19209289550781e-07]}]",[94489280512],True,True,False,True,True
0,0.35,0.15,-45.0,False,83,105,1978863,0.0166666666666667,"[0.212131947278976,0.0166666638106108,-0.212131947278976]",-0.2999998768545422,"[0.0,0.0,0.0]",0.0,"[0.0,0.0,0.0]","[0.0,0.0,0.0]","[-0.0187825262546539,0.0,0.0187825262546539]",True,True,[51.30689215669124],"[[0.0,0.150000005960464,0.0]]",2,True,"[0.0,56.391617076466126]","[{""rid"":94489280512,""shape"":0,""localShape"":0,""point"":[0.212131947278976,0.0,-0.212131947278976]},{""rid"":115964116994,""shape"":0,""localShape"":0,""point"":[-1.19209289550781e-07,0.150000005960464,-1.19209289550781e-07]}]",[94489280512],True,True,False,True,True
0,0.35,0.15,-45.0,False,84,106,1992685,0.0166666666666667,"[0.212131947278976,0.0166666638106108,-0.212131947278976]",-0.2999998768545422,"[0.0,0.0,0.0]",0.0,"[0.0,0.0,0.0]","[0.0,0.0,0.0]","[-0.0187825262546539,0.0,0.0187825262546539]",True,True,[51.30689215669124],"[[0.0,0.150000005960464,0.0]]",2,True,"[0.0,56.391617076466126]","[{""rid"":94489280512,""shape"":0,""localShape"":0,""point"":[0.212131947278976,0.0,-0.212131947278976]},{""rid"":115964116994,""shape"":0,""localShape"":0,""point"":[-1.19209289550781e-07,0.150000005960464,-1.19209289550781e-07]}]",[94489280512],True,True,False,True,True
0,0.35,0.15,-45.0,False,85,107,2013343,0.0166666666666667,"[0.212131947278976,0.0166666638106108,-0.212131947278976]",-0.2999998768545422,"[0.0,0.0,0.0]",0.0,"[0.0,0.0,0.0]","[0.0,0.0,0.0]","[-0.0187825262546539,0.0,0.0187825262546539]",True,True,[51.30689215669124],"[[0.0,0.150000005960464,0.0]]",2,True,"[0.0,56.391617076466126]","[{""rid"":94489280512,""shape"":0,""localShape"":0,""point"":[0.212131947278976,0.0,-0.212131947278976]},{""rid"":115964116994,""shape"":0,""localShape"":0,""point"":[-1.19209289550781e-07,0.150000005960464,-1.19209289550781e-07]}]",[94489280512],True,True,False,True,True
0,0.35,0.15,-45.0,False,86,108,2027141,0.0166666666666667,"[0.212131947278976,0.0166666638106108,-0.212131947278976]",-0.2999998768545422,"[0.0,0.0,0.0]",0.0,"[0.0,0.0,0.0]","[0.0,0.0,0.0]","[-0.0187825262546539,0.0,0.0187825262546539]",True,True,[51.30689215669124],"[[0.0,0.150000005960464,0.0]]",2,True,"[0.0,56.391617076466126]","[{""rid"":94489280512,""shape"":0,""localShape"":0,""point"":[0.212131947278976,0.0,-0.212131947278976]},{""rid"":115964116994,""shape"":0,""localShape"":0,""point"":[-1.19209289550781e-07,0.150000005960464,-1.19209289550781e-07]}]",[94489280512],True,True,False,True,True
0,0.35,0.15,-45.0,False,87,109,2040946,0.0166666666666667,"[0.212131947278976,0.0166666638106108,-0.212131947278976]",-0.2999998768545422,"[0.0,0.0,0.0]",0.0,"[0.0,0.0,0.0]","[0.0,0.0,0.0]","[-0.0187825262546539,0.0,0.0187825262546539]",True,True,[51.30689215669124],"[[0.0,0.150000005960464,0.0]]",2,True,"[0.0,56.391617076466126]","[{""rid"":94489280512,""shape"":0,""localShape"":0,""point"":[0.212131947278976,0.0,-0.212131947278976]},{""rid"":115964116994,""shape"":0,""localShape"":0,""point"":[-1.19209289550781e-07,0.150000005960464,-1.19209289550781e-07]}]",[94489280512],True,True,False,True,True
0,0.35,0.15,-45.0,False,88,110,2061661,0.0166666666666667,"[0.212131947278976,0.0166666638106108,-0.212131947278976]",-0.2999998768545422,"[0.0,0.0,0.0]",0.0,"[0.0,0.0,0.0]","[0.0,0.0,0.0]","[-0.0187825262546539,0.0,0.0187825262546539]",True,True,[51.30689215669124],"[[0.0,0.150000005960464,0.0]]",2,True,"[0.0,56.391617076466126]","[{""rid"":94489280512,""shape"":0,""localShape"":0,""point"":[0.212131947278976,0.0,-0.212131947278976]},{""rid"":115964116994,""shape"":0,""localShape"":0,""point"":[-1.19209289550781e-07,0.150000005960464,-1.19209289550781e-07]}]",[94489280512],True,True,False,True,True
0,0.35,0.15,-45.0,False,89,111,2075448,0.0166666666666667,"[0.212131947278976,0.0166666638106108,-0.212131947278976]",-0.2999998768545422,"[0.0,0.0,0.0]",0.0,"[0.0,0.0,0.0]","[0.0,0.0,0.0]","[-0.0187825262546539,0.0,0.0187825262546539]",True,True,[51.30689215669124],"[[0.0,0.150000005960464,0.0]]",2,True,"[0.0,56.391617076466126]","[{""rid"":94489280512,""shape"":0,""localShape"":0,""point"":[0.212131947278976,0.0,-0.212131947278976]},{""rid"":115964116994,""shape"":0,""localShape"":0,""point"":[-1.19209289550781e-07,0.150000005960464,-1.19209289550781e-07]}]",[94489280512],True,True,False,True,True
0,0.35,0.15,-45.0,False,90,112,2096187,0.0166666666666667,"[0.212131947278976,0.0166666638106108,-0.212131947278976]",-0.2999998768545422,"[0.0,0.0,0.0]",0.0,"[0.0,0.0,0.0]","[0.0,0.0,0.0]","[-0.0187825262546539,0.0,0.0187825262546539]",True,True,[51.30689215669124],"[[0.0,0.150000005960464,0.0]]",2,True,"[0.0,56.391617076466126]","[{""rid"":94489280512,""shape"":0,""localShape"":0,""point"":[0.212131947278976,0.0,-0.212131947278976]},{""rid"":115964116994,""shape"":0,""localShape"":0,""point"":[-1.19209289550781e-07,0.150000005960464,-1.19209289550781e-07]}]",[94489280512],True,True,False,True,True
0,0.35,0.15,-45.0,False,91,113,2109935,0.0166666666666667,"[0.212131947278976,0.0166666638106108,-0.212131947278976]",-0.2999998768545422,"[0.0,0.0,0.0]",0.0,"[0.0,0.0,0.0]","[0.0,0.0,0.0]","[-0.0187825262546539,0.0,0.0187825262546539]",True,True,[51.30689215669124],"[[0.0,0.150000005960464,0.0]]",2,True,"[0.0,56.391617076466126]","[{""rid"":94489280512,""shape"":0,""localShape"":0,""point"":[0.212131947278976,0.0,-0.212131947278976]},{""rid"":115964116994,""shape"":0,""localShape"":0,""point"":[-1.19209289550781e-07,0.150000005960464,-1.19209289550781e-07]}]",[94489280512],True,True,False,True,True
0,0.35,0.15,-45.0,False,92,114,2123724,0.0166666666666667,"[0.212131947278976,0.0166666638106108,-0.212131947278976]",-0.2999998768545422,"[0.0,0.0,0.0]",0.0,"[0.0,0.0,0.0]","[0.0,0.0,0.0]","[-0.0187825262546539,0.0,0.0187825262546539]",True,True,[51.30689215669124],"[[0.0,0.150000005960464,0.0]]",2,True,"[0.0,56.391617076466126]","[{""rid"":94489280512,""shape"":0,""localShape"":0,""point"":[0.212131947278976,0.0,-0.212131947278976]},{""rid"":115964116994,""shape"":0,""localShape"":0,""point"":[-1.19209289550781e-07,0.150000005960464,-1.19209289550781e-07]}]",[94489280512],True,True,False,True,True
0,0.35,0.15,-45.0,False,93,115,2144469,0.0166666666666667,"[0.212131947278976,0.0166666638106108,-0.212131947278976]",-0.2999998768545422,"[0.0,0.0,0.0]",0.0,"[0.0,0.0,0.0]","[0.0,0.0,0.0]","[-0.0187825262546539,0.0,0.0187825262546539]",True,True,[51.30689215669124],"[[0.0,0.150000005960464,0.0]]",2,True,"[0.0,56.391617076466126]","[{""rid"":94489280512,""shape"":0,""localShape"":0,""point"":[0.212131947278976,0.0,-0.212131947278976]},{""rid"":115964116994,""shape"":0,""localShape"":0,""point"":[-1.19209289550781e-07,0.150000005960464,-1.19209289550781e-07]}]",[94489280512],True,True,False,True,True
0,0.35,0.15,-45.0,False,94,116,2158237,0.0166666666666667,"[0.212131947278976,0.0166666638106108,-0.212131947278976]",-0.2999998768545422,"[0.0,0.0,0.0]",0.0,"[0.0,0.0,0.0]","[0.0,0.0,0.0]","[-0.0187825262546539,0.0,0.0187825262546539]",True,True,[51.30689215669124],"[[0.0,0.150000005960464,0.0]]",2,True,"[0.0,56.391617076466126]","[{""rid"":94489280512,""shape"":0,""localShape"":0,""point"":[0.212131947278976,0.0,-0.212131947278976]},{""rid"":115964116994,""shape"":0,""localShape"":0,""point"":[-1.19209289550781e-07,0.150000005960464,-1.19209289550781e-07]}]",[94489280512],True,True,False,True,True
0,0.35,0.15,-45.0,False,95,117,2178950,0.0166666666666667,"[0.212131947278976,0.0166666638106108,-0.212131947278976]",-0.2999998768545422,"[0.0,0.0,0.0]",0.0,"[0.0,0.0,0.0]","[0.0,0.0,0.0]","[-0.0187825262546539,0.0,0.0187825262546539]",True,True,[51.30689215669124],"[[0.0,0.150000005960464,0.0]]",2,True,"[0.0,56.391617076466126]","[{""rid"":94489280512,""shape"":0,""localShape"":0,""point"":[0.212131947278976,0.0,-0.212131947278976]},{""rid"":115964116994,""shape"":0,""localShape"":0,""point"":[-1.19209289550781e-07,0.150000005960464,-1.19209289550781e-07]}]",[94489280512],True,True,False,True,True
0,0.35,0.15,-45.0,False,96,118,2192759,0.0166666666666667,"[0.212131947278976,0.0166666638106108,-0.212131947278976]",-0.2999998768545422,"[0.0,0.0,0.0]",0.0,"[0.0,0.0,0.0]","[0.0,0.0,0.0]","[-0.0187825262546539,0.0,0.0187825262546539]",True,True,[51.30689215669124],"[[0.0,0.150000005960464,0.0]]",2,True,"[0.0,56.391617076466126]","[{""rid"":94489280512,""shape"":0,""localShape"":0,""point"":[0.212131947278976,0.0,-0.212131947278976]},{""rid"":115964116994,""shape"":0,""localShape"":0,""point"":[-1.19209289550781e-07,0.150000005960464,-1.19209289550781e-07]}]",[94489280512],True,True,False,True,True
0,0.35,0.15,-45.0,False,97,119,2213440,0.0166666666666667,"[0.212131947278976,0.0166666638106108,-0.212131947278976]",-0.2999998768545422,"[0.0,0.0,0.0]",0.0,"[0.0,0.0,0.0]","[0.0,0.0,0.0]","[-0.0187825262546539,0.0,0.0187825262546539]",True,True,[51.30689215669124],"[[0.0,0.150000005960464,0.0]]",2,True,"[0.0,56.391617076466126]","[{""rid"":94489280512,""shape"":0,""localShape"":0,""point"":[0.212131947278976,0.0,-0.212131947278976]},{""rid"":115964116994,""shape"":0,""localShape"":0,""point"":[-1.19209289550781e-07,0.150000005960464,-1.19209289550781e-07]}]",[94489280512],True,True,False,True,True
0,0.35,0.15,-45.0,False,98,120,2227230,0.0166666666666667,"[0.212131947278976,0.0166666638106108,-0.212131947278976]",-0.2999998768545422,"[0.0,0.0,0.0]",0.0,"[0.0,0.0,0.0]","[0.0,0.0,0.0]","[-0.0187825262546539,0.0,0.0187825262546539]",True,True,[51.30689215669124],"[[0.0,0.150000005960464,0.0]]",2,True,"[0.0,56.391617076466126]","[{""rid"":94489280512,""shape"":0,""localShape"":0,""point"":[0.212131947278976,0.0,-0.212131947278976]},{""rid"":115964116994,""shape"":0,""localShape"":0,""point"":[-1.19209289550781e-07,0.150000005960464,-1.19209289550781e-07]}]",[94489280512],True,True,False,True,True
0,0.35,0.15,-45.0,False,99,121,2241032,0.0166666666666667,"[0.212131947278976,0.0166666638106108,-0.212131947278976]",-0.2999998768545422,"[0.0,0.0,0.0]",0.0,"[0.0,0.0,0.0]","[0.0,0.0,0.0]","[-0.0187825262546539,0.0,0.0187825262546539]",True,True,[51.30689215669124],"[[0.0,0.150000005960464,0.0]]",2,True,"[0.0,56.391617076466126]","[{""rid"":94489280512,""shape"":0,""localShape"":0,""point"":[0.212131947278976,0.0,-0.212131947278976]},{""rid"":115964116994,""shape"":0,""localShape"":0,""point"":[-1.19209289550781e-07,0.150000005960464,-1.19209289550781e-07]}]",[94489280512],True,True,False,True,True
0,0.35,0.15,-45.0,False,100,122,2261746,0.0166666666666667,"[0.212131947278976,0.0166666638106108,-0.212131947278976]",-0.2999998768545422,"[0.0,0.0,0.0]",0.0,"[0.0,0.0,0.0]","[0.0,0.0,0.0]","[-0.0187825262546539,0.0,0.0187825262546539]",True,True,[51.30689215669124],"[[0.0,0.150000005960464,0.0]]",2,True,"[0.0,56.391617076466126]","[{""rid"":94489280512,""shape"":0,""localShape"":0,""point"":[0.212131947278976,0.0,-0.212131947278976]},{""rid"":115964116994,""shape"":0,""localShape"":0,""point"":[-1.19209289550781e-07,0.150000005960464,-1.19209289550781e-07]}]",[94489280512],True,True,False,True,True
0,0.35,0.15,-45.0,False,101,123,2275541,0.0166666666666667,"[0.212131947278976,0.0166666638106108,-0.212131947278976]",-0.2999998768545422,"[0.0,0.0,0.0]",0.0,"[0.0,0.0,0.0]","[0.0,0.0,0.0]","[-0.0187825262546539,0.0,0.0187825262546539]",True,True,[51.30689215669124],"[[0.0,0.150000005960464,0.0]]",2,True,"[0.0,56.391617076466126]","[{""rid"":94489280512,""shape"":0,""localShape"":0,""point"":[0.212131947278976,0.0,-0.212131947278976]},{""rid"":115964116994,""shape"":0,""localShape"":0,""point"":[-1.19209289550781e-07,0.150000005960464,-1.19209289550781e-07]}]",[94489280512],True,True,False,True,True
0,0.35,0.15,-45.0,False,102,124,2296267,0.0166666666666667,"[0.212131947278976,0.0166666638106108,-0.212131947278976]",-0.2999998768545422,"[0.0,0.0,0.0]",0.0,"[0.0,0.0,0.0]","[0.0,0.0,0.0]","[-0.0187825262546539,0.0,0.0187825262546539]",True,True,[51.30689215669124],"[[0.0,0.150000005960464,0.0]]",2,True,"[0.0,56.391617076466126]","[{""rid"":94489280512,""shape"":0,""localShape"":0,""point"":[0.212131947278976,0.0,-0.212131947278976]},{""rid"":115964116994,""shape"":0,""localShape"":0,""point"":[-1.19209289550781e-07,0.150000005960464,-1.19209289550781e-07]}]",[94489280512],True,True,False,True,True
0,0.35,0.15,-45.0,False,103,125,2310034,0.0166666666666667,"[0.212131947278976,0.0166666638106108,-0.212131947278976]",-0.2999998768545422,"[0.0,0.0,0.0]",0.0,"[0.0,0.0,0.0]","[0.0,0.0,0.0]","[-0.0187825262546539,0.0,0.0187825262546539]",True,True,[51.30689215669124],"[[0.0,0.150000005960464,0.0]]",2,True,"[0.0,56.391617076466126]","[{""rid"":94489280512,""shape"":0,""localShape"":0,""point"":[0.212131947278976,0.0,-0.212131947278976]},{""rid"":115964116994,""shape"":0,""localShape"":0,""point"":[-1.19209289550781e-07,0.150000005960464,-1.19209289550781e-07]}]",[94489280512],True,True,False,True,True
0,0.35,0.15,-45.0,False,104,126,2323840,0.0166666666666667,"[0.212131947278976,0.0166666638106108,-0.212131947278976]",-0.2999998768545422,"[0.0,0.0,0.0]",0.0,"[0.0,0.0,0.0]","[0.0,0.0,0.0]","[-0.0187825262546539,0.0,0.0187825262546539]",True,True,[51.30689215669124],"[[0.0,0.150000005960464,0.0]]",2,True,"[0.0,56.391617076466126]","[{""rid"":94489280512,""shape"":0,""localShape"":0,""point"":[0.212131947278976,0.0,-0.212131947278976]},{""rid"":115964116994,""shape"":0,""localShape"":0,""point"":[-1.19209289550781e-07,0.150000005960464,-1.19209289550781e-07]}]",[94489280512],True,True,False,True,True
0,0.35,0.15,-45.0,False,105,127,2344567,0.0166666666666667,"[0.212131947278976,0.0166666638106108,-0.212131947278976]",-0.2999998768545422,"[0.0,0.0,0.0]",0.0,"[0.0,0.0,0.0]","[0.0,0.0,0.0]","[-0.0187825262546539,0.0,0.0187825262546539]",True,True,[51.30689215669124],"[[0.0,0.150000005960464,0.0]]",2,True,"[0.0,56.391617076466126]","[{""rid"":94489280512,""shape"":0,""localShape"":0,""point"":[0.212131947278976,0.0,-0.212131947278976]},{""rid"":115964116994,""shape"":0,""localShape"":0,""point"":[-1.19209289550781e-07,0.150000005960464,-1.19209289550781e-07]}]",[94489280512],True,True,False,True,True
0,0.35,0.15,-45.0,False,106,128,2358319,0.0166666666666667,"[0.212131947278976,0.0166666638106108,-0.212131947278976]",-0.2999998768545422,"[0.0,0.0,0.0]",0.0,"[0.0,0.0,0.0]","[0.0,0.0,0.0]","[-0.0187825262546539,0.0,0.0187825262546539]",True,True,[51.30689215669124],"[[0.0,0.150000005960464,0.0]]",2,True,"[0.0,56.391617076466126]","[{""rid"":94489280512,""shape"":0,""localShape"":0,""point"":[0.212131947278976,0.0,-0.212131947278976]},{""rid"":115964116994,""shape"":0,""localShape"":0,""point"":[-1.19209289550781e-07,0.150000005960464,-1.19209289550781e-07]}]",[94489280512],True,True,False,True,True
0,0.35,0.15,-45.0,False,107,129,2379012,0.0166666666666667,"[0.212131947278976,0.0166666638106108,-0.212131947278976]",-0.2999998768545422,"[0.0,0.0,0.0]",0.0,"[0.0,0.0,0.0]","[0.0,0.0,0.0]","[-0.0187825262546539,0.0,0.0187825262546539]",True,True,[51.30689215669124],"[[0.0,0.150000005960464,0.0]]",2,True,"[0.0,56.391617076466126]","[{""rid"":94489280512,""shape"":0,""localShape"":0,""point"":[0.212131947278976,0.0,-0.212131947278976]},{""rid"":115964116994,""shape"":0,""localShape"":0,""point"":[-1.19209289550781e-07,0.150000005960464,-1.19209289550781e-07]}]",[94489280512],True,True,False,True,True
0,0.35,0.15,-45.0,False,108,130,2392896,0.0166666666666667,"[0.212131947278976,0.0166666638106108,-0.212131947278976]",-0.2999998768545422,"[0.0,0.0,0.0]",0.0,"[0.0,0.0,0.0]","[0.0,0.0,0.0]","[-0.0187825262546539,0.0,0.0187825262546539]",True,True,[51.30689215669124],"[[0.0,0.150000005960464,0.0]]",2,True,"[0.0,56.391617076466126]","[{""rid"":94489280512,""shape"":0,""localShape"":0,""point"":[0.212131947278976,0.0,-0.212131947278976]},{""rid"":115964116994,""shape"":0,""localShape"":0,""point"":[-1.19209289550781e-07,0.150000005960464,-1.19209289550781e-07]}]",[94489280512],True,True,False,True,True
0,0.35,0.15,-45.0,False,109,131,2413555,0.0166666666666667,"[0.212131947278976,0.0166666638106108,-0.212131947278976]",-0.2999998768545422,"[0.0,0.0,0.0]",0.0,"[0.0,0.0,0.0]","[0.0,0.0,0.0]","[-0.0187825262546539,0.0,0.0187825262546539]",True,True,[51.30689215669124],"[[0.0,0.150000005960464,0.0]]",2,True,"[0.0,56.391617076466126]","[{""rid"":94489280512,""shape"":0,""localShape"":0,""point"":[0.212131947278976,0.0,-0.212131947278976]},{""rid"":115964116994,""shape"":0,""localShape"":0,""point"":[-1.19209289550781e-07,0.150000005960464,-1.19209289550781e-07]}]",[94489280512],True,True,False,True,True
0,0.35,0.15,-45.0,False,110,132,2427328,0.0166666666666667,"[0.212131947278976,0.0166666638106108,-0.212131947278976]",-0.2999998768545422,"[0.0,0.0,0.0]",0.0,"[0.0,0.0,0.0]","[0.0,0.0,0.0]","[-0.0187825262546539,0.0,0.0187825262546539]",True,True,[51.30689215669124],"[[0.0,0.150000005960464,0.0]]",2,True,"[0.0,56.391617076466126]","[{""rid"":94489280512,""shape"":0,""localShape"":0,""point"":[0.212131947278976,0.0,-0.212131947278976]},{""rid"":115964116994,""shape"":0,""localShape"":0,""point"":[-1.19209289550781e-07,0.150000005960464,-1.19209289550781e-07]}]",[94489280512],True,True,False,True,True
0,0.35,0.15,-45.0,False,111,133,2441131,0.0166666666666667,"[0.212131947278976,0.0166666638106108,-0.212131947278976]",-0.2999998768545422,"[0.0,0.0,0.0]",0.0,"[0.0,0.0,0.0]","[0.0,0.0,0.0]","[-0.0187825262546539,0.0,0.0187825262546539]",True,True,[51.30689215669124],"[[0.0,0.150000005960464,0.0]]",2,True,"[0.0,56.391617076466126]","[{""rid"":94489280512,""shape"":0,""localShape"":0,""point"":[0.212131947278976,0.0,-0.212131947278976]},{""rid"":115964116994,""shape"":0,""localShape"":0,""point"":[-1.19209289550781e-07,0.150000005960464,-1.19209289550781e-07]}]",[94489280512],True,True,False,True,True
0,0.35,0.15,-45.0,False,112,134,2461841,0.0166666666666667,"[0.212131947278976,0.0166666638106108,-0.212131947278976]",-0.2999998768545422,"[0.0,0.0,0.0]",0.0,"[0.0,0.0,0.0]","[0.0,0.0,0.0]","[-0.0187825262546539,0.0,0.0187825262546539]",True,True,[51.30689215669124],"[[0.0,0.150000005960464,0.0]]",2,True,"[0.0,56.391617076466126]","[{""rid"":94489280512,""shape"":0,""localShape"":0,""point"":[0.212131947278976,0.0,-0.212131947278976]},{""rid"":115964116994,""shape"":0,""localShape"":0,""point"":[-1.19209289550781e-07,0.150000005960464,-1.19209289550781e-07]}]",[94489280512],True,True,False,True,True
0,0.35,0.15,-45.0,False,113,135,2475650,0.0166666666666667,"[0.212131947278976,0.0166666638106108,-0.212131947278976]",-0.2999998768545422,"[0.0,0.0,0.0]",0.0,"[0.0,0.0,0.0]","[0.0,0.0,0.0]","[-0.0187825262546539,0.0,0.0187825262546539]",True,True,[51.30689215669124],"[[0.0,0.150000005960464,0.0]]",2,True,"[0.0,56.391617076466126]","[{""rid"":94489280512,""shape"":0,""localShape"":0,""point"":[0.212131947278976,0.0,-0.212131947278976]},{""rid"":115964116994,""shape"":0,""localShape"":0,""point"":[-1.19209289550781e-07,0.150000005960464,-1.19209289550781e-07]}]",[94489280512],True,True,False,True,True
0,0.35,0.15,-45.0,False,114,136,2496369,0.0166666666666667,"[0.212131947278976,0.0166666638106108,-0.212131947278976]",-0.2999998768545422,"[0.0,0.0,0.0]",0.0,"[0.0,0.0,0.0]","[0.0,0.0,0.0]","[-0.0187825262546539,0.0,0.0187825262546539]",True,True,[51.30689215669124],"[[0.0,0.150000005960464,0.0]]",2,True,"[0.0,56.391617076466126]","[{""rid"":94489280512,""shape"":0,""localShape"":0,""point"":[0.212131947278976,0.0,-0.212131947278976]},{""rid"":115964116994,""shape"":0,""localShape"":0,""point"":[-1.19209289550781e-07,0.150000005960464,-1.19209289550781e-07]}]",[94489280512],True,True,False,True,True
0,0.35,0.15,-45.0,False,115,137,2510113,0.0166666666666667,"[0.212131947278976,0.0166666638106108,-0.212131947278976]",-0.2999998768545422,"[0.0,0.0,0.0]",0.0,"[0.0,0.0,0.0]","[0.0,0.0,0.0]","[-0.0187825262546539,0.0,0.0187825262546539]",True,True,[51.30689215669124],"[[0.0,0.150000005960464,0.0]]",2,True,"[0.0,56.391617076466126]","[{""rid"":94489280512,""shape"":0,""localShape"":0,""point"":[0.212131947278976,0.0,-0.212131947278976]},{""rid"":115964116994,""shape"":0,""localShape"":0,""point"":[-1.19209289550781e-07,0.150000005960464,-1.19209289550781e-07]}]",[94489280512],True,True,False,True,True
0,0.35,0.15,-45.0,False,116,138,2523895,0.0166666666666667,"[0.212131947278976,0.0166666638106108,-0.212131947278976]",-0.2999998768545422,"[0.0,0.0,0.0]",0.0,"[0.0,0.0,0.0]","[0.0,0.0,0.0]","[-0.0187825262546539,0.0,0.0187825262546539]",True,True,[51.30689215669124],"[[0.0,0.150000005960464,0.0]]",2,True,"[0.0,56.391617076466126]","[{""rid"":94489280512,""shape"":0,""localShape"":0,""point"":[0.212131947278976,0.0,-0.212131947278976]},{""rid"":115964116994,""shape"":0,""localShape"":0,""point"":[-1.19209289550781e-07,0.150000005960464,-1.19209289550781e-07]}]",[94489280512],True,True,False,True,True
0,0.35,0.15,-45.0,False,117,139,2544613,0.0166666666666667,"[0.212131947278976,0.0166666638106108,-0.212131947278976]",-0.2999998768545422,"[0.0,0.0,0.0]",0.0,"[0.0,0.0,0.0]","[0.0,0.0,0.0]","[-0.0187825262546539,0.0,0.0187825262546539]",True,True,[51.30689215669124],"[[0.0,0.150000005960464,0.0]]",2,True,"[0.0,56.391617076466126]","[{""rid"":94489280512,""shape"":0,""localShape"":0,""point"":[0.212131947278976,0.0,-0.212131947278976]},{""rid"":115964116994,""shape"":0,""localShape"":0,""point"":[-1.19209289550781e-07,0.150000005960464,-1.19209289550781e-07]}]",[94489280512],True,True,False,True,True
0,0.35,0.15,-45.0,False,118,140,2558412,0.0166666666666667,"[0.212131947278976,0.0166666638106108,-0.212131947278976]",-0.2999998768545422,"[0.0,0.0,0.0]",0.0,"[0.0,0.0,0.0]","[0.0,0.0,0.0]","[-0.0187825262546539,0.0,0.0187825262546539]",True,True,[51.30689215669124],"[[0.0,0.150000005960464,0.0]]",2,True,"[0.0,56.391617076466126]","[{""rid"":94489280512,""shape"":0,""localShape"":0,""point"":[0.212131947278976,0.0,-0.212131947278976]},{""rid"":115964116994,""shape"":0,""localShape"":0,""point"":[-1.19209289550781e-07,0.150000005960464,-1.19209289550781e-07]}]",[94489280512],True,True,False,True,True
0,0.35,0.15,-45.0,False,119,141,2579109,0.0166666666666667,"[0.212131947278976,0.0166666638106108,-0.212131947278976]",-0.2999998768545422,"[0.0,0.0,0.0]",0.0,"[0.0,0.0,0.0]","[0.0,0.0,0.0]","[-0.0187825262546539,0.0,0.0187825262546539]",True,True,[51.30689215669124],"[[0.0,0.150000005960464,0.0]]",2,True,"[0.0,56.391617076466126]","[{""rid"":94489280512,""shape"":0,""localShape"":0,""point"":[0.212131947278976,0.0,-0.212131947278976]},{""rid"":115964116994,""shape"":0,""localShape"":0,""point"":[-1.19209289550781e-07,0.150000005960464,-1.19209289550781e-07]}]",[94489280512],True,True,False,True,True
0,0.35,0.15,-45.0,False,120,142,2592947,0.0166666666666667,"[0.212131947278976,0.0166666638106108,-0.212131947278976]",-0.2999998768545422,"[0.0,0.0,0.0]",0.0,"[0.0,0.0,0.0]","[0.0,0.0,0.0]","[-0.0187825262546539,0.0,0.0187825262546539]",True,True,[51.30689215669124],"[[0.0,0.150000005960464,0.0]]",2,True,"[0.0,56.391617076466126]","[{""rid"":94489280512,""shape"":0,""localShape"":0,""point"":[0.212131947278976,0.0,-0.212131947278976]},{""rid"":115964116994,""shape"":0,""localShape"":0,""point"":[-1.19209289550781e-07,0.150000005960464,-1.19209289550781e-07]}]",[94489280512],True,True,False,True,True
0,0.35,0.15,-45.0,False,121,143,2606731,0.0166666666666667,"[0.212131947278976,0.0166666638106108,-0.212131947278976]",-0.2999998768545422,"[0.0,0.0,0.0]",0.0,"[0.0,0.0,0.0]","[0.0,0.0,0.0]","[-0.0187825262546539,0.0,0.0187825262546539]",True,True,[51.30689215669124],"[[0.0,0.150000005960464,0.0]]",2,True,"[0.0,56.391617076466126]","[{""rid"":94489280512,""shape"":0,""localShape"":0,""point"":[0.212131947278976,0.0,-0.212131947278976]},{""rid"":115964116994,""shape"":0,""localShape"":0,""point"":[-1.19209289550781e-07,0.150000005960464,-1.19209289550781e-07]}]",[94489280512],True,True,False,True,True
0,0.35,0.15,-45.0,False,122,144,2627452,0.0166666666666667,"[0.212131947278976,0.0166666638106108,-0.212131947278976]",-0.2999998768545422,"[0.0,0.0,0.0]",0.0,"[0.0,0.0,0.0]","[0.0,0.0,0.0]","[-0.0187825262546539,0.0,0.0187825262546539]",True,True,[51.30689215669124],"[[0.0,0.150000005960464,0.0]]",2,True,"[0.0,56.391617076466126]","[{""rid"":94489280512,""shape"":0,""localShape"":0,""point"":[0.212131947278976,0.0,-0.212131947278976]},{""rid"":115964116994,""shape"":0,""localShape"":0,""point"":[-1.19209289550781e-07,0.150000005960464,-1.19209289550781e-07]}]",[94489280512],True,True,False,True,True
0,0.35,0.15,-45.0,False,123,145,2641221,0.0166666666666667,"[0.212131947278976,0.0166666638106108,-0.212131947278976]",-0.2999998768545422,"[0.0,0.0,0.0]",0.0,"[0.0,0.0,0.0]","[0.0,0.0,0.0]","[-0.0187825262546539,0.0,0.0187825262546539]",True,True,[51.30689215669124],"[[0.0,0.150000005960464,0.0]]",2,True,"[0.0,56.391617076466126]","[{""rid"":94489280512,""shape"":0,""localShape"":0,""point"":[0.212131947278976,0.0,-0.212131947278976]},{""rid"":115964116994,""shape"":0,""localShape"":0,""point"":[-1.19209289550781e-07,0.150000005960464,-1.19209289550781e-07]}]",[94489280512],True,True,False,True,True
0,0.35,0.15,-45.0,False,124,146,2661940,0.0166666666666667,"[0.212131947278976,0.0166666638106108,-0.212131947278976]",-0.2999998768545422,"[0.0,0.0,0.0]",0.0,"[0.0,0.0,0.0]","[0.0,0.0,0.0]","[-0.0187825262546539,0.0,0.0187825262546539]",True,True,[51.30689215669124],"[[0.0,0.150000005960464,0.0]]",2,True,"[0.0,56.391617076466126]","[{""rid"":94489280512,""shape"":0,""localShape"":0,""point"":[0.212131947278976,0.0,-0.212131947278976]},{""rid"":115964116994,""shape"":0,""localShape"":0,""point"":[-1.19209289550781e-07,0.150000005960464,-1.19209289550781e-07]}]",[94489280512],True,True,False,True,True
0,0.35,0.15,-45.0,False,125,147,2675745,0.0166666666666667,"[0.212131947278976,0.0166666638106108,-0.212131947278976]",-0.2999998768545422,"[0.0,0.0,0.0]",0.0,"[0.0,0.0,0.0]","[0.0,0.0,0.0]","[-0.0187825262546539,0.0,0.0187825262546539]",True,True,[51.30689215669124],"[[0.0,0.150000005960464,0.0]]",2,True,"[0.0,56.391617076466126]","[{""rid"":94489280512,""shape"":0,""localShape"":0,""point"":[0.212131947278976,0.0,-0.212131947278976]},{""rid"":115964116994,""shape"":0,""localShape"":0,""point"":[-1.19209289550781e-07,0.150000005960464,-1.19209289550781e-07]}]",[94489280512],True,True,False,True,True
0,0.35,0.15,-45.0,False,126,148,2696465,0.0166666666666667,"[0.212131947278976,0.0166666638106108,-0.212131947278976]",-0.2999998768545422,"[0.0,0.0,0.0]",0.0,"[0.0,0.0,0.0]","[0.0,0.0,0.0]","[-0.0187825262546539,0.0,0.0187825262546539]",True,True,[51.30689215669124],"[[0.0,0.150000005960464,0.0]]",2,True,"[0.0,56.391617076466126]","[{""rid"":94489280512,""shape"":0,""localShape"":0,""point"":[0.212131947278976,0.0,-0.212131947278976]},{""rid"":115964116994,""shape"":0,""localShape"":0,""point"":[-1.19209289550781e-07,0.150000005960464,-1.19209289550781e-07]}]",[94489280512],True,True,False,True,True
1,0.35,0.15,45.0,True,0,149,2719727,0.0166666666666667,"[-0.70710676908493,0.0444444455206394,-0.70710676908493]",-0.9999999828857283,"[0.0,-0.00555555522441864,0.0]",0.00555555522441864,"[0.0,-0.00555555522441864,0.0]","[0.0,-0.333333283662796,0.0]","[0.0,-0.00555555615574121,0.0]",False,False,[],[],0,False,[],[],[],True,True,False,False,False
1,0.35,0.15,45.0,True,1,150,2726674,0.0166666666666667,"[-0.70710676908493,0.0333333313465118,-0.70710676908493]",-0.9999999828857283,"[0.0,-0.0111111141741276,0.0]",0.0111111141741276,"[0.0,-0.0111111141741276,0.0]","[0.0,-0.666666805744171,0.0]","[0.0,-0.0111111123114824,0.0]",False,False,[],[],0,False,[],[],[],True,True,False,False,False
1,0.35,0.15,45.0,True,2,151,2740477,0.0166666666666667,"[-0.70710676908493,0.0166666638106108,-0.70710676908493]",-0.9999999828857283,"[0.0,-0.0166666675359011,0.0]",0.0166666675359011,"[0.0,-0.0166666675359011,0.0]","[0.0,-1.0,0.0]","[0.0,-0.0166666675359011,0.0]",False,False,[],[],1,True,[0.0],"[{""rid"":137438953472,""shape"":0,""localShape"":0,""point"":[-0.70710676908493,0.0,-0.70710676908493]}]",[137438953472],True,True,False,False,True
1,0.35,0.15,45.0,True,3,152,2754279,0.0166666666666667,"[-0.70710676908493,0.0166666638106108,-0.70710676908493]",-0.9999999828857283,"[0.0,0.0,0.0]",0.0,"[0.0,0.0,0.0]","[0.0,0.0,0.0]","[0.0,0.0,0.0]",True,False,[],[],1,True,[0.0],"[{""rid"":137438953472,""shape"":0,""localShape"":0,""point"":[-0.70710676908493,0.0,-0.70710676908493]}]",[137438953472],True,True,False,False,True
1,0.35,0.15,45.0,True,4,153,2768082,0.0166666666666667,"[-0.70710676908493,0.0166666638106108,-0.70710676908493]",-0.9999999828857283,"[0.0,0.0,0.0]",0.0,"[0.0,0.0,0.0]","[0.0,0.0,0.0]","[0.0,0.0,0.0]",True,False,[],[],1,True,[0.0],"[{""rid"":137438953472,""shape"":0,""localShape"":0,""point"":[-0.70710676908493,0.0,-0.70710676908493]}]",[137438953472],True,True,False,False,True
1,0.35,0.15,45.0,True,5,154,2781861,0.0166666666666667,"[-0.70710676908493,0.0166666638106108,-0.70710676908493]",-0.9999999828857283,"[0.0,0.0,0.0]",0.0,"[0.0,0.0,0.0]","[0.0,0.0,0.0]","[0.0,0.0,0.0]",True,False,[],[],1,True,[0.0],"[{""rid"":137438953472,""shape"":0,""localShape"":0,""point"":[-0.70710676908493,0.0,-0.70710676908493]}]",[137438953472],True,True,False,False,True
1,0.35,0.15,45.0,True,6,155,2802640,0.0166666666666667,"[-0.70710676908493,0.0166666638106108,-0.70710676908493]",-0.9999999828857283,"[0.0,0.0,0.0]",0.0,"[0.0,0.0,0.0]","[0.0,0.0,0.0]","[0.0,0.0,0.0]",True,False,[],[],1,True,[0.0],"[{""rid"":137438953472,""shape"":0,""localShape"":0,""point"":[-0.70710676908493,0.0,-0.70710676908493]}]",[137438953472],True,True,False,False,True
1,0.35,0.15,45.0,True,7,156,2816409,0.0166666666666667,"[-0.70710676908493,0.0166666638106108,-0.70710676908493]",-0.9999999828857283,"[0.0,0.0,0.0]",0.0,"[0.0,0.0,0.0]","[0.0,0.0,0.0]","[0.0,0.0,0.0]",True,False,[],[],1,True,[0.0],"[{""rid"":137438953472,""shape"":0,""localShape"":0,""point"":[-0.70710676908493,0.0,-0.70710676908493]}]",[137438953472],True,True,False,False,True
1,0.35,0.15,45.0,True,8,157,2837116,0.0166666666666667,"[-0.70710676908493,0.0166666638106108,-0.70710676908493]",-0.9999999828857283,"[0.0,0.0,0.0]",0.0,"[0.0,0.0,0.0]","[0.0,0.0,0.0]","[0.0,0.0,0.0]",True,False,[],[],1,True,[0.0],"[{""rid"":137438953472,""shape"":0,""localShape"":0,""point"":[-0.70710676908493,0.0,-0.70710676908493]}]",[137438953472],True,True,False,False,True
1,0.35,0.15,45.0,True,9,158,2850869,0.0166666666666667,"[-0.70710676908493,0.0166666638106108,-0.70710676908493]",-0.9999999828857283,"[0.0,0.0,0.0]",0.0,"[0.0,0.0,0.0]","[0.0,0.0,0.0]","[0.0,0.0,0.0]",True,False,[],[],1,True,[0.0],"[{""rid"":137438953472,""shape"":0,""localShape"":0,""point"":[-0.70710676908493,0.0,-0.70710676908493]}]",[137438953472],True,True,False,False,True
1,0.35,0.15,45.0,True,10,159,2871572,0.0166666666666667,"[-0.70710676908493,0.0166666638106108,-0.70710676908493]",-0.9999999828857283,"[0.0,0.0,0.0]",0.0,"[0.0,0.0,0.0]","[0.0,0.0,0.0]","[0.0,0.0,0.0]",True,False,[],[],1,True,[0.0],"[{""rid"":137438953472,""shape"":0,""localShape"":0,""point"":[-0.70710676908493,0.0,-0.70710676908493]}]",[137438953472],True,True,False,False,True
1,0.35,0.15,45.0,True,11,160,2885437,0.0166666666666667,"[-0.70710676908493,0.0166666638106108,-0.70710676908493]",-0.9999999828857283,"[0.0,0.0,0.0]",0.0,"[0.0,0.0,0.0]","[0.0,0.0,0.0]","[0.0,0.0,0.0]",True,False,[],[],1,True,[0.0],"[{""rid"":137438953472,""shape"":0,""localShape"":0,""point"":[-0.70710676908493,0.0,-0.70710676908493]}]",[137438953472],True,True,False,False,True
1,0.35,0.15,45.0,True,12,161,2906155,0.0166666666666667,"[-0.70710676908493,0.0166666638106108,-0.70710676908493]",-0.9999999828857283,"[0.0,0.0,0.0]",0.0,"[0.0,0.0,0.0]","[0.0,0.0,0.0]","[0.0,0.0,0.0]",True,False,[],[],1,True,[0.0],"[{""rid"":137438953472,""shape"":0,""localShape"":0,""point"":[-0.70710676908493,0.0,-0.70710676908493]}]",[137438953472],True,True,False,False,True
1,0.35,0.15,45.0,True,13,162,2919874,0.0166666666666667,"[-0.70710676908493,0.0166666638106108,-0.70710676908493]",-0.9999999828857283,"[0.0,0.0,0.0]",0.0,"[0.0,0.0,0.0]","[0.0,0.0,0.0]","[0.0,0.0,0.0]",True,False,[],[],1,True,[0.0],"[{""rid"":137438953472,""shape"":0,""localShape"":0,""point"":[-0.70710676908493,0.0,-0.70710676908493]}]",[137438953472],True,True,False,False,True
1,0.35,0.15,45.0,True,14,163,2940604,0.0166666666666667,"[-0.70710676908493,0.0166666638106108,-0.70710676908493]",-0.9999999828857283,"[0.0,0.0,0.0]",0.0,"[0.0,0.0,0.0]","[0.0,0.0,0.0]","[0.0,0.0,0.0]",True,False,[],[],1,True,[0.0],"[{""rid"":137438953472,""shape"":0,""localShape"":0,""point"":[-0.70710676908493,0.0,-0.70710676908493]}]",[137438953472],True,True,False,False,True
1,0.35,0.15,45.0,True,15,164,2954405,0.0166666666666667,"[-0.70710676908493,0.0166666638106108,-0.70710676908493]",-0.9999999828857283,"[0.0,0.0,0.0]",0.0,"[0.0,0.0,0.0]","[0.0,0.0,0.0]","[0.0,0.0,0.0]",True,False,[],[],1,True,[0.0],"[{""rid"":137438953472,""shape"":0,""localShape"":0,""point"":[-0.70710676908493,0.0,-0.70710676908493]}]",[137438953472],True,True,False,False,True
1,0.35,0.15,45.0,True,16,165,2975105,0.0166666666666667,"[-0.70710676908493,0.0166666638106108,-0.70710676908493]",-0.9999999828857283,"[0.0,0.0,0.0]",0.0,"[0.0,0.0,0.0]","[0.0,0.0,0.0]","[0.0,0.0,0.0]",True,False,[],[],1,True,[0.0],"[{""rid"":137438953472,""shape"":0,""localShape"":0,""point"":[-0.70710676908493,0.0,-0.70710676908493]}]",[137438953472],True,True,False,False,True
1,0.35,0.15,45.0,True,17,166,2989165,0.0166666666666667,"[-0.70710676908493,0.0166666638106108,-0.70710676908493]",-0.9999999828857283,"[0.0,0.0,0.0]",0.0,"[0.0,0.0,0.0]","[0.0,0.0,0.0]","[0.0,0.0,0.0]",True,False,[],[],1,True,[0.0],"[{""rid"":137438953472,""shape"":0,""localShape"":0,""point"":[-0.70710676908493,0.0,-0.70710676908493]}]",[137438953472],True,True,False,False,True
1,0.35,0.15,45.0,True,18,167,3009611,0.0166666666666667,"[-0.70710676908493,0.0166666638106108,-0.70710676908493]",-0.9999999828857283,"[0.0,0.0,0.0]",0.0,"[0.0,0.0,0.0]","[0.0,0.0,0.0]","[0.0,0.0,0.0]",True,False,[],[],1,True,[0.0],"[{""rid"":137438953472,""shape"":0,""localShape"":0,""point"":[-0.70710676908493,0.0,-0.70710676908493]}]",[137438953472],True,True,False,False,True
1,0.35,0.15,45.0,True,19,168,3023375,0.0166666666666667,"[-0.70710676908493,0.0166666638106108,-0.70710676908493]",-0.9999999828857283,"[0.0,0.0,0.0]",0.0,"[0.0,0.0,0.0]","[0.0,0.0,0.0]","[0.0,0.0,0.0]",True,False,[],[],1,True,[0.0],"[{""rid"":137438953472,""shape"":0,""localShape"":0,""point"":[-0.70710676908493,0.0,-0.70710676908493]}]",[137438953472],True,True,False,False,True
1,0.35,0.15,45.0,False,0,169,3044129,0.0166666666666667,"[-0.636396050453186,0.0166666638106108,-0.636396050453186]",-0.899999925591568,"[0.0707107186317444,0.0,0.0707107186317444]",0.10000005729416082,"[0.0707107186317444,0.0,0.0707107186317444]","[4.24264287948608,0.0,4.24264287948608]","[0.070710688829422,0.0,0.070710688829422]",True,False,[],[],1,True,[0.0],"[{""rid"":137438953472,""shape"":0,""localShape"":0,""point"":[-0.636396050453186,0.0,-0.636396050453186]}]",[137438953472],True,True,False,False,True
1,0.35,0.15,45.0,False,1,170,3057908,0.0166666666666667,"[-0.565685391426086,0.0166666638106108,-0.565685391426086]",-0.7999999525911037,"[0.0707106590270996,0.0,0.0707106590270996]",0.09999997300046377,"[0.0707106590270996,0.0,0.0707106590270996]","[4.24263954162598,0.0,4.24263954162598]","[0.070710688829422,0.0,0.070710688829422]",True,False,[],[],1,True,[0.0],"[{""rid"":137438953472,""shape"":0,""localShape"":0,""point"":[-0.565685391426086,0.0,-0.565685391426086]}]",[137438953472],True,True,False,False,True
1,0.35,0.15,45.0,False,2,171,3078598,0.0166666666666667,"[-0.494974702596664,0.0166666638106108,-0.494974702596664]",-0.6999999374437915,"[0.070710688829422,0.0,0.070710688829422]",0.1000000151473123,"[0.070710688829422,0.0,0.070710688829422]","[4.24264097213745,0.0,4.24264097213745]","[0.070710688829422,0.0,0.070710688829422]",True,False,[],[],1,True,[0.0],"[{""rid"":137438953472,""shape"":0,""localShape"":0,""point"":[-0.494974702596664,0.0,-0.494974702596664]}]",[137438953472],True,True,False,False,True
1,0.35,0.15,45.0,False,3,172,3092433,0.0166666666666667,"[-0.424264013767242,0.0166666638106108,-0.424264013767242]",-0.5999999222964791,"[0.070710688829422,0.0,0.070710688829422]",0.1000000151473123,"[0.070710688829422,0.0,0.070710688829422]","[4.24264097213745,0.0,4.24264097213745]","[0.070710688829422,0.0,0.070710688829422]",True,False,[],[],1,True,[0.0],"[{""rid"":137438953472,""shape"":0,""localShape"":0,""point"":[-0.424264013767242,0.0,-0.424264013767242]}]",[137438953472],True,True,False,False,True
1,0.35,0.15,45.0,False,4,173,3113132,0.0166666666666667,"[-0.35355332493782,0.0166666638106108,-0.35355332493782]",-0.49999990714916687,"[0.070710688829422,0.0,0.070710688829422]",0.1000000151473123,"[0.070710688829422,0.0,0.070710688829422]","[4.24264097213745,0.0,4.24264097213745]","[0.070710688829422,0.0,0.070710688829422]",True,False,[],[],1,True,[0.0],"[{""rid"":137438953472,""shape"":0,""localShape"":0,""point"":[-0.35355332493782,0.0,-0.35355332493782]}]",[137438953472],True,True,False,False,True
1,0.35,0.15,45.0,False,5,174,3126898,0.0166666666666667,"[-0.282842636108398,0.0166666638106108,-0.282842636108398]",-0.3999998920018545,"[0.070710688829422,0.0,0.070710688829422]",0.1000000151473123,"[0.070710688829422,0.0,0.070710688829422]","[4.24264097213745,0.0,4.24264097213745]","[0.070710688829422,0.0,0.070710688829422]",True,False,[],[],1,True,[0.0],"[{""rid"":137438953472,""shape"":0,""localShape"":0,""point"":[-0.282842636108398,0.0,-0.282842636108398]}]",[137438953472],True,True,False,False,True
1,0.35,0.15,45.0,False,6,175,3140720,0.0166666666666667,"[-0.212131947278976,0.0166666638106108,-0.212131947278976]",-0.2999998768545422,"[0.070710688829422,0.0,0.070710688829422]",0.1000000151473123,"[0.070710688829422,0.0,0.070710688829422]","[4.24264097213745,0.0,4.24264097213745]","[0.070710688829422,0.0,0.070710688829422]",True,False,[],[],2,True,"[0.0,56.391617076466126]","[{""rid"":137438953472,""shape"":0,""localShape"":0,""point"":[-0.212131947278976,0.0,-0.212131947278976]},{""rid"":146028888066,""shape"":0,""localShape"":0,""point"":[-1.19209289550781e-07,0.150000005960464,1.19209289550781e-07]}]",[137438953472],True,True,False,False,True
1,0.35,0.15,45.0,False,7,176,3161419,0.0166666666666667,"[-0.212131947278976,0.0166666638106108,-0.212131947278976]",-0.2999998768545422,"[0.0,0.0,0.0]",0.0,"[0.0,0.0,0.0]","[0.0,0.0,0.0]","[0.0187825262546539,0.0,0.0187825262546539]",True,True,[51.30689215669124],"[[0.0,0.150000005960464,0.0]]",2,True,"[0.0,56.391617076466126]","[{""rid"":137438953472,""shape"":0,""localShape"":0,""point"":[-0.212131947278976,0.0,-0.212131947278976]},{""rid"":146028888066,""shape"":0,""localShape"":0,""point"":[-1.19209289550781e-07,0.150000005960464,1.19209289550781e-07]}]",[137438953472],True,True,False,True,True
1,0.35,0.15,45.0,False,8,177,3175178,0.0166666666666667,"[-0.212131947278976,0.0166666638106108,-0.212131947278976]",-0.2999998768545422,"[0.0,0.0,0.0]",0.0,"[0.0,0.0,0.0]","[0.0,0.0,0.0]","[0.0187825262546539,0.0,0.0187825262546539]",True,True,[51.30689215669124],"[[0.0,0.150000005960464,0.0]]",2,True,"[0.0,56.391617076466126]","[{""rid"":137438953472,""shape"":0,""localShape"":0,""point"":[-0.212131947278976,0.0,-0.212131947278976]},{""rid"":146028888066,""shape"":0,""localShape"":0,""point"":[-1.19209289550781e-07,0.150000005960464,1.19209289550781e-07]}]",[137438953472],True,True,False,True,True
1,0.35,0.15,45.0,False,9,178,3195944,0.0166666666666667,"[-0.212131947278976,0.0166666638106108,-0.212131947278976]",-0.2999998768545422,"[0.0,0.0,0.0]",0.0,"[0.0,0.0,0.0]","[0.0,0.0,0.0]","[0.0187825262546539,0.0,0.0187825262546539]",True,True,[51.30689215669124],"[[0.0,0.150000005960464,0.0]]",2,True,"[0.0,56.391617076466126]","[{""rid"":137438953472,""shape"":0,""localShape"":0,""point"":[-0.212131947278976,0.0,-0.212131947278976]},{""rid"":146028888066,""shape"":0,""localShape"":0,""point"":[-1.19209289550781e-07,0.150000005960464,1.19209289550781e-07]}]",[137438953472],True,True,False,True,True
1,0.35,0.15,45.0,False,10,179,3209706,0.0166666666666667,"[-0.212131947278976,0.0166666638106108,-0.212131947278976]",-0.2999998768545422,"[0.0,0.0,0.0]",0.0,"[0.0,0.0,0.0]","[0.0,0.0,0.0]","[0.0187825262546539,0.0,0.0187825262546539]",True,True,[51.30689215669124],"[[0.0,0.150000005960464,0.0]]",2,True,"[0.0,56.391617076466126]","[{""rid"":137438953472,""shape"":0,""localShape"":0,""point"":[-0.212131947278976,0.0,-0.212131947278976]},{""rid"":146028888066,""shape"":0,""localShape"":0,""point"":[-1.19209289550781e-07,0.150000005960464,1.19209289550781e-07]}]",[137438953472],True,True,False,True,True
1,0.35,0.15,45.0,False,11,180,3223498,0.0166666666666667,"[-0.212131947278976,0.0166666638106108,-0.212131947278976]",-0.2999998768545422,"[0.0,0.0,0.0]",0.0,"[0.0,0.0,0.0]","[0.0,0.0,0.0]","[0.0187825262546539,0.0,0.0187825262546539]",True,True,[51.30689215669124],"[[0.0,0.150000005960464,0.0]]",2,True,"[0.0,56.391617076466126]","[{""rid"":137438953472,""shape"":0,""localShape"":0,""point"":[-0.212131947278976,0.0,-0.212131947278976]},{""rid"":146028888066,""shape"":0,""localShape"":0,""point"":[-1.19209289550781e-07,0.150000005960464,1.19209289550781e-07]}]",[137438953472],True,True,False,True,True
1,0.35,0.15,45.0,False,12,181,3244220,0.0166666666666667,"[-0.212131947278976,0.0166666638106108,-0.212131947278976]",-0.2999998768545422,"[0.0,0.0,0.0]",0.0,"[0.0,0.0,0.0]","[0.0,0.0,0.0]","[0.0187825262546539,0.0,0.0187825262546539]",True,True,[51.30689215669124],"[[0.0,0.150000005960464,0.0]]",2,True,"[0.0,56.391617076466126]","[{""rid"":137438953472,""shape"":0,""localShape"":0,""point"":[-0.212131947278976,0.0,-0.212131947278976]},{""rid"":146028888066,""shape"":0,""localShape"":0,""point"":[-1.19209289550781e-07,0.150000005960464,1.19209289550781e-07]}]",[137438953472],True,True,False,True,True
1,0.35,0.15,45.0,False,13,182,3257980,0.0166666666666667,"[-0.212131947278976,0.0166666638106108,-0.212131947278976]",-0.2999998768545422,"[0.0,0.0,0.0]",0.0,"[0.0,0.0,0.0]","[0.0,0.0,0.0]","[0.0187825262546539,0.0,0.0187825262546539]",True,True,[51.30689215669124],"[[0.0,0.150000005960464,0.0]]",2,True,"[0.0,56.391617076466126]","[{""rid"":137438953472,""shape"":0,""localShape"":0,""point"":[-0.212131947278976,0.0,-0.212131947278976]},{""rid"":146028888066,""shape"":0,""localShape"":0,""point"":[-1.19209289550781e-07,0.150000005960464,1.19209289550781e-07]}]",[137438953472],True,True,False,True,True
1,0.35,0.15,45.0,False,14,183,3278677,0.0166666666666667,"[-0.212131947278976,0.0166666638106108,-0.212131947278976]",-0.2999998768545422,"[0.0,0.0,0.0]",0.0,"[0.0,0.0,0.0]","[0.0,0.0,0.0]","[0.0187825262546539,0.0,0.0187825262546539]",True,True,[51.30689215669124],"[[0.0,0.150000005960464,0.0]]",2,True,"[0.0,56.391617076466126]","[{""rid"":137438953472,""shape"":0,""localShape"":0,""point"":[-0.212131947278976,0.0,-0.212131947278976]},{""rid"":146028888066,""shape"":0,""localShape"":0,""point"":[-1.19209289550781e-07,0.150000005960464,1.19209289550781e-07]}]",[137438953472],True,True,False,True,True
1,0.35,0.15,45.0,False,15,184,3292506,0.0166666666666667,"[-0.212131947278976,0.0166666638106108,-0.212131947278976]",-0.2999998768545422,"[0.0,0.0,0.0]",0.0,"[0.0,0.0,0.0]","[0.0,0.0,0.0]","[0.0187825262546539,0.0,0.0187825262546539]",True,True,[51.30689215669124],"[[0.0,0.150000005960464,0.0]]",2,True,"[0.0,56.391617076466126]","[{""rid"":137438953472,""shape"":0,""localShape"":0,""point"":[-0.212131947278976,0.0,-0.212131947278976]},{""rid"":146028888066,""shape"":0,""localShape"":0,""point"":[-1.19209289550781e-07,0.150000005960464,1.19209289550781e-07]}]",[137438953472],True,True,False,True,True
1,0.35,0.15,45.0,False,16,185,3313225,0.0166666666666667,"[-0.212131947278976,0.0166666638106108,-0.212131947278976]",-0.2999998768545422,"[0.0,0.0,0.0]",0.0,"[0.0,0.0,0.0]","[0.0,0.0,0.0]","[0.0187825262546539,0.0,0.0187825262546539]",True,True,[51.30689215669124],"[[0.0,0.150000005960464,0.0]]",2,True,"[0.0,56.391617076466126]","[{""rid"":137438953472,""shape"":0,""localShape"":0,""point"":[-0.212131947278976,0.0,-0.212131947278976]},{""rid"":146028888066,""shape"":0,""localShape"":0,""point"":[-1.19209289550781e-07,0.150000005960464,1.19209289550781e-07]}]",[137438953472],True,True,False,True,True
1,0.35,0.15,45.0,False,17,186,3326997,0.0166666666666667,"[-0.212131947278976,0.0166666638106108,-0.212131947278976]",-0.2999998768545422,"[0.0,0.0,0.0]",0.0,"[0.0,0.0,0.0]","[0.0,0.0,0.0]","[0.0187825262546539,0.0,0.0187825262546539]",True,True,[51.30689215669124],"[[0.0,0.150000005960464,0.0]]",2,True,"[0.0,56.391617076466126]","[{""rid"":137438953472,""shape"":0,""localShape"":0,""point"":[-0.212131947278976,0.0,-0.212131947278976]},{""rid"":146028888066,""shape"":0,""localShape"":0,""point"":[-1.19209289550781e-07,0.150000005960464,1.19209289550781e-07]}]",[137438953472],True,True,False,True,True
1,0.35,0.15,45.0,False,18,187,3340787,0.0166666666666667,"[-0.212131947278976,0.0166666638106108,-0.212131947278976]",-0.2999998768545422,"[0.0,0.0,0.0]",0.0,"[0.0,0.0,0.0]","[0.0,0.0,0.0]","[0.0187825262546539,0.0,0.0187825262546539]",True,True,[51.30689215669124],"[[0.0,0.150000005960464,0.0]]",2,True,"[0.0,56.391617076466126]","[{""rid"":137438953472,""shape"":0,""localShape"":0,""point"":[-0.212131947278976,0.0,-0.212131947278976]},{""rid"":146028888066,""shape"":0,""localShape"":0,""point"":[-1.19209289550781e-07,0.150000005960464,1.19209289550781e-07]}]",[137438953472],True,True,False,True,True
1,0.35,0.15,45.0,False,19,188,3361478,0.0166666666666667,"[-0.212131947278976,0.0166666638106108,-0.212131947278976]",-0.2999998768545422,"[0.0,0.0,0.0]",0.0,"[0.0,0.0,0.0]","[0.0,0.0,0.0]","[0.0187825262546539,0.0,0.0187825262546539]",True,True,[51.30689215669124],"[[0.0,0.150000005960464,0.0]]",2,True,"[0.0,56.391617076466126]","[{""rid"":137438953472,""shape"":0,""localShape"":0,""point"":[-0.212131947278976,0.0,-0.212131947278976]},{""rid"":146028888066,""shape"":0,""localShape"":0,""point"":[-1.19209289550781e-07,0.150000005960464,1.19209289550781e-07]}]",[137438953472],True,True,False,True,True
1,0.35,0.15,45.0,False,20,189,3375290,0.0166666666666667,"[-0.212131947278976,0.0166666638106108,-0.212131947278976]",-0.2999998768545422,"[0.0,0.0,0.0]",0.0,"[0.0,0.0,0.0]","[0.0,0.0,0.0]","[0.0187825262546539,0.0,0.0187825262546539]",True,True,[51.30689215669124],"[[0.0,0.150000005960464,0.0]]",2,True,"[0.0,56.391617076466126]","[{""rid"":137438953472,""shape"":0,""localShape"":0,""point"":[-0.212131947278976,0.0,-0.212131947278976]},{""rid"":146028888066,""shape"":0,""localShape"":0,""point"":[-1.19209289550781e-07,0.150000005960464,1.19209289550781e-07]}]",[137438953472],True,True,False,True,True
1,0.35,0.15,45.0,False,21,190,3396034,0.0166666666666667,"[-0.212131947278976,0.0166666638106108,-0.212131947278976]",-0.2999998768545422,"[0.0,0.0,0.0]",0.0,"[0.0,0.0,0.0]","[0.0,0.0,0.0]","[0.0187825262546539,0.0,0.0187825262546539]",True,True,[51.30689215669124],"[[0.0,0.150000005960464,0.0]]",2,True,"[0.0,56.391617076466126]","[{""rid"":137438953472,""shape"":0,""localShape"":0,""point"":[-0.212131947278976,0.0,-0.212131947278976]},{""rid"":146028888066,""shape"":0,""localShape"":0,""point"":[-1.19209289550781e-07,0.150000005960464,1.19209289550781e-07]}]",[137438953472],True,True,False,True,True
1,0.35,0.15,45.0,False,22,191,3409810,0.0166666666666667,"[-0.212131947278976,0.0166666638106108,-0.212131947278976]",-0.2999998768545422,"[0.0,0.0,0.0]",0.0,"[0.0,0.0,0.0]","[0.0,0.0,0.0]","[0.0187825262546539,0.0,0.0187825262546539]",True,True,[51.30689215669124],"[[0.0,0.150000005960464,0.0]]",2,True,"[0.0,56.391617076466126]","[{""rid"":137438953472,""shape"":0,""localShape"":0,""point"":[-0.212131947278976,0.0,-0.212131947278976]},{""rid"":146028888066,""shape"":0,""localShape"":0,""point"":[-1.19209289550781e-07,0.150000005960464,1.19209289550781e-07]}]",[137438953472],True,True,False,True,True
1,0.35,0.15,45.0,False,23,192,3423588,0.0166666666666667,"[-0.212131947278976,0.0166666638106108,-0.212131947278976]",-0.2999998768545422,"[0.0,0.0,0.0]",0.0,"[0.0,0.0,0.0]","[0.0,0.0,0.0]","[0.0187825262546539,0.0,0.0187825262546539]",True,True,[51.30689215669124],"[[0.0,0.150000005960464,0.0]]",2,True,"[0.0,56.391617076466126]","[{""rid"":137438953472,""shape"":0,""localShape"":0,""point"":[-0.212131947278976,0.0,-0.212131947278976]},{""rid"":146028888066,""shape"":0,""localShape"":0,""point"":[-1.19209289550781e-07,0.150000005960464,1.19209289550781e-07]}]",[137438953472],True,True,False,True,True
1,0.35,0.15,45.0,False,24,193,3444307,0.0166666666666667,"[-0.212131947278976,0.0166666638106108,-0.212131947278976]",-0.2999998768545422,"[0.0,0.0,0.0]",0.0,"[0.0,0.0,0.0]","[0.0,0.0,0.0]","[0.0187825262546539,0.0,0.0187825262546539]",True,True,[51.30689215669124],"[[0.0,0.150000005960464,0.0]]",2,True,"[0.0,56.391617076466126]","[{""rid"":137438953472,""shape"":0,""localShape"":0,""point"":[-0.212131947278976,0.0,-0.212131947278976]},{""rid"":146028888066,""shape"":0,""localShape"":0,""point"":[-1.19209289550781e-07,0.150000005960464,1.19209289550781e-07]}]",[137438953472],True,True,False,True,True
1,0.35,0.15,45.0,False,25,194,3458084,0.0166666666666667,"[-0.212131947278976,0.0166666638106108,-0.212131947278976]",-0.2999998768545422,"[0.0,0.0,0.0]",0.0,"[0.0,0.0,0.0]","[0.0,0.0,0.0]","[0.0187825262546539,0.0,0.0187825262546539]",True,True,[51.30689215669124],"[[0.0,0.150000005960464,0.0]]",2,True,"[0.0,56.391617076466126]","[{""rid"":137438953472,""shape"":0,""localShape"":0,""point"":[-0.212131947278976,0.0,-0.212131947278976]},{""rid"":146028888066,""shape"":0,""localShape"":0,""point"":[-1.19209289550781e-07,0.150000005960464,1.19209289550781e-07]}]",[137438953472],True,True,False,True,True
1,0.35,0.15,45.0,False,26,195,3478815,0.0166666666666667,"[-0.212131947278976,0.0166666638106108,-0.212131947278976]",-0.2999998768545422,"[0.0,0.0,0.0]",0.0,"[0.0,0.0,0.0]","[0.0,0.0,0.0]","[0.0187825262546539,0.0,0.0187825262546539]",True,True,[51.30689215669124],"[[0.0,0.150000005960464,0.0]]",2,True,"[0.0,56.391617076466126]","[{""rid"":137438953472,""shape"":0,""localShape"":0,""point"":[-0.212131947278976,0.0,-0.212131947278976]},{""rid"":146028888066,""shape"":0,""localShape"":0,""point"":[-1.19209289550781e-07,0.150000005960464,1.19209289550781e-07]}]",[137438953472],True,True,False,True,True
1,0.35,0.15,45.0,False,27,196,3492622,0.0166666666666667,"[-0.212131947278976,0.0166666638106108,-0.212131947278976]",-0.2999998768545422,"[0.0,0.0,0.0]",0.0,"[0.0,0.0,0.0]","[0.0,0.0,0.0]","[0.0187825262546539,0.0,0.0187825262546539]",True,True,[51.30689215669124],"[[0.0,0.150000005960464,0.0]]",2,True,"[0.0,56.391617076466126]","[{""rid"":137438953472,""shape"":0,""localShape"":0,""point"":[-0.212131947278976,0.0,-0.212131947278976]},{""rid"":146028888066,""shape"":0,""localShape"":0,""point"":[-1.19209289550781e-07,0.150000005960464,1.19209289550781e-07]}]",[137438953472],True,True,False,True,True
1,0.35,0.15,45.0,False,28,197,3513344,0.0166666666666667,"[-0.212131947278976,0.0166666638106108,-0.212131947278976]",-0.2999998768545422,"[0.0,0.0,0.0]",0.0,"[0.0,0.0,0.0]","[0.0,0.0,0.0]","[0.0187825262546539,0.0,0.0187825262546539]",True,True,[51.30689215669124],"[[0.0,0.150000005960464,0.0]]",2,True,"[0.0,56.391617076466126]","[{""rid"":137438953472,""shape"":0,""localShape"":0,""point"":[-0.212131947278976,0.0,-0.212131947278976]},{""rid"":146028888066,""shape"":0,""localShape"":0,""point"":[-1.19209289550781e-07,0.150000005960464,1.19209289550781e-07]}]",[137438953472],True,True,False,True,True
1,0.35,0.15,45.0,False,29,198,3527105,0.0166666666666667,"[-0.212131947278976,0.0166666638106108,-0.212131947278976]",-0.2999998768545422,"[0.0,0.0,0.0]",0.0,"[0.0,0.0,0.0]","[0.0,0.0,0.0]","[0.0187825262546539,0.0,0.0187825262546539]",True,True,[51.30689215669124],"[[0.0,0.150000005960464,0.0]]",2,True,"[0.0,56.391617076466126]","[{""rid"":137438953472,""shape"":0,""localShape"":0,""point"":[-0.212131947278976,0.0,-0.212131947278976]},{""rid"":146028888066,""shape"":0,""localShape"":0,""point"":[-1.19209289550781e-07,0.150000005960464,1.19209289550781e-07]}]",[137438953472],True,True,False,True,True
1,0.35,0.15,45.0,False,30,199,3540883,0.0166666666666667,"[-0.212131947278976,0.0166666638106108,-0.212131947278976]",-0.2999998768545422,"[0.0,0.0,0.0]",0.0,"[0.0,0.0,0.0]","[0.0,0.0,0.0]","[0.0187825262546539,0.0,0.0187825262546539]",True,True,[51.30689215669124],"[[0.0,0.150000005960464,0.0]]",2,True,"[0.0,56.391617076466126]","[{""rid"":137438953472,""shape"":0,""localShape"":0,""point"":[-0.212131947278976,0.0,-0.212131947278976]},{""rid"":146028888066,""shape"":0,""localShape"":0,""point"":[-1.19209289550781e-07,0.150000005960464,1.19209289550781e-07]}]",[137438953472],True,True,False,True,True
1,0.35,0.15,45.0,False,31,200,3561604,0.0166666666666667,"[-0.212131947278976,0.0166666638106108,-0.212131947278976]",-0.2999998768545422,"[0.0,0.0,0.0]",0.0,"[0.0,0.0,0.0]","[0.0,0.0,0.0]","[0.0187825262546539,0.0,0.0187825262546539]",True,True,[51.30689215669124],"[[0.0,0.150000005960464,0.0]]",2,True,"[0.0,56.391617076466126]","[{""rid"":137438953472,""shape"":0,""localShape"":0,""point"":[-0.212131947278976,0.0,-0.212131947278976]},{""rid"":146028888066,""shape"":0,""localShape"":0,""point"":[-1.19209289550781e-07,0.150000005960464,1.19209289550781e-07]}]",[137438953472],True,True,False,True,True
1,0.35,0.15,45.0,False,32,201,3575408,0.0166666666666667,"[-0.212131947278976,0.0166666638106108,-0.212131947278976]",-0.2999998768545422,"[0.0,0.0,0.0]",0.0,"[0.0,0.0,0.0]","[0.0,0.0,0.0]","[0.0187825262546539,0.0,0.0187825262546539]",True,True,[51.30689215669124],"[[0.0,0.150000005960464,0.0]]",2,True,"[0.0,56.391617076466126]","[{""rid"":137438953472,""shape"":0,""localShape"":0,""point"":[-0.212131947278976,0.0,-0.212131947278976]},{""rid"":146028888066,""shape"":0,""localShape"":0,""point"":[-1.19209289550781e-07,0.150000005960464,1.19209289550781e-07]}]",[137438953472],True,True,False,True,True
1,0.35,0.15,45.0,False,33,202,3596135,0.0166666666666667,"[-0.212131947278976,0.0166666638106108,-0.212131947278976]",-0.2999998768545422,"[0.0,0.0,0.0]",0.0,"[0.0,0.0,0.0]","[0.0,0.0,0.0]","[0.0187825262546539,0.0,0.0187825262546539]",True,True,[51.30689215669124],"[[0.0,0.150000005960464,0.0]]",2,True,"[0.0,56.391617076466126]","[{""rid"":137438953472,""shape"":0,""localShape"":0,""point"":[-0.212131947278976,0.0,-0.212131947278976]},{""rid"":146028888066,""shape"":0,""localShape"":0,""point"":[-1.19209289550781e-07,0.150000005960464,1.19209289550781e-07]}]",[137438953472],True,True,False,True,True
1,0.35,0.15,45.0,False,34,203,3609907,0.0166666666666667,"[-0.212131947278976,0.0166666638106108,-0.212131947278976]",-0.2999998768545422,"[0.0,0.0,0.0]",0.0,"[0.0,0.0,0.0]","[0.0,0.0,0.0]","[0.0187825262546539,0.0,0.0187825262546539]",True,True,[51.30689215669124],"[[0.0,0.150000005960464,0.0]]",2,True,"[0.0,56.391617076466126]","[{""rid"":137438953472,""shape"":0,""localShape"":0,""point"":[-0.212131947278976,0.0,-0.212131947278976]},{""rid"":146028888066,""shape"":0,""localShape"":0,""point"":[-1.19209289550781e-07,0.150000005960464,1.19209289550781e-07]}]",[137438953472],True,True,False,True,True
1,0.35,0.15,45.0,False,35,204,3623706,0.0166666666666667,"[-0.212131947278976,0.0166666638106108,-0.212131947278976]",-0.2999998768545422,"[0.0,0.0,0.0]",0.0,"[0.0,0.0,0.0]","[0.0,0.0,0.0]","[0.0187825262546539,0.0,0.0187825262546539]",True,True,[51.30689215669124],"[[0.0,0.150000005960464,0.0]]",2,True,"[0.0,56.391617076466126]","[{""rid"":137438953472,""shape"":0,""localShape"":0,""point"":[-0.212131947278976,0.0,-0.212131947278976]},{""rid"":146028888066,""shape"":0,""localShape"":0,""point"":[-1.19209289550781e-07,0.150000005960464,1.19209289550781e-07]}]",[137438953472],True,True,False,True,True
1,0.35,0.15,45.0,False,36,205,3644421,0.0166666666666667,"[-0.212131947278976,0.0166666638106108,-0.212131947278976]",-0.2999998768545422,"[0.0,0.0,0.0]",0.0,"[0.0,0.0,0.0]","[0.0,0.0,0.0]","[0.0187825262546539,0.0,0.0187825262546539]",True,True,[51.30689215669124],"[[0.0,0.150000005960464,0.0]]",2,True,"[0.0,56.391617076466126]","[{""rid"":137438953472,""shape"":0,""localShape"":0,""point"":[-0.212131947278976,0.0,-0.212131947278976]},{""rid"":146028888066,""shape"":0,""localShape"":0,""point"":[-1.19209289550781e-07,0.150000005960464,1.19209289550781e-07]}]",[137438953472],True,True,False,True,True
1,0.35,0.15,45.0,False,37,206,3658216,0.0166666666666667,"[-0.212131947278976,0.0166666638106108,-0.212131947278976]",-0.2999998768545422,"[0.0,0.0,0.0]",0.0,"[0.0,0.0,0.0]","[0.0,0.0,0.0]","[0.0187825262546539,0.0,0.0187825262546539]",True,True,[51.30689215669124],"[[0.0,0.150000005960464,0.0]]",2,True,"[0.0,56.391617076466126]","[{""rid"":137438953472,""shape"":0,""localShape"":0,""point"":[-0.212131947278976,0.0,-0.212131947278976]},{""rid"":146028888066,""shape"":0,""localShape"":0,""point"":[-1.19209289550781e-07,0.150000005960464,1.19209289550781e-07]}]",[137438953472],True,True,False,True,True
1,0.35,0.15,45.0,False,38,207,3678918,0.0166666666666667,"[-0.212131947278976,0.0166666638106108,-0.212131947278976]",-0.2999998768545422,"[0.0,0.0,0.0]",0.0,"[0.0,0.0,0.0]","[0.0,0.0,0.0]","[0.0187825262546539,0.0,0.0187825262546539]",True,True,[51.30689215669124],"[[0.0,0.150000005960464,0.0]]",2,True,"[0.0,56.391617076466126]","[{""rid"":137438953472,""shape"":0,""localShape"":0,""point"":[-0.212131947278976,0.0,-0.212131947278976]},{""rid"":146028888066,""shape"":0,""localShape"":0,""point"":[-1.19209289550781e-07,0.150000005960464,1.19209289550781e-07]}]",[137438953472],True,True,False,True,True
1,0.35,0.15,45.0,False,39,208,3692715,0.0166666666666667,"[-0.212131947278976,0.0166666638106108,-0.212131947278976]",-0.2999998768545422,"[0.0,0.0,0.0]",0.0,"[0.0,0.0,0.0]","[0.0,0.0,0.0]","[0.0187825262546539,0.0,0.0187825262546539]",True,True,[51.30689215669124],"[[0.0,0.150000005960464,0.0]]",2,True,"[0.0,56.391617076466126]","[{""rid"":137438953472,""shape"":0,""localShape"":0,""point"":[-0.212131947278976,0.0,-0.212131947278976]},{""rid"":146028888066,""shape"":0,""localShape"":0,""point"":[-1.19209289550781e-07,0.150000005960464,1.19209289550781e-07]}]",[137438953472],True,True,False,True,True
1,0.35,0.15,45.0,False,40,209,3713435,0.0166666666666667,"[-0.212131947278976,0.0166666638106108,-0.212131947278976]",-0.2999998768545422,"[0.0,0.0,0.0]",0.0,"[0.0,0.0,0.0]","[0.0,0.0,0.0]","[0.0187825262546539,0.0,0.0187825262546539]",True,True,[51.30689215669124],"[[0.0,0.150000005960464,0.0]]",2,True,"[0.0,56.391617076466126]","[{""rid"":137438953472,""shape"":0,""localShape"":0,""point"":[-0.212131947278976,0.0,-0.212131947278976]},{""rid"":146028888066,""shape"":0,""localShape"":0,""point"":[-1.19209289550781e-07,0.150000005960464,1.19209289550781e-07]}]",[137438953472],True,True,False,True,True
1,0.35,0.15,45.0,False,41,210,3727194,0.0166666666666667,"[-0.212131947278976,0.0166666638106108,-0.212131947278976]",-0.2999998768545422,"[0.0,0.0,0.0]",0.0,"[0.0,0.0,0.0]","[0.0,0.0,0.0]","[0.0187825262546539,0.0,0.0187825262546539]",True,True,[51.30689215669124],"[[0.0,0.150000005960464,0.0]]",2,True,"[0.0,56.391617076466126]","[{""rid"":137438953472,""shape"":0,""localShape"":0,""point"":[-0.212131947278976,0.0,-0.212131947278976]},{""rid"":146028888066,""shape"":0,""localShape"":0,""point"":[-1.19209289550781e-07,0.150000005960464,1.19209289550781e-07]}]",[137438953472],True,True,False,True,True
1,0.35,0.15,45.0,False,42,211,3740943,0.0166666666666667,"[-0.212131947278976,0.0166666638106108,-0.212131947278976]",-0.2999998768545422,"[0.0,0.0,0.0]",0.0,"[0.0,0.0,0.0]","[0.0,0.0,0.0]","[0.0187825262546539,0.0,0.0187825262546539]",True,True,[51.30689215669124],"[[0.0,0.150000005960464,0.0]]",2,True,"[0.0,56.391617076466126]","[{""rid"":137438953472,""shape"":0,""localShape"":0,""point"":[-0.212131947278976,0.0,-0.212131947278976]},{""rid"":146028888066,""shape"":0,""localShape"":0,""point"":[-1.19209289550781e-07,0.150000005960464,1.19209289550781e-07]}]",[137438953472],True,True,False,True,True
1,0.35,0.15,45.0,False,43,212,3761704,0.0166666666666667,"[-0.212131947278976,0.0166666638106108,-0.212131947278976]",-0.2999998768545422,"[0.0,0.0,0.0]",0.0,"[0.0,0.0,0.0]","[0.0,0.0,0.0]","[0.0187825262546539,0.0,0.0187825262546539]",True,True,[51.30689215669124],"[[0.0,0.150000005960464,0.0]]",2,True,"[0.0,56.391617076466126]","[{""rid"":137438953472,""shape"":0,""localShape"":0,""point"":[-0.212131947278976,0.0,-0.212131947278976]},{""rid"":146028888066,""shape"":0,""localShape"":0,""point"":[-1.19209289550781e-07,0.150000005960464,1.19209289550781e-07]}]",[137438953472],True,True,False,True,True
1,0.35,0.15,45.0,False,44,213,3775503,0.0166666666666667,"[-0.212131947278976,0.0166666638106108,-0.212131947278976]",-0.2999998768545422,"[0.0,0.0,0.0]",0.0,"[0.0,0.0,0.0]","[0.0,0.0,0.0]","[0.0187825262546539,0.0,0.0187825262546539]",True,True,[51.30689215669124],"[[0.0,0.150000005960464,0.0]]",2,True,"[0.0,56.391617076466126]","[{""rid"":137438953472,""shape"":0,""localShape"":0,""point"":[-0.212131947278976,0.0,-0.212131947278976]},{""rid"":146028888066,""shape"":0,""localShape"":0,""point"":[-1.19209289550781e-07,0.150000005960464,1.19209289550781e-07]}]",[137438953472],True,True,False,True,True
1,0.35,0.15,45.0,False,45,214,3796244,0.0166666666666667,"[-0.212131947278976,0.0166666638106108,-0.212131947278976]",-0.2999998768545422,"[0.0,0.0,0.0]",0.0,"[0.0,0.0,0.0]","[0.0,0.0,0.0]","[0.0187825262546539,0.0,0.0187825262546539]",True,True,[51.30689215669124],"[[0.0,0.150000005960464,0.0]]",2,True,"[0.0,56.391617076466126]","[{""rid"":137438953472,""shape"":0,""localShape"":0,""point"":[-0.212131947278976,0.0,-0.212131947278976]},{""rid"":146028888066,""shape"":0,""localShape"":0,""point"":[-1.19209289550781e-07,0.150000005960464,1.19209289550781e-07]}]",[137438953472],True,True,False,True,True
1,0.35,0.15,45.0,False,46,215,3809948,0.0166666666666667,"[-0.212131947278976,0.0166666638106108,-0.212131947278976]",-0.2999998768545422,"[0.0,0.0,0.0]",0.0,"[0.0,0.0,0.0]","[0.0,0.0,0.0]","[0.0187825262546539,0.0,0.0187825262546539]",True,True,[51.30689215669124],"[[0.0,0.150000005960464,0.0]]",2,True,"[0.0,56.391617076466126]","[{""rid"":137438953472,""shape"":0,""localShape"":0,""point"":[-0.212131947278976,0.0,-0.212131947278976]},{""rid"":146028888066,""shape"":0,""localShape"":0,""point"":[-1.19209289550781e-07,0.150000005960464,1.19209289550781e-07]}]",[137438953472],True,True,False,True,True
1,0.35,0.15,45.0,False,47,216,3823792,0.0166666666666667,"[-0.212131947278976,0.0166666638106108,-0.212131947278976]",-0.2999998768545422,"[0.0,0.0,0.0]",0.0,"[0.0,0.0,0.0]","[0.0,0.0,0.0]","[0.0187825262546539,0.0,0.0187825262546539]",True,True,[51.30689215669124],"[[0.0,0.150000005960464,0.0]]",2,True,"[0.0,56.391617076466126]","[{""rid"":137438953472,""shape"":0,""localShape"":0,""point"":[-0.212131947278976,0.0,-0.212131947278976]},{""rid"":146028888066,""shape"":0,""localShape"":0,""point"":[-1.19209289550781e-07,0.150000005960464,1.19209289550781e-07]}]",[137438953472],True,True,False,True,True
1,0.35,0.15,45.0,False,48,217,3844525,0.0166666666666667,"[-0.212131947278976,0.0166666638106108,-0.212131947278976]",-0.2999998768545422,"[0.0,0.0,0.0]",0.0,"[0.0,0.0,0.0]","[0.0,0.0,0.0]","[0.0187825262546539,0.0,0.0187825262546539]",True,True,[51.30689215669124],"[[0.0,0.150000005960464,0.0]]",2,True,"[0.0,56.391617076466126]","[{""rid"":137438953472,""shape"":0,""localShape"":0,""point"":[-0.212131947278976,0.0,-0.212131947278976]},{""rid"":146028888066,""shape"":0,""localShape"":0,""point"":[-1.19209289550781e-07,0.150000005960464,1.19209289550781e-07]}]",[137438953472],True,True,False,True,True
1,0.35,0.15,45.0,False,49,218,3858313,0.0166666666666667,"[-0.212131947278976,0.0166666638106108,-0.212131947278976]",-0.2999998768545422,"[0.0,0.0,0.0]",0.0,"[0.0,0.0,0.0]","[0.0,0.0,0.0]","[0.0187825262546539,0.0,0.0187825262546539]",True,True,[51.30689215669124],"[[0.0,0.150000005960464,0.0]]",2,True,"[0.0,56.391617076466126]","[{""rid"":137438953472,""shape"":0,""localShape"":0,""point"":[-0.212131947278976,0.0,-0.212131947278976]},{""rid"":146028888066,""shape"":0,""localShape"":0,""point"":[-1.19209289550781e-07,0.150000005960464,1.19209289550781e-07]}]",[137438953472],True,True,False,True,True
1,0.35,0.15,45.0,False,50,219,3878933,0.0166666666666667,"[-0.212131947278976,0.0166666638106108,-0.212131947278976]",-0.2999998768545422,"[0.0,0.0,0.0]",0.0,"[0.0,0.0,0.0]","[0.0,0.0,0.0]","[0.0187825262546539,0.0,0.0187825262546539]",True,True,[51.30689215669124],"[[0.0,0.150000005960464,0.0]]",2,True,"[0.0,56.391617076466126]","[{""rid"":137438953472,""shape"":0,""localShape"":0,""point"":[-0.212131947278976,0.0,-0.212131947278976]},{""rid"":146028888066,""shape"":0,""localShape"":0,""point"":[-1.19209289550781e-07,0.150000005960464,1.19209289550781e-07]}]",[137438953472],True,True,False,True,True
1,0.35,0.15,45.0,False,51,220,3893090,0.0166666666666667,"[-0.212131947278976,0.0166666638106108,-0.212131947278976]",-0.2999998768545422,"[0.0,0.0,0.0]",0.0,"[0.0,0.0,0.0]","[0.0,0.0,0.0]","[0.0187825262546539,0.0,0.0187825262546539]",True,True,[51.30689215669124],"[[0.0,0.150000005960464,0.0]]",2,True,"[0.0,56.391617076466126]","[{""rid"":137438953472,""shape"":0,""localShape"":0,""point"":[-0.212131947278976,0.0,-0.212131947278976]},{""rid"":146028888066,""shape"":0,""localShape"":0,""point"":[-1.19209289550781e-07,0.150000005960464,1.19209289550781e-07]}]",[137438953472],True,True,False,True,True
1,0.35,0.15,45.0,False,52,221,3913522,0.0166666666666667,"[-0.212131947278976,0.0166666638106108,-0.212131947278976]",-0.2999998768545422,"[0.0,0.0,0.0]",0.0,"[0.0,0.0,0.0]","[0.0,0.0,0.0]","[0.0187825262546539,0.0,0.0187825262546539]",True,True,[51.30689215669124],"[[0.0,0.150000005960464,0.0]]",2,True,"[0.0,56.391617076466126]","[{""rid"":137438953472,""shape"":0,""localShape"":0,""point"":[-0.212131947278976,0.0,-0.212131947278976]},{""rid"":146028888066,""shape"":0,""localShape"":0,""point"":[-1.19209289550781e-07,0.150000005960464,1.19209289550781e-07]}]",[137438953472],True,True,False,True,True
1,0.35,0.15,45.0,False,53,222,3927296,0.0166666666666667,"[-0.212131947278976,0.0166666638106108,-0.212131947278976]",-0.2999998768545422,"[0.0,0.0,0.0]",0.0,"[0.0,0.0,0.0]","[0.0,0.0,0.0]","[0.0187825262546539,0.0,0.0187825262546539]",True,True,[51.30689215669124],"[[0.0,0.150000005960464,0.0]]",2,True,"[0.0,56.391617076466126]","[{""rid"":137438953472,""shape"":0,""localShape"":0,""point"":[-0.212131947278976,0.0,-0.212131947278976]},{""rid"":146028888066,""shape"":0,""localShape"":0,""point"":[-1.19209289550781e-07,0.150000005960464,1.19209289550781e-07]}]",[137438953472],True,True,False,True,True
1,0.35,0.15,45.0,False,54,223,3941079,0.0166666666666667,"[-0.212131947278976,0.0166666638106108,-0.212131947278976]",-0.2999998768545422,"[0.0,0.0,0.0]",0.0,"[0.0,0.0,0.0]","[0.0,0.0,0.0]","[0.0187825262546539,0.0,0.0187825262546539]",True,True,[51.30689215669124],"[[0.0,0.150000005960464,0.0]]",2,True,"[0.0,56.391617076466126]","[{""rid"":137438953472,""shape"":0,""localShape"":0,""point"":[-0.212131947278976,0.0,-0.212131947278976]},{""rid"":146028888066,""shape"":0,""localShape"":0,""point"":[-1.19209289550781e-07,0.150000005960464,1.19209289550781e-07]}]",[137438953472],True,True,False,True,True
1,0.35,0.15,45.0,False,55,224,3961801,0.0166666666666667,"[-0.212131947278976,0.0166666638106108,-0.212131947278976]",-0.2999998768545422,"[0.0,0.0,0.0]",0.0,"[0.0,0.0,0.0]","[0.0,0.0,0.0]","[0.0187825262546539,0.0,0.0187825262546539]",True,True,[51.30689215669124],"[[0.0,0.150000005960464,0.0]]",2,True,"[0.0,56.391617076466126]","[{""rid"":137438953472,""shape"":0,""localShape"":0,""point"":[-0.212131947278976,0.0,-0.212131947278976]},{""rid"":146028888066,""shape"":0,""localShape"":0,""point"":[-1.19209289550781e-07,0.150000005960464,1.19209289550781e-07]}]",[137438953472],True,True,False,True,True
1,0.35,0.15,45.0,False,56,225,3975604,0.0166666666666667,"[-0.212131947278976,0.0166666638106108,-0.212131947278976]",-0.2999998768545422,"[0.0,0.0,0.0]",0.0,"[0.0,0.0,0.0]","[0.0,0.0,0.0]","[0.0187825262546539,0.0,0.0187825262546539]",True,True,[51.30689215669124],"[[0.0,0.150000005960464,0.0]]",2,True,"[0.0,56.391617076466126]","[{""rid"":137438953472,""shape"":0,""localShape"":0,""point"":[-0.212131947278976,0.0,-0.212131947278976]},{""rid"":146028888066,""shape"":0,""localShape"":0,""point"":[-1.19209289550781e-07,0.150000005960464,1.19209289550781e-07]}]",[137438953472],True,True,False,True,True
1,0.35,0.15,45.0,False,57,226,3996310,0.0166666666666667,"[-0.212131947278976,0.0166666638106108,-0.212131947278976]",-0.2999998768545422,"[0.0,0.0,0.0]",0.0,"[0.0,0.0,0.0]","[0.0,0.0,0.0]","[0.0187825262546539,0.0,0.0187825262546539]",True,True,[51.30689215669124],"[[0.0,0.150000005960464,0.0]]",2,True,"[0.0,56.391617076466126]","[{""rid"":137438953472,""shape"":0,""localShape"":0,""point"":[-0.212131947278976,0.0,-0.212131947278976]},{""rid"":146028888066,""shape"":0,""localShape"":0,""point"":[-1.19209289550781e-07,0.150000005960464,1.19209289550781e-07]}]",[137438953472],True,True,False,True,True
1,0.35,0.15,45.0,False,58,227,4010111,0.0166666666666667,"[-0.212131947278976,0.0166666638106108,-0.212131947278976]",-0.2999998768545422,"[0.0,0.0,0.0]",0.0,"[0.0,0.0,0.0]","[0.0,0.0,0.0]","[0.0187825262546539,0.0,0.0187825262546539]",True,True,[51.30689215669124],"[[0.0,0.150000005960464,0.0]]",2,True,"[0.0,56.391617076466126]","[{""rid"":137438953472,""shape"":0,""localShape"":0,""point"":[-0.212131947278976,0.0,-0.212131947278976]},{""rid"":146028888066,""shape"":0,""localShape"":0,""point"":[-1.19209289550781e-07,0.150000005960464,1.19209289550781e-07]}]",[137438953472],True,True,False,True,True
1,0.35,0.15,45.0,False,59,228,4023917,0.0166666666666667,"[-0.212131947278976,0.0166666638106108,-0.212131947278976]",-0.2999998768545422,"[0.0,0.0,0.0]",0.0,"[0.0,0.0,0.0]","[0.0,0.0,0.0]","[0.0187825262546539,0.0,0.0187825262546539]",True,True,[51.30689215669124],"[[0.0,0.150000005960464,0.0]]",2,True,"[0.0,56.391617076466126]","[{""rid"":137438953472,""shape"":0,""localShape"":0,""point"":[-0.212131947278976,0.0,-0.212131947278976]},{""rid"":146028888066,""shape"":0,""localShape"":0,""point"":[-1.19209289550781e-07,0.150000005960464,1.19209289550781e-07]}]",[137438953472],True,True,False,True,True
1,0.35,0.15,45.0,False,60,229,4044612,0.0166666666666667,"[-0.212131947278976,0.0166666638106108,-0.212131947278976]",-0.2999998768545422,"[0.0,0.0,0.0]",0.0,"[0.0,0.0,0.0]","[0.0,0.0,0.0]","[0.0187825262546539,0.0,0.0187825262546539]",True,True,[51.30689215669124],"[[0.0,0.150000005960464,0.0]]",2,True,"[0.0,56.391617076466126]","[{""rid"":137438953472,""shape"":0,""localShape"":0,""point"":[-0.212131947278976,0.0,-0.212131947278976]},{""rid"":146028888066,""shape"":0,""localShape"":0,""point"":[-1.19209289550781e-07,0.150000005960464,1.19209289550781e-07]}]",[137438953472],True,True,False,True,True
1,0.35,0.15,45.0,False,61,230,4058410,0.0166666666666667,"[-0.212131947278976,0.0166666638106108,-0.212131947278976]",-0.2999998768545422,"[0.0,0.0,0.0]",0.0,"[0.0,0.0,0.0]","[0.0,0.0,0.0]","[0.0187825262546539,0.0,0.0187825262546539]",True,True,[51.30689215669124],"[[0.0,0.150000005960464,0.0]]",2,True,"[0.0,56.391617076466126]","[{""rid"":137438953472,""shape"":0,""localShape"":0,""point"":[-0.212131947278976,0.0,-0.212131947278976]},{""rid"":146028888066,""shape"":0,""localShape"":0,""point"":[-1.19209289550781e-07,0.150000005960464,1.19209289550781e-07]}]",[137438953472],True,True,False,True,True
1,0.35,0.15,45.0,False,62,231,4079136,0.0166666666666667,"[-0.212131947278976,0.0166666638106108,-0.212131947278976]",-0.2999998768545422,"[0.0,0.0,0.0]",0.0,"[0.0,0.0,0.0]","[0.0,0.0,0.0]","[0.0187825262546539,0.0,0.0187825262546539]",True,True,[51.30689215669124],"[[0.0,0.150000005960464,0.0]]",2,True,"[0.0,56.391617076466126]","[{""rid"":137438953472,""shape"":0,""localShape"":0,""point"":[-0.212131947278976,0.0,-0.212131947278976]},{""rid"":146028888066,""shape"":0,""localShape"":0,""point"":[-1.19209289550781e-07,0.150000005960464,1.19209289550781e-07]}]",[137438953472],True,True,False,True,True
1,0.35,0.15,45.0,False,63,232,4092988,0.0166666666666667,"[-0.212131947278976,0.0166666638106108,-0.212131947278976]",-0.2999998768545422,"[0.0,0.0,0.0]",0.0,"[0.0,0.0,0.0]","[0.0,0.0,0.0]","[0.0187825262546539,0.0,0.0187825262546539]",True,True,[51.30689215669124],"[[0.0,0.150000005960464,0.0]]",2,True,"[0.0,56.391617076466126]","[{""rid"":137438953472,""shape"":0,""localShape"":0,""point"":[-0.212131947278976,0.0,-0.212131947278976]},{""rid"":146028888066,""shape"":0,""localShape"":0,""point"":[-1.19209289550781e-07,0.150000005960464,1.19209289550781e-07]}]",[137438953472],True,True,False,True,True
1,0.35,0.15,45.0,False,64,233,4113648,0.0166666666666667,"[-0.212131947278976,0.0166666638106108,-0.212131947278976]",-0.2999998768545422,"[0.0,0.0,0.0]",0.0,"[0.0,0.0,0.0]","[0.0,0.0,0.0]","[0.0187825262546539,0.0,0.0187825262546539]",True,True,[51.30689215669124],"[[0.0,0.150000005960464,0.0]]",2,True,"[0.0,56.391617076466126]","[{""rid"":137438953472,""shape"":0,""localShape"":0,""point"":[-0.212131947278976,0.0,-0.212131947278976]},{""rid"":146028888066,""shape"":0,""localShape"":0,""point"":[-1.19209289550781e-07,0.150000005960464,1.19209289550781e-07]}]",[137438953472],True,True,False,True,True
1,0.35,0.15,45.0,False,65,234,4127406,0.0166666666666667,"[-0.212131947278976,0.0166666638106108,-0.212131947278976]",-0.2999998768545422,"[0.0,0.0,0.0]",0.0,"[0.0,0.0,0.0]","[0.0,0.0,0.0]","[0.0187825262546539,0.0,0.0187825262546539]",True,True,[51.30689215669124],"[[0.0,0.150000005960464,0.0]]",2,True,"[0.0,56.391617076466126]","[{""rid"":137438953472,""shape"":0,""localShape"":0,""point"":[-0.212131947278976,0.0,-0.212131947278976]},{""rid"":146028888066,""shape"":0,""localShape"":0,""point"":[-1.19209289550781e-07,0.150000005960464,1.19209289550781e-07]}]",[137438953472],True,True,False,True,True
1,0.35,0.15,45.0,False,66,235,4141181,0.0166666666666667,"[-0.212131947278976,0.0166666638106108,-0.212131947278976]",-0.2999998768545422,"[0.0,0.0,0.0]",0.0,"[0.0,0.0,0.0]","[0.0,0.0,0.0]","[0.0187825262546539,0.0,0.0187825262546539]",True,True,[51.30689215669124],"[[0.0,0.150000005960464,0.0]]",2,True,"[0.0,56.391617076466126]","[{""rid"":137438953472,""shape"":0,""localShape"":0,""point"":[-0.212131947278976,0.0,-0.212131947278976]},{""rid"":146028888066,""shape"":0,""localShape"":0,""point"":[-1.19209289550781e-07,0.150000005960464,1.19209289550781e-07]}]",[137438953472],True,True,False,True,True
1,0.35,0.15,45.0,False,67,236,4161974,0.0166666666666667,"[-0.212131947278976,0.0166666638106108,-0.212131947278976]",-0.2999998768545422,"[0.0,0.0,0.0]",0.0,"[0.0,0.0,0.0]","[0.0,0.0,0.0]","[0.0187825262546539,0.0,0.0187825262546539]",True,True,[51.30689215669124],"[[0.0,0.150000005960464,0.0]]",2,True,"[0.0,56.391617076466126]","[{""rid"":137438953472,""shape"":0,""localShape"":0,""point"":[-0.212131947278976,0.0,-0.212131947278976]},{""rid"":146028888066,""shape"":0,""localShape"":0,""point"":[-1.19209289550781e-07,0.150000005960464,1.19209289550781e-07]}]",[137438953472],True,True,False,True,True
1,0.35,0.15,45.0,False,68,237,4175706,0.0166666666666667,"[-0.212131947278976,0.0166666638106108,-0.212131947278976]",-0.2999998768545422,"[0.0,0.0,0.0]",0.0,"[0.0,0.0,0.0]","[0.0,0.0,0.0]","[0.0187825262546539,0.0,0.0187825262546539]",True,True,[51.30689215669124],"[[0.0,0.150000005960464,0.0]]",2,True,"[0.0,56.391617076466126]","[{""rid"":137438953472,""shape"":0,""localShape"":0,""point"":[-0.212131947278976,0.0,-0.212131947278976]},{""rid"":146028888066,""shape"":0,""localShape"":0,""point"":[-1.19209289550781e-07,0.150000005960464,1.19209289550781e-07]}]",[137438953472],True,True,False,True,True
1,0.35,0.15,45.0,False,69,238,4196442,0.0166666666666667,"[-0.212131947278976,0.0166666638106108,-0.212131947278976]",-0.2999998768545422,"[0.0,0.0,0.0]",0.0,"[0.0,0.0,0.0]","[0.0,0.0,0.0]","[0.0187825262546539,0.0,0.0187825262546539]",True,True,[51.30689215669124],"[[0.0,0.150000005960464,0.0]]",2,True,"[0.0,56.391617076466126]","[{""rid"":137438953472,""shape"":0,""localShape"":0,""point"":[-0.212131947278976,0.0,-0.212131947278976]},{""rid"":146028888066,""shape"":0,""localShape"":0,""point"":[-1.19209289550781e-07,0.150000005960464,1.19209289550781e-07]}]",[137438953472],True,True,False,True,True
1,0.35,0.15,45.0,False,70,239,4210217,0.0166666666666667,"[-0.212131947278976,0.0166666638106108,-0.212131947278976]",-0.2999998768545422,"[0.0,0.0,0.0]",0.0,"[0.0,0.0,0.0]","[0.0,0.0,0.0]","[0.0187825262546539,0.0,0.0187825262546539]",True,True,[51.30689215669124],"[[0.0,0.150000005960464,0.0]]",2,True,"[0.0,56.391617076466126]","[{""rid"":137438953472,""shape"":0,""localShape"":0,""point"":[-0.212131947278976,0.0,-0.212131947278976]},{""rid"":146028888066,""shape"":0,""localShape"":0,""point"":[-1.19209289550781e-07,0.150000005960464,1.19209289550781e-07]}]",[137438953472],True,True,False,True,True
1,0.35,0.15,45.0,False,71,240,4223974,0.0166666666666667,"[-0.212131947278976,0.0166666638106108,-0.212131947278976]",-0.2999998768545422,"[0.0,0.0,0.0]",0.0,"[0.0,0.0,0.0]","[0.0,0.0,0.0]","[0.0187825262546539,0.0,0.0187825262546539]",True,True,[51.30689215669124],"[[0.0,0.150000005960464,0.0]]",2,True,"[0.0,56.391617076466126]","[{""rid"":137438953472,""shape"":0,""localShape"":0,""point"":[-0.212131947278976,0.0,-0.212131947278976]},{""rid"":146028888066,""shape"":0,""localShape"":0,""point"":[-1.19209289550781e-07,0.150000005960464,1.19209289550781e-07]}]",[137438953472],True,True,False,True,True
1,0.35,0.15,45.0,False,72,241,4244690,0.0166666666666667,"[-0.212131947278976,0.0166666638106108,-0.212131947278976]",-0.2999998768545422,"[0.0,0.0,0.0]",0.0,"[0.0,0.0,0.0]","[0.0,0.0,0.0]","[0.0187825262546539,0.0,0.0187825262546539]",True,True,[51.30689215669124],"[[0.0,0.150000005960464,0.0]]",2,True,"[0.0,56.391617076466126]","[{""rid"":137438953472,""shape"":0,""localShape"":0,""point"":[-0.212131947278976,0.0,-0.212131947278976]},{""rid"":146028888066,""shape"":0,""localShape"":0,""point"":[-1.19209289550781e-07,0.150000005960464,1.19209289550781e-07]}]",[137438953472],True,True,False,True,True
1,0.35,0.15,45.0,False,73,242,4258475,0.0166666666666667,"[-0.212131947278976,0.0166666638106108,-0.212131947278976]",-0.2999998768545422,"[0.0,0.0,0.0]",0.0,"[0.0,0.0,0.0]","[0.0,0.0,0.0]","[0.0187825262546539,0.0,0.0187825262546539]",True,True,[51.30689215669124],"[[0.0,0.150000005960464,0.0]]",2,True,"[0.0,56.391617076466126]","[{""rid"":137438953472,""shape"":0,""localShape"":0,""point"":[-0.212131947278976,0.0,-0.212131947278976]},{""rid"":146028888066,""shape"":0,""localShape"":0,""point"":[-1.19209289550781e-07,0.150000005960464,1.19209289550781e-07]}]",[137438953472],True,True,False,True,True
1,0.35,0.15,45.0,False,74,243,4279199,0.0166666666666667,"[-0.212131947278976,0.0166666638106108,-0.212131947278976]",-0.2999998768545422,"[0.0,0.0,0.0]",0.0,"[0.0,0.0,0.0]","[0.0,0.0,0.0]","[0.0187825262546539,0.0,0.0187825262546539]",True,True,[51.30689215669124],"[[0.0,0.150000005960464,0.0]]",2,True,"[0.0,56.391617076466126]","[{""rid"":137438953472,""shape"":0,""localShape"":0,""point"":[-0.212131947278976,0.0,-0.212131947278976]},{""rid"":146028888066,""shape"":0,""localShape"":0,""point"":[-1.19209289550781e-07,0.150000005960464,1.19209289550781e-07]}]",[137438953472],True,True,False,True,True
1,0.35,0.15,45.0,False,75,244,4292992,0.0166666666666667,"[-0.212131947278976,0.0166666638106108,-0.212131947278976]",-0.2999998768545422,"[0.0,0.0,0.0]",0.0,"[0.0,0.0,0.0]","[0.0,0.0,0.0]","[0.0187825262546539,0.0,0.0187825262546539]",True,True,[51.30689215669124],"[[0.0,0.150000005960464,0.0]]",2,True,"[0.0,56.391617076466126]","[{""rid"":137438953472,""shape"":0,""localShape"":0,""point"":[-0.212131947278976,0.0,-0.212131947278976]},{""rid"":146028888066,""shape"":0,""localShape"":0,""point"":[-1.19209289550781e-07,0.150000005960464,1.19209289550781e-07]}]",[137438953472],True,True,False,True,True
1,0.35,0.15,45.0,False,76,245,4306827,0.0166666666666667,"[-0.212131947278976,0.0166666638106108,-0.212131947278976]",-0.2999998768545422,"[0.0,0.0,0.0]",0.0,"[0.0,0.0,0.0]","[0.0,0.0,0.0]","[0.0187825262546539,0.0,0.0187825262546539]",True,True,[51.30689215669124],"[[0.0,0.150000005960464,0.0]]",2,True,"[0.0,56.391617076466126]","[{""rid"":137438953472,""shape"":0,""localShape"":0,""point"":[-0.212131947278976,0.0,-0.212131947278976]},{""rid"":146028888066,""shape"":0,""localShape"":0,""point"":[-1.19209289550781e-07,0.150000005960464,1.19209289550781e-07]}]",[137438953472],True,True,False,True,True
1,0.35,0.15,45.0,False,77,246,4327554,0.0166666666666667,"[-0.212131947278976,0.0166666638106108,-0.212131947278976]",-0.2999998768545422,"[0.0,0.0,0.0]",0.0,"[0.0,0.0,0.0]","[0.0,0.0,0.0]","[0.0187825262546539,0.0,0.0187825262546539]",True,True,[51.30689215669124],"[[0.0,0.150000005960464,0.0]]",2,True,"[0.0,56.391617076466126]","[{""rid"":137438953472,""shape"":0,""localShape"":0,""point"":[-0.212131947278976,0.0,-0.212131947278976]},{""rid"":146028888066,""shape"":0,""localShape"":0,""point"":[-1.19209289550781e-07,0.150000005960464,1.19209289550781e-07]}]",[137438953472],True,True,False,True,True
1,0.35,0.15,45.0,False,78,247,4341354,0.0166666666666667,"[-0.212131947278976,0.0166666638106108,-0.212131947278976]",-0.2999998768545422,"[0.0,0.0,0.0]",0.0,"[0.0,0.0,0.0]","[0.0,0.0,0.0]","[0.0187825262546539,0.0,0.0187825262546539]",True,True,[51.30689215669124],"[[0.0,0.150000005960464,0.0]]",2,True,"[0.0,56.391617076466126]","[{""rid"":137438953472,""shape"":0,""localShape"":0,""point"":[-0.212131947278976,0.0,-0.212131947278976]},{""rid"":146028888066,""shape"":0,""localShape"":0,""point"":[-1.19209289550781e-07,0.150000005960464,1.19209289550781e-07]}]",[137438953472],True,True,False,True,True
1,0.35,0.15,45.0,False,79,248,4361987,0.0166666666666667,"[-0.212131947278976,0.0166666638106108,-0.212131947278976]",-0.2999998768545422,"[0.0,0.0,0.0]",0.0,"[0.0,0.0,0.0]","[0.0,0.0,0.0]","[0.0187825262546539,0.0,0.0187825262546539]",True,True,[51.30689215669124],"[[0.0,0.150000005960464,0.0]]",2,True,"[0.0,56.391617076466126]","[{""rid"":137438953472,""shape"":0,""localShape"":0,""point"":[-0.212131947278976,0.0,-0.212131947278976]},{""rid"":146028888066,""shape"":0,""localShape"":0,""point"":[-1.19209289550781e-07,0.150000005960464,1.19209289550781e-07]}]",[137438953472],True,True,False,True,True
1,0.35,0.15,45.0,False,80,249,4375822,0.0166666666666667,"[-0.212131947278976,0.0166666638106108,-0.212131947278976]",-0.2999998768545422,"[0.0,0.0,0.0]",0.0,"[0.0,0.0,0.0]","[0.0,0.0,0.0]","[0.0187825262546539,0.0,0.0187825262546539]",True,True,[51.30689215669124],"[[0.0,0.150000005960464,0.0]]",2,True,"[0.0,56.391617076466126]","[{""rid"":137438953472,""shape"":0,""localShape"":0,""point"":[-0.212131947278976,0.0,-0.212131947278976]},{""rid"":146028888066,""shape"":0,""localShape"":0,""point"":[-1.19209289550781e-07,0.150000005960464,1.19209289550781e-07]}]",[137438953472],True,True,False,True,True
1,0.35,0.15,45.0,False,81,250,4396524,0.0166666666666667,"[-0.212131947278976,0.0166666638106108,-0.212131947278976]",-0.2999998768545422,"[0.0,0.0,0.0]",0.0,"[0.0,0.0,0.0]","[0.0,0.0,0.0]","[0.0187825262546539,0.0,0.0187825262546539]",True,True,[51.30689215669124],"[[0.0,0.150000005960464,0.0]]",2,True,"[0.0,56.391617076466126]","[{""rid"":137438953472,""shape"":0,""localShape"":0,""point"":[-0.212131947278976,0.0,-0.212131947278976]},{""rid"":146028888066,""shape"":0,""localShape"":0,""point"":[-1.19209289550781e-07,0.150000005960464,1.19209289550781e-07]}]",[137438953472],True,True,False,True,True
1,0.35,0.15,45.0,False,82,251,4410313,0.0166666666666667,"[-0.212131947278976,0.0166666638106108,-0.212131947278976]",-0.2999998768545422,"[0.0,0.0,0.0]",0.0,"[0.0,0.0,0.0]","[0.0,0.0,0.0]","[0.0187825262546539,0.0,0.0187825262546539]",True,True,[51.30689215669124],"[[0.0,0.150000005960464,0.0]]",2,True,"[0.0,56.391617076466126]","[{""rid"":137438953472,""shape"":0,""localShape"":0,""point"":[-0.212131947278976,0.0,-0.212131947278976]},{""rid"":146028888066,""shape"":0,""localShape"":0,""point"":[-1.19209289550781e-07,0.150000005960464,1.19209289550781e-07]}]",[137438953472],True,True,False,True,True
1,0.35,0.15,45.0,False,83,252,4424080,0.0166666666666667,"[-0.212131947278976,0.0166666638106108,-0.212131947278976]",-0.2999998768545422,"[0.0,0.0,0.0]",0.0,"[0.0,0.0,0.0]","[0.0,0.0,0.0]","[0.0187825262546539,0.0,0.0187825262546539]",True,True,[51.30689215669124],"[[0.0,0.150000005960464,0.0]]",2,True,"[0.0,56.391617076466126]","[{""rid"":137438953472,""shape"":0,""localShape"":0,""point"":[-0.212131947278976,0.0,-0.212131947278976]},{""rid"":146028888066,""shape"":0,""localShape"":0,""point"":[-1.19209289550781e-07,0.150000005960464,1.19209289550781e-07]}]",[137438953472],True,True,False,True,True
1,0.35,0.15,45.0,False,84,253,4444860,0.0166666666666667,"[-0.212131947278976,0.0166666638106108,-0.212131947278976]",-0.2999998768545422,"[0.0,0.0,0.0]",0.0,"[0.0,0.0,0.0]","[0.0,0.0,0.0]","[0.0187825262546539,0.0,0.0187825262546539]",True,True,[51.30689215669124],"[[0.0,0.150000005960464,0.0]]",2,True,"[0.0,56.391617076466126]","[{""rid"":137438953472,""shape"":0,""localShape"":0,""point"":[-0.212131947278976,0.0,-0.212131947278976]},{""rid"":146028888066,""shape"":0,""localShape"":0,""point"":[-1.19209289550781e-07,0.150000005960464,1.19209289550781e-07]}]",[137438953472],True,True,False,True,True
1,0.35,0.15,45.0,False,85,254,4458618,0.0166666666666667,"[-0.212131947278976,0.0166666638106108,-0.212131947278976]",-0.2999998768545422,"[0.0,0.0,0.0]",0.0,"[0.0,0.0,0.0]","[0.0,0.0,0.0]","[0.0187825262546539,0.0,0.0187825262546539]",True,True,[51.30689215669124],"[[0.0,0.150000005960464,0.0]]",2,True,"[0.0,56.391617076466126]","[{""rid"":137438953472,""shape"":0,""localShape"":0,""point"":[-0.212131947278976,0.0,-0.212131947278976]},{""rid"":146028888066,""shape"":0,""localShape"":0,""point"":[-1.19209289550781e-07,0.150000005960464,1.19209289550781e-07]}]",[137438953472],True,True,False,True,True
1,0.35,0.15,45.0,False,86,255,4479329,0.0166666666666667,"[-0.212131947278976,0.0166666638106108,-0.212131947278976]",-0.2999998768545422,"[0.0,0.0,0.0]",0.0,"[0.0,0.0,0.0]","[0.0,0.0,0.0]","[0.0187825262546539,0.0,0.0187825262546539]",True,True,[51.30689215669124],"[[0.0,0.150000005960464,0.0]]",2,True,"[0.0,56.391617076466126]","[{""rid"":137438953472,""shape"":0,""localShape"":0,""point"":[-0.212131947278976,0.0,-0.212131947278976]},{""rid"":146028888066,""shape"":0,""localShape"":0,""point"":[-1.19209289550781e-07,0.150000005960464,1.19209289550781e-07]}]",[137438953472],True,True,False,True,True
1,0.35,0.15,45.0,False,87,256,4493119,0.0166666666666667,"[-0.212131947278976,0.0166666638106108,-0.212131947278976]",-0.2999998768545422,"[0.0,0.0,0.0]",0.0,"[0.0,0.0,0.0]","[0.0,0.0,0.0]","[0.0187825262546539,0.0,0.0187825262546539]",True,True,[51.30689215669124],"[[0.0,0.150000005960464,0.0]]",2,True,"[0.0,56.391617076466126]","[{""rid"":137438953472,""shape"":0,""localShape"":0,""point"":[-0.212131947278976,0.0,-0.212131947278976]},{""rid"":146028888066,""shape"":0,""localShape"":0,""point"":[-1.19209289550781e-07,0.150000005960464,1.19209289550781e-07]}]",[137438953472],True,True,False,True,True
1,0.35,0.15,45.0,False,88,257,4506921,0.0166666666666667,"[-0.212131947278976,0.0166666638106108,-0.212131947278976]",-0.2999998768545422,"[0.0,0.0,0.0]",0.0,"[0.0,0.0,0.0]","[0.0,0.0,0.0]","[0.0187825262546539,0.0,0.0187825262546539]",True,True,[51.30689215669124],"[[0.0,0.150000005960464,0.0]]",2,True,"[0.0,56.391617076466126]","[{""rid"":137438953472,""shape"":0,""localShape"":0,""point"":[-0.212131947278976,0.0,-0.212131947278976]},{""rid"":146028888066,""shape"":0,""localShape"":0,""point"":[-1.19209289550781e-07,0.150000005960464,1.19209289550781e-07]}]",[137438953472],True,True,False,True,True
1,0.35,0.15,45.0,False,89,258,4527636,0.0166666666666667,"[-0.212131947278976,0.0166666638106108,-0.212131947278976]",-0.2999998768545422,"[0.0,0.0,0.0]",0.0,"[0.0,0.0,0.0]","[0.0,0.0,0.0]","[0.0187825262546539,0.0,0.0187825262546539]",True,True,[51.30689215669124],"[[0.0,0.150000005960464,0.0]]",2,True,"[0.0,56.391617076466126]","[{""rid"":137438953472,""shape"":0,""localShape"":0,""point"":[-0.212131947278976,0.0,-0.212131947278976]},{""rid"":146028888066,""shape"":0,""localShape"":0,""point"":[-1.19209289550781e-07,0.150000005960464,1.19209289550781e-07]}]",[137438953472],True,True,False,True,True
1,0.35,0.15,45.0,False,90,259,4541403,0.0166666666666667,"[-0.212131947278976,0.0166666638106108,-0.212131947278976]",-0.2999998768545422,"[0.0,0.0,0.0]",0.0,"[0.0,0.0,0.0]","[0.0,0.0,0.0]","[0.0187825262546539,0.0,0.0187825262546539]",True,True,[51.30689215669124],"[[0.0,0.150000005960464,0.0]]",2,True,"[0.0,56.391617076466126]","[{""rid"":137438953472,""shape"":0,""localShape"":0,""point"":[-0.212131947278976,0.0,-0.212131947278976]},{""rid"":146028888066,""shape"":0,""localShape"":0,""point"":[-1.19209289550781e-07,0.150000005960464,1.19209289550781e-07]}]",[137438953472],True,True,False,True,True
1,0.35,0.15,45.0,False,91,260,4562140,0.0166666666666667,"[-0.212131947278976,0.0166666638106108,-0.212131947278976]",-0.2999998768545422,"[0.0,0.0,0.0]",0.0,"[0.0,0.0,0.0]","[0.0,0.0,0.0]","[0.0187825262546539,0.0,0.0187825262546539]",True,True,[51.30689215669124],"[[0.0,0.150000005960464,0.0]]",2,True,"[0.0,56.391617076466126]","[{""rid"":137438953472,""shape"":0,""localShape"":0,""point"":[-0.212131947278976,0.0,-0.212131947278976]},{""rid"":146028888066,""shape"":0,""localShape"":0,""point"":[-1.19209289550781e-07,0.150000005960464,1.19209289550781e-07]}]",[137438953472],True,True,False,True,True
1,0.35,0.15,45.0,False,92,261,4575907,0.0166666666666667,"[-0.212131947278976,0.0166666638106108,-0.212131947278976]",-0.2999998768545422,"[0.0,0.0,0.0]",0.0,"[0.0,0.0,0.0]","[0.0,0.0,0.0]","[0.0187825262546539,0.0,0.0187825262546539]",True,True,[51.30689215669124],"[[0.0,0.150000005960464,0.0]]",2,True,"[0.0,56.391617076466126]","[{""rid"":137438953472,""shape"":0,""localShape"":0,""point"":[-0.212131947278976,0.0,-0.212131947278976]},{""rid"":146028888066,""shape"":0,""localShape"":0,""point"":[-1.19209289550781e-07,0.150000005960464,1.19209289550781e-07]}]",[137438953472],True,True,False,True,True
1,0.35,0.15,45.0,False,93,262,4596639,0.0166666666666667,"[-0.212131947278976,0.0166666638106108,-0.212131947278976]",-0.2999998768545422,"[0.0,0.0,0.0]",0.0,"[0.0,0.0,0.0]","[0.0,0.0,0.0]","[0.0187825262546539,0.0,0.0187825262546539]",True,True,[51.30689215669124],"[[0.0,0.150000005960464,0.0]]",2,True,"[0.0,56.391617076466126]","[{""rid"":137438953472,""shape"":0,""localShape"":0,""point"":[-0.212131947278976,0.0,-0.212131947278976]},{""rid"":146028888066,""shape"":0,""localShape"":0,""point"":[-1.19209289550781e-07,0.150000005960464,1.19209289550781e-07]}]",[137438953472],True,True,False,True,True
1,0.35,0.15,45.0,False,94,263,4610428,0.0166666666666667,"[-0.212131947278976,0.0166666638106108,-0.212131947278976]",-0.2999998768545422,"[0.0,0.0,0.0]",0.0,"[0.0,0.0,0.0]","[0.0,0.0,0.0]","[0.0187825262546539,0.0,0.0187825262546539]",True,True,[51.30689215669124],"[[0.0,0.150000005960464,0.0]]",2,True,"[0.0,56.391617076466126]","[{""rid"":137438953472,""shape"":0,""localShape"":0,""point"":[-0.212131947278976,0.0,-0.212131947278976]},{""rid"":146028888066,""shape"":0,""localShape"":0,""point"":[-1.19209289550781e-07,0.150000005960464,1.19209289550781e-07]}]",[137438953472],True,True,False,True,True
1,0.35,0.15,45.0,False,95,264,4624180,0.0166666666666667,"[-0.212131947278976,0.0166666638106108,-0.212131947278976]",-0.2999998768545422,"[0.0,0.0,0.0]",0.0,"[0.0,0.0,0.0]","[0.0,0.0,0.0]","[0.0187825262546539,0.0,0.0187825262546539]",True,True,[51.30689215669124],"[[0.0,0.150000005960464,0.0]]",2,True,"[0.0,56.391617076466126]","[{""rid"":137438953472,""shape"":0,""localShape"":0,""point"":[-0.212131947278976,0.0,-0.212131947278976]},{""rid"":146028888066,""shape"":0,""localShape"":0,""point"":[-1.19209289550781e-07,0.150000005960464,1.19209289550781e-07]}]",[137438953472],True,True,False,True,True
1,0.35,0.15,45.0,False,96,265,4644888,0.0166666666666667,"[-0.212131947278976,0.0166666638106108,-0.212131947278976]",-0.2999998768545422,"[0.0,0.0,0.0]",0.0,"[0.0,0.0,0.0]","[0.0,0.0,0.0]","[0.0187825262546539,0.0,0.0187825262546539]",True,True,[51.30689215669124],"[[0.0,0.150000005960464,0.0]]",2,True,"[0.0,56.391617076466126]","[{""rid"":137438953472,""shape"":0,""localShape"":0,""point"":[-0.212131947278976,0.0,-0.212131947278976]},{""rid"":146028888066,""shape"":0,""localShape"":0,""point"":[-1.19209289550781e-07,0.150000005960464,1.19209289550781e-07]}]",[137438953472],True,True,False,True,True
1,0.35,0.15,45.0,False,97,266,4658735,0.0166666666666667,"[-0.212131947278976,0.0166666638106108,-0.212131947278976]",-0.2999998768545422,"[0.0,0.0,0.0]",0.0,"[0.0,0.0,0.0]","[0.0,0.0,0.0]","[0.0187825262546539,0.0,0.0187825262546539]",True,True,[51.30689215669124],"[[0.0,0.150000005960464,0.0]]",2,True,"[0.0,56.391617076466126]","[{""rid"":137438953472,""shape"":0,""localShape"":0,""point"":[-0.212131947278976,0.0,-0.212131947278976]},{""rid"":146028888066,""shape"":0,""localShape"":0,""point"":[-1.19209289550781e-07,0.150000005960464,1.19209289550781e-07]}]",[137438953472],True,True,False,True,True
1,0.35,0.15,45.0,False,98,267,4679364,0.0166666666666667,"[-0.212131947278976,0.0166666638106108,-0.212131947278976]",-0.2999998768545422,"[0.0,0.0,0.0]",0.0,"[0.0,0.0,0.0]","[0.0,0.0,0.0]","[0.0187825262546539,0.0,0.0187825262546539]",True,True,[51.30689215669124],"[[0.0,0.150000005960464,0.0]]",2,True,"[0.0,56.391617076466126]","[{""rid"":137438953472,""shape"":0,""localShape"":0,""point"":[-0.212131947278976,0.0,-0.212131947278976]},{""rid"":146028888066,""shape"":0,""localShape"":0,""point"":[-1.19209289550781e-07,0.150000005960464,1.19209289550781e-07]}]",[137438953472],True,True,False,True,True
1,0.35,0.15,45.0,False,99,268,4693184,0.0166666666666667,"[-0.212131947278976,0.0166666638106108,-0.212131947278976]",-0.2999998768545422,"[0.0,0.0,0.0]",0.0,"[0.0,0.0,0.0]","[0.0,0.0,0.0]","[0.0187825262546539,0.0,0.0187825262546539]",True,True,[51.30689215669124],"[[0.0,0.150000005960464,0.0]]",2,True,"[0.0,56.391617076466126]","[{""rid"":137438953472,""shape"":0,""localShape"":0,""point"":[-0.212131947278976,0.0,-0.212131947278976]},{""rid"":146028888066,""shape"":0,""localShape"":0,""point"":[-1.19209289550781e-07,0.150000005960464,1.19209289550781e-07]}]",[137438953472],True,True,False,True,True
1,0.35,0.15,45.0,False,100,269,4706956,0.0166666666666667,"[-0.212131947278976,0.0166666638106108,-0.212131947278976]",-0.2999998768545422,"[0.0,0.0,0.0]",0.0,"[0.0,0.0,0.0]","[0.0,0.0,0.0]","[0.0187825262546539,0.0,0.0187825262546539]",True,True,[51.30689215669124],"[[0.0,0.150000005960464,0.0]]",2,True,"[0.0,56.391617076466126]","[{""rid"":137438953472,""shape"":0,""localShape"":0,""point"":[-0.212131947278976,0.0,-0.212131947278976]},{""rid"":146028888066,""shape"":0,""localShape"":0,""point"":[-1.19209289550781e-07,0.150000005960464,1.19209289550781e-07]}]",[137438953472],True,True,False,True,True
1,0.35,0.15,45.0,False,101,270,4727723,0.0166666666666667,"[-0.212131947278976,0.0166666638106108,-0.212131947278976]",-0.2999998768545422,"[0.0,0.0,0.0]",0.0,"[0.0,0.0,0.0]","[0.0,0.0,0.0]","[0.0187825262546539,0.0,0.0187825262546539]",True,True,[51.30689215669124],"[[0.0,0.150000005960464,0.0]]",2,True,"[0.0,56.391617076466126]","[{""rid"":137438953472,""shape"":0,""localShape"":0,""point"":[-0.212131947278976,0.0,-0.212131947278976]},{""rid"":146028888066,""shape"":0,""localShape"":0,""point"":[-1.19209289550781e-07,0.150000005960464,1.19209289550781e-07]}]",[137438953472],True,True,False,True,True
1,0.35,0.15,45.0,False,102,271,4741511,0.0166666666666667,"[-0.212131947278976,0.0166666638106108,-0.212131947278976]",-0.2999998768545422,"[0.0,0.0,0.0]",0.0,"[0.0,0.0,0.0]","[0.0,0.0,0.0]","[0.0187825262546539,0.0,0.0187825262546539]",True,True,[51.30689215669124],"[[0.0,0.150000005960464,0.0]]",2,True,"[0.0,56.391617076466126]","[{""rid"":137438953472,""shape"":0,""localShape"":0,""point"":[-0.212131947278976,0.0,-0.212131947278976]},{""rid"":146028888066,""shape"":0,""localShape"":0,""point"":[-1.19209289550781e-07,0.150000005960464,1.19209289550781e-07]}]",[137438953472],True,True,False,True,True
1,0.35,0.15,45.0,False,103,272,4762167,0.0166666666666667,"[-0.212131947278976,0.0166666638106108,-0.212131947278976]",-0.2999998768545422,"[0.0,0.0,0.0]",0.0,"[0.0,0.0,0.0]","[0.0,0.0,0.0]","[0.0187825262546539,0.0,0.0187825262546539]",True,True,[51.30689215669124],"[[0.0,0.150000005960464,0.0]]",2,True,"[0.0,56.391617076466126]","[{""rid"":137438953472,""shape"":0,""localShape"":0,""point"":[-0.212131947278976,0.0,-0.212131947278976]},{""rid"":146028888066,""shape"":0,""localShape"":0,""point"":[-1.19209289550781e-07,0.150000005960464,1.19209289550781e-07]}]",[137438953472],True,True,False,True,True
1,0.35,0.15,45.0,False,104,273,4775973,0.0166666666666667,"[-0.212131947278976,0.0166666638106108,-0.212131947278976]",-0.2999998768545422,"[0.0,0.0,0.0]",0.0,"[0.0,0.0,0.0]","[0.0,0.0,0.0]","[0.0187825262546539,0.0,0.0187825262546539]",True,True,[51.30689215669124],"[[0.0,0.150000005960464,0.0]]",2,True,"[0.0,56.391617076466126]","[{""rid"":137438953472,""shape"":0,""localShape"":0,""point"":[-0.212131947278976,0.0,-0.212131947278976]},{""rid"":146028888066,""shape"":0,""localShape"":0,""point"":[-1.19209289550781e-07,0.150000005960464,1.19209289550781e-07]}]",[137438953472],True,True,False,True,True
1,0.35,0.15,45.0,False,105,274,4796938,0.0166666666666667,"[-0.212131947278976,0.0166666638106108,-0.212131947278976]",-0.2999998768545422,"[0.0,0.0,0.0]",0.0,"[0.0,0.0,0.0]","[0.0,0.0,0.0]","[0.0187825262546539,0.0,0.0187825262546539]",True,True,[51.30689215669124],"[[0.0,0.150000005960464,0.0]]",2,True,"[0.0,56.391617076466126]","[{""rid"":137438953472,""shape"":0,""localShape"":0,""point"":[-0.212131947278976,0.0,-0.212131947278976]},{""rid"":146028888066,""shape"":0,""localShape"":0,""point"":[-1.19209289550781e-07,0.150000005960464,1.19209289550781e-07]}]",[137438953472],True,True,False,True,True
1,0.35,0.15,45.0,False,106,275,4810496,0.0166666666666667,"[-0.212131947278976,0.0166666638106108,-0.212131947278976]",-0.2999998768545422,"[0.0,0.0,0.0]",0.0,"[0.0,0.0,0.0]","[0.0,0.0,0.0]","[0.0187825262546539,0.0,0.0187825262546539]",True,True,[51.30689215669124],"[[0.0,0.150000005960464,0.0]]",2,True,"[0.0,56.391617076466126]","[{""rid"":137438953472,""shape"":0,""localShape"":0,""point"":[-0.212131947278976,0.0,-0.212131947278976]},{""rid"":146028888066,""shape"":0,""localShape"":0,""point"":[-1.19209289550781e-07,0.150000005960464,1.19209289550781e-07]}]",[137438953472],True,True,False,True,True
1,0.35,0.15,45.0,False,107,276,4824264,0.0166666666666667,"[-0.212131947278976,0.0166666638106108,-0.212131947278976]",-0.2999998768545422,"[0.0,0.0,0.0]",0.0,"[0.0,0.0,0.0]","[0.0,0.0,0.0]","[0.0187825262546539,0.0,0.0187825262546539]",True,True,[51.30689215669124],"[[0.0,0.150000005960464,0.0]]",2,True,"[0.0,56.391617076466126]","[{""rid"":137438953472,""shape"":0,""localShape"":0,""point"":[-0.212131947278976,0.0,-0.212131947278976]},{""rid"":146028888066,""shape"":0,""localShape"":0,""point"":[-1.19209289550781e-07,0.150000005960464,1.19209289550781e-07]}]",[137438953472],True,True,False,True,True
1,0.35,0.15,45.0,False,108,277,4844932,0.0166666666666667,"[-0.212131947278976,0.0166666638106108,-0.212131947278976]",-0.2999998768545422,"[0.0,0.0,0.0]",0.0,"[0.0,0.0,0.0]","[0.0,0.0,0.0]","[0.0187825262546539,0.0,0.0187825262546539]",True,True,[51.30689215669124],"[[0.0,0.150000005960464,0.0]]",2,True,"[0.0,56.391617076466126]","[{""rid"":137438953472,""shape"":0,""localShape"":0,""point"":[-0.212131947278976,0.0,-0.212131947278976]},{""rid"":146028888066,""shape"":0,""localShape"":0,""point"":[-1.19209289550781e-07,0.150000005960464,1.19209289550781e-07]}]",[137438953472],True,True,False,True,True
1,0.35,0.15,45.0,False,109,278,4858770,0.0166666666666667,"[-0.212131947278976,0.0166666638106108,-0.212131947278976]",-0.2999998768545422,"[0.0,0.0,0.0]",0.0,"[0.0,0.0,0.0]","[0.0,0.0,0.0]","[0.0187825262546539,0.0,0.0187825262546539]",True,True,[51.30689215669124],"[[0.0,0.150000005960464,0.0]]",2,True,"[0.0,56.391617076466126]","[{""rid"":137438953472,""shape"":0,""localShape"":0,""point"":[-0.212131947278976,0.0,-0.212131947278976]},{""rid"":146028888066,""shape"":0,""localShape"":0,""point"":[-1.19209289550781e-07,0.150000005960464,1.19209289550781e-07]}]",[137438953472],True,True,False,True,True
1,0.35,0.15,45.0,False,110,279,4879496,0.0166666666666667,"[-0.212131947278976,0.0166666638106108,-0.212131947278976]",-0.2999998768545422,"[0.0,0.0,0.0]",0.0,"[0.0,0.0,0.0]","[0.0,0.0,0.0]","[0.0187825262546539,0.0,0.0187825262546539]",True,True,[51.30689215669124],"[[0.0,0.150000005960464,0.0]]",2,True,"[0.0,56.391617076466126]","[{""rid"":137438953472,""shape"":0,""localShape"":0,""point"":[-0.212131947278976,0.0,-0.212131947278976]},{""rid"":146028888066,""shape"":0,""localShape"":0,""point"":[-1.19209289550781e-07,0.150000005960464,1.19209289550781e-07]}]",[137438953472],True,True,False,True,True
1,0.35,0.15,45.0,False,111,280,4893358,0.0166666666666667,"[-0.212131947278976,0.0166666638106108,-0.212131947278976]",-0.2999998768545422,"[0.0,0.0,0.0]",0.0,"[0.0,0.0,0.0]","[0.0,0.0,0.0]","[0.0187825262546539,0.0,0.0187825262546539]",True,True,[51.30689215669124],"[[0.0,0.150000005960464,0.0]]",2,True,"[0.0,56.391617076466126]","[{""rid"":137438953472,""shape"":0,""localShape"":0,""point"":[-0.212131947278976,0.0,-0.212131947278976]},{""rid"":146028888066,""shape"":0,""localShape"":0,""point"":[-1.19209289550781e-07,0.150000005960464,1.19209289550781e-07]}]",[137438953472],True,True,False,True,True
1,0.35,0.15,45.0,False,112,281,4907102,0.0166666666666667,"[-0.212131947278976,0.0166666638106108,-0.212131947278976]",-0.2999998768545422,"[0.0,0.0,0.0]",0.0,"[0.0,0.0,0.0]","[0.0,0.0,0.0]","[0.0187825262546539,0.0,0.0187825262546539]",True,True,[51.30689215669124],"[[0.0,0.150000005960464,0.0]]",2,True,"[0.0,56.391617076466126]","[{""rid"":137438953472,""shape"":0,""localShape"":0,""point"":[-0.212131947278976,0.0,-0.212131947278976]},{""rid"":146028888066,""shape"":0,""localShape"":0,""point"":[-1.19209289550781e-07,0.150000005960464,1.19209289550781e-07]}]",[137438953472],True,True,False,True,True
1,0.35,0.15,45.0,False,113,282,4927815,0.0166666666666667,"[-0.212131947278976,0.0166666638106108,-0.212131947278976]",-0.2999998768545422,"[0.0,0.0,0.0]",0.0,"[0.0,0.0,0.0]","[0.0,0.0,0.0]","[0.0187825262546539,0.0,0.0187825262546539]",True,True,[51.30689215669124],"[[0.0,0.150000005960464,0.0]]",2,True,"[0.0,56.391617076466126]","[{""rid"":137438953472,""shape"":0,""localShape"":0,""point"":[-0.212131947278976,0.0,-0.212131947278976]},{""rid"":146028888066,""shape"":0,""localShape"":0,""point"":[-1.19209289550781e-07,0.150000005960464,1.19209289550781e-07]}]",[137438953472],True,True,False,True,True
1,0.35,0.15,45.0,False,114,283,4941620,0.0166666666666667,"[-0.212131947278976,0.0166666638106108,-0.212131947278976]",-0.2999998768545422,"[0.0,0.0,0.0]",0.0,"[0.0,0.0,0.0]","[0.0,0.0,0.0]","[0.0187825262546539,0.0,0.0187825262546539]",True,True,[51.30689215669124],"[[0.0,0.150000005960464,0.0]]",2,True,"[0.0,56.391617076466126]","[{""rid"":137438953472,""shape"":0,""localShape"":0,""point"":[-0.212131947278976,0.0,-0.212131947278976]},{""rid"":146028888066,""shape"":0,""localShape"":0,""point"":[-1.19209289550781e-07,0.150000005960464,1.19209289550781e-07]}]",[137438953472],True,True,False,True,True
1,0.35,0.15,45.0,False,115,284,4962283,0.0166666666666667,"[-0.212131947278976,0.0166666638106108,-0.212131947278976]",-0.2999998768545422,"[0.0,0.0,0.0]",0.0,"[0.0,0.0,0.0]","[0.0,0.0,0.0]","[0.0187825262546539,0.0,0.0187825262546539]",True,True,[51.30689215669124],"[[0.0,0.150000005960464,0.0]]",2,True,"[0.0,56.391617076466126]","[{""rid"":137438953472,""shape"":0,""localShape"":0,""point"":[-0.212131947278976,0.0,-0.212131947278976]},{""rid"":146028888066,""shape"":0,""localShape"":0,""point"":[-1.19209289550781e-07,0.150000005960464,1.19209289550781e-07]}]",[137438953472],True,True,False,True,True
1,0.35,0.15,45.0,False,116,285,4976103,0.0166666666666667,"[-0.212131947278976,0.0166666638106108,-0.212131947278976]",-0.2999998768545422,"[0.0,0.0,0.0]",0.0,"[0.0,0.0,0.0]","[0.0,0.0,0.0]","[0.0187825262546539,0.0,0.0187825262546539]",True,True,[51.30689215669124],"[[0.0,0.150000005960464,0.0]]",2,True,"[0.0,56.391617076466126]","[{""rid"":137438953472,""shape"":0,""localShape"":0,""point"":[-0.212131947278976,0.0,-0.212131947278976]},{""rid"":146028888066,""shape"":0,""localShape"":0,""point"":[-1.19209289550781e-07,0.150000005960464,1.19209289550781e-07]}]",[137438953472],True,True,False,True,True
1,0.35,0.15,45.0,False,117,286,4996826,0.0166666666666667,"[-0.212131947278976,0.0166666638106108,-0.212131947278976]",-0.2999998768545422,"[0.0,0.0,0.0]",0.0,"[0.0,0.0,0.0]","[0.0,0.0,0.0]","[0.0187825262546539,0.0,0.0187825262546539]",True,True,[51.30689215669124],"[[0.0,0.150000005960464,0.0]]",2,True,"[0.0,56.391617076466126]","[{""rid"":137438953472,""shape"":0,""localShape"":0,""point"":[-0.212131947278976,0.0,-0.212131947278976]},{""rid"":146028888066,""shape"":0,""localShape"":0,""point"":[-1.19209289550781e-07,0.150000005960464,1.19209289550781e-07]}]",[137438953472],True,True,False,True,True
1,0.35,0.15,45.0,False,118,287,5010599,0.0166666666666667,"[-0.212131947278976,0.0166666638106108,-0.212131947278976]",-0.2999998768545422,"[0.0,0.0,0.0]",0.0,"[0.0,0.0,0.0]","[0.0,0.0,0.0]","[0.0187825262546539,0.0,0.0187825262546539]",True,True,[51.30689215669124],"[[0.0,0.150000005960464,0.0]]",2,True,"[0.0,56.391617076466126]","[{""rid"":137438953472,""shape"":0,""localShape"":0,""point"":[-0.212131947278976,0.0,-0.212131947278976]},{""rid"":146028888066,""shape"":0,""localShape"":0,""point"":[-1.19209289550781e-07,0.150000005960464,1.19209289550781e-07]}]",[137438953472],True,True,False,True,True
1,0.35,0.15,45.0,False,119,288,5024382,0.0166666666666667,"[-0.212131947278976,0.0166666638106108,-0.212131947278976]",-0.2999998768545422,"[0.0,0.0,0.0]",0.0,"[0.0,0.0,0.0]","[0.0,0.0,0.0]","[0.0187825262546539,0.0,0.0187825262546539]",True,True,[51.30689215669124],"[[0.0,0.150000005960464,0.0]]",2,True,"[0.0,56.391617076466126]","[{""rid"":137438953472,""shape"":0,""localShape"":0,""point"":[-0.212131947278976,0.0,-0.212131947278976]},{""rid"":146028888066,""shape"":0,""localShape"":0,""point"":[-1.19209289550781e-07,0.150000005960464,1.19209289550781e-07]}]",[137438953472],True,True,False,True,True
1,0.35,0.15,45.0,False,120,289,5045121,0.0166666666666667,"[-0.212131947278976,0.0166666638106108,-0.212131947278976]",-0.2999998768545422,"[0.0,0.0,0.0]",0.0,"[0.0,0.0,0.0]","[0.0,0.0,0.0]","[0.0187825262546539,0.0,0.0187825262546539]",True,True,[51.30689215669124],"[[0.0,0.150000005960464,0.0]]",2,True,"[0.0,56.391617076466126]","[{""rid"":137438953472,""shape"":0,""localShape"":0,""point"":[-0.212131947278976,0.0,-0.212131947278976]},{""rid"":146028888066,""shape"":0,""localShape"":0,""point"":[-1.19209289550781e-07,0.150000005960464,1.19209289550781e-07]}]",[137438953472],True,True,False,True,True
1,0.35,0.15,45.0,False,121,290,5058904,0.0166666666666667,"[-0.212131947278976,0.0166666638106108,-0.212131947278976]",-0.2999998768545422,"[0.0,0.0,0.0]",0.0,"[0.0,0.0,0.0]","[0.0,0.0,0.0]","[0.0187825262546539,0.0,0.0187825262546539]",True,True,[51.30689215669124],"[[0.0,0.150000005960464,0.0]]",2,True,"[0.0,56.391617076466126]","[{""rid"":137438953472,""shape"":0,""localShape"":0,""point"":[-0.212131947278976,0.0,-0.212131947278976]},{""rid"":146028888066,""shape"":0,""localShape"":0,""point"":[-1.19209289550781e-07,0.150000005960464,1.19209289550781e-07]}]",[137438953472],True,True,False,True,True
1,0.35,0.15,45.0,False,122,291,5079611,0.0166666666666667,"[-0.212131947278976,0.0166666638106108,-0.212131947278976]",-0.2999998768545422,"[0.0,0.0,0.0]",0.0,"[0.0,0.0,0.0]","[0.0,0.0,0.0]","[0.0187825262546539,0.0,0.0187825262546539]",True,True,[51.30689215669124],"[[0.0,0.150000005960464,0.0]]",2,True,"[0.0,56.391617076466126]","[{""rid"":137438953472,""shape"":0,""localShape"":0,""point"":[-0.212131947278976,0.0,-0.212131947278976]},{""rid"":146028888066,""shape"":0,""localShape"":0,""point"":[-1.19209289550781e-07,0.150000005960464,1.19209289550781e-07]}]",[137438953472],True,True,False,True,True
1,0.35,0.15,45.0,False,123,292,5093469,0.0166666666666667,"[-0.212131947278976,0.0166666638106108,-0.212131947278976]",-0.2999998768545422,"[0.0,0.0,0.0]",0.0,"[0.0,0.0,0.0]","[0.0,0.0,0.0]","[0.0187825262546539,0.0,0.0187825262546539]",True,True,[51.30689215669124],"[[0.0,0.150000005960464,0.0]]",2,True,"[0.0,56.391617076466126]","[{""rid"":137438953472,""shape"":0,""localShape"":0,""point"":[-0.212131947278976,0.0,-0.212131947278976]},{""rid"":146028888066,""shape"":0,""localShape"":0,""point"":[-1.19209289550781e-07,0.150000005960464,1.19209289550781e-07]}]",[137438953472],True,True,False,True,True
1,0.35,0.15,45.0,False,124,293,5107172,0.0166666666666667,"[-0.212131947278976,0.0166666638106108,-0.212131947278976]",-0.2999998768545422,"[0.0,0.0,0.0]",0.0,"[0.0,0.0,0.0]","[0.0,0.0,0.0]","[0.0187825262546539,0.0,0.0187825262546539]",True,True,[51.30689215669124],"[[0.0,0.150000005960464,0.0]]",2,True,"[0.0,56.391617076466126]","[{""rid"":137438953472,""shape"":0,""localShape"":0,""point"":[-0.212131947278976,0.0,-0.212131947278976]},{""rid"":146028888066,""shape"":0,""localShape"":0,""point"":[-1.19209289550781e-07,0.150000005960464,1.19209289550781e-07]}]",[137438953472],True,True,False,True,True
1,0.35,0.15,45.0,False,125,294,5127903,0.0166666666666667,"[-0.212131947278976,0.0166666638106108,-0.212131947278976]",-0.2999998768545422,"[0.0,0.0,0.0]",0.0,"[0.0,0.0,0.0]","[0.0,0.0,0.0]","[0.0187825262546539,0.0,0.0187825262546539]",True,True,[51.30689215669124],"[[0.0,0.150000005960464,0.0]]",2,True,"[0.0,56.391617076466126]","[{""rid"":137438953472,""shape"":0,""localShape"":0,""point"":[-0.212131947278976,0.0,-0.212131947278976]},{""rid"":146028888066,""shape"":0,""localShape"":0,""point"":[-1.19209289550781e-07,0.150000005960464,1.19209289550781e-07]}]",[137438953472],True,True,False,True,True
1,0.35,0.15,45.0,False,126,295,5141676,0.0166666666666667,"[-0.212131947278976,0.0166666638106108,-0.212131947278976]",-0.2999998768545422,"[0.0,0.0,0.0]",0.0,"[0.0,0.0,0.0]","[0.0,0.0,0.0]","[0.0187825262546539,0.0,0.0187825262546539]",True,True,[51.30689215669124],"[[0.0,0.150000005960464,0.0]]",2,True,"[0.0,56.391617076466126]","[{""rid"":137438953472,""shape"":0,""localShape"":0,""point"":[-0.212131947278976,0.0,-0.212131947278976]},{""rid"":146028888066,""shape"":0,""localShape"":0,""point"":[-1.19209289550781e-07,0.150000005960464,1.19209289550781e-07]}]",[137438953472],True,True,False,True,True
2,0.42,0.15,-45.0,True,0,296,5170283,0.0166666666666667,"[0.70710676908493,0.0444444455206394,-0.70710676908493]",-0.9999999828857283,"[0.0,-0.00555555522441864,0.0]",0.00555555522441864,"[0.0,-0.00555555522441864,0.0]","[0.0,-0.333333283662796,0.0]","[0.0,-0.00555555615574121,0.0]",False,False,[],[],0,False,[],[],[],True,True,False,False,False
2,0.42,0.15,-45.0,True,1,297,5184172,0.0166666666666667,"[0.70710676908493,0.0333333313465118,-0.70710676908493]",-0.9999999828857283,"[0.0,-0.0111111141741276,0.0]",0.0111111141741276,"[0.0,-0.0111111141741276,0.0]","[0.0,-0.666666805744171,0.0]","[0.0,-0.0111111123114824,0.0]",False,False,[],[],0,False,[],[],[],True,True,False,False,False
2,0.42,0.15,-45.0,True,2,298,5197945,0.0166666666666667,"[0.70710676908493,0.0166666638106108,-0.70710676908493]",-0.9999999828857283,"[0.0,-0.0166666675359011,0.0]",0.0166666675359011,"[0.0,-0.0166666675359011,0.0]","[0.0,-1.0,0.0]","[0.0,-0.0166666675359011,0.0]",False,False,[],[],1,True,[0.0],"[{""rid"":167503724544,""shape"":0,""localShape"":0,""point"":[0.70710676908493,0.0,-0.70710676908493]}]",[167503724544],True,True,False,False,True
2,0.42,0.15,-45.0,True,3,299,5218585,0.0166666666666667,"[0.70710676908493,0.0166666638106108,-0.70710676908493]",-0.9999999828857283,"[0.0,0.0,0.0]",0.0,"[0.0,0.0,0.0]","[0.0,0.0,0.0]","[0.0,0.0,0.0]",True,False,[],[],1,True,[0.0],"[{""rid"":167503724544,""shape"":0,""localShape"":0,""point"":[0.70710676908493,0.0,-0.70710676908493]}]",[167503724544],True,True,False,False,True
2,0.42,0.15,-45.0,True,4,300,5232366,0.0166666666666667,"[0.70710676908493,0.0166666638106108,-0.70710676908493]",-0.9999999828857283,"[0.0,0.0,0.0]",0.0,"[0.0,0.0,0.0]","[0.0,0.0,0.0]","[0.0,0.0,0.0]",True,False,[],[],1,True,[0.0],"[{""rid"":167503724544,""shape"":0,""localShape"":0,""point"":[0.70710676908493,0.0,-0.70710676908493]}]",[167503724544],True,True,False,False,True
2,0.42,0.15,-45.0,True,5,301,5253062,0.0166666666666667,"[0.70710676908493,0.0166666638106108,-0.70710676908493]",-0.9999999828857283,"[0.0,0.0,0.0]",0.0,"[0.0,0.0,0.0]","[0.0,0.0,0.0]","[0.0,0.0,0.0]",True,False,[],[],1,True,[0.0],"[{""rid"":167503724544,""shape"":0,""localShape"":0,""point"":[0.70710676908493,0.0,-0.70710676908493]}]",[167503724544],True,True,False,False,True
2,0.42,0.15,-45.0,True,6,302,5266873,0.0166666666666667,"[0.70710676908493,0.0166666638106108,-0.70710676908493]",-0.9999999828857283,"[0.0,0.0,0.0]",0.0,"[0.0,0.0,0.0]","[0.0,0.0,0.0]","[0.0,0.0,0.0]",True,False,[],[],1,True,[0.0],"[{""rid"":167503724544,""shape"":0,""localShape"":0,""point"":[0.70710676908493,0.0,-0.70710676908493]}]",[167503724544],True,True,False,False,True
2,0.42,0.15,-45.0,True,7,303,5280682,0.0166666666666667,"[0.70710676908493,0.0166666638106108,-0.70710676908493]",-0.9999999828857283,"[0.0,0.0,0.0]",0.0,"[0.0,0.0,0.0]","[0.0,0.0,0.0]","[0.0,0.0,0.0]",True,False,[],[],1,True,[0.0],"[{""rid"":167503724544,""shape"":0,""localShape"":0,""point"":[0.70710676908493,0.0,-0.70710676908493]}]",[167503724544],True,True,False,False,True
2,0.42,0.15,-45.0,True,8,304,5301402,0.0166666666666667,"[0.70710676908493,0.0166666638106108,-0.70710676908493]",-0.9999999828857283,"[0.0,0.0,0.0]",0.0,"[0.0,0.0,0.0]","[0.0,0.0,0.0]","[0.0,0.0,0.0]",True,False,[],[],1,True,[0.0],"[{""rid"":167503724544,""shape"":0,""localShape"":0,""point"":[0.70710676908493,0.0,-0.70710676908493]}]",[167503724544],True,True,False,False,True
2,0.42,0.15,-45.0,True,9,305,5315144,0.0166666666666667,"[0.70710676908493,0.0166666638106108,-0.70710676908493]",-0.9999999828857283,"[0.0,0.0,0.0]",0.0,"[0.0,0.0,0.0]","[0.0,0.0,0.0]","[0.0,0.0,0.0]",True,False,[],[],1,True,[0.0],"[{""rid"":167503724544,""shape"":0,""localShape"":0,""point"":[0.70710676908493,0.0,-0.70710676908493]}]",[167503724544],True,True,False,False,True
2,0.42,0.15,-45.0,True,10,306,5335913,0.0166666666666667,"[0.70710676908493,0.0166666638106108,-0.70710676908493]",-0.9999999828857283,"[0.0,0.0,0.0]",0.0,"[0.0,0.0,0.0]","[0.0,0.0,0.0]","[0.0,0.0,0.0]",True,False,[],[],1,True,[0.0],"[{""rid"":167503724544,""shape"":0,""localShape"":0,""point"":[0.70710676908493,0.0,-0.70710676908493]}]",[167503724544],True,True,False,False,True
2,0.42,0.15,-45.0,True,11,307,5349698,0.0166666666666667,"[0.70710676908493,0.0166666638106108,-0.70710676908493]",-0.9999999828857283,"[0.0,0.0,0.0]",0.0,"[0.0,0.0,0.0]","[0.0,0.0,0.0]","[0.0,0.0,0.0]",True,False,[],[],1,True,[0.0],"[{""rid"":167503724544,""shape"":0,""localShape"":0,""point"":[0.70710676908493,0.0,-0.70710676908493]}]",[167503724544],True,True,False,False,True
2,0.42,0.15,-45.0,True,12,308,5363464,0.0166666666666667,"[0.70710676908493,0.0166666638106108,-0.70710676908493]",-0.9999999828857283,"[0.0,0.0,0.0]",0.0,"[0.0,0.0,0.0]","[0.0,0.0,0.0]","[0.0,0.0,0.0]",True,False,[],[],1,True,[0.0],"[{""rid"":167503724544,""shape"":0,""localShape"":0,""point"":[0.70710676908493,0.0,-0.70710676908493]}]",[167503724544],True,True,False,False,True
2,0.42,0.15,-45.0,True,13,309,5384173,0.0166666666666667,"[0.70710676908493,0.0166666638106108,-0.70710676908493]",-0.9999999828857283,"[0.0,0.0,0.0]",0.0,"[0.0,0.0,0.0]","[0.0,0.0,0.0]","[0.0,0.0,0.0]",True,False,[],[],1,True,[0.0],"[{""rid"":167503724544,""shape"":0,""localShape"":0,""point"":[0.70710676908493,0.0,-0.70710676908493]}]",[167503724544],True,True,False,False,True
2,0.42,0.15,-45.0,True,14,310,5397990,0.0166666666666667,"[0.70710676908493,0.0166666638106108,-0.70710676908493]",-0.9999999828857283,"[0.0,0.0,0.0]",0.0,"[0.0,0.0,0.0]","[0.0,0.0,0.0]","[0.0,0.0,0.0]",True,False,[],[],1,True,[0.0],"[{""rid"":167503724544,""shape"":0,""localShape"":0,""point"":[0.70710676908493,0.0,-0.70710676908493]}]",[167503724544],True,True,False,False,True
2,0.42,0.15,-45.0,True,15,311,5418657,0.0166666666666667,"[0.70710676908493,0.0166666638106108,-0.70710676908493]",-0.9999999828857283,"[0.0,0.0,0.0]",0.0,"[0.0,0.0,0.0]","[0.0,0.0,0.0]","[0.0,0.0,0.0]",True,False,[],[],1,True,[0.0],"[{""rid"":167503724544,""shape"":0,""localShape"":0,""point"":[0.70710676908493,0.0,-0.70710676908493]}]",[167503724544],True,True,False,False,True
2,0.42,0.15,-45.0,True,16,312,5432477,0.0166666666666667,"[0.70710676908493,0.0166666638106108,-0.70710676908493]",-0.9999999828857283,"[0.0,0.0,0.0]",0.0,"[0.0,0.0,0.0]","[0.0,0.0,0.0]","[0.0,0.0,0.0]",True,False,[],[],1,True,[0.0],"[{""rid"":167503724544,""shape"":0,""localShape"":0,""point"":[0.70710676908493,0.0,-0.70710676908493]}]",[167503724544],True,True,False,False,True
2,0.42,0.15,-45.0,True,17,313,5446272,0.0166666666666667,"[0.70710676908493,0.0166666638106108,-0.70710676908493]",-0.9999999828857283,"[0.0,0.0,0.0]",0.0,"[0.0,0.0,0.0]","[0.0,0.0,0.0]","[0.0,0.0,0.0]",True,False,[],[],1,True,[0.0],"[{""rid"":167503724544,""shape"":0,""localShape"":0,""point"":[0.70710676908493,0.0,-0.70710676908493]}]",[167503724544],True,True,False,False,True
2,0.42,0.15,-45.0,True,18,314,5466954,0.0166666666666667,"[0.70710676908493,0.0166666638106108,-0.70710676908493]",-0.9999999828857283,"[0.0,0.0,0.0]",0.0,"[0.0,0.0,0.0]","[0.0,0.0,0.0]","[0.0,0.0,0.0]",True,False,[],[],1,True,[0.0],"[{""rid"":167503724544,""shape"":0,""localShape"":0,""point"":[0.70710676908493,0.0,-0.70710676908493]}]",[167503724544],True,True,False,False,True
2,0.42,0.15,-45.0,True,19,315,5480767,0.0166666666666667,"[0.70710676908493,0.0166666638106108,-0.70710676908493]",-0.9999999828857283,"[0.0,0.0,0.0]",0.0,"[0.0,0.0,0.0]","[0.0,0.0,0.0]","[0.0,0.0,0.0]",True,False,[],[],1,True,[0.0],"[{""rid"":167503724544,""shape"":0,""localShape"":0,""point"":[0.70710676908493,0.0,-0.70710676908493]}]",[167503724544],True,True,False,False,True
2,0.42,0.15,-45.0,False,0,316,5501494,0.0166666666666667,"[0.636396050453186,0.0166666638106108,-0.636396050453186]",-0.899999925591568,"[-0.0707107186317444,0.0,0.0707107186317444]",0.10000005729416082,"[-0.0707107186317444,0.0,0.0707107186317444]","[-4.24264287948608,0.0,4.24264287948608]","[-0.070710688829422,0.0,0.070710688829422]",True,False,[],[],1,True,[0.0],"[{""rid"":167503724544,""shape"":0,""localShape"":0,""point"":[0.636396050453186,0.0,-0.636396050453186]}]",[167503724544],True,True,False,False,True
2,0.42,0.15,-45.0,False,1,317,5515270,0.0166666666666667,"[0.565685391426086,0.0166666638106108,-0.565685391426086]",-0.7999999525911037,"[-0.0707106590270996,0.0,0.0707106590270996]",0.09999997300046377,"[-0.0707106590270996,0.0,0.0707106590270996]","[-4.24263954162598,0.0,4.24263954162598]","[-0.070710688829422,0.0,0.070710688829422]",True,False,[],[],1,True,[0.0],"[{""rid"":167503724544,""shape"":0,""localShape"":0,""point"":[0.565685391426086,0.0,-0.565685391426086]}]",[167503724544],True,True,False,False,True
2,0.42,0.15,-45.0,False,2,318,5529045,0.0166666666666667,"[0.494974702596664,0.0166666638106108,-0.494974702596664]",-0.6999999374437915,"[-0.070710688829422,0.0,0.070710688829422]",0.1000000151473123,"[-0.070710688829422,0.0,0.070710688829422]","[-4.24264097213745,0.0,4.24264097213745]","[-0.070710688829422,0.0,0.070710688829422]",True,False,[],[],1,True,[0.0],"[{""rid"":167503724544,""shape"":0,""localShape"":0,""point"":[0.494974702596664,0.0,-0.494974702596664]}]",[167503724544],True,True,False,False,True
2,0.42,0.15,-45.0,False,3,319,5549743,0.0166666666666667,"[0.424264013767242,0.0166666638106108,-0.424264013767242]",-0.5999999222964791,"[-0.070710688829422,0.0,0.070710688829422]",0.1000000151473123,"[-0.070710688829422,0.0,0.070710688829422]","[-4.24264097213745,0.0,4.24264097213745]","[-0.070710688829422,0.0,0.070710688829422]",True,False,[],[],1,True,[0.0],"[{""rid"":167503724544,""shape"":0,""localShape"":0,""point"":[0.424264013767242,0.0,-0.424264013767242]}]",[167503724544],True,True,False,False,True
2,0.42,0.15,-45.0,False,4,320,5563635,0.0166666666666667,"[0.35355332493782,0.0166666638106108,-0.35355332493782]",-0.49999990714916687,"[-0.070710688829422,0.0,0.070710688829422]",0.1000000151473123,"[-0.070710688829422,0.0,0.070710688829422]","[-4.24264097213745,0.0,4.24264097213745]","[-0.070710688829422,0.0,0.070710688829422]",True,False,[],[],1,True,[0.0],"[{""rid"":167503724544,""shape"":0,""localShape"":0,""point"":[0.35355332493782,0.0,-0.35355332493782]}]",[167503724544],True,True,False,False,True
2,0.42,0.15,-45.0,False,5,321,5584302,0.0166666666666667,"[0.282842636108398,0.0166666638106108,-0.282842636108398]",-0.3999998920018545,"[-0.070710688829422,0.0,0.070710688829422]",0.1000000151473123,"[-0.070710688829422,0.0,0.070710688829422]","[-4.24264097213745,0.0,4.24264097213745]","[-0.070710688829422,0.0,0.070710688829422]",True,False,[],[],1,True,[0.0],"[{""rid"":167503724544,""shape"":0,""localShape"":0,""point"":[0.282842636108398,0.0,-0.282842636108398]}]",[167503724544],True,True,False,False,True
2,0.42,0.15,-45.0,False,6,322,5598102,0.0166666666666667,"[0.220974624156952,0.0293711498379707,-0.220974773168564]",-0.3125054157901802,"[-0.0618680119514465,0.01270448602736,0.0618678629398346]",0.0884120316064837,"[-0.0618680119514465,0.01270448602736,0.0618678629398346]","[-3.71208047866821,0.762269139289856,3.71207165718079]","[0.00525190681219101,0.01270448602736,-0.00525204092264175]",True,False,"[46.55273250251933,46.22969550799202]","[[0.0,0.150000005960464,0.0],[-3.57627868652344e-07,0.150000005960464,-3.57627868652344e-07]]",2,True,"[48.18898713495411,0.0]","[{""rid"":176093659138,""shape"":0,""localShape"":0,""point"":[-4.76837158203125e-07,0.150000005960464,-4.76837158203125e-07]},{""rid"":167503724544,""shape"":0,""localShape"":0,""point"":[0.223746925592422,0.0,-0.223747506737709]}]",[167503724544],True,True,False,False,True
2,0.42,0.15,-45.0,False,7,323,5611871,0.0166666666666667,"[0.184428080916405,0.0823296755552292,-0.184428542852402]",-0.2608210199524985,"[-0.0365465432405472,0.0529585257172585,0.0365462303161621]",0.07399920418018482,"[-0.0365465432405472,0.0529585257172585,0.0365462303161621]","[-2.1927924156189,3.17751145362854,2.19277381896973]","[-0.0134143438190222,0.0390179306268692,0.0134141054004431]",True,False,"[43.68009039354555,41.73452817196616,36.511637203772224]","[[-3.57627868652344e-07,0.150000005960464,-3.57627868652344e-07],[-1.19209289550781e-07,0.150000005960464,-1.19209289550781e-07],[-3.57627868652344e-07,0.150000005960464,-3.57627868652344e-07]]",1,True,[38.131989240368604],"[{""rid"":176093659138,""shape"":0,""localShape"":0,""point"":[-4.76837158203125e-07,0.150000005960464,-4.76837158203125e-07]}]",[176093659138],True,True,False,False,False
2,0.42,0.15,-45.0,False,8,324,5632561,0.0166666666666667,"[0.131688445806503,0.12577623128891,-0.13168965280056]",-0.18623643954107344,"[-0.0527396351099014,0.0434465557336807,0.0527388900518417]",0.0863160636298112,"[-0.0527396351099014,0.0434465557336807,0.0527388900518417]","[-3.16437792778015,2.60679316520691,3.16433334350586]","[-0.0122344493865967,0.0292968433350325,0.012234091758728]",True,False,"[32.82395155532563,29.015935221278564,25.199806712763024]","[[-3.57627868652344e-07,0.150000005960464,-3.57627868652344e-07],[-4.76837158203125e-07,0.150000005960464,-4.76837158203125e-07],[-7.15255737304688e-07,0.150000005960464,-7.15255737304688e-07]]",1,True,[26.365436544663787],"[{""rid"":176093659138,""shape"":0,""localShape"":0,""point"":[-8.34465026855469e-07,0.150000005960464,-8.34465026855469e-07]}]",[176093659138],True,True,False,False,False
2,0.42,0.15,-45.0,False,9,325,5646374,0.0166666666666667,"[0.0650628581643105,0.142535507678986,-0.0650644227862358]",-0.09201388277749833,"[-0.0666255876421928,0.0167592763900757,0.0666252300143242]",0.09570142918602663,"[-0.0666255876421928,0.0167592763900757,0.0666252300143242]","[-3.99753499031067,1.00555658340454,3.99751353263855]","[-0.0314121097326279,0.0167592763900757,0.0314117521047592]",True,False,"[18.914443156446854,12.57372403273503]","[[-8.34465026855469e-07,0.150000005960464,-8.34465026855469e-07],[-8.34465026855469e-07,0.150000005960464,-8.34465026855469e-07]]",1,True,[13.109717810211617],"[{""rid"":176093659138,""shape"":0,""localShape"":0,""point"":[-9.5367431640625e-07,0.150000005960464,-9.5367431640625e-07]}]",[176093659138],True,True,False,False,False
2,0.42,0.15,-45.0,False,10,326,5667072,0.0166666666666667,"[-0.00564782321453094,0.165570169687271,0.00564625859260559]",0.007986121833101857,"[-0.0707106813788414,0.0230346620082855,0.0707106813788414]",0.10261869506067599,"[-0.0707106813788414,0.0230346620082855,0.0707106813788414]","[-4.24264049530029,1.38207960128784,4.24264049530029]","[-0.00218761712312698,0.0230346620082855,0.00218761712312698]",True,False,"[0.0,0.0]","[[-0.00346027314662933,0.150000005960464,0.00345855206251144],[-0.00564782321453094,0.150000005960464,0.00564625859260559]]",1,True,[0.0],"[{""rid"":176093659138,""shape"":0,""localShape"":0,""point"":[-0.00564782321453094,0.150000005960464,0.00564625859260559]}]",[176093659138],True,True,False,False,False
2,0.42,0.15,-45.0,False,11,327,5680844,0.0166666666666667,"[-0.0763585120439529,0.165570169687271,0.0763569474220276]",0.10798613698041415,"[-0.070710688829422,0.0,0.070710688829422]",0.1000000151473123,"[-0.070710688829422,0.0,0.070710688829422]","[-4.24264097213745,0.0,4.24264097213745]","[-0.070710688829422,0.0,0.070710688829422]",True,False,[0.0],"[[-0.0763585045933723,0.150000005960464,0.076356939971447]]",1,True,[0.0],"[{""rid"":176093659138,""shape"":0,""localShape"":0,""point"":[-0.0763585120439529,0.150000005960464,0.0763569474220276]}]",[176093659138],True,True,False,False,False
2,0.42,0.15,-45.0,False,12,328,5694732,0.0166666666666667,"[-0.147069200873375,0.165570169687271,0.14706763625145]",0.2079861521277268,"[-0.070710688829422,0.0,0.070710688829422]",0.1000000151473123,"[-0.070710688829422,0.0,0.070710688829422]","[-4.24264097213745,0.0,4.24264097213745]","[-0.070710688829422,0.0,0.070710688829422]",True,False,[0.0],"[[-0.147069185972214,0.150000005960464,0.14706763625145]]",1,True,[0.0],"[{""rid"":176093659138,""shape"":0,""localShape"":0,""point"":[-0.147069200873375,0.150000005960464,0.14706763625145]}]",[176093659138],True,True,False,False,False
2,0.42,0.15,-45.0,False,13,329,5715398,0.0166666666666667,"[-0.217779889702797,0.165570169687271,0.217778325080872]",0.3079861672750391,"[-0.070710688829422,0.0,0.070710688829422]",0.1000000151473123,"[-0.070710688829422,0.0,0.070710688829422]","[-4.24264097213745,0.0,4.24264097213745]","[-0.070710688829422,0.0,0.070710688829422]",True,False,[0.0],"[[-0.217779874801636,0.150000005960464,0.217778325080872]]",1,True,[0.0],"[{""rid"":176093659138,""shape"":0,""localShape"":0,""point"":[-0.217779889702797,0.150000005960464,0.217778325080872]}]",[176093659138],True,True,False,False,False
2,0.42,0.15,-45.0,False,14,330,5729154,0.0166666666666667,"[-0.28849059343338,0.165570169687271,0.288489013910294]",0.40798619295906347,"[-0.0707107037305832,0.0,0.070710688829422]",0.100000025684025,"[-0.0707107037305832,0.0,0.070710688829422]","[-4.24264192581177,0.0,4.24264097213745]","[-0.070710688829422,0.0,0.070710688829422]",True,False,[0.0],"[[-0.288490563631058,0.150000005960464,0.288489013910294]]",1,True,[0.0],"[{""rid"":176093659138,""shape"":0,""localShape"":0,""point"":[-0.28849059343338,0.150000005960464,0.288489013910294]}]",[176093659138],True,True,False,False,False
2,0.42,0.15,-45.0,False,15,331,5749914,0.0166666666666667,"[-0.359201282262802,0.165570169687271,0.359199702739716]",0.5079862081063757,"[-0.070710688829422,0.0,0.070710688829422]",0.1000000151473123,"[-0.070710688829422,0.0,0.070710688829422]","[-4.24264097213745,0.0,4.24264097213745]","[-0.070710688829422,0.0,0.070710688829422]",True,False,[0.0],"[[-0.359201282262802,0.150000005960464,0.359199702739716]]",1,True,[0.0],"[{""rid"":176093659138,""shape"":0,""localShape"":0,""point"":[-0.359201282262802,0.150000005960464,0.359199702739716]}]",[176093659138],True,True,True,False,False
2,0.42,0.15,-45.0,False,16,332,5763685,0.0166666666666667,"[-0.429911971092224,0.165570169687271,0.429910391569138]",0.607986223253688,"[-0.070710688829422,0.0,0.070710688829422]",0.1000000151473123,"[-0.070710688829422,0.0,0.070710688829422]","[-4.24264097213745,0.0,4.24264097213745]","[-0.070710688829422,0.0,0.070710688829422]",True,False,[0.0],"[[-0.429911971092224,0.150000005960464,0.429910391569138]]",1,True,[0.0],"[{""rid"":176093659138,""shape"":0,""localShape"":0,""point"":[-0.429911971092224,0.150000005960464,0.429910391569138]}]",[176093659138],True,True,True,False,False
2,0.42,0.15,-45.0,False,17,333,5777490,0.0166666666666667,"[-0.500622630119324,0.165570169687271,0.50062108039856]",0.7079862173275763,"[-0.0707106590270996,0.0,0.070710688829422]",0.09999999407389026,"[-0.0707106590270996,0.0,0.070710688829422]","[-4.24263954162598,0.0,4.24264097213745]","[-0.070710688829422,0.0,0.070710688829422]",True,False,[0.0],"[[-0.500622630119324,0.150000005960464,0.50062108039856]]",1,True,[0.0],"[{""rid"":176093659138,""shape"":0,""localShape"":0,""point"":[-0.500622630119324,0.150000005960464,0.50062108039856]}]",[176093659138],True,True,True,False,False
2,0.42,0.15,-45.0,False,18,334,5798172,0.0166666666666667,"[-0.571333289146423,0.165570169687271,0.571331739425659]",0.8079861903280392,"[-0.0707106590270996,0.0,0.0707106590270996]",0.09999997300046377,"[-0.0707106590270996,0.0,0.0707106590270996]","[-4.24263954162598,0.0,4.24263954162598]","[-0.070710688829422,0.0,0.070710688829422]",True,False,[0.0],"[[-0.571333289146423,0.150000005960464,0.571331739425659]]",1,True,[0.0],"[{""rid"":176093659138,""shape"":0,""localShape"":0,""point"":[-0.571333289146423,0.150000005960464,0.571331739425659]}]",[176093659138],True,True,True,False,False
2,0.42,0.15,-45.0,False,19,335,5811978,0.0166666666666667,"[-0.642043948173523,0.165570169687271,0.642042398452759]",0.9079861633285036,"[-0.0707106590270996,0.0,0.0707106590270996]",0.09999997300046377,"[-0.0707106590270996,0.0,0.0707106590270996]","[-4.24263954162598,0.0,4.24263954162598]","[-0.070710688829422,0.0,0.070710688829422]",True,False,[0.0],"[[-0.642043948173523,0.150000005960464,0.642042398452759]]",1,True,[0.0],"[{""rid"":176093659138,""shape"":0,""localShape"":0,""point"":[-0.642043948173523,0.150000005960464,0.642042398452759]}]",[176093659138],True,True,True,False,False
2,0.42,0.15,-45.0,False,20,336,5832644,0.0166666666666667,"[-0.712754607200623,0.165570169687271,0.712753057479858]",1.0079861363289673,"[-0.0707106590270996,0.0,0.0707106590270996]",0.09999997300046377,"[-0.0707106590270996,0.0,0.0707106590270996]","[-4.24263954162598,0.0,4.24263954162598]","[-0.070710688829422,0.0,0.070710688829422]",True,False,[0.0],"[[-0.712754607200623,0.150000005960464,0.712753057479858]]",1,True,[0.0],"[{""rid"":176093659138,""shape"":0,""localShape"":0,""point"":[-0.712754607200623,0.150000005960464,0.712753057479858]}]",[176093659138],True,True,True,False,False
3,0.42,0.15,45.0,True,0,337,5846490,0.0166666666666667,"[-0.70710676908493,0.0444444455206394,-0.70710676908493]",-0.9999999828857283,"[0.0,-0.00555555522441864,0.0]",0.00555555522441864,"[0.0,-0.00555555522441864,0.0]","[0.0,-0.333333283662796,0.0]","[0.0,-0.00555555615574121,0.0]",False,False,[],[],0,False,[],[],[],True,True,False,False,False
3,0.42,0.15,45.0,True,1,338,5860283,0.0166666666666667,"[-0.70710676908493,0.0333333313465118,-0.70710676908493]",-0.9999999828857283,"[0.0,-0.0111111141741276,0.0]",0.0111111141741276,"[0.0,-0.0111111141741276,0.0]","[0.0,-0.666666805744171,0.0]","[0.0,-0.0111111123114824,0.0]",False,False,[],[],0,False,[],[],[],True,True,False,False,False
3,0.42,0.15,45.0,True,2,339,5881010,0.0166666666666667,"[-0.70710676908493,0.0166666638106108,-0.70710676908493]",-0.9999999828857283,"[0.0,-0.0166666675359011,0.0]",0.0166666675359011,"[0.0,-0.0166666675359011,0.0]","[0.0,-1.0,0.0]","[0.0,-0.0166666675359011,0.0]",False,False,[],[],1,True,[0.0],"[{""rid"":197568495616,""shape"":0,""localShape"":0,""point"":[-0.70710676908493,0.0,-0.70710676908493]}]",[197568495616],True,True,False,False,True
3,0.42,0.15,45.0,True,3,340,5894810,0.0166666666666667,"[-0.70710676908493,0.0166666638106108,-0.70710676908493]",-0.9999999828857283,"[0.0,0.0,0.0]",0.0,"[0.0,0.0,0.0]","[0.0,0.0,0.0]","[0.0,0.0,0.0]",True,False,[],[],1,True,[0.0],"[{""rid"":197568495616,""shape"":0,""localShape"":0,""point"":[-0.70710676908493,0.0,-0.70710676908493]}]",[197568495616],True,True,False,False,True
3,0.42,0.15,45.0,True,4,341,5915498,0.0166666666666667,"[-0.70710676908493,0.0166666638106108,-0.70710676908493]",-0.9999999828857283,"[0.0,0.0,0.0]",0.0,"[0.0,0.0,0.0]","[0.0,0.0,0.0]","[0.0,0.0,0.0]",True,False,[],[],1,True,[0.0],"[{""rid"":197568495616,""shape"":0,""localShape"":0,""point"":[-0.70710676908493,0.0,-0.70710676908493]}]",[197568495616],True,True,False,False,True
3,0.42,0.15,45.0,True,5,342,5929280,0.0166666666666667,"[-0.70710676908493,0.0166666638106108,-0.70710676908493]",-0.9999999828857283,"[0.0,0.0,0.0]",0.0,"[0.0,0.0,0.0]","[0.0,0.0,0.0]","[0.0,0.0,0.0]",True,False,[],[],1,True,[0.0],"[{""rid"":197568495616,""shape"":0,""localShape"":0,""point"":[-0.70710676908493,0.0,-0.70710676908493]}]",[197568495616],True,True,False,False,True
3,0.42,0.15,45.0,True,6,343,5943057,0.0166666666666667,"[-0.70710676908493,0.0166666638106108,-0.70710676908493]",-0.9999999828857283,"[0.0,0.0,0.0]",0.0,"[0.0,0.0,0.0]","[0.0,0.0,0.0]","[0.0,0.0,0.0]",True,False,[],[],1,True,[0.0],"[{""rid"":197568495616,""shape"":0,""localShape"":0,""point"":[-0.70710676908493,0.0,-0.70710676908493]}]",[197568495616],True,True,False,False,True
3,0.42,0.15,45.0,True,7,344,5963796,0.0166666666666667,"[-0.70710676908493,0.0166666638106108,-0.70710676908493]",-0.9999999828857283,"[0.0,0.0,0.0]",0.0,"[0.0,0.0,0.0]","[0.0,0.0,0.0]","[0.0,0.0,0.0]",True,False,[],[],1,True,[0.0],"[{""rid"":197568495616,""shape"":0,""localShape"":0,""point"":[-0.70710676908493,0.0,-0.70710676908493]}]",[197568495616],True,True,False,False,True
3,0.42,0.15,45.0,True,8,345,5977556,0.0166666666666667,"[-0.70710676908493,0.0166666638106108,-0.70710676908493]",-0.9999999828857283,"[0.0,0.0,0.0]",0.0,"[0.0,0.0,0.0]","[0.0,0.0,0.0]","[0.0,0.0,0.0]",True,False,[],[],1,True,[0.0],"[{""rid"":197568495616,""shape"":0,""localShape"":0,""point"":[-0.70710676908493,0.0,-0.70710676908493]}]",[197568495616],True,True,False,False,True
3,0.42,0.15,45.0,True,9,346,5998321,0.0166666666666667,"[-0.70710676908493,0.0166666638106108,-0.70710676908493]",-0.9999999828857283,"[0.0,0.0,0.0]",0.0,"[0.0,0.0,0.0]","[0.0,0.0,0.0]","[0.0,0.0,0.0]",True,False,[],[],1,True,[0.0],"[{""rid"":197568495616,""shape"":0,""localShape"":0,""point"":[-0.70710676908493,0.0,-0.70710676908493]}]",[197568495616],True,True,False,False,True
3,0.42,0.15,45.0,True,10,347,6012081,0.0166666666666667,"[-0.70710676908493,0.0166666638106108,-0.70710676908493]",-0.9999999828857283,"[0.0,0.0,0.0]",0.0,"[0.0,0.0,0.0]","[0.0,0.0,0.0]","[0.0,0.0,0.0]",True,False,[],[],1,True,[0.0],"[{""rid"":197568495616,""shape"":0,""localShape"":0,""point"":[-0.70710676908493,0.0,-0.70710676908493]}]",[197568495616],True,True,False,False,True
3,0.42,0.15,45.0,True,11,348,6025870,0.0166666666666667,"[-0.70710676908493,0.0166666638106108,-0.70710676908493]",-0.9999999828857283,"[0.0,0.0,0.0]",0.0,"[0.0,0.0,0.0]","[0.0,0.0,0.0]","[0.0,0.0,0.0]",True,False,[],[],1,True,[0.0],"[{""rid"":197568495616,""shape"":0,""localShape"":0,""point"":[-0.70710676908493,0.0,-0.70710676908493]}]",[197568495616],True,True,False,False,True
3,0.42,0.15,45.0,True,12,349,6046577,0.0166666666666667,"[-0.70710676908493,0.0166666638106108,-0.70710676908493]",-0.9999999828857283,"[0.0,0.0,0.0]",0.0,"[0.0,0.0,0.0]","[0.0,0.0,0.0]","[0.0,0.0,0.0]",True,False,[],[],1,True,[0.0],"[{""rid"":197568495616,""shape"":0,""localShape"":0,""point"":[-0.70710676908493,0.0,-0.70710676908493]}]",[197568495616],True,True,False,False,True
3,0.42,0.15,45.0,True,13,350,6060380,0.0166666666666667,"[-0.70710676908493,0.0166666638106108,-0.70710676908493]",-0.9999999828857283,"[0.0,0.0,0.0]",0.0,"[0.0,0.0,0.0]","[0.0,0.0,0.0]","[0.0,0.0,0.0]",True,False,[],[],1,True,[0.0],"[{""rid"":197568495616,""shape"":0,""localShape"":0,""point"":[-0.70710676908493,0.0,-0.70710676908493]}]",[197568495616],True,True,False,False,True
3,0.42,0.15,45.0,True,14,351,6081070,0.0166666666666667,"[-0.70710676908493,0.0166666638106108,-0.70710676908493]",-0.9999999828857283,"[0.0,0.0,0.0]",0.0,"[0.0,0.0,0.0]","[0.0,0.0,0.0]","[0.0,0.0,0.0]",True,False,[],[],1,True,[0.0],"[{""rid"":197568495616,""shape"":0,""localShape"":0,""point"":[-0.70710676908493,0.0,-0.70710676908493]}]",[197568495616],True,True,False,False,True
3,0.42,0.15,45.0,True,15,352,6094921,0.0166666666666667,"[-0.70710676908493,0.0166666638106108,-0.70710676908493]",-0.9999999828857283,"[0.0,0.0,0.0]",0.0,"[0.0,0.0,0.0]","[0.0,0.0,0.0]","[0.0,0.0,0.0]",True,False,[],[],1,True,[0.0],"[{""rid"":197568495616,""shape"":0,""localShape"":0,""point"":[-0.70710676908493,0.0,-0.70710676908493]}]",[197568495616],True,True,False,False,True
3,0.42,0.15,45.0,True,16,353,6108649,0.0166666666666667,"[-0.70710676908493,0.0166666638106108,-0.70710676908493]",-0.9999999828857283,"[0.0,0.0,0.0]",0.0,"[0.0,0.0,0.0]","[0.0,0.0,0.0]","[0.0,0.0,0.0]",True,False,[],[],1,True,[0.0],"[{""rid"":197568495616,""shape"":0,""localShape"":0,""point"":[-0.70710676908493,0.0,-0.70710676908493]}]",[197568495616],True,True,False,False,True
3,0.42,0.15,45.0,True,17,354,6129377,0.0166666666666667,"[-0.70710676908493,0.0166666638106108,-0.70710676908493]",-0.9999999828857283,"[0.0,0.0,0.0]",0.0,"[0.0,0.0,0.0]","[0.0,0.0,0.0]","[0.0,0.0,0.0]",True,False,[],[],1,True,[0.0],"[{""rid"":197568495616,""shape"":0,""localShape"":0,""point"":[-0.70710676908493,0.0,-0.70710676908493]}]",[197568495616],True,True,False,False,True
3,0.42,0.15,45.0,True,18,355,6143196,0.0166666666666667,"[-0.70710676908493,0.0166666638106108,-0.70710676908493]",-0.9999999828857283,"[0.0,0.0,0.0]",0.0,"[0.0,0.0,0.0]","[0.0,0.0,0.0]","[0.0,0.0,0.0]",True,False,[],[],1,True,[0.0],"[{""rid"":197568495616,""shape"":0,""localShape"":0,""point"":[-0.70710676908493,0.0,-0.70710676908493]}]",[197568495616],True,True,False,False,True
3,0.42,0.15,45.0,True,19,356,6163881,0.0166666666666667,"[-0.70710676908493,0.0166666638106108,-0.70710676908493]",-0.9999999828857283,"[0.0,0.0,0.0]",0.0,"[0.0,0.0,0.0]","[0.0,0.0,0.0]","[0.0,0.0,0.0]",True,False,[],[],1,True,[0.0],"[{""rid"":197568495616,""shape"":0,""localShape"":0,""point"":[-0.70710676908493,0.0,-0.70710676908493]}]",[197568495616],True,True,False,False,True
3,0.42,0.15,45.0,False,0,357,6177670,0.0166666666666667,"[-0.636396050453186,0.0166666638106108,-0.636396050453186]",-0.899999925591568,"[0.0707107186317444,0.0,0.0707107186317444]",0.10000005729416082,"[0.0707107186317444,0.0,0.0707107186317444]","[4.24264287948608,0.0,4.24264287948608]","[0.070710688829422,0.0,0.070710688829422]",True,False,[],[],1,True,[0.0],"[{""rid"":197568495616,""shape"":0,""localShape"":0,""point"":[-0.636396050453186,0.0,-0.636396050453186]}]",[197568495616],True,True,False,False,True
3,0.42,0.15,45.0,False,1,358,6191467,0.0166666666666667,"[-0.565685391426086,0.0166666638106108,-0.565685391426086]",-0.7999999525911037,"[0.0707106590270996,0.0,0.0707106590270996]",0.09999997300046377,"[0.0707106590270996,0.0,0.0707106590270996]","[4.24263954162598,0.0,4.24263954162598]","[0.070710688829422,0.0,0.070710688829422]",True,False,[],[],1,True,[0.0],"[{""rid"":197568495616,""shape"":0,""localShape"":0,""point"":[-0.565685391426086,0.0,-0.565685391426086]}]",[197568495616],True,True,False,False,True
3,0.42,0.15,45.0,False,2,359,6212194,0.0166666666666667,"[-0.494974702596664,0.0166666638106108,-0.494974702596664]",-0.6999999374437915,"[0.070710688829422,0.0,0.070710688829422]",0.1000000151473123,"[0.070710688829422,0.0,0.070710688829422]","[4.24264097213745,0.0,4.24264097213745]","[0.070710688829422,0.0,0.070710688829422]",True,False,[],[],1,True,[0.0],"[{""rid"":197568495616,""shape"":0,""localShape"":0,""point"":[-0.494974702596664,0.0,-0.494974702596664]}]",[197568495616],True,True,False,False,True
3,0.42,0.15,45.0,False,3,360,6226054,0.0166666666666667,"[-0.424264013767242,0.0166666638106108,-0.424264013767242]",-0.5999999222964791,"[0.070710688829422,0.0,0.070710688829422]",0.1000000151473123,"[0.070710688829422,0.0,0.070710688829422]","[4.24264097213745,0.0,4.24264097213745]","[0.070710688829422,0.0,0.070710688829422]",True,False,[],[],1,True,[0.0],"[{""rid"":197568495616,""shape"":0,""localShape"":0,""point"":[-0.424264013767242,0.0,-0.424264013767242]}]",[197568495616],True,True,False,False,True
3,0.42,0.15,45.0,False,4,361,6246645,0.0166666666666667,"[-0.35355332493782,0.0166666638106108,-0.35355332493782]",-0.49999990714916687,"[0.070710688829422,0.0,0.070710688829422]",0.1000000151473123,"[0.070710688829422,0.0,0.070710688829422]","[4.24264097213745,0.0,4.24264097213745]","[0.070710688829422,0.0,0.070710688829422]",True,False,[],[],1,True,[0.0],"[{""rid"":197568495616,""shape"":0,""localShape"":0,""point"":[-0.35355332493782,0.0,-0.35355332493782]}]",[197568495616],True,True,False,False,True
3,0.42,0.15,45.0,False,5,362,6260438,0.0166666666666667,"[-0.282842636108398,0.0166666638106108,-0.282842636108398]",-0.3999998920018545,"[0.070710688829422,0.0,0.070710688829422]",0.1000000151473123,"[0.070710688829422,0.0,0.070710688829422]","[4.24264097213745,0.0,4.24264097213745]","[0.070710688829422,0.0,0.070710688829422]",True,False,[],[],1,True,[0.0],"[{""rid"":197568495616,""shape"":0,""localShape"":0,""point"":[-0.282842636108398,0.0,-0.282842636108398]}]",[197568495616],True,True,False,False,True
3,0.42,0.15,45.0,False,6,363,6274289,0.0166666666666667,"[-0.221157625317574,0.0296376291662455,-0.221157431602478]",-0.3127639761690825,"[0.0616850107908249,0.0129709653556347,0.0616852045059204]",0.08819495990961435,"[0.0616850107908249,0.0129709653556347,0.0616852045059204]","[3.70110034942627,0.77825790643692,3.70111203193665]","[-0.00584922730922699,0.0129709653556347,-0.00584903359413147]",True,False,"[46.49767606938793,46.227912546870066]","[[-1.19209289550781e-07,0.150000005960464,1.19209289550781e-07],[-1.19209289550781e-07,0.150000005960464,1.19209289550781e-07]]",2,True,"[48.18692067369298,0.0]","[{""rid"":206158430210,""shape"":0,""localShape"":0,""point"":[-1.19209289550781e-07,0.150000005960464,1.19209289550781e-07]},{""rid"":197568495616,""shape"":0,""localShape"":0,""point"":[-0.223765194416046,0.0,-0.223764970898628]}]",[197568495616],True,True,False,False,True
3,0.42,0.15,45.0,False,7,364,6295027,0.0166666666666667,"[-0.184462115168571,0.0823187828063965,-0.184461876749992]",-0.2608686564280269,"[0.0366955101490021,0.0526811555027962,0.0366955548524857]",0.07394882254733402,"[0.0366955101490021,0.0526811555027962,0.0366955548524857]","[2.20173048973083,3.16086912155151,2.20173311233521]","[0.0135195162147284,0.0392235331237316,0.0135195162147284]",True,False,"[43.75564560658682,41.7739900857797,36.517491384961126]","[[-1.19209289550781e-07,0.150000005960464,1.19209289550781e-07],[-1.19209289550781e-07,0.150000005960464,1.19209289550781e-07],[-1.19209289550781e-07,0.150000005960464,1.19209289550781e-07]]",1,True,[38.13806711322628],"[{""rid"":206158430210,""shape"":0,""localShape"":0,""point"":[-1.19209289550781e-07,0.150000005960464,1.19209289550781e-07]}]",[206158430210],True,True,False,False,False
3,0.42,0.15,45.0,False,8,365,6308816,0.0166666666666667,"[-0.131867974996567,0.125866815447807,-0.131867155432701]",-0.18648889916365397,"[0.0525941401720047,0.0435480326414108,0.0525947213172913]",0.08619036743055104,"[0.0525941401720047,0.0435480326414108,0.0525947213172913]","[3.15564823150635,2.61288189888,3.1556830406189]","[0.0132764838635921,0.0295696221292019,0.0132767967879772]",True,False,"[32.874866373200625,29.233913498786922,25.2246599461597]","[[-1.19209289550781e-07,0.150000005960464,1.19209289550781e-07],[-4.76837158203125e-07,0.150000005960464,4.76837158203125e-07],[-4.76837158203125e-07,0.150000005960464,4.76837158203125e-07]]",1,True,[26.391293978128722],"[{""rid"":206158430210,""shape"":0,""localShape"":0,""point"":[-4.76837158203125e-07,0.150000005960464,4.76837158203125e-07]}]",[206158430210],True,True,False,False,False
3,0.42,0.15,45.0,False,9,366,6329489,0.0166666666666667,"[-0.0652021989226341,0.142394572496414,-0.0652012676000595]",-0.09220917546842958,"[0.0666657760739326,0.0165277570486069,0.0666658878326416]",0.09571746472359081,"[0.0666657760739326,0.0165277570486069,0.0666658878326416]","[3.9999463558197,0.991665363311768,3.99995303153992]","[0.0316791906952858,0.0165277570486069,0.0316793024539948]",True,False,"[18.99106473036237,12.603714664953957]","[[-4.76837158203125e-07,0.150000005960464,4.76837158203125e-07],[-4.76837158203125e-07,0.150000005960464,4.76837158203125e-07]]",1,True,[13.155651847082279],"[{""rid"":206158430210,""shape"":0,""localShape"":0,""point"":[-4.76837158203125e-07,0.150000005960464,4.76837158203125e-07]}]",[206158430210],True,True,False,False,False
3,0.42,0.15,45.0,False,10,367,6343287,0.0166666666666667,"[0.00550848245620728,0.165551975369453,0.00550941377878189]",0.007790829142170573,"[0.0707106813788414,0.0231574028730392,0.0707106813788414]",0.10264631620250335,"[0.0707106813788414,0.0231574028730392,0.0707106813788414]","[4.24264049530029,1.38944411277771,4.24264049530029]","[0.0022054985165596,0.0231574028730392,0.0022054985165596]",True,False,"[0.0,0.0]","[[0.00330296158790588,0.150000005960464,0.00330391526222229],[0.00550848245620728,0.150000005960464,0.00550941377878189]]",1,True,[0.0],"[{""rid"":206158430210,""shape"":0,""localShape"":0,""point"":[0.00550848245620728,0.150000005960464,0.00550941377878189]}]",[206158430210],True,True,False,False,False
3,0.42,0.15,45.0,False,11,368,6357066,0.0166666666666667,"[0.0762191712856293,0.165551975369453,0.0762201026082039]",0.1077908442894829,"[0.070710688829422,0.0,0.070710688829422]",0.1000000151473123,"[0.070710688829422,0.0,0.070710688829422]","[4.24264097213745,0.0,4.24264097213745]","[0.070710688829422,0.0,0.070710688829422]",True,False,[0.0],"[[0.0762191638350487,0.150000005960464,0.0762200951576233]]",1,True,[0.0],"[{""rid"":206158430210,""shape"":0,""localShape"":0,""point"":[0.0762191712856293,0.150000005960464,0.0762201026082039]}]",[206158430210],True,True,False,False,False
3,0.42,0.15,45.0,False,12,369,6377773,0.0166666666666667,"[0.146929860115051,0.165551975369453,0.146930783987045]",0.20779085416843873,"[0.070710688829422,0.0,0.0707106813788414]",0.10000000987895638,"[0.070710688829422,0.0,0.0707106813788414]","[4.24264097213745,0.0,4.24264049530029]","[0.070710688829422,0.0,0.070710688829422]",True,False,[0.0],"[[0.146929860115051,0.150000005960464,0.146930783987045]]",1,True,[0.0],"[{""rid"":206158430210,""shape"":0,""localShape"":0,""point"":[0.146929860115051,0.150000005960464,0.146930783987045]}]",[206158430210],True,True,False,False,False
3,0.42,0.15,45.0,False,13,370,6391603,0.0166666666666667,"[0.217640548944473,0.165551975369453,0.217641472816467]",0.307790869315751,"[0.070710688829422,0.0,0.070710688829422]",0.1000000151473123,"[0.070710688829422,0.0,0.070710688829422]","[4.24264097213745,0.0,4.24264097213745]","[0.070710688829422,0.0,0.070710688829422]",True,False,[0.0],"[[0.217640548944473,0.150000005960464,0.217641472816467]]",1,True,[0.0],"[{""rid"":206158430210,""shape"":0,""localShape"":0,""point"":[0.217640548944473,0.150000005960464,0.217641472816467]}]",[206158430210],True,True,False,False,False
3,0.42,0.15,45.0,False,14,371,6412293,0.0166666666666667,"[0.288351237773895,0.165551975369453,0.288352161645889]",0.40779088446306333,"[0.070710688829422,0.0,0.070710688829422]",0.1000000151473123,"[0.070710688829422,0.0,0.070710688829422]","[4.24264097213745,0.0,4.24264097213745]","[0.070710688829422,0.0,0.070710688829422]",True,False,[0.0],"[[0.288351237773895,0.150000005960464,0.288352161645889]]",1,True,[0.0],"[{""rid"":206158430210,""shape"":0,""localShape"":0,""point"":[0.288351237773895,0.150000005960464,0.288352161645889]}]",[206158430210],True,True,False,False,False
3,0.42,0.15,45.0,False,15,372,6426123,0.0166666666666667,"[0.359061926603317,0.165551975369453,0.359062850475311]",0.5077908996103756,"[0.070710688829422,0.0,0.070710688829422]",0.1000000151473123,"[0.070710688829422,0.0,0.070710688829422]","[4.24264097213745,0.0,4.24264097213745]","[0.070710688829422,0.0,0.070710688829422]",True,False,[0.0],"[[0.359061926603317,0.150000005960464,0.359062850475311]]",1,True,[0.0],"[{""rid"":206158430210,""shape"":0,""localShape"":0,""point"":[0.359061926603317,0.150000005960464,0.359062850475311]}]",[206158430210],True,True,True,False,False
3,0.42,0.15,45.0,False,16,373,6446824,0.0166666666666667,"[0.429772615432739,0.165551975369453,0.429773539304733]",0.6077909147576879,"[0.070710688829422,0.0,0.070710688829422]",0.1000000151473123,"[0.070710688829422,0.0,0.070710688829422]","[4.24264097213745,0.0,4.24264097213745]","[0.070710688829422,0.0,0.070710688829422]",True,False,[0.0],"[[0.429772615432739,0.150000005960464,0.429773539304733]]",1,True,[0.0],"[{""rid"":206158430210,""shape"":0,""localShape"":0,""point"":[0.429772615432739,0.150000005960464,0.429773539304733]}]",[206158430210],True,True,True,False,False
3,0.42,0.15,45.0,False,17,374,6460542,0.0166666666666667,"[0.500483274459839,0.165551975369453,0.500484228134155]",0.7077909088315764,"[0.0707106590270996,0.0,0.070710688829422]",0.09999999407389026,"[0.0707106590270996,0.0,0.070710688829422]","[4.24263954162598,0.0,4.24264097213745]","[0.070710688829422,0.0,0.070710688829422]",True,False,[0.0],"[[0.500483274459839,0.150000005960464,0.500484228134155]]",1,True,[0.0],"[{""rid"":206158430210,""shape"":0,""localShape"":0,""point"":[0.500483274459839,0.150000005960464,0.500484228134155]}]",[206158430210],True,True,True,False,False
3,0.42,0.15,45.0,False,18,375,6474374,0.0166666666666667,"[0.571193933486938,0.165551975369453,0.571194887161255]",0.8077908818320398,"[0.0707106590270996,0.0,0.0707106590270996]",0.09999997300046377,"[0.0707106590270996,0.0,0.0707106590270996]","[4.24263954162598,0.0,4.24263954162598]","[0.070710688829422,0.0,0.070710688829422]",True,False,[0.0],"[[0.571193933486938,0.150000005960464,0.571194887161255]]",1,True,[0.0],"[{""rid"":206158430210,""shape"":0,""localShape"":0,""point"":[0.571193933486938,0.150000005960464,0.571194887161255]}]",[206158430210],True,True,True,False,False
3,0.42,0.15,45.0,False,19,376,6495105,0.0166666666666667,"[0.641904592514038,0.165551975369453,0.641905546188354]",0.9077908548325035,"[0.0707106590270996,0.0,0.0707106590270996]",0.09999997300046377,"[0.0707106590270996,0.0,0.0707106590270996]","[4.24263954162598,0.0,4.24263954162598]","[0.070710688829422,0.0,0.070710688829422]",True,False,[0.0],"[[0.641904592514038,0.150000005960464,0.641905546188354]]",1,True,[0.0],"[{""rid"":206158430210,""shape"":0,""localShape"":0,""point"":[0.641904592514038,0.150000005960464,0.641905546188354]}]",[206158430210],True,True,True,False,False
3,0.42,0.15,45.0,False,20,377,6508900,0.0166666666666667,"[0.712615251541138,0.165551975369453,0.712616205215454]",1.007790827832968,"[0.0707106590270996,0.0,0.0707106590270996]",0.09999997300046377,"[0.0707106590270996,0.0,0.0707106590270996]","[4.24263954162598,0.0,4.24263954162598]","[0.070710688829422,0.0,0.070710688829422]",True,False,[0.0],"[[0.712615251541138,0.150000005960464,0.712616205215454]]",1,True,[0.0],"[{""rid"":206158430210,""shape"":0,""localShape"":0,""point"":[0.712615251541138,0.150000005960464,0.712616205215454]}]",[206158430210],True,True,True,False,False
4,0.42,0.18,-45.0,True,0,378,6529575,0.0166666666666667,"[0.70710676908493,0.0444444455206394,-0.70710676908493]",-0.9999999828857283,"[0.0,-0.00555555522441864,0.0]",0.00555555522441864,"[0.0,-0.00555555522441864,0.0]","[0.0,-0.333333283662796,0.0]","[0.0,-0.00555555615574121,0.0]",False,False,[],[],0,False,[],[],[],True,True,False,False,False
4,0.42,0.18,-45.0,True,1,379,6543342,0.0166666666666667,"[0.70710676908493,0.0333333313465118,-0.70710676908493]",-0.9999999828857283,"[0.0,-0.0111111141741276,0.0]",0.0111111141741276,"[0.0,-0.0111111141741276,0.0]","[0.0,-0.666666805744171,0.0]","[0.0,-0.0111111123114824,0.0]",False,False,[],[],0,False,[],[],[],True,True,False,False,False
4,0.42,0.18,-45.0,True,2,380,6557149,0.0166666666666667,"[0.70710676908493,0.0166666638106108,-0.70710676908493]",-0.9999999828857283,"[0.0,-0.0166666675359011,0.0]",0.0166666675359011,"[0.0,-0.0166666675359011,0.0]","[0.0,-1.0,0.0]","[0.0,-0.0166666675359011,0.0]",False,False,[],[],1,True,[0.0],"[{""rid"":227633266688,""shape"":0,""localShape"":0,""point"":[0.70710676908493,0.0,-0.70710676908493]}]",[227633266688],True,True,False,False,True
4,0.42,0.18,-45.0,True,3,381,6577903,0.0166666666666667,"[0.70710676908493,0.0166666638106108,-0.70710676908493]",-0.9999999828857283,"[0.0,0.0,0.0]",0.0,"[0.0,0.0,0.0]","[0.0,0.0,0.0]","[0.0,0.0,0.0]",True,False,[],[],1,True,[0.0],"[{""rid"":227633266688,""shape"":0,""localShape"":0,""point"":[0.70710676908493,0.0,-0.70710676908493]}]",[227633266688],True,True,False,False,True
4,0.42,0.18,-45.0,True,4,382,6591726,0.0166666666666667,"[0.70710676908493,0.0166666638106108,-0.70710676908493]",-0.9999999828857283,"[0.0,0.0,0.0]",0.0,"[0.0,0.0,0.0]","[0.0,0.0,0.0]","[0.0,0.0,0.0]",True,False,[],[],1,True,[0.0],"[{""rid"":227633266688,""shape"":0,""localShape"":0,""point"":[0.70710676908493,0.0,-0.70710676908493]}]",[227633266688],True,True,False,False,True
4,0.42,0.18,-45.0,True,5,383,6612400,0.0166666666666667,"[0.70710676908493,0.0166666638106108,-0.70710676908493]",-0.9999999828857283,"[0.0,0.0,0.0]",0.0,"[0.0,0.0,0.0]","[0.0,0.0,0.0]","[0.0,0.0,0.0]",True,False,[],[],1,True,[0.0],"[{""rid"":227633266688,""shape"":0,""localShape"":0,""point"":[0.70710676908493,0.0,-0.70710676908493]}]",[227633266688],True,True,False,False,True
4,0.42,0.18,-45.0,True,6,384,6626144,0.0166666666666667,"[0.70710676908493,0.0166666638106108,-0.70710676908493]",-0.9999999828857283,"[0.0,0.0,0.0]",0.0,"[0.0,0.0,0.0]","[0.0,0.0,0.0]","[0.0,0.0,0.0]",True,False,[],[],1,True,[0.0],"[{""rid"":227633266688,""shape"":0,""localShape"":0,""point"":[0.70710676908493,0.0,-0.70710676908493]}]",[227633266688],True,True,False,False,True
4,0.42,0.18,-45.0,True,7,385,6646874,0.0166666666666667,"[0.70710676908493,0.0166666638106108,-0.70710676908493]",-0.9999999828857283,"[0.0,0.0,0.0]",0.0,"[0.0,0.0,0.0]","[0.0,0.0,0.0]","[0.0,0.0,0.0]",True,False,[],[],1,True,[0.0],"[{""rid"":227633266688,""shape"":0,""localShape"":0,""point"":[0.70710676908493,0.0,-0.70710676908493]}]",[227633266688],True,True,False,False,True
4,0.42,0.18,-45.0,True,8,386,6660647,0.0166666666666667,"[0.70710676908493,0.0166666638106108,-0.70710676908493]",-0.9999999828857283,"[0.0,0.0,0.0]",0.0,"[0.0,0.0,0.0]","[0.0,0.0,0.0]","[0.0,0.0,0.0]",True,False,[],[],1,True,[0.0],"[{""rid"":227633266688,""shape"":0,""localShape"":0,""point"":[0.70710676908493,0.0,-0.70710676908493]}]",[227633266688],True,True,False,False,True
4,0.42,0.18,-45.0,True,9,387,6674438,0.0166666666666667,"[0.70710676908493,0.0166666638106108,-0.70710676908493]",-0.9999999828857283,"[0.0,0.0,0.0]",0.0,"[0.0,0.0,0.0]","[0.0,0.0,0.0]","[0.0,0.0,0.0]",True,False,[],[],1,True,[0.0],"[{""rid"":227633266688,""shape"":0,""localShape"":0,""point"":[0.70710676908493,0.0,-0.70710676908493]}]",[227633266688],True,True,False,False,True
4,0.42,0.18,-45.0,True,10,388,6695172,0.0166666666666667,"[0.70710676908493,0.0166666638106108,-0.70710676908493]",-0.9999999828857283,"[0.0,0.0,0.0]",0.0,"[0.0,0.0,0.0]","[0.0,0.0,0.0]","[0.0,0.0,0.0]",True,False,[],[],1,True,[0.0],"[{""rid"":227633266688,""shape"":0,""localShape"":0,""point"":[0.70710676908493,0.0,-0.70710676908493]}]",[227633266688],True,True,False,False,True
4,0.42,0.18,-45.0,True,11,389,6708990,0.0166666666666667,"[0.70710676908493,0.0166666638106108,-0.70710676908493]",-0.9999999828857283,"[0.0,0.0,0.0]",0.0,"[0.0,0.0,0.0]","[0.0,0.0,0.0]","[0.0,0.0,0.0]",True,False,[],[],1,True,[0.0],"[{""rid"":227633266688,""shape"":0,""localShape"":0,""point"":[0.70710676908493,0.0,-0.70710676908493]}]",[227633266688],True,True,False,False,True
4,0.42,0.18,-45.0,True,12,390,6729667,0.0166666666666667,"[0.70710676908493,0.0166666638106108,-0.70710676908493]",-0.9999999828857283,"[0.0,0.0,0.0]",0.0,"[0.0,0.0,0.0]","[0.0,0.0,0.0]","[0.0,0.0,0.0]",True,False,[],[],1,True,[0.0],"[{""rid"":227633266688,""shape"":0,""localShape"":0,""point"":[0.70710676908493,0.0,-0.70710676908493]}]",[227633266688],True,True,False,False,True
4,0.42,0.18,-45.0,True,13,391,6743469,0.0166666666666667,"[0.70710676908493,0.0166666638106108,-0.70710676908493]",-0.9999999828857283,"[0.0,0.0,0.0]",0.0,"[0.0,0.0,0.0]","[0.0,0.0,0.0]","[0.0,0.0,0.0]",True,False,[],[],1,True,[0.0],"[{""rid"":227633266688,""shape"":0,""localShape"":0,""point"":[0.70710676908493,0.0,-0.70710676908493]}]",[227633266688],True,True,False,False,True
4,0.42,0.18,-45.0,True,14,392,6757246,0.0166666666666667,"[0.70710676908493,0.0166666638106108,-0.70710676908493]",-0.9999999828857283,"[0.0,0.0,0.0]",0.0,"[0.0,0.0,0.0]","[0.0,0.0,0.0]","[0.0,0.0,0.0]",True,False,[],[],1,True,[0.0],"[{""rid"":227633266688,""shape"":0,""localShape"":0,""point"":[0.70710676908493,0.0,-0.70710676908493]}]",[227633266688],True,True,False,False,True
4,0.42,0.18,-45.0,True,15,393,6777956,0.0166666666666667,"[0.70710676908493,0.0166666638106108,-0.70710676908493]",-0.9999999828857283,"[0.0,0.0,0.0]",0.0,"[0.0,0.0,0.0]","[0.0,0.0,0.0]","[0.0,0.0,0.0]",True,False,[],[],1,True,[0.0],"[{""rid"":227633266688,""shape"":0,""localShape"":0,""point"":[0.70710676908493,0.0,-0.70710676908493]}]",[227633266688],True,True,False,False,True
4,0.42,0.18,-45.0,True,16,394,6792038,0.0166666666666667,"[0.70710676908493,0.0166666638106108,-0.70710676908493]",-0.9999999828857283,"[0.0,0.0,0.0]",0.0,"[0.0,0.0,0.0]","[0.0,0.0,0.0]","[0.0,0.0,0.0]",True,False,[],[],1,True,[0.0],"[{""rid"":227633266688,""shape"":0,""localShape"":0,""point"":[0.70710676908493,0.0,-0.70710676908493]}]",[227633266688],True,True,False,False,True
4,0.42,0.18,-45.0,True,17,395,6812490,0.0166666666666667,"[0.70710676908493,0.0166666638106108,-0.70710676908493]",-0.9999999828857283,"[0.0,0.0,0.0]",0.0,"[0.0,0.0,0.0]","[0.0,0.0,0.0]","[0.0,0.0,0.0]",True,False,[],[],1,True,[0.0],"[{""rid"":227633266688,""shape"":0,""localShape"":0,""point"":[0.70710676908493,0.0,-0.70710676908493]}]",[227633266688],True,True,False,False,True
4,0.42,0.18,-45.0,True,18,396,6826274,0.0166666666666667,"[0.70710676908493,0.0166666638106108,-0.70710676908493]",-0.9999999828857283,"[0.0,0.0,0.0]",0.0,"[0.0,0.0,0.0]","[0.0,0.0,0.0]","[0.0,0.0,0.0]",True,False,[],[],1,True,[0.0],"[{""rid"":227633266688,""shape"":0,""localShape"":0,""point"":[0.70710676908493,0.0,-0.70710676908493]}]",[227633266688],True,True,False,False,True
4,0.42,0.18,-45.0,True,19,397,6840025,0.0166666666666667,"[0.70710676908493,0.0166666638106108,-0.70710676908493]",-0.9999999828857283,"[0.0,0.0,0.0]",0.0,"[0.0,0.0,0.0]","[0.0,0.0,0.0]","[0.0,0.0,0.0]",True,False,[],[],1,True,[0.0],"[{""rid"":227633266688,""shape"":0,""localShape"":0,""point"":[0.70710676908493,0.0,-0.70710676908493]}]",[227633266688],True,True,False,False,True
4,0.42,0.18,-45.0,False,0,398,6860790,0.0166666666666667,"[0.636396050453186,0.0166666638106108,-0.636396050453186]",-0.899999925591568,"[-0.0707107186317444,0.0,0.0707107186317444]",0.10000005729416082,"[-0.0707107186317444,0.0,0.0707107186317444]","[-4.24264287948608,0.0,4.24264287948608]","[-0.070710688829422,0.0,0.070710688829422]",True,False,[],[],1,True,[0.0],"[{""rid"":227633266688,""shape"":0,""localShape"":0,""point"":[0.636396050453186,0.0,-0.636396050453186]}]",[227633266688],True,True,False,False,True
4,0.42,0.18,-45.0,False,1,399,6874546,0.0166666666666667,"[0.565685391426086,0.0166666638106108,-0.565685391426086]",-0.7999999525911037,"[-0.0707106590270996,0.0,0.0707106590270996]",0.09999997300046377,"[-0.0707106590270996,0.0,0.0707106590270996]","[-4.24263954162598,0.0,4.24263954162598]","[-0.070710688829422,0.0,0.070710688829422]",True,False,[],[],1,True,[0.0],"[{""rid"":227633266688,""shape"":0,""localShape"":0,""point"":[0.565685391426086,0.0,-0.565685391426086]}]",[227633266688],True,True,False,False,True
4,0.42,0.18,-45.0,False,2,400,6895654,0.0166666666666667,"[0.494974702596664,0.0166666638106108,-0.494974702596664]",-0.6999999374437915,"[-0.070710688829422,0.0,0.070710688829422]",0.1000000151473123,"[-0.070710688829422,0.0,0.070710688829422]","[-4.24264097213745,0.0,4.24264097213745]","[-0.070710688829422,0.0,0.070710688829422]",True,False,[],[],1,True,[0.0],"[{""rid"":227633266688,""shape"":0,""localShape"":0,""point"":[0.494974702596664,0.0,-0.494974702596664]}]",[227633266688],True,True,False,False,True
4,0.42,0.18,-45.0,False,3,401,6909095,0.0166666666666667,"[0.424264013767242,0.0166666638106108,-0.424264013767242]",-0.5999999222964791,"[-0.070710688829422,0.0,0.070710688829422]",0.1000000151473123,"[-0.070710688829422,0.0,0.070710688829422]","[-4.24264097213745,0.0,4.24264097213745]","[-0.070710688829422,0.0,0.070710688829422]",True,False,[],[],1,True,[0.0],"[{""rid"":227633266688,""shape"":0,""localShape"":0,""point"":[0.424264013767242,0.0,-0.424264013767242]}]",[227633266688],True,True,False,False,True
4,0.42,0.18,-45.0,False,4,402,6929770,0.0166666666666667,"[0.35355332493782,0.0166666638106108,-0.35355332493782]",-0.49999990714916687,"[-0.070710688829422,0.0,0.070710688829422]",0.1000000151473123,"[-0.070710688829422,0.0,0.070710688829422]","[-4.24264097213745,0.0,4.24264097213745]","[-0.070710688829422,0.0,0.070710688829422]",True,False,[],[],1,True,[0.0],"[{""rid"":227633266688,""shape"":0,""localShape"":0,""point"":[0.35355332493782,0.0,-0.35355332493782]}]",[227633266688],True,True,False,False,True
4,0.42,0.18,-45.0,False,5,403,6943559,0.0166666666666667,"[0.282842636108398,0.0166666638106108,-0.282842636108398]",-0.3999998920018545,"[-0.070710688829422,0.0,0.070710688829422]",0.1000000151473123,"[-0.070710688829422,0.0,0.070710688829422]","[-4.24264097213745,0.0,4.24264097213745]","[-0.070710688829422,0.0,0.070710688829422]",True,False,[],[],1,True,[0.0],"[{""rid"":227633266688,""shape"":0,""localShape"":0,""point"":[0.282842636108398,0.0,-0.282842636108398]}]",[227633266688],True,True,False,False,True
4,0.42,0.18,-45.0,False,6,404,6957347,0.0166666666666667,"[0.282842636108398,0.0166666638106108,-0.282842636108398]",-0.3999998920018545,"[0.0,0.0,0.0]",0.0,"[0.0,0.0,0.0]","[0.0,0.0,0.0]","[-0.0488898158073425,0.0,0.0488898158073425]",True,True,[51.94542799842619],"[[-1.19209289550781e-07,0.180000007152557,-1.19209289550781e-07]]",1,True,[0.0],"[{""rid"":227633266688,""shape"":0,""localShape"":0,""point"":[0.282842636108398,0.0,-0.282842636108398]}]",[227633266688],True,True,False,True,True
4,0.42,0.18,-45.0,False,7,405,6978072,0.0166666666666667,"[0.282842636108398,0.0166666638106108,-0.282842636108398]",-0.3999998920018545,"[0.0,0.0,0.0]",0.0,"[0.0,0.0,0.0]","[0.0,0.0,0.0]","[-0.0488898158073425,0.0,0.0488898158073425]",True,True,[51.94542799842619],"[[-1.19209289550781e-07,0.180000007152557,-1.19209289550781e-07]]",1,True,[0.0],"[{""rid"":227633266688,""shape"":0,""localShape"":0,""point"":[0.282842636108398,0.0,-0.282842636108398]}]",[227633266688],True,True,False,True,True
4,0.42,0.18,-45.0,False,8,406,6991891,0.0166666666666667,"[0.282842636108398,0.0166666638106108,-0.282842636108398]",-0.3999998920018545,"[0.0,0.0,0.0]",0.0,"[0.0,0.0,0.0]","[0.0,0.0,0.0]","[-0.0488898158073425,0.0,0.0488898158073425]",True,True,[51.94542799842619],"[[-1.19209289550781e-07,0.180000007152557,-1.19209289550781e-07]]",1,True,[0.0],"[{""rid"":227633266688,""shape"":0,""localShape"":0,""point"":[0.282842636108398,0.0,-0.282842636108398]}]",[227633266688],True,True,False,True,True
4,0.42,0.18,-45.0,False,9,407,7012584,0.0166666666666667,"[0.282842636108398,0.0166666638106108,-0.282842636108398]",-0.3999998920018545,"[0.0,0.0,0.0]",0.0,"[0.0,0.0,0.0]","[0.0,0.0,0.0]","[-0.0488898158073425,0.0,0.0488898158073425]",True,True,[51.94542799842619],"[[-1.19209289550781e-07,0.180000007152557,-1.19209289550781e-07]]",1,True,[0.0],"[{""rid"":227633266688,""shape"":0,""localShape"":0,""point"":[0.282842636108398,0.0,-0.282842636108398]}]",[227633266688],True,True,False,True,True
4,0.42,0.18,-45.0,False,10,408,7026357,0.0166666666666667,"[0.282842636108398,0.0166666638106108,-0.282842636108398]",-0.3999998920018545,"[0.0,0.0,0.0]",0.0,"[0.0,0.0,0.0]","[0.0,0.0,0.0]","[-0.0488898158073425,0.0,0.0488898158073425]",True,True,[51.94542799842619],"[[-1.19209289550781e-07,0.180000007152557,-1.19209289550781e-07]]",1,True,[0.0],"[{""rid"":227633266688,""shape"":0,""localShape"":0,""point"":[0.282842636108398,0.0,-0.282842636108398]}]",[227633266688],True,True,False,True,True
4,0.42,0.18,-45.0,False,11,409,7040149,0.0166666666666667,"[0.282842636108398,0.0166666638106108,-0.282842636108398]",-0.3999998920018545,"[0.0,0.0,0.0]",0.0,"[0.0,0.0,0.0]","[0.0,0.0,0.0]","[-0.0488898158073425,0.0,0.0488898158073425]",True,True,[51.94542799842619],"[[-1.19209289550781e-07,0.180000007152557,-1.19209289550781e-07]]",1,True,[0.0],"[{""rid"":227633266688,""shape"":0,""localShape"":0,""point"":[0.282842636108398,0.0,-0.282842636108398]}]",[227633266688],True,True,False,True,True
4,0.42,0.18,-45.0,False,12,410,7060875,0.0166666666666667,"[0.282842636108398,0.0166666638106108,-0.282842636108398]",-0.3999998920018545,"[0.0,0.0,0.0]",0.0,"[0.0,0.0,0.0]","[0.0,0.0,0.0]","[-0.0488898158073425,0.0,0.0488898158073425]",True,True,[51.94542799842619],"[[-1.19209289550781e-07,0.180000007152557,-1.19209289550781e-07]]",1,True,[0.0],"[{""rid"":227633266688,""shape"":0,""localShape"":0,""point"":[0.282842636108398,0.0,-0.282842636108398]}]",[227633266688],True,True,False,True,True
4,0.42,0.18,-45.0,False,13,411,7074651,0.0166666666666667,"[0.282842636108398,0.0166666638106108,-0.282842636108398]",-0.3999998920018545,"[0.0,0.0,0.0]",0.0,"[0.0,0.0,0.0]","[0.0,0.0,0.0]","[-0.0488898158073425,0.0,0.0488898158073425]",True,True,[51.94542799842619],"[[-1.19209289550781e-07,0.180000007152557,-1.19209289550781e-07]]",1,True,[0.0],"[{""rid"":227633266688,""shape"":0,""localShape"":0,""point"":[0.282842636108398,0.0,-0.282842636108398]}]",[227633266688],True,True,False,True,True
4,0.42,0.18,-45.0,False,14,412,7095429,0.0166666666666667,"[0.282842636108398,0.0166666638106108,-0.282842636108398]",-0.3999998920018545,"[0.0,0.0,0.0]",0.0,"[0.0,0.0,0.0]","[0.0,0.0,0.0]","[-0.0488898158073425,0.0,0.0488898158073425]",True,True,[51.94542799842619],"[[-1.19209289550781e-07,0.180000007152557,-1.19209289550781e-07]]",1,True,[0.0],"[{""rid"":227633266688,""shape"":0,""localShape"":0,""point"":[0.282842636108398,0.0,-0.282842636108398]}]",[227633266688],True,True,False,True,True
4,0.42,0.18,-45.0,False,15,413,7109210,0.0166666666666667,"[0.282842636108398,0.0166666638106108,-0.282842636108398]",-0.3999998920018545,"[0.0,0.0,0.0]",0.0,"[0.0,0.0,0.0]","[0.0,0.0,0.0]","[-0.0488898158073425,0.0,0.0488898158073425]",True,True,[51.94542799842619],"[[-1.19209289550781e-07,0.180000007152557,-1.19209289550781e-07]]",1,True,[0.0],"[{""rid"":227633266688,""shape"":0,""localShape"":0,""point"":[0.282842636108398,0.0,-0.282842636108398]}]",[227633266688],True,True,False,True,True
4,0.42,0.18,-45.0,False,16,414,7129891,0.0166666666666667,"[0.282842636108398,0.0166666638106108,-0.282842636108398]",-0.3999998920018545,"[0.0,0.0,0.0]",0.0,"[0.0,0.0,0.0]","[0.0,0.0,0.0]","[-0.0488898158073425,0.0,0.0488898158073425]",True,True,[51.94542799842619],"[[-1.19209289550781e-07,0.180000007152557,-1.19209289550781e-07]]",1,True,[0.0],"[{""rid"":227633266688,""shape"":0,""localShape"":0,""point"":[0.282842636108398,0.0,-0.282842636108398]}]",[227633266688],True,True,False,True,True
4,0.42,0.18,-45.0,False,17,415,7143691,0.0166666666666667,"[0.282842636108398,0.0166666638106108,-0.282842636108398]",-0.3999998920018545,"[0.0,0.0,0.0]",0.0,"[0.0,0.0,0.0]","[0.0,0.0,0.0]","[-0.0488898158073425,0.0,0.0488898158073425]",True,True,[51.94542799842619],"[[-1.19209289550781e-07,0.180000007152557,-1.19209289550781e-07]]",1,True,[0.0],"[{""rid"":227633266688,""shape"":0,""localShape"":0,""point"":[0.282842636108398,0.0,-0.282842636108398]}]",[227633266688],True,True,False,True,True
4,0.42,0.18,-45.0,False,18,416,7157479,0.0166666666666667,"[0.282842636108398,0.0166666638106108,-0.282842636108398]",-0.3999998920018545,"[0.0,0.0,0.0]",0.0,"[0.0,0.0,0.0]","[0.0,0.0,0.0]","[-0.0488898158073425,0.0,0.0488898158073425]",True,True,[51.94542799842619],"[[-1.19209289550781e-07,0.180000007152557,-1.19209289550781e-07]]",1,True,[0.0],"[{""rid"":227633266688,""shape"":0,""localShape"":0,""point"":[0.282842636108398,0.0,-0.282842636108398]}]",[227633266688],True,True,False,True,True
4,0.42,0.18,-45.0,False,19,417,7178202,0.0166666666666667,"[0.282842636108398,0.0166666638106108,-0.282842636108398]",-0.3999998920018545,"[0.0,0.0,0.0]",0.0,"[0.0,0.0,0.0]","[0.0,0.0,0.0]","[-0.0488898158073425,0.0,0.0488898158073425]",True,True,[51.94542799842619],"[[-1.19209289550781e-07,0.180000007152557,-1.19209289550781e-07]]",1,True,[0.0],"[{""rid"":227633266688,""shape"":0,""localShape"":0,""point"":[0.282842636108398,0.0,-0.282842636108398]}]",[227633266688],True,True,False,True,True
4,0.42,0.18,-45.0,False,20,418,7192018,0.0166666666666667,"[0.282842636108398,0.0166666638106108,-0.282842636108398]",-0.3999998920018545,"[0.0,0.0,0.0]",0.0,"[0.0,0.0,0.0]","[0.0,0.0,0.0]","[-0.0488898158073425,0.0,0.0488898158073425]",True,True,[51.94542799842619],"[[-1.19209289550781e-07,0.180000007152557,-1.19209289550781e-07]]",1,True,[0.0],"[{""rid"":227633266688,""shape"":0,""localShape"":0,""point"":[0.282842636108398,0.0,-0.282842636108398]}]",[227633266688],True,True,False,True,True
4,0.42,0.18,-45.0,False,21,419,7212687,0.0166666666666667,"[0.282842636108398,0.0166666638106108,-0.282842636108398]",-0.3999998920018545,"[0.0,0.0,0.0]",0.0,"[0.0,0.0,0.0]","[0.0,0.0,0.0]","[-0.0488898158073425,0.0,0.0488898158073425]",True,True,[51.94542799842619],"[[-1.19209289550781e-07,0.180000007152557,-1.19209289550781e-07]]",1,True,[0.0],"[{""rid"":227633266688,""shape"":0,""localShape"":0,""point"":[0.282842636108398,0.0,-0.282842636108398]}]",[227633266688],True,True,False,True,True
4,0.42,0.18,-45.0,False,22,420,7226506,0.0166666666666667,"[0.282842636108398,0.0166666638106108,-0.282842636108398]",-0.3999998920018545,"[0.0,0.0,0.0]",0.0,"[0.0,0.0,0.0]","[0.0,0.0,0.0]","[-0.0488898158073425,0.0,0.0488898158073425]",True,True,[51.94542799842619],"[[-1.19209289550781e-07,0.180000007152557,-1.19209289550781e-07]]",1,True,[0.0],"[{""rid"":227633266688,""shape"":0,""localShape"":0,""point"":[0.282842636108398,0.0,-0.282842636108398]}]",[227633266688],True,True,False,True,True
4,0.42,0.18,-45.0,False,23,421,7240294,0.0166666666666667,"[0.282842636108398,0.0166666638106108,-0.282842636108398]",-0.3999998920018545,"[0.0,0.0,0.0]",0.0,"[0.0,0.0,0.0]","[0.0,0.0,0.0]","[-0.0488898158073425,0.0,0.0488898158073425]",True,True,[51.94542799842619],"[[-1.19209289550781e-07,0.180000007152557,-1.19209289550781e-07]]",1,True,[0.0],"[{""rid"":227633266688,""shape"":0,""localShape"":0,""point"":[0.282842636108398,0.0,-0.282842636108398]}]",[227633266688],True,True,False,True,True
4,0.42,0.18,-45.0,False,24,422,7260963,0.0166666666666667,"[0.282842636108398,0.0166666638106108,-0.282842636108398]",-0.3999998920018545,"[0.0,0.0,0.0]",0.0,"[0.0,0.0,0.0]","[0.0,0.0,0.0]","[-0.0488898158073425,0.0,0.0488898158073425]",True,True,[51.94542799842619],"[[-1.19209289550781e-07,0.180000007152557,-1.19209289550781e-07]]",1,True,[0.0],"[{""rid"":227633266688,""shape"":0,""localShape"":0,""point"":[0.282842636108398,0.0,-0.282842636108398]}]",[227633266688],True,True,False,True,True
4,0.42,0.18,-45.0,False,25,423,7274792,0.0166666666666667,"[0.282842636108398,0.0166666638106108,-0.282842636108398]",-0.3999998920018545,"[0.0,0.0,0.0]",0.0,"[0.0,0.0,0.0]","[0.0,0.0,0.0]","[-0.0488898158073425,0.0,0.0488898158073425]",True,True,[51.94542799842619],"[[-1.19209289550781e-07,0.180000007152557,-1.19209289550781e-07]]",1,True,[0.0],"[{""rid"":227633266688,""shape"":0,""localShape"":0,""point"":[0.282842636108398,0.0,-0.282842636108398]}]",[227633266688],True,True,False,True,True
4,0.42,0.18,-45.0,False,26,424,7295659,0.0166666666666667,"[0.282842636108398,0.0166666638106108,-0.282842636108398]",-0.3999998920018545,"[0.0,0.0,0.0]",0.0,"[0.0,0.0,0.0]","[0.0,0.0,0.0]","[-0.0488898158073425,0.0,0.0488898158073425]",True,True,[51.94542799842619],"[[-1.19209289550781e-07,0.180000007152557,-1.19209289550781e-07]]",1,True,[0.0],"[{""rid"":227633266688,""shape"":0,""localShape"":0,""point"":[0.282842636108398,0.0,-0.282842636108398]}]",[227633266688],True,True,False,True,True
4,0.42,0.18,-45.0,False,27,425,7309285,0.0166666666666667,"[0.282842636108398,0.0166666638106108,-0.282842636108398]",-0.3999998920018545,"[0.0,0.0,0.0]",0.0,"[0.0,0.0,0.0]","[0.0,0.0,0.0]","[-0.0488898158073425,0.0,0.0488898158073425]",True,True,[51.94542799842619],"[[-1.19209289550781e-07,0.180000007152557,-1.19209289550781e-07]]",1,True,[0.0],"[{""rid"":227633266688,""shape"":0,""localShape"":0,""point"":[0.282842636108398,0.0,-0.282842636108398]}]",[227633266688],True,True,False,True,True
4,0.42,0.18,-45.0,False,28,426,7329979,0.0166666666666667,"[0.282842636108398,0.0166666638106108,-0.282842636108398]",-0.3999998920018545,"[0.0,0.0,0.0]",0.0,"[0.0,0.0,0.0]","[0.0,0.0,0.0]","[-0.0488898158073425,0.0,0.0488898158073425]",True,True,[51.94542799842619],"[[-1.19209289550781e-07,0.180000007152557,-1.19209289550781e-07]]",1,True,[0.0],"[{""rid"":227633266688,""shape"":0,""localShape"":0,""point"":[0.282842636108398,0.0,-0.282842636108398]}]",[227633266688],True,True,False,True,True
4,0.42,0.18,-45.0,False,29,427,7343784,0.0166666666666667,"[0.282842636108398,0.0166666638106108,-0.282842636108398]",-0.3999998920018545,"[0.0,0.0,0.0]",0.0,"[0.0,0.0,0.0]","[0.0,0.0,0.0]","[-0.0488898158073425,0.0,0.0488898158073425]",True,True,[51.94542799842619],"[[-1.19209289550781e-07,0.180000007152557,-1.19209289550781e-07]]",1,True,[0.0],"[{""rid"":227633266688,""shape"":0,""localShape"":0,""point"":[0.282842636108398,0.0,-0.282842636108398]}]",[227633266688],True,True,False,True,True
4,0.42,0.18,-45.0,False,30,428,7357579,0.0166666666666667,"[0.282842636108398,0.0166666638106108,-0.282842636108398]",-0.3999998920018545,"[0.0,0.0,0.0]",0.0,"[0.0,0.0,0.0]","[0.0,0.0,0.0]","[-0.0488898158073425,0.0,0.0488898158073425]",True,True,[51.94542799842619],"[[-1.19209289550781e-07,0.180000007152557,-1.19209289550781e-07]]",1,True,[0.0],"[{""rid"":227633266688,""shape"":0,""localShape"":0,""point"":[0.282842636108398,0.0,-0.282842636108398]}]",[227633266688],True,True,False,True,True
4,0.42,0.18,-45.0,False,31,429,7378286,0.0166666666666667,"[0.282842636108398,0.0166666638106108,-0.282842636108398]",-0.3999998920018545,"[0.0,0.0,0.0]",0.0,"[0.0,0.0,0.0]","[0.0,0.0,0.0]","[-0.0488898158073425,0.0,0.0488898158073425]",True,True,[51.94542799842619],"[[-1.19209289550781e-07,0.180000007152557,-1.19209289550781e-07]]",1,True,[0.0],"[{""rid"":227633266688,""shape"":0,""localShape"":0,""point"":[0.282842636108398,0.0,-0.282842636108398]}]",[227633266688],True,True,False,True,True
4,0.42,0.18,-45.0,False,32,430,7392110,0.0166666666666667,"[0.282842636108398,0.0166666638106108,-0.282842636108398]",-0.3999998920018545,"[0.0,0.0,0.0]",0.0,"[0.0,0.0,0.0]","[0.0,0.0,0.0]","[-0.0488898158073425,0.0,0.0488898158073425]",True,True,[51.94542799842619],"[[-1.19209289550781e-07,0.180000007152557,-1.19209289550781e-07]]",1,True,[0.0],"[{""rid"":227633266688,""shape"":0,""localShape"":0,""point"":[0.282842636108398,0.0,-0.282842636108398]}]",[227633266688],True,True,False,True,True
4,0.42,0.18,-45.0,False,33,431,7412809,0.0166666666666667,"[0.282842636108398,0.0166666638106108,-0.282842636108398]",-0.3999998920018545,"[0.0,0.0,0.0]",0.0,"[0.0,0.0,0.0]","[0.0,0.0,0.0]","[-0.0488898158073425,0.0,0.0488898158073425]",True,True,[51.94542799842619],"[[-1.19209289550781e-07,0.180000007152557,-1.19209289550781e-07]]",1,True,[0.0],"[{""rid"":227633266688,""shape"":0,""localShape"":0,""point"":[0.282842636108398,0.0,-0.282842636108398]}]",[227633266688],True,True,False,True,True
4,0.42,0.18,-45.0,False,34,432,7426560,0.0166666666666667,"[0.282842636108398,0.0166666638106108,-0.282842636108398]",-0.3999998920018545,"[0.0,0.0,0.0]",0.0,"[0.0,0.0,0.0]","[0.0,0.0,0.0]","[-0.0488898158073425,0.0,0.0488898158073425]",True,True,[51.94542799842619],"[[-1.19209289550781e-07,0.180000007152557,-1.19209289550781e-07]]",1,True,[0.0],"[{""rid"":227633266688,""shape"":0,""localShape"":0,""point"":[0.282842636108398,0.0,-0.282842636108398]}]",[227633266688],True,True,False,True,True
4,0.42,0.18,-45.0,False,35,433,7440358,0.0166666666666667,"[0.282842636108398,0.0166666638106108,-0.282842636108398]",-0.3999998920018545,"[0.0,0.0,0.0]",0.0,"[0.0,0.0,0.0]","[0.0,0.0,0.0]","[-0.0488898158073425,0.0,0.0488898158073425]",True,True,[51.94542799842619],"[[-1.19209289550781e-07,0.180000007152557,-1.19209289550781e-07]]",1,True,[0.0],"[{""rid"":227633266688,""shape"":0,""localShape"":0,""point"":[0.282842636108398,0.0,-0.282842636108398]}]",[227633266688],True,True,False,True,True
4,0.42,0.18,-45.0,False,36,434,7461066,0.0166666666666667,"[0.282842636108398,0.0166666638106108,-0.282842636108398]",-0.3999998920018545,"[0.0,0.0,0.0]",0.0,"[0.0,0.0,0.0]","[0.0,0.0,0.0]","[-0.0488898158073425,0.0,0.0488898158073425]",True,True,[51.94542799842619],"[[-1.19209289550781e-07,0.180000007152557,-1.19209289550781e-07]]",1,True,[0.0],"[{""rid"":227633266688,""shape"":0,""localShape"":0,""point"":[0.282842636108398,0.0,-0.282842636108398]}]",[227633266688],True,True,False,True,True
4,0.42,0.18,-45.0,False,37,435,7474852,0.0166666666666667,"[0.282842636108398,0.0166666638106108,-0.282842636108398]",-0.3999998920018545,"[0.0,0.0,0.0]",0.0,"[0.0,0.0,0.0]","[0.0,0.0,0.0]","[-0.0488898158073425,0.0,0.0488898158073425]",True,True,[51.94542799842619],"[[-1.19209289550781e-07,0.180000007152557,-1.19209289550781e-07]]",1,True,[0.0],"[{""rid"":227633266688,""shape"":0,""localShape"":0,""point"":[0.282842636108398,0.0,-0.282842636108398]}]",[227633266688],True,True,False,True,True
4,0.42,0.18,-45.0,False,38,436,7495601,0.0166666666666667,"[0.282842636108398,0.0166666638106108,-0.282842636108398]",-0.3999998920018545,"[0.0,0.0,0.0]",0.0,"[0.0,0.0,0.0]","[0.0,0.0,0.0]","[-0.0488898158073425,0.0,0.0488898158073425]",True,True,[51.94542799842619],"[[-1.19209289550781e-07,0.180000007152557,-1.19209289550781e-07]]",1,True,[0.0],"[{""rid"":227633266688,""shape"":0,""localShape"":0,""point"":[0.282842636108398,0.0,-0.282842636108398]}]",[227633266688],True,True,False,True,True
4,0.42,0.18,-45.0,False,39,437,7509412,0.0166666666666667,"[0.282842636108398,0.0166666638106108,-0.282842636108398]",-0.3999998920018545,"[0.0,0.0,0.0]",0.0,"[0.0,0.0,0.0]","[0.0,0.0,0.0]","[-0.0488898158073425,0.0,0.0488898158073425]",True,True,[51.94542799842619],"[[-1.19209289550781e-07,0.180000007152557,-1.19209289550781e-07]]",1,True,[0.0],"[{""rid"":227633266688,""shape"":0,""localShape"":0,""point"":[0.282842636108398,0.0,-0.282842636108398]}]",[227633266688],True,True,False,True,True
4,0.42,0.18,-45.0,False,40,438,7530121,0.0166666666666667,"[0.282842636108398,0.0166666638106108,-0.282842636108398]",-0.3999998920018545,"[0.0,0.0,0.0]",0.0,"[0.0,0.0,0.0]","[0.0,0.0,0.0]","[-0.0488898158073425,0.0,0.0488898158073425]",True,True,[51.94542799842619],"[[-1.19209289550781e-07,0.180000007152557,-1.19209289550781e-07]]",1,True,[0.0],"[{""rid"":227633266688,""shape"":0,""localShape"":0,""point"":[0.282842636108398,0.0,-0.282842636108398]}]",[227633266688],True,True,False,True,True
4,0.42,0.18,-45.0,False,41,439,7543845,0.0166666666666667,"[0.282842636108398,0.0166666638106108,-0.282842636108398]",-0.3999998920018545,"[0.0,0.0,0.0]",0.0,"[0.0,0.0,0.0]","[0.0,0.0,0.0]","[-0.0488898158073425,0.0,0.0488898158073425]",True,True,[51.94542799842619],"[[-1.19209289550781e-07,0.180000007152557,-1.19209289550781e-07]]",1,True,[0.0],"[{""rid"":227633266688,""shape"":0,""localShape"":0,""point"":[0.282842636108398,0.0,-0.282842636108398]}]",[227633266688],True,True,False,True,True
4,0.42,0.18,-45.0,False,42,440,7557654,0.0166666666666667,"[0.282842636108398,0.0166666638106108,-0.282842636108398]",-0.3999998920018545,"[0.0,0.0,0.0]",0.0,"[0.0,0.0,0.0]","[0.0,0.0,0.0]","[-0.0488898158073425,0.0,0.0488898158073425]",True,True,[51.94542799842619],"[[-1.19209289550781e-07,0.180000007152557,-1.19209289550781e-07]]",1,True,[0.0],"[{""rid"":227633266688,""shape"":0,""localShape"":0,""point"":[0.282842636108398,0.0,-0.282842636108398]}]",[227633266688],True,True,False,True,True
4,0.42,0.18,-45.0,False,43,441,7578349,0.0166666666666667,"[0.282842636108398,0.0166666638106108,-0.282842636108398]",-0.3999998920018545,"[0.0,0.0,0.0]",0.0,"[0.0,0.0,0.0]","[0.0,0.0,0.0]","[-0.0488898158073425,0.0,0.0488898158073425]",True,True,[51.94542799842619],"[[-1.19209289550781e-07,0.180000007152557,-1.19209289550781e-07]]",1,True,[0.0],"[{""rid"":227633266688,""shape"":0,""localShape"":0,""point"":[0.282842636108398,0.0,-0.282842636108398]}]",[227633266688],True,True,False,True,True
4,0.42,0.18,-45.0,False,44,442,7592306,0.0166666666666667,"[0.282842636108398,0.0166666638106108,-0.282842636108398]",-0.3999998920018545,"[0.0,0.0,0.0]",0.0,"[0.0,0.0,0.0]","[0.0,0.0,0.0]","[-0.0488898158073425,0.0,0.0488898158073425]",True,True,[51.94542799842619],"[[-1.19209289550781e-07,0.180000007152557,-1.19209289550781e-07]]",1,True,[0.0],"[{""rid"":227633266688,""shape"":0,""localShape"":0,""point"":[0.282842636108398,0.0,-0.282842636108398]}]",[227633266688],True,True,False,True,True
4,0.42,0.18,-45.0,False,45,443,7612897,0.0166666666666667,"[0.282842636108398,0.0166666638106108,-0.282842636108398]",-0.3999998920018545,"[0.0,0.0,0.0]",0.0,"[0.0,0.0,0.0]","[0.0,0.0,0.0]","[-0.0488898158073425,0.0,0.0488898158073425]",True,True,[51.94542799842619],"[[-1.19209289550781e-07,0.180000007152557,-1.19209289550781e-07]]",1,True,[0.0],"[{""rid"":227633266688,""shape"":0,""localShape"":0,""point"":[0.282842636108398,0.0,-0.282842636108398]}]",[227633266688],True,True,False,True,True
4,0.42,0.18,-45.0,False,46,444,7626701,0.0166666666666667,"[0.282842636108398,0.0166666638106108,-0.282842636108398]",-0.3999998920018545,"[0.0,0.0,0.0]",0.0,"[0.0,0.0,0.0]","[0.0,0.0,0.0]","[-0.0488898158073425,0.0,0.0488898158073425]",True,True,[51.94542799842619],"[[-1.19209289550781e-07,0.180000007152557,-1.19209289550781e-07]]",1,True,[0.0],"[{""rid"":227633266688,""shape"":0,""localShape"":0,""point"":[0.282842636108398,0.0,-0.282842636108398]}]",[227633266688],True,True,False,True,True
4,0.42,0.18,-45.0,False,47,445,7640480,0.0166666666666667,"[0.282842636108398,0.0166666638106108,-0.282842636108398]",-0.3999998920018545,"[0.0,0.0,0.0]",0.0,"[0.0,0.0,0.0]","[0.0,0.0,0.0]","[-0.0488898158073425,0.0,0.0488898158073425]",True,True,[51.94542799842619],"[[-1.19209289550781e-07,0.180000007152557,-1.19209289550781e-07]]",1,True,[0.0],"[{""rid"":227633266688,""shape"":0,""localShape"":0,""point"":[0.282842636108398,0.0,-0.282842636108398]}]",[227633266688],True,True,False,True,True
4,0.42,0.18,-45.0,False,48,446,7661168,0.0166666666666667,"[0.282842636108398,0.0166666638106108,-0.282842636108398]",-0.3999998920018545,"[0.0,0.0,0.0]",0.0,"[0.0,0.0,0.0]","[0.0,0.0,0.0]","[-0.0488898158073425,0.0,0.0488898158073425]",True,True,[51.94542799842619],"[[-1.19209289550781e-07,0.180000007152557,-1.19209289550781e-07]]",1,True,[0.0],"[{""rid"":227633266688,""shape"":0,""localShape"":0,""point"":[0.282842636108398,0.0,-0.282842636108398]}]",[227633266688],True,True,False,True,True
4,0.42,0.18,-45.0,False,49,447,7674997,0.0166666666666667,"[0.282842636108398,0.0166666638106108,-0.282842636108398]",-0.3999998920018545,"[0.0,0.0,0.0]",0.0,"[0.0,0.0,0.0]","[0.0,0.0,0.0]","[-0.0488898158073425,0.0,0.0488898158073425]",True,True,[51.94542799842619],"[[-1.19209289550781e-07,0.180000007152557,-1.19209289550781e-07]]",1,True,[0.0],"[{""rid"":227633266688,""shape"":0,""localShape"":0,""point"":[0.282842636108398,0.0,-0.282842636108398]}]",[227633266688],True,True,False,True,True
4,0.42,0.18,-45.0,False,50,448,7695955,0.0166666666666667,"[0.282842636108398,0.0166666638106108,-0.282842636108398]",-0.3999998920018545,"[0.0,0.0,0.0]",0.0,"[0.0,0.0,0.0]","[0.0,0.0,0.0]","[-0.0488898158073425,0.0,0.0488898158073425]",True,True,[51.94542799842619],"[[-1.19209289550781e-07,0.180000007152557,-1.19209289550781e-07]]",1,True,[0.0],"[{""rid"":227633266688,""shape"":0,""localShape"":0,""point"":[0.282842636108398,0.0,-0.282842636108398]}]",[227633266688],True,True,False,True,True
4,0.42,0.18,-45.0,False,51,449,7709488,0.0166666666666667,"[0.282842636108398,0.0166666638106108,-0.282842636108398]",-0.3999998920018545,"[0.0,0.0,0.0]",0.0,"[0.0,0.0,0.0]","[0.0,0.0,0.0]","[-0.0488898158073425,0.0,0.0488898158073425]",True,True,[51.94542799842619],"[[-1.19209289550781e-07,0.180000007152557,-1.19209289550781e-07]]",1,True,[0.0],"[{""rid"":227633266688,""shape"":0,""localShape"":0,""point"":[0.282842636108398,0.0,-0.282842636108398]}]",[227633266688],True,True,False,True,True
4,0.42,0.18,-45.0,False,52,450,7730210,0.0166666666666667,"[0.282842636108398,0.0166666638106108,-0.282842636108398]",-0.3999998920018545,"[0.0,0.0,0.0]",0.0,"[0.0,0.0,0.0]","[0.0,0.0,0.0]","[-0.0488898158073425,0.0,0.0488898158073425]",True,True,[51.94542799842619],"[[-1.19209289550781e-07,0.180000007152557,-1.19209289550781e-07]]",1,True,[0.0],"[{""rid"":227633266688,""shape"":0,""localShape"":0,""point"":[0.282842636108398,0.0,-0.282842636108398]}]",[227633266688],True,True,False,True,True
4,0.42,0.18,-45.0,False,53,451,7744040,0.0166666666666667,"[0.282842636108398,0.0166666638106108,-0.282842636108398]",-0.3999998920018545,"[0.0,0.0,0.0]",0.0,"[0.0,0.0,0.0]","[0.0,0.0,0.0]","[-0.0488898158073425,0.0,0.0488898158073425]",True,True,[51.94542799842619],"[[-1.19209289550781e-07,0.180000007152557,-1.19209289550781e-07]]",1,True,[0.0],"[{""rid"":227633266688,""shape"":0,""localShape"":0,""point"":[0.282842636108398,0.0,-0.282842636108398]}]",[227633266688],True,True,False,True,True
4,0.42,0.18,-45.0,False,54,452,7757783,0.0166666666666667,"[0.282842636108398,0.0166666638106108,-0.282842636108398]",-0.3999998920018545,"[0.0,0.0,0.0]",0.0,"[0.0,0.0,0.0]","[0.0,0.0,0.0]","[-0.0488898158073425,0.0,0.0488898158073425]",True,True,[51.94542799842619],"[[-1.19209289550781e-07,0.180000007152557,-1.19209289550781e-07]]",1,True,[0.0],"[{""rid"":227633266688,""shape"":0,""localShape"":0,""point"":[0.282842636108398,0.0,-0.282842636108398]}]",[227633266688],True,True,False,True,True
4,0.42,0.18,-45.0,False,55,453,7778464,0.0166666666666667,"[0.282842636108398,0.0166666638106108,-0.282842636108398]",-0.3999998920018545,"[0.0,0.0,0.0]",0.0,"[0.0,0.0,0.0]","[0.0,0.0,0.0]","[-0.0488898158073425,0.0,0.0488898158073425]",True,True,[51.94542799842619],"[[-1.19209289550781e-07,0.180000007152557,-1.19209289550781e-07]]",1,True,[0.0],"[{""rid"":227633266688,""shape"":0,""localShape"":0,""point"":[0.282842636108398,0.0,-0.282842636108398]}]",[227633266688],True,True,False,True,True
4,0.42,0.18,-45.0,False,56,454,7792376,0.0166666666666667,"[0.282842636108398,0.0166666638106108,-0.282842636108398]",-0.3999998920018545,"[0.0,0.0,0.0]",0.0,"[0.0,0.0,0.0]","[0.0,0.0,0.0]","[-0.0488898158073425,0.0,0.0488898158073425]",True,True,[51.94542799842619],"[[-1.19209289550781e-07,0.180000007152557,-1.19209289550781e-07]]",1,True,[0.0],"[{""rid"":227633266688,""shape"":0,""localShape"":0,""point"":[0.282842636108398,0.0,-0.282842636108398]}]",[227633266688],True,True,False,True,True
4,0.42,0.18,-45.0,False,57,455,7813026,0.0166666666666667,"[0.282842636108398,0.0166666638106108,-0.282842636108398]",-0.3999998920018545,"[0.0,0.0,0.0]",0.0,"[0.0,0.0,0.0]","[0.0,0.0,0.0]","[-0.0488898158073425,0.0,0.0488898158073425]",True,True,[51.94542799842619],"[[-1.19209289550781e-07,0.180000007152557,-1.19209289550781e-07]]",1,True,[0.0],"[{""rid"":227633266688,""shape"":0,""localShape"":0,""point"":[0.282842636108398,0.0,-0.282842636108398]}]",[227633266688],True,True,False,True,True
4,0.42,0.18,-45.0,False,58,456,7826782,0.0166666666666667,"[0.282842636108398,0.0166666638106108,-0.282842636108398]",-0.3999998920018545,"[0.0,0.0,0.0]",0.0,"[0.0,0.0,0.0]","[0.0,0.0,0.0]","[-0.0488898158073425,0.0,0.0488898158073425]",True,True,[51.94542799842619],"[[-1.19209289550781e-07,0.180000007152557,-1.19209289550781e-07]]",1,True,[0.0],"[{""rid"":227633266688,""shape"":0,""localShape"":0,""point"":[0.282842636108398,0.0,-0.282842636108398]}]",[227633266688],True,True,False,True,True
4,0.42,0.18,-45.0,False,59,457,7840589,0.0166666666666667,"[0.282842636108398,0.0166666638106108,-0.282842636108398]",-0.3999998920018545,"[0.0,0.0,0.0]",0.0,"[0.0,0.0,0.0]","[0.0,0.0,0.0]","[-0.0488898158073425,0.0,0.0488898158073425]",True,True,[51.94542799842619],"[[-1.19209289550781e-07,0.180000007152557,-1.19209289550781e-07]]",1,True,[0.0],"[{""rid"":227633266688,""shape"":0,""localShape"":0,""point"":[0.282842636108398,0.0,-0.282842636108398]}]",[227633266688],True,True,False,True,True
4,0.42,0.18,-45.0,False,60,458,7861291,0.0166666666666667,"[0.282842636108398,0.0166666638106108,-0.282842636108398]",-0.3999998920018545,"[0.0,0.0,0.0]",0.0,"[0.0,0.0,0.0]","[0.0,0.0,0.0]","[-0.0488898158073425,0.0,0.0488898158073425]",True,True,[51.94542799842619],"[[-1.19209289550781e-07,0.180000007152557,-1.19209289550781e-07]]",1,True,[0.0],"[{""rid"":227633266688,""shape"":0,""localShape"":0,""point"":[0.282842636108398,0.0,-0.282842636108398]}]",[227633266688],True,True,False,True,True
4,0.42,0.18,-45.0,False,61,459,7875097,0.0166666666666667,"[0.282842636108398,0.0166666638106108,-0.282842636108398]",-0.3999998920018545,"[0.0,0.0,0.0]",0.0,"[0.0,0.0,0.0]","[0.0,0.0,0.0]","[-0.0488898158073425,0.0,0.0488898158073425]",True,True,[51.94542799842619],"[[-1.19209289550781e-07,0.180000007152557,-1.19209289550781e-07]]",1,True,[0.0],"[{""rid"":227633266688,""shape"":0,""localShape"":0,""point"":[0.282842636108398,0.0,-0.282842636108398]}]",[227633266688],True,True,False,True,True
4,0.42,0.18,-45.0,False,62,460,7895819,0.0166666666666667,"[0.282842636108398,0.0166666638106108,-0.282842636108398]",-0.3999998920018545,"[0.0,0.0,0.0]",0.0,"[0.0,0.0,0.0]","[0.0,0.0,0.0]","[-0.0488898158073425,0.0,0.0488898158073425]",True,True,[51.94542799842619],"[[-1.19209289550781e-07,0.180000007152557,-1.19209289550781e-07]]",1,True,[0.0],"[{""rid"":227633266688,""shape"":0,""localShape"":0,""point"":[0.282842636108398,0.0,-0.282842636108398]}]",[227633266688],True,True,False,True,True
4,0.42,0.18,-45.0,False,63,461,7909599,0.0166666666666667,"[0.282842636108398,0.0166666638106108,-0.282842636108398]",-0.3999998920018545,"[0.0,0.0,0.0]",0.0,"[0.0,0.0,0.0]","[0.0,0.0,0.0]","[-0.0488898158073425,0.0,0.0488898158073425]",True,True,[51.94542799842619],"[[-1.19209289550781e-07,0.180000007152557,-1.19209289550781e-07]]",1,True,[0.0],"[{""rid"":227633266688,""shape"":0,""localShape"":0,""point"":[0.282842636108398,0.0,-0.282842636108398]}]",[227633266688],True,True,False,True,True
4,0.42,0.18,-45.0,False,64,462,7930248,0.0166666666666667,"[0.282842636108398,0.0166666638106108,-0.282842636108398]",-0.3999998920018545,"[0.0,0.0,0.0]",0.0,"[0.0,0.0,0.0]","[0.0,0.0,0.0]","[-0.0488898158073425,0.0,0.0488898158073425]",True,True,[51.94542799842619],"[[-1.19209289550781e-07,0.180000007152557,-1.19209289550781e-07]]",1,True,[0.0],"[{""rid"":227633266688,""shape"":0,""localShape"":0,""point"":[0.282842636108398,0.0,-0.282842636108398]}]",[227633266688],True,True,False,True,True
4,0.42,0.18,-45.0,False,65,463,7944045,0.0166666666666667,"[0.282842636108398,0.0166666638106108,-0.282842636108398]",-0.3999998920018545,"[0.0,0.0,0.0]",0.0,"[0.0,0.0,0.0]","[0.0,0.0,0.0]","[-0.0488898158073425,0.0,0.0488898158073425]",True,True,[51.94542799842619],"[[-1.19209289550781e-07,0.180000007152557,-1.19209289550781e-07]]",1,True,[0.0],"[{""rid"":227633266688,""shape"":0,""localShape"":0,""point"":[0.282842636108398,0.0,-0.282842636108398]}]",[227633266688],True,True,False,True,True
4,0.42,0.18,-45.0,False,66,464,7957837,0.0166666666666667,"[0.282842636108398,0.0166666638106108,-0.282842636108398]",-0.3999998920018545,"[0.0,0.0,0.0]",0.0,"[0.0,0.0,0.0]","[0.0,0.0,0.0]","[-0.0488898158073425,0.0,0.0488898158073425]",True,True,[51.94542799842619],"[[-1.19209289550781e-07,0.180000007152557,-1.19209289550781e-07]]",1,True,[0.0],"[{""rid"":227633266688,""shape"":0,""localShape"":0,""point"":[0.282842636108398,0.0,-0.282842636108398]}]",[227633266688],True,True,False,True,True
4,0.42,0.18,-45.0,False,67,465,7978594,0.0166666666666667,"[0.282842636108398,0.0166666638106108,-0.282842636108398]",-0.3999998920018545,"[0.0,0.0,0.0]",0.0,"[0.0,0.0,0.0]","[0.0,0.0,0.0]","[-0.0488898158073425,0.0,0.0488898158073425]",True,True,[51.94542799842619],"[[-1.19209289550781e-07,0.180000007152557,-1.19209289550781e-07]]",1,True,[0.0],"[{""rid"":227633266688,""shape"":0,""localShape"":0,""point"":[0.282842636108398,0.0,-0.282842636108398]}]",[227633266688],True,True,False,True,True
4,0.42,0.18,-45.0,False,68,466,7992408,0.0166666666666667,"[0.282842636108398,0.0166666638106108,-0.282842636108398]",-0.3999998920018545,"[0.0,0.0,0.0]",0.0,"[0.0,0.0,0.0]","[0.0,0.0,0.0]","[-0.0488898158073425,0.0,0.0488898158073425]",True,True,[51.94542799842619],"[[-1.19209289550781e-07,0.180000007152557,-1.19209289550781e-07]]",1,True,[0.0],"[{""rid"":227633266688,""shape"":0,""localShape"":0,""point"":[0.282842636108398,0.0,-0.282842636108398]}]",[227633266688],True,True,False,True,True
4,0.42,0.18,-45.0,False,69,467,8013115,0.0166666666666667,"[0.282842636108398,0.0166666638106108,-0.282842636108398]",-0.3999998920018545,"[0.0,0.0,0.0]",0.0,"[0.0,0.0,0.0]","[0.0,0.0,0.0]","[-0.0488898158073425,0.0,0.0488898158073425]",True,True,[51.94542799842619],"[[-1.19209289550781e-07,0.180000007152557,-1.19209289550781e-07]]",1,True,[0.0],"[{""rid"":227633266688,""shape"":0,""localShape"":0,""point"":[0.282842636108398,0.0,-0.282842636108398]}]",[227633266688],True,True,False,True,True
4,0.42,0.18,-45.0,False,70,468,8026882,0.0166666666666667,"[0.282842636108398,0.0166666638106108,-0.282842636108398]",-0.3999998920018545,"[0.0,0.0,0.0]",0.0,"[0.0,0.0,0.0]","[0.0,0.0,0.0]","[-0.0488898158073425,0.0,0.0488898158073425]",True,True,[51.94542799842619],"[[-1.19209289550781e-07,0.180000007152557,-1.19209289550781e-07]]",1,True,[0.0],"[{""rid"":227633266688,""shape"":0,""localShape"":0,""point"":[0.282842636108398,0.0,-0.282842636108398]}]",[227633266688],True,True,False,True,True
4,0.42,0.18,-45.0,False,71,469,8040685,0.0166666666666667,"[0.282842636108398,0.0166666638106108,-0.282842636108398]",-0.3999998920018545,"[0.0,0.0,0.0]",0.0,"[0.0,0.0,0.0]","[0.0,0.0,0.0]","[-0.0488898158073425,0.0,0.0488898158073425]",True,True,[51.94542799842619],"[[-1.19209289550781e-07,0.180000007152557,-1.19209289550781e-07]]",1,True,[0.0],"[{""rid"":227633266688,""shape"":0,""localShape"":0,""point"":[0.282842636108398,0.0,-0.282842636108398]}]",[227633266688],True,True,False,True,True
4,0.42,0.18,-45.0,False,72,470,8061391,0.0166666666666667,"[0.282842636108398,0.0166666638106108,-0.282842636108398]",-0.3999998920018545,"[0.0,0.0,0.0]",0.0,"[0.0,0.0,0.0]","[0.0,0.0,0.0]","[-0.0488898158073425,0.0,0.0488898158073425]",True,True,[51.94542799842619],"[[-1.19209289550781e-07,0.180000007152557,-1.19209289550781e-07]]",1,True,[0.0],"[{""rid"":227633266688,""shape"":0,""localShape"":0,""point"":[0.282842636108398,0.0,-0.282842636108398]}]",[227633266688],True,True,False,True,True
4,0.42,0.18,-45.0,False,73,471,8075160,0.0166666666666667,"[0.282842636108398,0.0166666638106108,-0.282842636108398]",-0.3999998920018545,"[0.0,0.0,0.0]",0.0,"[0.0,0.0,0.0]","[0.0,0.0,0.0]","[-0.0488898158073425,0.0,0.0488898158073425]",True,True,[51.94542799842619],"[[-1.19209289550781e-07,0.180000007152557,-1.19209289550781e-07]]",1,True,[0.0],"[{""rid"":227633266688,""shape"":0,""localShape"":0,""point"":[0.282842636108398,0.0,-0.282842636108398]}]",[227633266688],True,True,False,True,True
4,0.42,0.18,-45.0,False,74,472,8095925,0.0166666666666667,"[0.282842636108398,0.0166666638106108,-0.282842636108398]",-0.3999998920018545,"[0.0,0.0,0.0]",0.0,"[0.0,0.0,0.0]","[0.0,0.0,0.0]","[-0.0488898158073425,0.0,0.0488898158073425]",True,True,[51.94542799842619],"[[-1.19209289550781e-07,0.180000007152557,-1.19209289550781e-07]]",1,True,[0.0],"[{""rid"":227633266688,""shape"":0,""localShape"":0,""point"":[0.282842636108398,0.0,-0.282842636108398]}]",[227633266688],True,True,False,True,True
4,0.42,0.18,-45.0,False,75,473,8109672,0.0166666666666667,"[0.282842636108398,0.0166666638106108,-0.282842636108398]",-0.3999998920018545,"[0.0,0.0,0.0]",0.0,"[0.0,0.0,0.0]","[0.0,0.0,0.0]","[-0.0488898158073425,0.0,0.0488898158073425]",True,True,[51.94542799842619],"[[-1.19209289550781e-07,0.180000007152557,-1.19209289550781e-07]]",1,True,[0.0],"[{""rid"":227633266688,""shape"":0,""localShape"":0,""point"":[0.282842636108398,0.0,-0.282842636108398]}]",[227633266688],True,True,False,True,True
4,0.42,0.18,-45.0,False,76,474,8123912,0.0166666666666667,"[0.282842636108398,0.0166666638106108,-0.282842636108398]",-0.3999998920018545,"[0.0,0.0,0.0]",0.0,"[0.0,0.0,0.0]","[0.0,0.0,0.0]","[-0.0488898158073425,0.0,0.0488898158073425]",True,True,[51.94542799842619],"[[-1.19209289550781e-07,0.180000007152557,-1.19209289550781e-07]]",1,True,[0.0],"[{""rid"":227633266688,""shape"":0,""localShape"":0,""point"":[0.282842636108398,0.0,-0.282842636108398]}]",[227633266688],True,True,False,True,True
4,0.42,0.18,-45.0,False,77,475,8144609,0.0166666666666667,"[0.282842636108398,0.0166666638106108,-0.282842636108398]",-0.3999998920018545,"[0.0,0.0,0.0]",0.0,"[0.0,0.0,0.0]","[0.0,0.0,0.0]","[-0.0488898158073425,0.0,0.0488898158073425]",True,True,[51.94542799842619],"[[-1.19209289550781e-07,0.180000007152557,-1.19209289550781e-07]]",1,True,[0.0],"[{""rid"":227633266688,""shape"":0,""localShape"":0,""point"":[0.282842636108398,0.0,-0.282842636108398]}]",[227633266688],True,True,False,True,True
4,0.42,0.18,-45.0,False,78,476,8158130,0.0166666666666667,"[0.282842636108398,0.0166666638106108,-0.282842636108398]",-0.3999998920018545,"[0.0,0.0,0.0]",0.0,"[0.0,0.0,0.0]","[0.0,0.0,0.0]","[-0.0488898158073425,0.0,0.0488898158073425]",True,True,[51.94542799842619],"[[-1.19209289550781e-07,0.180000007152557,-1.19209289550781e-07]]",1,True,[0.0],"[{""rid"":227633266688,""shape"":0,""localShape"":0,""point"":[0.282842636108398,0.0,-0.282842636108398]}]",[227633266688],True,True,False,True,True
4,0.42,0.18,-45.0,False,79,477,8179179,0.0166666666666667,"[0.282842636108398,0.0166666638106108,-0.282842636108398]",-0.3999998920018545,"[0.0,0.0,0.0]",0.0,"[0.0,0.0,0.0]","[0.0,0.0,0.0]","[-0.0488898158073425,0.0,0.0488898158073425]",True,True,[51.94542799842619],"[[-1.19209289550781e-07,0.180000007152557,-1.19209289550781e-07]]",1,True,[0.0],"[{""rid"":227633266688,""shape"":0,""localShape"":0,""point"":[0.282842636108398,0.0,-0.282842636108398]}]",[227633266688],True,True,False,True,True
4,0.42,0.18,-45.0,False,80,478,8192637,0.0166666666666667,"[0.282842636108398,0.0166666638106108,-0.282842636108398]",-0.3999998920018545,"[0.0,0.0,0.0]",0.0,"[0.0,0.0,0.0]","[0.0,0.0,0.0]","[-0.0488898158073425,0.0,0.0488898158073425]",True,True,[51.94542799842619],"[[-1.19209289550781e-07,0.180000007152557,-1.19209289550781e-07]]",1,True,[0.0],"[{""rid"":227633266688,""shape"":0,""localShape"":0,""point"":[0.282842636108398,0.0,-0.282842636108398]}]",[227633266688],True,True,False,True,True
4,0.42,0.18,-45.0,False,81,479,8213193,0.0166666666666667,"[0.282842636108398,0.0166666638106108,-0.282842636108398]",-0.3999998920018545,"[0.0,0.0,0.0]",0.0,"[0.0,0.0,0.0]","[0.0,0.0,0.0]","[-0.0488898158073425,0.0,0.0488898158073425]",True,True,[51.94542799842619],"[[-1.19209289550781e-07,0.180000007152557,-1.19209289550781e-07]]",1,True,[0.0],"[{""rid"":227633266688,""shape"":0,""localShape"":0,""point"":[0.282842636108398,0.0,-0.282842636108398]}]",[227633266688],True,True,False,True,True
4,0.42,0.18,-45.0,False,82,480,8227088,0.0166666666666667,"[0.282842636108398,0.0166666638106108,-0.282842636108398]",-0.3999998920018545,"[0.0,0.0,0.0]",0.0,"[0.0,0.0,0.0]","[0.0,0.0,0.0]","[-0.0488898158073425,0.0,0.0488898158073425]",True,True,[51.94542799842619],"[[-1.19209289550781e-07,0.180000007152557,-1.19209289550781e-07]]",1,True,[0.0],"[{""rid"":227633266688,""shape"":0,""localShape"":0,""point"":[0.282842636108398,0.0,-0.282842636108398]}]",[227633266688],True,True,False,True,True
4,0.42,0.18,-45.0,False,83,481,8240931,0.0166666666666667,"[0.282842636108398,0.0166666638106108,-0.282842636108398]",-0.3999998920018545,"[0.0,0.0,0.0]",0.0,"[0.0,0.0,0.0]","[0.0,0.0,0.0]","[-0.0488898158073425,0.0,0.0488898158073425]",True,True,[51.94542799842619],"[[-1.19209289550781e-07,0.180000007152557,-1.19209289550781e-07]]",1,True,[0.0],"[{""rid"":227633266688,""shape"":0,""localShape"":0,""point"":[0.282842636108398,0.0,-0.282842636108398]}]",[227633266688],True,True,False,True,True
4,0.42,0.18,-45.0,False,84,482,8261579,0.0166666666666667,"[0.282842636108398,0.0166666638106108,-0.282842636108398]",-0.3999998920018545,"[0.0,0.0,0.0]",0.0,"[0.0,0.0,0.0]","[0.0,0.0,0.0]","[-0.0488898158073425,0.0,0.0488898158073425]",True,True,[51.94542799842619],"[[-1.19209289550781e-07,0.180000007152557,-1.19209289550781e-07]]",1,True,[0.0],"[{""rid"":227633266688,""shape"":0,""localShape"":0,""point"":[0.282842636108398,0.0,-0.282842636108398]}]",[227633266688],True,True,False,True,True
4,0.42,0.18,-45.0,False,85,483,8275267,0.0166666666666667,"[0.282842636108398,0.0166666638106108,-0.282842636108398]",-0.3999998920018545,"[0.0,0.0,0.0]",0.0,"[0.0,0.0,0.0]","[0.0,0.0,0.0]","[-0.0488898158073425,0.0,0.0488898158073425]",True,True,[51.94542799842619],"[[-1.19209289550781e-07,0.180000007152557,-1.19209289550781e-07]]",1,True,[0.0],"[{""rid"":227633266688,""shape"":0,""localShape"":0,""point"":[0.282842636108398,0.0,-0.282842636108398]}]",[227633266688],True,True,False,True,True
4,0.42,0.18,-45.0,False,86,484,8296117,0.0166666666666667,"[0.282842636108398,0.0166666638106108,-0.282842636108398]",-0.3999998920018545,"[0.0,0.0,0.0]",0.0,"[0.0,0.0,0.0]","[0.0,0.0,0.0]","[-0.0488898158073425,0.0,0.0488898158073425]",True,True,[51.94542799842619],"[[-1.19209289550781e-07,0.180000007152557,-1.19209289550781e-07]]",1,True,[0.0],"[{""rid"":227633266688,""shape"":0,""localShape"":0,""point"":[0.282842636108398,0.0,-0.282842636108398]}]",[227633266688],True,True,False,True,True
4,0.42,0.18,-45.0,False,87,485,8309850,0.0166666666666667,"[0.282842636108398,0.0166666638106108,-0.282842636108398]",-0.3999998920018545,"[0.0,0.0,0.0]",0.0,"[0.0,0.0,0.0]","[0.0,0.0,0.0]","[-0.0488898158073425,0.0,0.0488898158073425]",True,True,[51.94542799842619],"[[-1.19209289550781e-07,0.180000007152557,-1.19209289550781e-07]]",1,True,[0.0],"[{""rid"":227633266688,""shape"":0,""localShape"":0,""point"":[0.282842636108398,0.0,-0.282842636108398]}]",[227633266688],True,True,False,True,True
4,0.42,0.18,-45.0,False,88,486,8323547,0.0166666666666667,"[0.282842636108398,0.0166666638106108,-0.282842636108398]",-0.3999998920018545,"[0.0,0.0,0.0]",0.0,"[0.0,0.0,0.0]","[0.0,0.0,0.0]","[-0.0488898158073425,0.0,0.0488898158073425]",True,True,[51.94542799842619],"[[-1.19209289550781e-07,0.180000007152557,-1.19209289550781e-07]]",1,True,[0.0],"[{""rid"":227633266688,""shape"":0,""localShape"":0,""point"":[0.282842636108398,0.0,-0.282842636108398]}]",[227633266688],True,True,False,True,True
4,0.42,0.18,-45.0,False,89,487,8344303,0.0166666666666667,"[0.282842636108398,0.0166666638106108,-0.282842636108398]",-0.3999998920018545,"[0.0,0.0,0.0]",0.0,"[0.0,0.0,0.0]","[0.0,0.0,0.0]","[-0.0488898158073425,0.0,0.0488898158073425]",True,True,[51.94542799842619],"[[-1.19209289550781e-07,0.180000007152557,-1.19209289550781e-07]]",1,True,[0.0],"[{""rid"":227633266688,""shape"":0,""localShape"":0,""point"":[0.282842636108398,0.0,-0.282842636108398]}]",[227633266688],True,True,False,True,True
4,0.42,0.18,-45.0,False,90,488,8358092,0.0166666666666667,"[0.282842636108398,0.0166666638106108,-0.282842636108398]",-0.3999998920018545,"[0.0,0.0,0.0]",0.0,"[0.0,0.0,0.0]","[0.0,0.0,0.0]","[-0.0488898158073425,0.0,0.0488898158073425]",True,True,[51.94542799842619],"[[-1.19209289550781e-07,0.180000007152557,-1.19209289550781e-07]]",1,True,[0.0],"[{""rid"":227633266688,""shape"":0,""localShape"":0,""point"":[0.282842636108398,0.0,-0.282842636108398]}]",[227633266688],True,True,False,True,True
4,0.42,0.18,-45.0,False,91,489,8378762,0.0166666666666667,"[0.282842636108398,0.0166666638106108,-0.282842636108398]",-0.3999998920018545,"[0.0,0.0,0.0]",0.0,"[0.0,0.0,0.0]","[0.0,0.0,0.0]","[-0.0488898158073425,0.0,0.0488898158073425]",True,True,[51.94542799842619],"[[-1.19209289550781e-07,0.180000007152557,-1.19209289550781e-07]]",1,True,[0.0],"[{""rid"":227633266688,""shape"":0,""localShape"":0,""point"":[0.282842636108398,0.0,-0.282842636108398]}]",[227633266688],True,True,False,True,True
4,0.42,0.18,-45.0,False,92,490,8392903,0.0166666666666667,"[0.282842636108398,0.0166666638106108,-0.282842636108398]",-0.3999998920018545,"[0.0,0.0,0.0]",0.0,"[0.0,0.0,0.0]","[0.0,0.0,0.0]","[-0.0488898158073425,0.0,0.0488898158073425]",True,True,[51.94542799842619],"[[-1.19209289550781e-07,0.180000007152557,-1.19209289550781e-07]]",1,True,[0.0],"[{""rid"":227633266688,""shape"":0,""localShape"":0,""point"":[0.282842636108398,0.0,-0.282842636108398]}]",[227633266688],True,True,False,True,True
4,0.42,0.18,-45.0,False,93,491,8413292,0.0166666666666667,"[0.282842636108398,0.0166666638106108,-0.282842636108398]",-0.3999998920018545,"[0.0,0.0,0.0]",0.0,"[0.0,0.0,0.0]","[0.0,0.0,0.0]","[-0.0488898158073425,0.0,0.0488898158073425]",True,True,[51.94542799842619],"[[-1.19209289550781e-07,0.180000007152557,-1.19209289550781e-07]]",1,True,[0.0],"[{""rid"":227633266688,""shape"":0,""localShape"":0,""point"":[0.282842636108398,0.0,-0.282842636108398]}]",[227633266688],True,True,False,True,True
4,0.42,0.18,-45.0,False,94,492,8427035,0.0166666666666667,"[0.282842636108398,0.0166666638106108,-0.282842636108398]",-0.3999998920018545,"[0.0,0.0,0.0]",0.0,"[0.0,0.0,0.0]","[0.0,0.0,0.0]","[-0.0488898158073425,0.0,0.0488898158073425]",True,True,[51.94542799842619],"[[-1.19209289550781e-07,0.180000007152557,-1.19209289550781e-07]]",1,True,[0.0],"[{""rid"":227633266688,""shape"":0,""localShape"":0,""point"":[0.282842636108398,0.0,-0.282842636108398]}]",[227633266688],True,True,False,True,True
4,0.42,0.18,-45.0,False,95,493,8440863,0.0166666666666667,"[0.282842636108398,0.0166666638106108,-0.282842636108398]",-0.3999998920018545,"[0.0,0.0,0.0]",0.0,"[0.0,0.0,0.0]","[0.0,0.0,0.0]","[-0.0488898158073425,0.0,0.0488898158073425]",True,True,[51.94542799842619],"[[-1.19209289550781e-07,0.180000007152557,-1.19209289550781e-07]]",1,True,[0.0],"[{""rid"":227633266688,""shape"":0,""localShape"":0,""point"":[0.282842636108398,0.0,-0.282842636108398]}]",[227633266688],True,True,False,True,True
4,0.42,0.18,-45.0,False,96,494,8461597,0.0166666666666667,"[0.282842636108398,0.0166666638106108,-0.282842636108398]",-0.3999998920018545,"[0.0,0.0,0.0]",0.0,"[0.0,0.0,0.0]","[0.0,0.0,0.0]","[-0.0488898158073425,0.0,0.0488898158073425]",True,True,[51.94542799842619],"[[-1.19209289550781e-07,0.180000007152557,-1.19209289550781e-07]]",1,True,[0.0],"[{""rid"":227633266688,""shape"":0,""localShape"":0,""point"":[0.282842636108398,0.0,-0.282842636108398]}]",[227633266688],True,True,False,True,True
4,0.42,0.18,-45.0,False,97,495,8475374,0.0166666666666667,"[0.282842636108398,0.0166666638106108,-0.282842636108398]",-0.3999998920018545,"[0.0,0.0,0.0]",0.0,"[0.0,0.0,0.0]","[0.0,0.0,0.0]","[-0.0488898158073425,0.0,0.0488898158073425]",True,True,[51.94542799842619],"[[-1.19209289550781e-07,0.180000007152557,-1.19209289550781e-07]]",1,True,[0.0],"[{""rid"":227633266688,""shape"":0,""localShape"":0,""point"":[0.282842636108398,0.0,-0.282842636108398]}]",[227633266688],True,True,False,True,True
4,0.42,0.18,-45.0,False,98,496,8496110,0.0166666666666667,"[0.282842636108398,0.0166666638106108,-0.282842636108398]",-0.3999998920018545,"[0.0,0.0,0.0]",0.0,"[0.0,0.0,0.0]","[0.0,0.0,0.0]","[-0.0488898158073425,0.0,0.0488898158073425]",True,True,[51.94542799842619],"[[-1.19209289550781e-07,0.180000007152557,-1.19209289550781e-07]]",1,True,[0.0],"[{""rid"":227633266688,""shape"":0,""localShape"":0,""point"":[0.282842636108398,0.0,-0.282842636108398]}]",[227633266688],True,True,False,True,True
4,0.42,0.18,-45.0,False,99,497,8509909,0.0166666666666667,"[0.282842636108398,0.0166666638106108,-0.282842636108398]",-0.3999998920018545,"[0.0,0.0,0.0]",0.0,"[0.0,0.0,0.0]","[0.0,0.0,0.0]","[-0.0488898158073425,0.0,0.0488898158073425]",True,True,[51.94542799842619],"[[-1.19209289550781e-07,0.180000007152557,-1.19209289550781e-07]]",1,True,[0.0],"[{""rid"":227633266688,""shape"":0,""localShape"":0,""point"":[0.282842636108398,0.0,-0.282842636108398]}]",[227633266688],True,True,False,True,True
4,0.42,0.18,-45.0,False,100,498,8523677,0.0166666666666667,"[0.282842636108398,0.0166666638106108,-0.282842636108398]",-0.3999998920018545,"[0.0,0.0,0.0]",0.0,"[0.0,0.0,0.0]","[0.0,0.0,0.0]","[-0.0488898158073425,0.0,0.0488898158073425]",True,True,[51.94542799842619],"[[-1.19209289550781e-07,0.180000007152557,-1.19209289550781e-07]]",1,True,[0.0],"[{""rid"":227633266688,""shape"":0,""localShape"":0,""point"":[0.282842636108398,0.0,-0.282842636108398]}]",[227633266688],True,True,False,True,True
4,0.42,0.18,-45.0,False,101,499,8544399,0.0166666666666667,"[0.282842636108398,0.0166666638106108,-0.282842636108398]",-0.3999998920018545,"[0.0,0.0,0.0]",0.0,"[0.0,0.0,0.0]","[0.0,0.0,0.0]","[-0.0488898158073425,0.0,0.0488898158073425]",True,True,[51.94542799842619],"[[-1.19209289550781e-07,0.180000007152557,-1.19209289550781e-07]]",1,True,[0.0],"[{""rid"":227633266688,""shape"":0,""localShape"":0,""point"":[0.282842636108398,0.0,-0.282842636108398]}]",[227633266688],True,True,False,True,True
4,0.42,0.18,-45.0,False,102,500,8558184,0.0166666666666667,"[0.282842636108398,0.0166666638106108,-0.282842636108398]",-0.3999998920018545,"[0.0,0.0,0.0]",0.0,"[0.0,0.0,0.0]","[0.0,0.0,0.0]","[-0.0488898158073425,0.0,0.0488898158073425]",True,True,[51.94542799842619],"[[-1.19209289550781e-07,0.180000007152557,-1.19209289550781e-07]]",1,True,[0.0],"[{""rid"":227633266688,""shape"":0,""localShape"":0,""point"":[0.282842636108398,0.0,-0.282842636108398]}]",[227633266688],True,True,False,True,True
4,0.42,0.18,-45.0,False,103,501,8578877,0.0166666666666667,"[0.282842636108398,0.0166666638106108,-0.282842636108398]",-0.3999998920018545,"[0.0,0.0,0.0]",0.0,"[0.0,0.0,0.0]","[0.0,0.0,0.0]","[-0.0488898158073425,0.0,0.0488898158073425]",True,True,[51.94542799842619],"[[-1.19209289550781e-07,0.180000007152557,-1.19209289550781e-07]]",1,True,[0.0],"[{""rid"":227633266688,""shape"":0,""localShape"":0,""point"":[0.282842636108398,0.0,-0.282842636108398]}]",[227633266688],True,True,False,True,True
4,0.42,0.18,-45.0,False,104,502,8592718,0.0166666666666667,"[0.282842636108398,0.0166666638106108,-0.282842636108398]",-0.3999998920018545,"[0.0,0.0,0.0]",0.0,"[0.0,0.0,0.0]","[0.0,0.0,0.0]","[-0.0488898158073425,0.0,0.0488898158073425]",True,True,[51.94542799842619],"[[-1.19209289550781e-07,0.180000007152557,-1.19209289550781e-07]]",1,True,[0.0],"[{""rid"":227633266688,""shape"":0,""localShape"":0,""point"":[0.282842636108398,0.0,-0.282842636108398]}]",[227633266688],True,True,False,True,True
4,0.42,0.18,-45.0,False,105,503,8613397,0.0166666666666667,"[0.282842636108398,0.0166666638106108,-0.282842636108398]",-0.3999998920018545,"[0.0,0.0,0.0]",0.0,"[0.0,0.0,0.0]","[0.0,0.0,0.0]","[-0.0488898158073425,0.0,0.0488898158073425]",True,True,[51.94542799842619],"[[-1.19209289550781e-07,0.180000007152557,-1.19209289550781e-07]]",1,True,[0.0],"[{""rid"":227633266688,""shape"":0,""localShape"":0,""point"":[0.282842636108398,0.0,-0.282842636108398]}]",[227633266688],True,True,False,True,True
4,0.42,0.18,-45.0,False,106,504,8627171,0.0166666666666667,"[0.282842636108398,0.0166666638106108,-0.282842636108398]",-0.3999998920018545,"[0.0,0.0,0.0]",0.0,"[0.0,0.0,0.0]","[0.0,0.0,0.0]","[-0.0488898158073425,0.0,0.0488898158073425]",True,True,[51.94542799842619],"[[-1.19209289550781e-07,0.180000007152557,-1.19209289550781e-07]]",1,True,[0.0],"[{""rid"":227633266688,""shape"":0,""localShape"":0,""point"":[0.282842636108398,0.0,-0.282842636108398]}]",[227633266688],True,True,False,True,True
4,0.42,0.18,-45.0,False,107,505,8640941,0.0166666666666667,"[0.282842636108398,0.0166666638106108,-0.282842636108398]",-0.3999998920018545,"[0.0,0.0,0.0]",0.0,"[0.0,0.0,0.0]","[0.0,0.0,0.0]","[-0.0488898158073425,0.0,0.0488898158073425]",True,True,[51.94542799842619],"[[-1.19209289550781e-07,0.180000007152557,-1.19209289550781e-07]]",1,True,[0.0],"[{""rid"":227633266688,""shape"":0,""localShape"":0,""point"":[0.282842636108398,0.0,-0.282842636108398]}]",[227633266688],True,True,False,True,True
4,0.42,0.18,-45.0,False,108,506,8661664,0.0166666666666667,"[0.282842636108398,0.0166666638106108,-0.282842636108398]",-0.3999998920018545,"[0.0,0.0,0.0]",0.0,"[0.0,0.0,0.0]","[0.0,0.0,0.0]","[-0.0488898158073425,0.0,0.0488898158073425]",True,True,[51.94542799842619],"[[-1.19209289550781e-07,0.180000007152557,-1.19209289550781e-07]]",1,True,[0.0],"[{""rid"":227633266688,""shape"":0,""localShape"":0,""point"":[0.282842636108398,0.0,-0.282842636108398]}]",[227633266688],True,True,False,True,True
4,0.42,0.18,-45.0,False,109,507,8675476,0.0166666666666667,"[0.282842636108398,0.0166666638106108,-0.282842636108398]",-0.3999998920018545,"[0.0,0.0,0.0]",0.0,"[0.0,0.0,0.0]","[0.0,0.0,0.0]","[-0.0488898158073425,0.0,0.0488898158073425]",True,True,[51.94542799842619],"[[-1.19209289550781e-07,0.180000007152557,-1.19209289550781e-07]]",1,True,[0.0],"[{""rid"":227633266688,""shape"":0,""localShape"":0,""point"":[0.282842636108398,0.0,-0.282842636108398]}]",[227633266688],True,True,False,True,True
4,0.42,0.18,-45.0,False,110,508,8696205,0.0166666666666667,"[0.282842636108398,0.0166666638106108,-0.282842636108398]",-0.3999998920018545,"[0.0,0.0,0.0]",0.0,"[0.0,0.0,0.0]","[0.0,0.0,0.0]","[-0.0488898158073425,0.0,0.0488898158073425]",True,True,[51.94542799842619],"[[-1.19209289550781e-07,0.180000007152557,-1.19209289550781e-07]]",1,True,[0.0],"[{""rid"":227633266688,""shape"":0,""localShape"":0,""point"":[0.282842636108398,0.0,-0.282842636108398]}]",[227633266688],True,True,False,True,True
4,0.42,0.18,-45.0,False,111,509,8709954,0.0166666666666667,"[0.282842636108398,0.0166666638106108,-0.282842636108398]",-0.3999998920018545,"[0.0,0.0,0.0]",0.0,"[0.0,0.0,0.0]","[0.0,0.0,0.0]","[-0.0488898158073425,0.0,0.0488898158073425]",True,True,[51.94542799842619],"[[-1.19209289550781e-07,0.180000007152557,-1.19209289550781e-07]]",1,True,[0.0],"[{""rid"":227633266688,""shape"":0,""localShape"":0,""point"":[0.282842636108398,0.0,-0.282842636108398]}]",[227633266688],True,True,False,True,True
4,0.42,0.18,-45.0,False,112,510,8723773,0.0166666666666667,"[0.282842636108398,0.0166666638106108,-0.282842636108398]",-0.3999998920018545,"[0.0,0.0,0.0]",0.0,"[0.0,0.0,0.0]","[0.0,0.0,0.0]","[-0.0488898158073425,0.0,0.0488898158073425]",True,True,[51.94542799842619],"[[-1.19209289550781e-07,0.180000007152557,-1.19209289550781e-07]]",1,True,[0.0],"[{""rid"":227633266688,""shape"":0,""localShape"":0,""point"":[0.282842636108398,0.0,-0.282842636108398]}]",[227633266688],True,True,False,True,True
4,0.42,0.18,-45.0,False,113,511,8744512,0.0166666666666667,"[0.282842636108398,0.0166666638106108,-0.282842636108398]",-0.3999998920018545,"[0.0,0.0,0.0]",0.0,"[0.0,0.0,0.0]","[0.0,0.0,0.0]","[-0.0488898158073425,0.0,0.0488898158073425]",True,True,[51.94542799842619],"[[-1.19209289550781e-07,0.180000007152557,-1.19209289550781e-07]]",1,True,[0.0],"[{""rid"":227633266688,""shape"":0,""localShape"":0,""point"":[0.282842636108398,0.0,-0.282842636108398]}]",[227633266688],True,True,False,True,True
4,0.42,0.18,-45.0,False,114,512,8758288,0.0166666666666667,"[0.282842636108398,0.0166666638106108,-0.282842636108398]",-0.3999998920018545,"[0.0,0.0,0.0]",0.0,"[0.0,0.0,0.0]","[0.0,0.0,0.0]","[-0.0488898158073425,0.0,0.0488898158073425]",True,True,[51.94542799842619],"[[-1.19209289550781e-07,0.180000007152557,-1.19209289550781e-07]]",1,True,[0.0],"[{""rid"":227633266688,""shape"":0,""localShape"":0,""point"":[0.282842636108398,0.0,-0.282842636108398]}]",[227633266688],True,True,False,True,True
4,0.42,0.18,-45.0,False,115,513,8778996,0.0166666666666667,"[0.282842636108398,0.0166666638106108,-0.282842636108398]",-0.3999998920018545,"[0.0,0.0,0.0]",0.0,"[0.0,0.0,0.0]","[0.0,0.0,0.0]","[-0.0488898158073425,0.0,0.0488898158073425]",True,True,[51.94542799842619],"[[-1.19209289550781e-07,0.180000007152557,-1.19209289550781e-07]]",1,True,[0.0],"[{""rid"":227633266688,""shape"":0,""localShape"":0,""point"":[0.282842636108398,0.0,-0.282842636108398]}]",[227633266688],True,True,False,True,True
4,0.42,0.18,-45.0,False,116,514,8793176,0.0166666666666667,"[0.282842636108398,0.0166666638106108,-0.282842636108398]",-0.3999998920018545,"[0.0,0.0,0.0]",0.0,"[0.0,0.0,0.0]","[0.0,0.0,0.0]","[-0.0488898158073425,0.0,0.0488898158073425]",True,True,[51.94542799842619],"[[-1.19209289550781e-07,0.180000007152557,-1.19209289550781e-07]]",1,True,[0.0],"[{""rid"":227633266688,""shape"":0,""localShape"":0,""point"":[0.282842636108398,0.0,-0.282842636108398]}]",[227633266688],True,True,False,True,True
4,0.42,0.18,-45.0,False,117,515,8813478,0.0166666666666667,"[0.282842636108398,0.0166666638106108,-0.282842636108398]",-0.3999998920018545,"[0.0,0.0,0.0]",0.0,"[0.0,0.0,0.0]","[0.0,0.0,0.0]","[-0.0488898158073425,0.0,0.0488898158073425]",True,True,[51.94542799842619],"[[-1.19209289550781e-07,0.180000007152557,-1.19209289550781e-07]]",1,True,[0.0],"[{""rid"":227633266688,""shape"":0,""localShape"":0,""point"":[0.282842636108398,0.0,-0.282842636108398]}]",[227633266688],True,True,False,True,True
4,0.42,0.18,-45.0,False,118,516,8827401,0.0166666666666667,"[0.282842636108398,0.0166666638106108,-0.282842636108398]",-0.3999998920018545,"[0.0,0.0,0.0]",0.0,"[0.0,0.0,0.0]","[0.0,0.0,0.0]","[-0.0488898158073425,0.0,0.0488898158073425]",True,True,[51.94542799842619],"[[-1.19209289550781e-07,0.180000007152557,-1.19209289550781e-07]]",1,True,[0.0],"[{""rid"":227633266688,""shape"":0,""localShape"":0,""point"":[0.282842636108398,0.0,-0.282842636108398]}]",[227633266688],True,True,False,True,True
4,0.42,0.18,-45.0,False,119,517,8841697,0.0166666666666667,"[0.282842636108398,0.0166666638106108,-0.282842636108398]",-0.3999998920018545,"[0.0,0.0,0.0]",0.0,"[0.0,0.0,0.0]","[0.0,0.0,0.0]","[-0.0488898158073425,0.0,0.0488898158073425]",True,True,[51.94542799842619],"[[-1.19209289550781e-07,0.180000007152557,-1.19209289550781e-07]]",1,True,[0.0],"[{""rid"":227633266688,""shape"":0,""localShape"":0,""point"":[0.282842636108398,0.0,-0.282842636108398]}]",[227633266688],True,True,False,True,True
4,0.42,0.18,-45.0,False,120,518,8862188,0.0166666666666667,"[0.282842636108398,0.0166666638106108,-0.282842636108398]",-0.3999998920018545,"[0.0,0.0,0.0]",0.0,"[0.0,0.0,0.0]","[0.0,0.0,0.0]","[-0.0488898158073425,0.0,0.0488898158073425]",True,True,[51.94542799842619],"[[-1.19209289550781e-07,0.180000007152557,-1.19209289550781e-07]]",1,True,[0.0],"[{""rid"":227633266688,""shape"":0,""localShape"":0,""point"":[0.282842636108398,0.0,-0.282842636108398]}]",[227633266688],True,True,False,True,True
4,0.42,0.18,-45.0,False,121,519,8875669,0.0166666666666667,"[0.282842636108398,0.0166666638106108,-0.282842636108398]",-0.3999998920018545,"[0.0,0.0,0.0]",0.0,"[0.0,0.0,0.0]","[0.0,0.0,0.0]","[-0.0488898158073425,0.0,0.0488898158073425]",True,True,[51.94542799842619],"[[-1.19209289550781e-07,0.180000007152557,-1.19209289550781e-07]]",1,True,[0.0],"[{""rid"":227633266688,""shape"":0,""localShape"":0,""point"":[0.282842636108398,0.0,-0.282842636108398]}]",[227633266688],True,True,False,True,True
4,0.42,0.18,-45.0,False,122,520,8896305,0.0166666666666667,"[0.282842636108398,0.0166666638106108,-0.282842636108398]",-0.3999998920018545,"[0.0,0.0,0.0]",0.0,"[0.0,0.0,0.0]","[0.0,0.0,0.0]","[-0.0488898158073425,0.0,0.0488898158073425]",True,True,[51.94542799842619],"[[-1.19209289550781e-07,0.180000007152557,-1.19209289550781e-07]]",1,True,[0.0],"[{""rid"":227633266688,""shape"":0,""localShape"":0,""point"":[0.282842636108398,0.0,-0.282842636108398]}]",[227633266688],True,True,False,True,True
4,0.42,0.18,-45.0,False,123,521,8910103,0.0166666666666667,"[0.282842636108398,0.0166666638106108,-0.282842636108398]",-0.3999998920018545,"[0.0,0.0,0.0]",0.0,"[0.0,0.0,0.0]","[0.0,0.0,0.0]","[-0.0488898158073425,0.0,0.0488898158073425]",True,True,[51.94542799842619],"[[-1.19209289550781e-07,0.180000007152557,-1.19209289550781e-07]]",1,True,[0.0],"[{""rid"":227633266688,""shape"":0,""localShape"":0,""point"":[0.282842636108398,0.0,-0.282842636108398]}]",[227633266688],True,True,False,True,True
4,0.42,0.18,-45.0,False,124,522,8923866,0.0166666666666667,"[0.282842636108398,0.0166666638106108,-0.282842636108398]",-0.3999998920018545,"[0.0,0.0,0.0]",0.0,"[0.0,0.0,0.0]","[0.0,0.0,0.0]","[-0.0488898158073425,0.0,0.0488898158073425]",True,True,[51.94542799842619],"[[-1.19209289550781e-07,0.180000007152557,-1.19209289550781e-07]]",1,True,[0.0],"[{""rid"":227633266688,""shape"":0,""localShape"":0,""point"":[0.282842636108398,0.0,-0.282842636108398]}]",[227633266688],True,True,False,True,True
4,0.42,0.18,-45.0,False,125,523,8944559,0.0166666666666667,"[0.282842636108398,0.0166666638106108,-0.282842636108398]",-0.3999998920018545,"[0.0,0.0,0.0]",0.0,"[0.0,0.0,0.0]","[0.0,0.0,0.0]","[-0.0488898158073425,0.0,0.0488898158073425]",True,True,[51.94542799842619],"[[-1.19209289550781e-07,0.180000007152557,-1.19209289550781e-07]]",1,True,[0.0],"[{""rid"":227633266688,""shape"":0,""localShape"":0,""point"":[0.282842636108398,0.0,-0.282842636108398]}]",[227633266688],True,True,False,True,True
5,0.42,0.18,45.0,True,0,524,8964676,0.0166666666666667,"[-0.70710676908493,0.0444444455206394,-0.70710676908493]",-0.9999999828857283,"[0.0,-0.00555555522441864,0.0]",0.00555555522441864,"[0.0,-0.00555555522441864,0.0]","[0.0,-0.333333283662796,0.0]","[0.0,-0.00555555615574121,0.0]",False,False,[],[],0,False,[],[],[],True,True,False,False,False
5,0.42,0.18,45.0,True,1,525,8985430,0.0166666666666667,"[-0.70710676908493,0.0333333313465118,-0.70710676908493]",-0.9999999828857283,"[0.0,-0.0111111141741276,0.0]",0.0111111141741276,"[0.0,-0.0111111141741276,0.0]","[0.0,-0.666666805744171,0.0]","[0.0,-0.0111111123114824,0.0]",False,False,[],[],0,False,[],[],[],True,True,False,False,False
5,0.42,0.18,45.0,True,2,526,8999264,0.0166666666666667,"[-0.70710676908493,0.0166666638106108,-0.70710676908493]",-0.9999999828857283,"[0.0,-0.0166666675359011,0.0]",0.0166666675359011,"[0.0,-0.0166666675359011,0.0]","[0.0,-1.0,0.0]","[0.0,-0.0166666675359011,0.0]",False,False,[],[],1,True,[0.0],"[{""rid"":257698037760,""shape"":0,""localShape"":0,""point"":[-0.70710676908493,0.0,-0.70710676908493]}]",[257698037760],True,True,False,False,True
5,0.42,0.18,45.0,True,3,527,9019941,0.0166666666666667,"[-0.70710676908493,0.0166666638106108,-0.70710676908493]",-0.9999999828857283,"[0.0,0.0,0.0]",0.0,"[0.0,0.0,0.0]","[0.0,0.0,0.0]","[0.0,0.0,0.0]",True,False,[],[],1,True,[0.0],"[{""rid"":257698037760,""shape"":0,""localShape"":0,""point"":[-0.70710676908493,0.0,-0.70710676908493]}]",[257698037760],True,True,False,False,True
5,0.42,0.18,45.0,True,4,528,9033740,0.0166666666666667,"[-0.70710676908493,0.0166666638106108,-0.70710676908493]",-0.9999999828857283,"[0.0,0.0,0.0]",0.0,"[0.0,0.0,0.0]","[0.0,0.0,0.0]","[0.0,0.0,0.0]",True,False,[],[],1,True,[0.0],"[{""rid"":257698037760,""shape"":0,""localShape"":0,""point"":[-0.70710676908493,0.0,-0.70710676908493]}]",[257698037760],True,True,False,False,True
5,0.42,0.18,45.0,True,5,529,9047538,0.0166666666666667,"[-0.70710676908493,0.0166666638106108,-0.70710676908493]",-0.9999999828857283,"[0.0,0.0,0.0]",0.0,"[0.0,0.0,0.0]","[0.0,0.0,0.0]","[0.0,0.0,0.0]",True,False,[],[],1,True,[0.0],"[{""rid"":257698037760,""shape"":0,""localShape"":0,""point"":[-0.70710676908493,0.0,-0.70710676908493]}]",[257698037760],True,True,False,False,True
5,0.42,0.18,45.0,True,6,530,9068259,0.0166666666666667,"[-0.70710676908493,0.0166666638106108,-0.70710676908493]",-0.9999999828857283,"[0.0,0.0,0.0]",0.0,"[0.0,0.0,0.0]","[0.0,0.0,0.0]","[0.0,0.0,0.0]",True,False,[],[],1,True,[0.0],"[{""rid"":257698037760,""shape"":0,""localShape"":0,""point"":[-0.70710676908493,0.0,-0.70710676908493]}]",[257698037760],True,True,False,False,True
5,0.42,0.18,45.0,True,7,531,9082046,0.0166666666666667,"[-0.70710676908493,0.0166666638106108,-0.70710676908493]",-0.9999999828857283,"[0.0,0.0,0.0]",0.0,"[0.0,0.0,0.0]","[0.0,0.0,0.0]","[0.0,0.0,0.0]",True,False,[],[],1,True,[0.0],"[{""rid"":257698037760,""shape"":0,""localShape"":0,""point"":[-0.70710676908493,0.0,-0.70710676908493]}]",[257698037760],True,True,False,False,True
5,0.42,0.18,45.0,True,8,532,9102770,0.0166666666666667,"[-0.70710676908493,0.0166666638106108,-0.70710676908493]",-0.9999999828857283,"[0.0,0.0,0.0]",0.0,"[0.0,0.0,0.0]","[0.0,0.0,0.0]","[0.0,0.0,0.0]",True,False,[],[],1,True,[0.0],"[{""rid"":257698037760,""shape"":0,""localShape"":0,""point"":[-0.70710676908493,0.0,-0.70710676908493]}]",[257698037760],True,True,False,False,True
5,0.42,0.18,45.0,True,9,533,9116570,0.0166666666666667,"[-0.70710676908493,0.0166666638106108,-0.70710676908493]",-0.9999999828857283,"[0.0,0.0,0.0]",0.0,"[0.0,0.0,0.0]","[0.0,0.0,0.0]","[0.0,0.0,0.0]",True,False,[],[],1,True,[0.0],"[{""rid"":257698037760,""shape"":0,""localShape"":0,""point"":[-0.70710676908493,0.0,-0.70710676908493]}]",[257698037760],True,True,False,False,True
5,0.42,0.18,45.0,True,10,534,9130323,0.0166666666666667,"[-0.70710676908493,0.0166666638106108,-0.70710676908493]",-0.9999999828857283,"[0.0,0.0,0.0]",0.0,"[0.0,0.0,0.0]","[0.0,0.0,0.0]","[0.0,0.0,0.0]",True,False,[],[],1,True,[0.0],"[{""rid"":257698037760,""shape"":0,""localShape"":0,""point"":[-0.70710676908493,0.0,-0.70710676908493]}]",[257698037760],True,True,False,False,True
5,0.42,0.18,45.0,True,11,535,9151041,0.0166666666666667,"[-0.70710676908493,0.0166666638106108,-0.70710676908493]",-0.9999999828857283,"[0.0,0.0,0.0]",0.0,"[0.0,0.0,0.0]","[0.0,0.0,0.0]","[0.0,0.0,0.0]",True,False,[],[],1,True,[0.0],"[{""rid"":257698037760,""shape"":0,""localShape"":0,""point"":[-0.70710676908493,0.0,-0.70710676908493]}]",[257698037760],True,True,False,False,True
5,0.42,0.18,45.0,True,12,536,9164837,0.0166666666666667,"[-0.70710676908493,0.0166666638106108,-0.70710676908493]",-0.9999999828857283,"[0.0,0.0,0.0]",0.0,"[0.0,0.0,0.0]","[0.0,0.0,0.0]","[0.0,0.0,0.0]",True,False,[],[],1,True,[0.0],"[{""rid"":257698037760,""shape"":0,""localShape"":0,""point"":[-0.70710676908493,0.0,-0.70710676908493]}]",[257698037760],True,True,False,False,True
5,0.42,0.18,45.0,True,13,537,9185612,0.0166666666666667,"[-0.70710676908493,0.0166666638106108,-0.70710676908493]",-0.9999999828857283,"[0.0,0.0,0.0]",0.0,"[0.0,0.0,0.0]","[0.0,0.0,0.0]","[0.0,0.0,0.0]",True,False,[],[],1,True,[0.0],"[{""rid"":257698037760,""shape"":0,""localShape"":0,""point"":[-0.70710676908493,0.0,-0.70710676908493]}]",[257698037760],True,True,False,False,True
5,0.42,0.18,45.0,True,14,538,9199378,0.0166666666666667,"[-0.70710676908493,0.0166666638106108,-0.70710676908493]",-0.9999999828857283,"[0.0,0.0,0.0]",0.0,"[0.0,0.0,0.0]","[0.0,0.0,0.0]","[0.0,0.0,0.0]",True,False,[],[],1,True,[0.0],"[{""rid"":257698037760,""shape"":0,""localShape"":0,""point"":[-0.70710676908493,0.0,-0.70710676908493]}]",[257698037760],True,True,False,False,True
5,0.42,0.18,45.0,True,15,539,9220097,0.0166666666666667,"[-0.70710676908493,0.0166666638106108,-0.70710676908493]",-0.9999999828857283,"[0.0,0.0,0.0]",0.0,"[0.0,0.0,0.0]","[0.0,0.0,0.0]","[0.0,0.0,0.0]",True,False,[],[],1,True,[0.0],"[{""rid"":257698037760,""shape"":0,""localShape"":0,""point"":[-0.70710676908493,0.0,-0.70710676908493]}]",[257698037760],True,True,False,False,True
5,0.42,0.18,45.0,True,16,540,9233861,0.0166666666666667,"[-0.70710676908493,0.0166666638106108,-0.70710676908493]",-0.9999999828857283,"[0.0,0.0,0.0]",0.0,"[0.0,0.0,0.0]","[0.0,0.0,0.0]","[0.0,0.0,0.0]",True,False,[],[],1,True,[0.0],"[{""rid"":257698037760,""shape"":0,""localShape"":0,""point"":[-0.70710676908493,0.0,-0.70710676908493]}]",[257698037760],True,True,False,False,True
5,0.42,0.18,45.0,True,17,541,9247643,0.0166666666666667,"[-0.70710676908493,0.0166666638106108,-0.70710676908493]",-0.9999999828857283,"[0.0,0.0,0.0]",0.0,"[0.0,0.0,0.0]","[0.0,0.0,0.0]","[0.0,0.0,0.0]",True,False,[],[],1,True,[0.0],"[{""rid"":257698037760,""shape"":0,""localShape"":0,""point"":[-0.70710676908493,0.0,-0.70710676908493]}]",[257698037760],True,True,False,False,True
5,0.42,0.18,45.0,True,18,542,9268356,0.0166666666666667,"[-0.70710676908493,0.0166666638106108,-0.70710676908493]",-0.9999999828857283,"[0.0,0.0,0.0]",0.0,"[0.0,0.0,0.0]","[0.0,0.0,0.0]","[0.0,0.0,0.0]",True,False,[],[],1,True,[0.0],"[{""rid"":257698037760,""shape"":0,""localShape"":0,""point"":[-0.70710676908493,0.0,-0.70710676908493]}]",[257698037760],True,True,False,False,True
5,0.42,0.18,45.0,True,19,543,9282147,0.0166666666666667,"[-0.70710676908493,0.0166666638106108,-0.70710676908493]",-0.9999999828857283,"[0.0,0.0,0.0]",0.0,"[0.0,0.0,0.0]","[0.0,0.0,0.0]","[0.0,0.0,0.0]",True,False,[],[],1,True,[0.0],"[{""rid"":257698037760,""shape"":0,""localShape"":0,""point"":[-0.70710676908493,0.0,-0.70710676908493]}]",[257698037760],True,True,False,False,True
5,0.42,0.18,45.0,False,0,544,9302873,0.0166666666666667,"[-0.636396050453186,0.0166666638106108,-0.636396050453186]",-0.899999925591568,"[0.0707107186317444,0.0,0.0707107186317444]",0.10000005729416082,"[0.0707107186317444,0.0,0.0707107186317444]","[4.24264287948608,0.0,4.24264287948608]","[0.070710688829422,0.0,0.070710688829422]",True,False,[],[],1,True,[0.0],"[{""rid"":257698037760,""shape"":0,""localShape"":0,""point"":[-0.636396050453186,0.0,-0.636396050453186]}]",[257698037760],True,True,False,False,True
5,0.42,0.18,45.0,False,1,545,9316628,0.0166666666666667,"[-0.565685391426086,0.0166666638106108,-0.565685391426086]",-0.7999999525911037,"[0.0707106590270996,0.0,0.0707106590270996]",0.09999997300046377,"[0.0707106590270996,0.0,0.0707106590270996]","[4.24263954162598,0.0,4.24263954162598]","[0.070710688829422,0.0,0.070710688829422]",True,False,[],[],1,True,[0.0],"[{""rid"":257698037760,""shape"":0,""localShape"":0,""point"":[-0.565685391426086,0.0,-0.565685391426086]}]",[257698037760],True,True,False,False,True
5,0.42,0.18,45.0,False,2,546,9330454,0.0166666666666667,"[-0.494974702596664,0.0166666638106108,-0.494974702596664]",-0.6999999374437915,"[0.070710688829422,0.0,0.070710688829422]",0.1000000151473123,"[0.070710688829422,0.0,0.070710688829422]","[4.24264097213745,0.0,4.24264097213745]","[0.070710688829422,0.0,0.070710688829422]",True,False,[],[],1,True,[0.0],"[{""rid"":257698037760,""shape"":0,""localShape"":0,""point"":[-0.494974702596664,0.0,-0.494974702596664]}]",[257698037760],True,True,False,False,True
5,0.42,0.18,45.0,False,3,547,9351145,0.0166666666666667,"[-0.424264013767242,0.0166666638106108,-0.424264013767242]",-0.5999999222964791,"[0.070710688829422,0.0,0.070710688829422]",0.1000000151473123,"[0.070710688829422,0.0,0.070710688829422]","[4.24264097213745,0.0,4.24264097213745]","[0.070710688829422,0.0,0.070710688829422]",True,False,[],[],1,True,[0.0],"[{""rid"":257698037760,""shape"":0,""localShape"":0,""point"":[-0.424264013767242,0.0,-0.424264013767242]}]",[257698037760],True,True,False,False,True
5,0.42,0.18,45.0,False,4,548,9364913,0.0166666666666667,"[-0.35355332493782,0.0166666638106108,-0.35355332493782]",-0.49999990714916687,"[0.070710688829422,0.0,0.070710688829422]",0.1000000151473123,"[0.070710688829422,0.0,0.070710688829422]","[4.24264097213745,0.0,4.24264097213745]","[0.070710688829422,0.0,0.070710688829422]",True,False,[],[],1,True,[0.0],"[{""rid"":257698037760,""shape"":0,""localShape"":0,""point"":[-0.35355332493782,0.0,-0.35355332493782]}]",[257698037760],True,True,False,False,True
5,0.42,0.18,45.0,False,5,549,9385673,0.0166666666666667,"[-0.282842636108398,0.0166666638106108,-0.282842636108398]",-0.3999998920018545,"[0.070710688829422,0.0,0.070710688829422]",0.1000000151473123,"[0.070710688829422,0.0,0.070710688829422]","[4.24264097213745,0.0,4.24264097213745]","[0.070710688829422,0.0,0.070710688829422]",True,False,[],[],1,True,[0.0],"[{""rid"":257698037760,""shape"":0,""localShape"":0,""point"":[-0.282842636108398,0.0,-0.282842636108398]}]",[257698037760],True,True,False,False,True
5,0.42,0.18,45.0,False,6,550,9399468,0.0166666666666667,"[-0.282842636108398,0.0166666638106108,-0.282842636108398]",-0.3999998920018545,"[0.0,0.0,0.0]",0.0,"[0.0,0.0,0.0]","[0.0,0.0,0.0]","[0.0488898158073425,0.0,0.0488898158073425]",True,True,[51.94542799842619],"[[-1.19209289550781e-07,0.180000007152557,1.19209289550781e-07]]",1,True,[0.0],"[{""rid"":257698037760,""shape"":0,""localShape"":0,""point"":[-0.282842636108398,0.0,-0.282842636108398]}]",[257698037760],True,True,False,True,True
5,0.42,0.18,45.0,False,7,551,9413239,0.0166666666666667,"[-0.282842636108398,0.0166666638106108,-0.282842636108398]",-0.3999998920018545,"[0.0,0.0,0.0]",0.0,"[0.0,0.0,0.0]","[0.0,0.0,0.0]","[0.0488898158073425,0.0,0.0488898158073425]",True,True,[51.94542799842619],"[[-1.19209289550781e-07,0.180000007152557,1.19209289550781e-07]]",1,True,[0.0],"[{""rid"":257698037760,""shape"":0,""localShape"":0,""point"":[-0.282842636108398,0.0,-0.282842636108398]}]",[257698037760],True,True,False,True,True
5,0.42,0.18,45.0,False,8,552,9433947,0.0166666666666667,"[-0.282842636108398,0.0166666638106108,-0.282842636108398]",-0.3999998920018545,"[0.0,0.0,0.0]",0.0,"[0.0,0.0,0.0]","[0.0,0.0,0.0]","[0.0488898158073425,0.0,0.0488898158073425]",True,True,[51.94542799842619],"[[-1.19209289550781e-07,0.180000007152557,1.19209289550781e-07]]",1,True,[0.0],"[{""rid"":257698037760,""shape"":0,""localShape"":0,""point"":[-0.282842636108398,0.0,-0.282842636108398]}]",[257698037760],True,True,False,True,True
5,0.42,0.18,45.0,False,9,553,9447751,0.0166666666666667,"[-0.282842636108398,0.0166666638106108,-0.282842636108398]",-0.3999998920018545,"[0.0,0.0,0.0]",0.0,"[0.0,0.0,0.0]","[0.0,0.0,0.0]","[0.0488898158073425,0.0,0.0488898158073425]",True,True,[51.94542799842619],"[[-1.19209289550781e-07,0.180000007152557,1.19209289550781e-07]]",1,True,[0.0],"[{""rid"":257698037760,""shape"":0,""localShape"":0,""point"":[-0.282842636108398,0.0,-0.282842636108398]}]",[257698037760],True,True,False,True,True
5,0.42,0.18,45.0,False,10,554,9468483,0.0166666666666667,"[-0.282842636108398,0.0166666638106108,-0.282842636108398]",-0.3999998920018545,"[0.0,0.0,0.0]",0.0,"[0.0,0.0,0.0]","[0.0,0.0,0.0]","[0.0488898158073425,0.0,0.0488898158073425]",True,True,[51.94542799842619],"[[-1.19209289550781e-07,0.180000007152557,1.19209289550781e-07]]",1,True,[0.0],"[{""rid"":257698037760,""shape"":0,""localShape"":0,""point"":[-0.282842636108398,0.0,-0.282842636108398]}]",[257698037760],True,True,False,True,True
5,0.42,0.18,45.0,False,11,555,9482266,0.0166666666666667,"[-0.282842636108398,0.0166666638106108,-0.282842636108398]",-0.3999998920018545,"[0.0,0.0,0.0]",0.0,"[0.0,0.0,0.0]","[0.0,0.0,0.0]","[0.0488898158073425,0.0,0.0488898158073425]",True,True,[51.94542799842619],"[[-1.19209289550781e-07,0.180000007152557,1.19209289550781e-07]]",1,True,[0.0],"[{""rid"":257698037760,""shape"":0,""localShape"":0,""point"":[-0.282842636108398,0.0,-0.282842636108398]}]",[257698037760],True,True,False,True,True
5,0.42,0.18,45.0,False,12,556,9496058,0.0166666666666667,"[-0.282842636108398,0.0166666638106108,-0.282842636108398]",-0.3999998920018545,"[0.0,0.0,0.0]",0.0,"[0.0,0.0,0.0]","[0.0,0.0,0.0]","[0.0488898158073425,0.0,0.0488898158073425]",True,True,[51.94542799842619],"[[-1.19209289550781e-07,0.180000007152557,1.19209289550781e-07]]",1,True,[0.0],"[{""rid"":257698037760,""shape"":0,""localShape"":0,""point"":[-0.282842636108398,0.0,-0.282842636108398]}]",[257698037760],True,True,False,True,True
5,0.42,0.18,45.0,False,13,557,9516749,0.0166666666666667,"[-0.282842636108398,0.0166666638106108,-0.282842636108398]",-0.3999998920018545,"[0.0,0.0,0.0]",0.0,"[0.0,0.0,0.0]","[0.0,0.0,0.0]","[0.0488898158073425,0.0,0.0488898158073425]",True,True,[51.94542799842619],"[[-1.19209289550781e-07,0.180000007152557,1.19209289550781e-07]]",1,True,[0.0],"[{""rid"":257698037760,""shape"":0,""localShape"":0,""point"":[-0.282842636108398,0.0,-0.282842636108398]}]",[257698037760],True,True,False,True,True
5,0.42,0.18,45.0,False,14,558,9530562,0.0166666666666667,"[-0.282842636108398,0.0166666638106108,-0.282842636108398]",-0.3999998920018545,"[0.0,0.0,0.0]",0.0,"[0.0,0.0,0.0]","[0.0,0.0,0.0]","[0.0488898158073425,0.0,0.0488898158073425]",True,True,[51.94542799842619],"[[-1.19209289550781e-07,0.180000007152557,1.19209289550781e-07]]",1,True,[0.0],"[{""rid"":257698037760,""shape"":0,""localShape"":0,""point"":[-0.282842636108398,0.0,-0.282842636108398]}]",[257698037760],True,True,False,True,True
5,0.42,0.18,45.0,False,15,559,9551280,0.0166666666666667,"[-0.282842636108398,0.0166666638106108,-0.282842636108398]",-0.3999998920018545,"[0.0,0.0,0.0]",0.0,"[0.0,0.0,0.0]","[0.0,0.0,0.0]","[0.0488898158073425,0.0,0.0488898158073425]",True,True,[51.94542799842619],"[[-1.19209289550781e-07,0.180000007152557,1.19209289550781e-07]]",1,True,[0.0],"[{""rid"":257698037760,""shape"":0,""localShape"":0,""point"":[-0.282842636108398,0.0,-0.282842636108398]}]",[257698037760],True,True,False,True,True
5,0.42,0.18,45.0,False,16,560,9565048,0.0166666666666667,"[-0.282842636108398,0.0166666638106108,-0.282842636108398]",-0.3999998920018545,"[0.0,0.0,0.0]",0.0,"[0.0,0.0,0.0]","[0.0,0.0,0.0]","[0.0488898158073425,0.0,0.0488898158073425]",True,True,[51.94542799842619],"[[-1.19209289550781e-07,0.180000007152557,1.19209289550781e-07]]",1,True,[0.0],"[{""rid"":257698037760,""shape"":0,""localShape"":0,""point"":[-0.282842636108398,0.0,-0.282842636108398]}]",[257698037760],True,True,False,True,True
5,0.42,0.18,45.0,False,17,561,9578859,0.0166666666666667,"[-0.282842636108398,0.0166666638106108,-0.282842636108398]",-0.3999998920018545,"[0.0,0.0,0.0]",0.0,"[0.0,0.0,0.0]","[0.0,0.0,0.0]","[0.0488898158073425,0.0,0.0488898158073425]",True,True,[51.94542799842619],"[[-1.19209289550781e-07,0.180000007152557,1.19209289550781e-07]]",1,True,[0.0],"[{""rid"":257698037760,""shape"":0,""localShape"":0,""point"":[-0.282842636108398,0.0,-0.282842636108398]}]",[257698037760],True,True,False,True,True
5,0.42,0.18,45.0,False,18,562,9599582,0.0166666666666667,"[-0.282842636108398,0.0166666638106108,-0.282842636108398]",-0.3999998920018545,"[0.0,0.0,0.0]",0.0,"[0.0,0.0,0.0]","[0.0,0.0,0.0]","[0.0488898158073425,0.0,0.0488898158073425]",True,True,[51.94542799842619],"[[-1.19209289550781e-07,0.180000007152557,1.19209289550781e-07]]",1,True,[0.0],"[{""rid"":257698037760,""shape"":0,""localShape"":0,""point"":[-0.282842636108398,0.0,-0.282842636108398]}]",[257698037760],True,True,False,True,True
5,0.42,0.18,45.0,False,19,563,9613350,0.0166666666666667,"[-0.282842636108398,0.0166666638106108,-0.282842636108398]",-0.3999998920018545,"[0.0,0.0,0.0]",0.0,"[0.0,0.0,0.0]","[0.0,0.0,0.0]","[0.0488898158073425,0.0,0.0488898158073425]",True,True,[51.94542799842619],"[[-1.19209289550781e-07,0.180000007152557,1.19209289550781e-07]]",1,True,[0.0],"[{""rid"":257698037760,""shape"":0,""localShape"":0,""point"":[-0.282842636108398,0.0,-0.282842636108398]}]",[257698037760],True,True,False,True,True
5,0.42,0.18,45.0,False,20,564,9634034,0.0166666666666667,"[-0.282842636108398,0.0166666638106108,-0.282842636108398]",-0.3999998920018545,"[0.0,0.0,0.0]",0.0,"[0.0,0.0,0.0]","[0.0,0.0,0.0]","[0.0488898158073425,0.0,0.0488898158073425]",True,True,[51.94542799842619],"[[-1.19209289550781e-07,0.180000007152557,1.19209289550781e-07]]",1,True,[0.0],"[{""rid"":257698037760,""shape"":0,""localShape"":0,""point"":[-0.282842636108398,0.0,-0.282842636108398]}]",[257698037760],True,True,False,True,True
5,0.42,0.18,45.0,False,21,565,9647862,0.0166666666666667,"[-0.282842636108398,0.0166666638106108,-0.282842636108398]",-0.3999998920018545,"[0.0,0.0,0.0]",0.0,"[0.0,0.0,0.0]","[0.0,0.0,0.0]","[0.0488898158073425,0.0,0.0488898158073425]",True,True,[51.94542799842619],"[[-1.19209289550781e-07,0.180000007152557,1.19209289550781e-07]]",1,True,[0.0],"[{""rid"":257698037760,""shape"":0,""localShape"":0,""point"":[-0.282842636108398,0.0,-0.282842636108398]}]",[257698037760],True,True,False,True,True
5,0.42,0.18,45.0,False,22,566,9661630,0.0166666666666667,"[-0.282842636108398,0.0166666638106108,-0.282842636108398]",-0.3999998920018545,"[0.0,0.0,0.0]",0.0,"[0.0,0.0,0.0]","[0.0,0.0,0.0]","[0.0488898158073425,0.0,0.0488898158073425]",True,True,[51.94542799842619],"[[-1.19209289550781e-07,0.180000007152557,1.19209289550781e-07]]",1,True,[0.0],"[{""rid"":257698037760,""shape"":0,""localShape"":0,""point"":[-0.282842636108398,0.0,-0.282842636108398]}]",[257698037760],True,True,False,True,True
5,0.42,0.18,45.0,False,23,567,9682365,0.0166666666666667,"[-0.282842636108398,0.0166666638106108,-0.282842636108398]",-0.3999998920018545,"[0.0,0.0,0.0]",0.0,"[0.0,0.0,0.0]","[0.0,0.0,0.0]","[0.0488898158073425,0.0,0.0488898158073425]",True,True,[51.94542799842619],"[[-1.19209289550781e-07,0.180000007152557,1.19209289550781e-07]]",1,True,[0.0],"[{""rid"":257698037760,""shape"":0,""localShape"":0,""point"":[-0.282842636108398,0.0,-0.282842636108398]}]",[257698037760],True,True,False,True,True
5,0.42,0.18,45.0,False,24,568,9696176,0.0166666666666667,"[-0.282842636108398,0.0166666638106108,-0.282842636108398]",-0.3999998920018545,"[0.0,0.0,0.0]",0.0,"[0.0,0.0,0.0]","[0.0,0.0,0.0]","[0.0488898158073425,0.0,0.0488898158073425]",True,True,[51.94542799842619],"[[-1.19209289550781e-07,0.180000007152557,1.19209289550781e-07]]",1,True,[0.0],"[{""rid"":257698037760,""shape"":0,""localShape"":0,""point"":[-0.282842636108398,0.0,-0.282842636108398]}]",[257698037760],True,True,False,True,True
5,0.42,0.18,45.0,False,25,569,9716878,0.0166666666666667,"[-0.282842636108398,0.0166666638106108,-0.282842636108398]",-0.3999998920018545,"[0.0,0.0,0.0]",0.0,"[0.0,0.0,0.0]","[0.0,0.0,0.0]","[0.0488898158073425,0.0,0.0488898158073425]",True,True,[51.94542799842619],"[[-1.19209289550781e-07,0.180000007152557,1.19209289550781e-07]]",1,True,[0.0],"[{""rid"":257698037760,""shape"":0,""localShape"":0,""point"":[-0.282842636108398,0.0,-0.282842636108398]}]",[257698037760],True,True,False,True,True
5,0.42,0.18,45.0,False,26,570,9730657,0.0166666666666667,"[-0.282842636108398,0.0166666638106108,-0.282842636108398]",-0.3999998920018545,"[0.0,0.0,0.0]",0.0,"[0.0,0.0,0.0]","[0.0,0.0,0.0]","[0.0488898158073425,0.0,0.0488898158073425]",True,True,[51.94542799842619],"[[-1.19209289550781e-07,0.180000007152557,1.19209289550781e-07]]",1,True,[0.0],"[{""rid"":257698037760,""shape"":0,""localShape"":0,""point"":[-0.282842636108398,0.0,-0.282842636108398]}]",[257698037760],True,True,False,True,True
5,0.42,0.18,45.0,False,27,571,9744441,0.0166666666666667,"[-0.282842636108398,0.0166666638106108,-0.282842636108398]",-0.3999998920018545,"[0.0,0.0,0.0]",0.0,"[0.0,0.0,0.0]","[0.0,0.0,0.0]","[0.0488898158073425,0.0,0.0488898158073425]",True,True,[51.94542799842619],"[[-1.19209289550781e-07,0.180000007152557,1.19209289550781e-07]]",1,True,[0.0],"[{""rid"":257698037760,""shape"":0,""localShape"":0,""point"":[-0.282842636108398,0.0,-0.282842636108398]}]",[257698037760],True,True,False,True,True
5,0.42,0.18,45.0,False,28,572,9765160,0.0166666666666667,"[-0.282842636108398,0.0166666638106108,-0.282842636108398]",-0.3999998920018545,"[0.0,0.0,0.0]",0.0,"[0.0,0.0,0.0]","[0.0,0.0,0.0]","[0.0488898158073425,0.0,0.0488898158073425]",True,True,[51.94542799842619],"[[-1.19209289550781e-07,0.180000007152557,1.19209289550781e-07]]",1,True,[0.0],"[{""rid"":257698037760,""shape"":0,""localShape"":0,""point"":[-0.282842636108398,0.0,-0.282842636108398]}]",[257698037760],True,True,False,True,True
5,0.42,0.18,45.0,False,29,573,9778954,0.0166666666666667,"[-0.282842636108398,0.0166666638106108,-0.282842636108398]",-0.3999998920018545,"[0.0,0.0,0.0]",0.0,"[0.0,0.0,0.0]","[0.0,0.0,0.0]","[0.0488898158073425,0.0,0.0488898158073425]",True,True,[51.94542799842619],"[[-1.19209289550781e-07,0.180000007152557,1.19209289550781e-07]]",1,True,[0.0],"[{""rid"":257698037760,""shape"":0,""localShape"":0,""point"":[-0.282842636108398,0.0,-0.282842636108398]}]",[257698037760],True,True,False,True,True
5,0.42,0.18,45.0,False,30,574,9799694,0.0166666666666667,"[-0.282842636108398,0.0166666638106108,-0.282842636108398]",-0.3999998920018545,"[0.0,0.0,0.0]",0.0,"[0.0,0.0,0.0]","[0.0,0.0,0.0]","[0.0488898158073425,0.0,0.0488898158073425]",True,True,[51.94542799842619],"[[-1.19209289550781e-07,0.180000007152557,1.19209289550781e-07]]",1,True,[0.0],"[{""rid"":257698037760,""shape"":0,""localShape"":0,""point"":[-0.282842636108398,0.0,-0.282842636108398]}]",[257698037760],True,True,False,True,True
5,0.42,0.18,45.0,False,31,575,9813944,0.0166666666666667,"[-0.282842636108398,0.0166666638106108,-0.282842636108398]",-0.3999998920018545,"[0.0,0.0,0.0]",0.0,"[0.0,0.0,0.0]","[0.0,0.0,0.0]","[0.0488898158073425,0.0,0.0488898158073425]",True,True,[51.94542799842619],"[[-1.19209289550781e-07,0.180000007152557,1.19209289550781e-07]]",1,True,[0.0],"[{""rid"":257698037760,""shape"":0,""localShape"":0,""point"":[-0.282842636108398,0.0,-0.282842636108398]}]",[257698037760],True,True,False,True,True
5,0.42,0.18,45.0,False,32,576,9827270,0.0166666666666667,"[-0.282842636108398,0.0166666638106108,-0.282842636108398]",-0.3999998920018545,"[0.0,0.0,0.0]",0.0,"[0.0,0.0,0.0]","[0.0,0.0,0.0]","[0.0488898158073425,0.0,0.0488898158073425]",True,True,[51.94542799842619],"[[-1.19209289550781e-07,0.180000007152557,1.19209289550781e-07]]",1,True,[0.0],"[{""rid"":257698037760,""shape"":0,""localShape"":0,""point"":[-0.282842636108398,0.0,-0.282842636108398]}]",[257698037760],True,True,False,True,True
5,0.42,0.18,45.0,False,33,577,9847969,0.0166666666666667,"[-0.282842636108398,0.0166666638106108,-0.282842636108398]",-0.3999998920018545,"[0.0,0.0,0.0]",0.0,"[0.0,0.0,0.0]","[0.0,0.0,0.0]","[0.0488898158073425,0.0,0.0488898158073425]",True,True,[51.94542799842619],"[[-1.19209289550781e-07,0.180000007152557,1.19209289550781e-07]]",1,True,[0.0],"[{""rid"":257698037760,""shape"":0,""localShape"":0,""point"":[-0.282842636108398,0.0,-0.282842636108398]}]",[257698037760],True,True,False,True,True
5,0.42,0.18,45.0,False,34,578,9861757,0.0166666666666667,"[-0.282842636108398,0.0166666638106108,-0.282842636108398]",-0.3999998920018545,"[0.0,0.0,0.0]",0.0,"[0.0,0.0,0.0]","[0.0,0.0,0.0]","[0.0488898158073425,0.0,0.0488898158073425]",True,True,[51.94542799842619],"[[-1.19209289550781e-07,0.180000007152557,1.19209289550781e-07]]",1,True,[0.0],"[{""rid"":257698037760,""shape"":0,""localShape"":0,""point"":[-0.282842636108398,0.0,-0.282842636108398]}]",[257698037760],True,True,False,True,True
5,0.42,0.18,45.0,False,35,579,9882499,0.0166666666666667,"[-0.282842636108398,0.0166666638106108,-0.282842636108398]",-0.3999998920018545,"[0.0,0.0,0.0]",0.0,"[0.0,0.0,0.0]","[0.0,0.0,0.0]","[0.0488898158073425,0.0,0.0488898158073425]",True,True,[51.94542799842619],"[[-1.19209289550781e-07,0.180000007152557,1.19209289550781e-07]]",1,True,[0.0],"[{""rid"":257698037760,""shape"":0,""localShape"":0,""point"":[-0.282842636108398,0.0,-0.282842636108398]}]",[257698037760],True,True,False,True,True
5,0.42,0.18,45.0,False,36,580,9896303,0.0166666666666667,"[-0.282842636108398,0.0166666638106108,-0.282842636108398]",-0.3999998920018545,"[0.0,0.0,0.0]",0.0,"[0.0,0.0,0.0]","[0.0,0.0,0.0]","[0.0488898158073425,0.0,0.0488898158073425]",True,True,[51.94542799842619],"[[-1.19209289550781e-07,0.180000007152557,1.19209289550781e-07]]",1,True,[0.0],"[{""rid"":257698037760,""shape"":0,""localShape"":0,""point"":[-0.282842636108398,0.0,-0.282842636108398]}]",[257698037760],True,True,False,True,True
5,0.42,0.18,45.0,False,37,581,9910085,0.0166666666666667,"[-0.282842636108398,0.0166666638106108,-0.282842636108398]",-0.3999998920018545,"[0.0,0.0,0.0]",0.0,"[0.0,0.0,0.0]","[0.0,0.0,0.0]","[0.0488898158073425,0.0,0.0488898158073425]",True,True,[51.94542799842619],"[[-1.19209289550781e-07,0.180000007152557,1.19209289550781e-07]]",1,True,[0.0],"[{""rid"":257698037760,""shape"":0,""localShape"":0,""point"":[-0.282842636108398,0.0,-0.282842636108398]}]",[257698037760],True,True,False,True,True
5,0.42,0.18,45.0,False,38,582,9930736,0.0166666666666667,"[-0.282842636108398,0.0166666638106108,-0.282842636108398]",-0.3999998920018545,"[0.0,0.0,0.0]",0.0,"[0.0,0.0,0.0]","[0.0,0.0,0.0]","[0.0488898158073425,0.0,0.0488898158073425]",True,True,[51.94542799842619],"[[-1.19209289550781e-07,0.180000007152557,1.19209289550781e-07]]",1,True,[0.0],"[{""rid"":257698037760,""shape"":0,""localShape"":0,""point"":[-0.282842636108398,0.0,-0.282842636108398]}]",[257698037760],True,True,False,True,True
5,0.42,0.18,45.0,False,39,583,9944527,0.0166666666666667,"[-0.282842636108398,0.0166666638106108,-0.282842636108398]",-0.3999998920018545,"[0.0,0.0,0.0]",0.0,"[0.0,0.0,0.0]","[0.0,0.0,0.0]","[0.0488898158073425,0.0,0.0488898158073425]",True,True,[51.94542799842619],"[[-1.19209289550781e-07,0.180000007152557,1.19209289550781e-07]]",1,True,[0.0],"[{""rid"":257698037760,""shape"":0,""localShape"":0,""point"":[-0.282842636108398,0.0,-0.282842636108398]}]",[257698037760],True,True,False,True,True
5,0.42,0.18,45.0,False,40,584,9965262,0.0166666666666667,"[-0.282842636108398,0.0166666638106108,-0.282842636108398]",-0.3999998920018545,"[0.0,0.0,0.0]",0.0,"[0.0,0.0,0.0]","[0.0,0.0,0.0]","[0.0488898158073425,0.0,0.0488898158073425]",True,True,[51.94542799842619],"[[-1.19209289550781e-07,0.180000007152557,1.19209289550781e-07]]",1,True,[0.0],"[{""rid"":257698037760,""shape"":0,""localShape"":0,""point"":[-0.282842636108398,0.0,-0.282842636108398]}]",[257698037760],True,True,False,True,True
5,0.42,0.18,45.0,False,41,585,9979035,0.0166666666666667,"[-0.282842636108398,0.0166666638106108,-0.282842636108398]",-0.3999998920018545,"[0.0,0.0,0.0]",0.0,"[0.0,0.0,0.0]","[0.0,0.0,0.0]","[0.0488898158073425,0.0,0.0488898158073425]",True,True,[51.94542799842619],"[[-1.19209289550781e-07,0.180000007152557,1.19209289550781e-07]]",1,True,[0.0],"[{""rid"":257698037760,""shape"":0,""localShape"":0,""point"":[-0.282842636108398,0.0,-0.282842636108398]}]",[257698037760],True,True,False,True,True
5,0.42,0.18,45.0,False,42,586,9992858,0.0166666666666667,"[-0.282842636108398,0.0166666638106108,-0.282842636108398]",-0.3999998920018545,"[0.0,0.0,0.0]",0.0,"[0.0,0.0,0.0]","[0.0,0.0,0.0]","[0.0488898158073425,0.0,0.0488898158073425]",True,True,[51.94542799842619],"[[-1.19209289550781e-07,0.180000007152557,1.19209289550781e-07]]",1,True,[0.0],"[{""rid"":257698037760,""shape"":0,""localShape"":0,""point"":[-0.282842636108398,0.0,-0.282842636108398]}]",[257698037760],True,True,False,True,True
5,0.42,0.18,45.0,False,43,587,10013586,0.0166666666666667,"[-0.282842636108398,0.0166666638106108,-0.282842636108398]",-0.3999998920018545,"[0.0,0.0,0.0]",0.0,"[0.0,0.0,0.0]","[0.0,0.0,0.0]","[0.0488898158073425,0.0,0.0488898158073425]",True,True,[51.94542799842619],"[[-1.19209289550781e-07,0.180000007152557,1.19209289550781e-07]]",1,True,[0.0],"[{""rid"":257698037760,""shape"":0,""localShape"":0,""point"":[-0.282842636108398,0.0,-0.282842636108398]}]",[257698037760],True,True,False,True,True
5,0.42,0.18,45.0,False,44,588,10027375,0.0166666666666667,"[-0.282842636108398,0.0166666638106108,-0.282842636108398]",-0.3999998920018545,"[0.0,0.0,0.0]",0.0,"[0.0,0.0,0.0]","[0.0,0.0,0.0]","[0.0488898158073425,0.0,0.0488898158073425]",True,True,[51.94542799842619],"[[-1.19209289550781e-07,0.180000007152557,1.19209289550781e-07]]",1,True,[0.0],"[{""rid"":257698037760,""shape"":0,""localShape"":0,""point"":[-0.282842636108398,0.0,-0.282842636108398]}]",[257698037760],True,True,False,True,True
5,0.42,0.18,45.0,False,45,589,10048044,0.0166666666666667,"[-0.282842636108398,0.0166666638106108,-0.282842636108398]",-0.3999998920018545,"[0.0,0.0,0.0]",0.0,"[0.0,0.0,0.0]","[0.0,0.0,0.0]","[0.0488898158073425,0.0,0.0488898158073425]",True,True,[51.94542799842619],"[[-1.19209289550781e-07,0.180000007152557,1.19209289550781e-07]]",1,True,[0.0],"[{""rid"":257698037760,""shape"":0,""localShape"":0,""point"":[-0.282842636108398,0.0,-0.282842636108398]}]",[257698037760],True,True,False,True,True
5,0.42,0.18,45.0,False,46,590,10061815,0.0166666666666667,"[-0.282842636108398,0.0166666638106108,-0.282842636108398]",-0.3999998920018545,"[0.0,0.0,0.0]",0.0,"[0.0,0.0,0.0]","[0.0,0.0,0.0]","[0.0488898158073425,0.0,0.0488898158073425]",True,True,[51.94542799842619],"[[-1.19209289550781e-07,0.180000007152557,1.19209289550781e-07]]",1,True,[0.0],"[{""rid"":257698037760,""shape"":0,""localShape"":0,""point"":[-0.282842636108398,0.0,-0.282842636108398]}]",[257698037760],True,True,False,True,True
5,0.42,0.18,45.0,False,47,591,10075648,0.0166666666666667,"[-0.282842636108398,0.0166666638106108,-0.282842636108398]",-0.3999998920018545,"[0.0,0.0,0.0]",0.0,"[0.0,0.0,0.0]","[0.0,0.0,0.0]","[0.0488898158073425,0.0,0.0488898158073425]",True,True,[51.94542799842619],"[[-1.19209289550781e-07,0.180000007152557,1.19209289550781e-07]]",1,True,[0.0],"[{""rid"":257698037760,""shape"":0,""localShape"":0,""point"":[-0.282842636108398,0.0,-0.282842636108398]}]",[257698037760],True,True,False,True,True
5,0.42,0.18,45.0,False,48,592,10096409,0.0166666666666667,"[-0.282842636108398,0.0166666638106108,-0.282842636108398]",-0.3999998920018545,"[0.0,0.0,0.0]",0.0,"[0.0,0.0,0.0]","[0.0,0.0,0.0]","[0.0488898158073425,0.0,0.0488898158073425]",True,True,[51.94542799842619],"[[-1.19209289550781e-07,0.180000007152557,1.19209289550781e-07]]",1,True,[0.0],"[{""rid"":257698037760,""shape"":0,""localShape"":0,""point"":[-0.282842636108398,0.0,-0.282842636108398]}]",[257698037760],True,True,False,True,True
5,0.42,0.18,45.0,False,49,593,10110172,0.0166666666666667,"[-0.282842636108398,0.0166666638106108,-0.282842636108398]",-0.3999998920018545,"[0.0,0.0,0.0]",0.0,"[0.0,0.0,0.0]","[0.0,0.0,0.0]","[0.0488898158073425,0.0,0.0488898158073425]",True,True,[51.94542799842619],"[[-1.19209289550781e-07,0.180000007152557,1.19209289550781e-07]]",1,True,[0.0],"[{""rid"":257698037760,""shape"":0,""localShape"":0,""point"":[-0.282842636108398,0.0,-0.282842636108398]}]",[257698037760],True,True,False,True,True
5,0.42,0.18,45.0,False,50,594,10130956,0.0166666666666667,"[-0.282842636108398,0.0166666638106108,-0.282842636108398]",-0.3999998920018545,"[0.0,0.0,0.0]",0.0,"[0.0,0.0,0.0]","[0.0,0.0,0.0]","[0.0488898158073425,0.0,0.0488898158073425]",True,True,[51.94542799842619],"[[-1.19209289550781e-07,0.180000007152557,1.19209289550781e-07]]",1,True,[0.0],"[{""rid"":257698037760,""shape"":0,""localShape"":0,""point"":[-0.282842636108398,0.0,-0.282842636108398]}]",[257698037760],True,True,False,True,True
5,0.42,0.18,45.0,False,51,595,10144615,0.0166666666666667,"[-0.282842636108398,0.0166666638106108,-0.282842636108398]",-0.3999998920018545,"[0.0,0.0,0.0]",0.0,"[0.0,0.0,0.0]","[0.0,0.0,0.0]","[0.0488898158073425,0.0,0.0488898158073425]",True,True,[51.94542799842619],"[[-1.19209289550781e-07,0.180000007152557,1.19209289550781e-07]]",1,True,[0.0],"[{""rid"":257698037760,""shape"":0,""localShape"":0,""point"":[-0.282842636108398,0.0,-0.282842636108398]}]",[257698037760],True,True,False,True,True
5,0.42,0.18,45.0,False,52,596,10158411,0.0166666666666667,"[-0.282842636108398,0.0166666638106108,-0.282842636108398]",-0.3999998920018545,"[0.0,0.0,0.0]",0.0,"[0.0,0.0,0.0]","[0.0,0.0,0.0]","[0.0488898158073425,0.0,0.0488898158073425]",True,True,[51.94542799842619],"[[-1.19209289550781e-07,0.180000007152557,1.19209289550781e-07]]",1,True,[0.0],"[{""rid"":257698037760,""shape"":0,""localShape"":0,""point"":[-0.282842636108398,0.0,-0.282842636108398]}]",[257698037760],True,True,False,True,True
5,0.42,0.18,45.0,False,53,597,10179290,0.0166666666666667,"[-0.282842636108398,0.0166666638106108,-0.282842636108398]",-0.3999998920018545,"[0.0,0.0,0.0]",0.0,"[0.0,0.0,0.0]","[0.0,0.0,0.0]","[0.0488898158073425,0.0,0.0488898158073425]",True,True,[51.94542799842619],"[[-1.19209289550781e-07,0.180000007152557,1.19209289550781e-07]]",1,True,[0.0],"[{""rid"":257698037760,""shape"":0,""localShape"":0,""point"":[-0.282842636108398,0.0,-0.282842636108398]}]",[257698037760],True,True,False,True,True
5,0.42,0.18,45.0,False,54,598,10193011,0.0166666666666667,"[-0.282842636108398,0.0166666638106108,-0.282842636108398]",-0.3999998920018545,"[0.0,0.0,0.0]",0.0,"[0.0,0.0,0.0]","[0.0,0.0,0.0]","[0.0488898158073425,0.0,0.0488898158073425]",True,True,[51.94542799842619],"[[-1.19209289550781e-07,0.180000007152557,1.19209289550781e-07]]",1,True,[0.0],"[{""rid"":257698037760,""shape"":0,""localShape"":0,""point"":[-0.282842636108398,0.0,-0.282842636108398]}]",[257698037760],True,True,False,True,True
5,0.42,0.18,45.0,False,55,599,10214137,0.0166666666666667,"[-0.282842636108398,0.0166666638106108,-0.282842636108398]",-0.3999998920018545,"[0.0,0.0,0.0]",0.0,"[0.0,0.0,0.0]","[0.0,0.0,0.0]","[0.0488898158073425,0.0,0.0488898158073425]",True,True,[51.94542799842619],"[[-1.19209289550781e-07,0.180000007152557,1.19209289550781e-07]]",1,True,[0.0],"[{""rid"":257698037760,""shape"":0,""localShape"":0,""point"":[-0.282842636108398,0.0,-0.282842636108398]}]",[257698037760],True,True,False,True,True
5,0.42,0.18,45.0,False,56,600,10227905,0.0166666666666667,"[-0.282842636108398,0.0166666638106108,-0.282842636108398]",-0.3999998920018545,"[0.0,0.0,0.0]",0.0,"[0.0,0.0,0.0]","[0.0,0.0,0.0]","[0.0488898158073425,0.0,0.0488898158073425]",True,True,[51.94542799842619],"[[-1.19209289550781e-07,0.180000007152557,1.19209289550781e-07]]",1,True,[0.0],"[{""rid"":257698037760,""shape"":0,""localShape"":0,""point"":[-0.282842636108398,0.0,-0.282842636108398]}]",[257698037760],True,True,False,True,True
5,0.42,0.18,45.0,False,57,601,10241826,0.0166666666666667,"[-0.282842636108398,0.0166666638106108,-0.282842636108398]",-0.3999998920018545,"[0.0,0.0,0.0]",0.0,"[0.0,0.0,0.0]","[0.0,0.0,0.0]","[0.0488898158073425,0.0,0.0488898158073425]",True,True,[51.94542799842619],"[[-1.19209289550781e-07,0.180000007152557,1.19209289550781e-07]]",1,True,[0.0],"[{""rid"":257698037760,""shape"":0,""localShape"":0,""point"":[-0.282842636108398,0.0,-0.282842636108398]}]",[257698037760],True,True,False,True,True
5,0.42,0.18,45.0,False,58,602,10262006,0.0166666666666667,"[-0.282842636108398,0.0166666638106108,-0.282842636108398]",-0.3999998920018545,"[0.0,0.0,0.0]",0.0,"[0.0,0.0,0.0]","[0.0,0.0,0.0]","[0.0488898158073425,0.0,0.0488898158073425]",True,True,[51.94542799842619],"[[-1.19209289550781e-07,0.180000007152557,1.19209289550781e-07]]",1,True,[0.0],"[{""rid"":257698037760,""shape"":0,""localShape"":0,""point"":[-0.282842636108398,0.0,-0.282842636108398]}]",[257698037760],True,True,False,True,True
5,0.42,0.18,45.0,False,59,603,10275727,0.0166666666666667,"[-0.282842636108398,0.0166666638106108,-0.282842636108398]",-0.3999998920018545,"[0.0,0.0,0.0]",0.0,"[0.0,0.0,0.0]","[0.0,0.0,0.0]","[0.0488898158073425,0.0,0.0488898158073425]",True,True,[51.94542799842619],"[[-1.19209289550781e-07,0.180000007152557,1.19209289550781e-07]]",1,True,[0.0],"[{""rid"":257698037760,""shape"":0,""localShape"":0,""point"":[-0.282842636108398,0.0,-0.282842636108398]}]",[257698037760],True,True,False,True,True
5,0.42,0.18,45.0,False,60,604,10296466,0.0166666666666667,"[-0.282842636108398,0.0166666638106108,-0.282842636108398]",-0.3999998920018545,"[0.0,0.0,0.0]",0.0,"[0.0,0.0,0.0]","[0.0,0.0,0.0]","[0.0488898158073425,0.0,0.0488898158073425]",True,True,[51.94542799842619],"[[-1.19209289550781e-07,0.180000007152557,1.19209289550781e-07]]",1,True,[0.0],"[{""rid"":257698037760,""shape"":0,""localShape"":0,""point"":[-0.282842636108398,0.0,-0.282842636108398]}]",[257698037760],True,True,False,True,True
5,0.42,0.18,45.0,False,61,605,10310250,0.0166666666666667,"[-0.282842636108398,0.0166666638106108,-0.282842636108398]",-0.3999998920018545,"[0.0,0.0,0.0]",0.0,"[0.0,0.0,0.0]","[0.0,0.0,0.0]","[0.0488898158073425,0.0,0.0488898158073425]",True,True,[51.94542799842619],"[[-1.19209289550781e-07,0.180000007152557,1.19209289550781e-07]]",1,True,[0.0],"[{""rid"":257698037760,""shape"":0,""localShape"":0,""point"":[-0.282842636108398,0.0,-0.282842636108398]}]",[257698037760],True,True,False,True,True
5,0.42,0.18,45.0,False,62,606,10324084,0.0166666666666667,"[-0.282842636108398,0.0166666638106108,-0.282842636108398]",-0.3999998920018545,"[0.0,0.0,0.0]",0.0,"[0.0,0.0,0.0]","[0.0,0.0,0.0]","[0.0488898158073425,0.0,0.0488898158073425]",True,True,[51.94542799842619],"[[-1.19209289550781e-07,0.180000007152557,1.19209289550781e-07]]",1,True,[0.0],"[{""rid"":257698037760,""shape"":0,""localShape"":0,""point"":[-0.282842636108398,0.0,-0.282842636108398]}]",[257698037760],True,True,False,True,True
5,0.42,0.18,45.0,False,63,607,10344792,0.0166666666666667,"[-0.282842636108398,0.0166666638106108,-0.282842636108398]",-0.3999998920018545,"[0.0,0.0,0.0]",0.0,"[0.0,0.0,0.0]","[0.0,0.0,0.0]","[0.0488898158073425,0.0,0.0488898158073425]",True,True,[51.94542799842619],"[[-1.19209289550781e-07,0.180000007152557,1.19209289550781e-07]]",1,True,[0.0],"[{""rid"":257698037760,""shape"":0,""localShape"":0,""point"":[-0.282842636108398,0.0,-0.282842636108398]}]",[257698037760],True,True,False,True,True
5,0.42,0.18,45.0,False,64,608,10358526,0.0166666666666667,"[-0.282842636108398,0.0166666638106108,-0.282842636108398]",-0.3999998920018545,"[0.0,0.0,0.0]",0.0,"[0.0,0.0,0.0]","[0.0,0.0,0.0]","[0.0488898158073425,0.0,0.0488898158073425]",True,True,[51.94542799842619],"[[-1.19209289550781e-07,0.180000007152557,1.19209289550781e-07]]",1,True,[0.0],"[{""rid"":257698037760,""shape"":0,""localShape"":0,""point"":[-0.282842636108398,0.0,-0.282842636108398]}]",[257698037760],True,True,False,True,True
5,0.42,0.18,45.0,False,65,609,10379290,0.0166666666666667,"[-0.282842636108398,0.0166666638106108,-0.282842636108398]",-0.3999998920018545,"[0.0,0.0,0.0]",0.0,"[0.0,0.0,0.0]","[0.0,0.0,0.0]","[0.0488898158073425,0.0,0.0488898158073425]",True,True,[51.94542799842619],"[[-1.19209289550781e-07,0.180000007152557,1.19209289550781e-07]]",1,True,[0.0],"[{""rid"":257698037760,""shape"":0,""localShape"":0,""point"":[-0.282842636108398,0.0,-0.282842636108398]}]",[257698037760],True,True,False,True,True
5,0.42,0.18,45.0,False,66,610,10393099,0.0166666666666667,"[-0.282842636108398,0.0166666638106108,-0.282842636108398]",-0.3999998920018545,"[0.0,0.0,0.0]",0.0,"[0.0,0.0,0.0]","[0.0,0.0,0.0]","[0.0488898158073425,0.0,0.0488898158073425]",True,True,[51.94542799842619],"[[-1.19209289550781e-07,0.180000007152557,1.19209289550781e-07]]",1,True,[0.0],"[{""rid"":257698037760,""shape"":0,""localShape"":0,""point"":[-0.282842636108398,0.0,-0.282842636108398]}]",[257698037760],True,True,False,True,True
5,0.42,0.18,45.0,False,67,611,10413751,0.0166666666666667,"[-0.282842636108398,0.0166666638106108,-0.282842636108398]",-0.3999998920018545,"[0.0,0.0,0.0]",0.0,"[0.0,0.0,0.0]","[0.0,0.0,0.0]","[0.0488898158073425,0.0,0.0488898158073425]",True,True,[51.94542799842619],"[[-1.19209289550781e-07,0.180000007152557,1.19209289550781e-07]]",1,True,[0.0],"[{""rid"":257698037760,""shape"":0,""localShape"":0,""point"":[-0.282842636108398,0.0,-0.282842636108398]}]",[257698037760],True,True,False,True,True
5,0.42,0.18,45.0,False,68,612,10427556,0.0166666666666667,"[-0.282842636108398,0.0166666638106108,-0.282842636108398]",-0.3999998920018545,"[0.0,0.0,0.0]",0.0,"[0.0,0.0,0.0]","[0.0,0.0,0.0]","[0.0488898158073425,0.0,0.0488898158073425]",True,True,[51.94542799842619],"[[-1.19209289550781e-07,0.180000007152557,1.19209289550781e-07]]",1,True,[0.0],"[{""rid"":257698037760,""shape"":0,""localShape"":0,""point"":[-0.282842636108398,0.0,-0.282842636108398]}]",[257698037760],True,True,False,True,True
5,0.42,0.18,45.0,False,69,613,10441351,0.0166666666666667,"[-0.282842636108398,0.0166666638106108,-0.282842636108398]",-0.3999998920018545,"[0.0,0.0,0.0]",0.0,"[0.0,0.0,0.0]","[0.0,0.0,0.0]","[0.0488898158073425,0.0,0.0488898158073425]",True,True,[51.94542799842619],"[[-1.19209289550781e-07,0.180000007152557,1.19209289550781e-07]]",1,True,[0.0],"[{""rid"":257698037760,""shape"":0,""localShape"":0,""point"":[-0.282842636108398,0.0,-0.282842636108398]}]",[257698037760],True,True,False,True,True
5,0.42,0.18,45.0,False,70,614,10462086,0.0166666666666667,"[-0.282842636108398,0.0166666638106108,-0.282842636108398]",-0.3999998920018545,"[0.0,0.0,0.0]",0.0,"[0.0,0.0,0.0]","[0.0,0.0,0.0]","[0.0488898158073425,0.0,0.0488898158073425]",True,True,[51.94542799842619],"[[-1.19209289550781e-07,0.180000007152557,1.19209289550781e-07]]",1,True,[0.0],"[{""rid"":257698037760,""shape"":0,""localShape"":0,""point"":[-0.282842636108398,0.0,-0.282842636108398]}]",[257698037760],True,True,False,True,True
5,0.42,0.18,45.0,False,71,615,10475818,0.0166666666666667,"[-0.282842636108398,0.0166666638106108,-0.282842636108398]",-0.3999998920018545,"[0.0,0.0,0.0]",0.0,"[0.0,0.0,0.0]","[0.0,0.0,0.0]","[0.0488898158073425,0.0,0.0488898158073425]",True,True,[51.94542799842619],"[[-1.19209289550781e-07,0.180000007152557,1.19209289550781e-07]]",1,True,[0.0],"[{""rid"":257698037760,""shape"":0,""localShape"":0,""point"":[-0.282842636108398,0.0,-0.282842636108398]}]",[257698037760],True,True,False,True,True
5,0.42,0.18,45.0,False,72,616,10496611,0.0166666666666667,"[-0.282842636108398,0.0166666638106108,-0.282842636108398]",-0.3999998920018545,"[0.0,0.0,0.0]",0.0,"[0.0,0.0,0.0]","[0.0,0.0,0.0]","[0.0488898158073425,0.0,0.0488898158073425]",True,True,[51.94542799842619],"[[-1.19209289550781e-07,0.180000007152557,1.19209289550781e-07]]",1,True,[0.0],"[{""rid"":257698037760,""shape"":0,""localShape"":0,""point"":[-0.282842636108398,0.0,-0.282842636108398]}]",[257698037760],True,True,False,True,True
5,0.42,0.18,45.0,False,73,617,10510328,0.0166666666666667,"[-0.282842636108398,0.0166666638106108,-0.282842636108398]",-0.3999998920018545,"[0.0,0.0,0.0]",0.0,"[0.0,0.0,0.0]","[0.0,0.0,0.0]","[0.0488898158073425,0.0,0.0488898158073425]",True,True,[51.94542799842619],"[[-1.19209289550781e-07,0.180000007152557,1.19209289550781e-07]]",1,True,[0.0],"[{""rid"":257698037760,""shape"":0,""localShape"":0,""point"":[-0.282842636108398,0.0,-0.282842636108398]}]",[257698037760],True,True,False,True,True
5,0.42,0.18,45.0,False,74,618,10524128,0.0166666666666667,"[-0.282842636108398,0.0166666638106108,-0.282842636108398]",-0.3999998920018545,"[0.0,0.0,0.0]",0.0,"[0.0,0.0,0.0]","[0.0,0.0,0.0]","[0.0488898158073425,0.0,0.0488898158073425]",True,True,[51.94542799842619],"[[-1.19209289550781e-07,0.180000007152557,1.19209289550781e-07]]",1,True,[0.0],"[{""rid"":257698037760,""shape"":0,""localShape"":0,""point"":[-0.282842636108398,0.0,-0.282842636108398]}]",[257698037760],True,True,False,True,True
5,0.42,0.18,45.0,False,75,619,10544824,0.0166666666666667,"[-0.282842636108398,0.0166666638106108,-0.282842636108398]",-0.3999998920018545,"[0.0,0.0,0.0]",0.0,"[0.0,0.0,0.0]","[0.0,0.0,0.0]","[0.0488898158073425,0.0,0.0488898158073425]",True,True,[51.94542799842619],"[[-1.19209289550781e-07,0.180000007152557,1.19209289550781e-07]]",1,True,[0.0],"[{""rid"":257698037760,""shape"":0,""localShape"":0,""point"":[-0.282842636108398,0.0,-0.282842636108398]}]",[257698037760],True,True,False,True,True
5,0.42,0.18,45.0,False,76,620,10558658,0.0166666666666667,"[-0.282842636108398,0.0166666638106108,-0.282842636108398]",-0.3999998920018545,"[0.0,0.0,0.0]",0.0,"[0.0,0.0,0.0]","[0.0,0.0,0.0]","[0.0488898158073425,0.0,0.0488898158073425]",True,True,[51.94542799842619],"[[-1.19209289550781e-07,0.180000007152557,1.19209289550781e-07]]",1,True,[0.0],"[{""rid"":257698037760,""shape"":0,""localShape"":0,""point"":[-0.282842636108398,0.0,-0.282842636108398]}]",[257698037760],True,True,False,True,True
5,0.42,0.18,45.0,False,77,621,10579373,0.0166666666666667,"[-0.282842636108398,0.0166666638106108,-0.282842636108398]",-0.3999998920018545,"[0.0,0.0,0.0]",0.0,"[0.0,0.0,0.0]","[0.0,0.0,0.0]","[0.0488898158073425,0.0,0.0488898158073425]",True,True,[51.94542799842619],"[[-1.19209289550781e-07,0.180000007152557,1.19209289550781e-07]]",1,True,[0.0],"[{""rid"":257698037760,""shape"":0,""localShape"":0,""point"":[-0.282842636108398,0.0,-0.282842636108398]}]",[257698037760],True,True,False,True,True
5,0.42,0.18,45.0,False,78,622,10593207,0.0166666666666667,"[-0.282842636108398,0.0166666638106108,-0.282842636108398]",-0.3999998920018545,"[0.0,0.0,0.0]",0.0,"[0.0,0.0,0.0]","[0.0,0.0,0.0]","[0.0488898158073425,0.0,0.0488898158073425]",True,True,[51.94542799842619],"[[-1.19209289550781e-07,0.180000007152557,1.19209289550781e-07]]",1,True,[0.0],"[{""rid"":257698037760,""shape"":0,""localShape"":0,""point"":[-0.282842636108398,0.0,-0.282842636108398]}]",[257698037760],True,True,False,True,True
5,0.42,0.18,45.0,False,79,623,10614255,0.0166666666666667,"[-0.282842636108398,0.0166666638106108,-0.282842636108398]",-0.3999998920018545,"[0.0,0.0,0.0]",0.0,"[0.0,0.0,0.0]","[0.0,0.0,0.0]","[0.0488898158073425,0.0,0.0488898158073425]",True,True,[51.94542799842619],"[[-1.19209289550781e-07,0.180000007152557,1.19209289550781e-07]]",1,True,[0.0],"[{""rid"":257698037760,""shape"":0,""localShape"":0,""point"":[-0.282842636108398,0.0,-0.282842636108398]}]",[257698037760],True,True,False,True,True
5,0.42,0.18,45.0,False,80,624,10628071,0.0166666666666667,"[-0.282842636108398,0.0166666638106108,-0.282842636108398]",-0.3999998920018545,"[0.0,0.0,0.0]",0.0,"[0.0,0.0,0.0]","[0.0,0.0,0.0]","[0.0488898158073425,0.0,0.0488898158073425]",True,True,[51.94542799842619],"[[-1.19209289550781e-07,0.180000007152557,1.19209289550781e-07]]",1,True,[0.0],"[{""rid"":257698037760,""shape"":0,""localShape"":0,""point"":[-0.282842636108398,0.0,-0.282842636108398]}]",[257698037760],True,True,False,True,True
5,0.42,0.18,45.0,False,81,625,10641437,0.0166666666666667,"[-0.282842636108398,0.0166666638106108,-0.282842636108398]",-0.3999998920018545,"[0.0,0.0,0.0]",0.0,"[0.0,0.0,0.0]","[0.0,0.0,0.0]","[0.0488898158073425,0.0,0.0488898158073425]",True,True,[51.94542799842619],"[[-1.19209289550781e-07,0.180000007152557,1.19209289550781e-07]]",1,True,[0.0],"[{""rid"":257698037760,""shape"":0,""localShape"":0,""point"":[-0.282842636108398,0.0,-0.282842636108398]}]",[257698037760],True,True,False,True,True
5,0.42,0.18,45.0,False,82,626,10662128,0.0166666666666667,"[-0.282842636108398,0.0166666638106108,-0.282842636108398]",-0.3999998920018545,"[0.0,0.0,0.0]",0.0,"[0.0,0.0,0.0]","[0.0,0.0,0.0]","[0.0488898158073425,0.0,0.0488898158073425]",True,True,[51.94542799842619],"[[-1.19209289550781e-07,0.180000007152557,1.19209289550781e-07]]",1,True,[0.0],"[{""rid"":257698037760,""shape"":0,""localShape"":0,""point"":[-0.282842636108398,0.0,-0.282842636108398]}]",[257698037760],True,True,False,True,True
5,0.42,0.18,45.0,False,83,627,10675913,0.0166666666666667,"[-0.282842636108398,0.0166666638106108,-0.282842636108398]",-0.3999998920018545,"[0.0,0.0,0.0]",0.0,"[0.0,0.0,0.0]","[0.0,0.0,0.0]","[0.0488898158073425,0.0,0.0488898158073425]",True,True,[51.94542799842619],"[[-1.19209289550781e-07,0.180000007152557,1.19209289550781e-07]]",1,True,[0.0],"[{""rid"":257698037760,""shape"":0,""localShape"":0,""point"":[-0.282842636108398,0.0,-0.282842636108398]}]",[257698037760],True,True,False,True,True
5,0.42,0.18,45.0,False,84,628,10696664,0.0166666666666667,"[-0.282842636108398,0.0166666638106108,-0.282842636108398]",-0.3999998920018545,"[0.0,0.0,0.0]",0.0,"[0.0,0.0,0.0]","[0.0,0.0,0.0]","[0.0488898158073425,0.0,0.0488898158073425]",True,True,[51.94542799842619],"[[-1.19209289550781e-07,0.180000007152557,1.19209289550781e-07]]",1,True,[0.0],"[{""rid"":257698037760,""shape"":0,""localShape"":0,""point"":[-0.282842636108398,0.0,-0.282842636108398]}]",[257698037760],True,True,False,True,True
5,0.42,0.18,45.0,False,85,629,10710459,0.0166666666666667,"[-0.282842636108398,0.0166666638106108,-0.282842636108398]",-0.3999998920018545,"[0.0,0.0,0.0]",0.0,"[0.0,0.0,0.0]","[0.0,0.0,0.0]","[0.0488898158073425,0.0,0.0488898158073425]",True,True,[51.94542799842619],"[[-1.19209289550781e-07,0.180000007152557,1.19209289550781e-07]]",1,True,[0.0],"[{""rid"":257698037760,""shape"":0,""localShape"":0,""point"":[-0.282842636108398,0.0,-0.282842636108398]}]",[257698037760],True,True,False,True,True
5,0.42,0.18,45.0,False,86,630,10724223,0.0166666666666667,"[-0.282842636108398,0.0166666638106108,-0.282842636108398]",-0.3999998920018545,"[0.0,0.0,0.0]",0.0,"[0.0,0.0,0.0]","[0.0,0.0,0.0]","[0.0488898158073425,0.0,0.0488898158073425]",True,True,[51.94542799842619],"[[-1.19209289550781e-07,0.180000007152557,1.19209289550781e-07]]",1,True,[0.0],"[{""rid"":257698037760,""shape"":0,""localShape"":0,""point"":[-0.282842636108398,0.0,-0.282842636108398]}]",[257698037760],True,True,False,True,True
5,0.42,0.18,45.0,False,87,631,10744924,0.0166666666666667,"[-0.282842636108398,0.0166666638106108,-0.282842636108398]",-0.3999998920018545,"[0.0,0.0,0.0]",0.0,"[0.0,0.0,0.0]","[0.0,0.0,0.0]","[0.0488898158073425,0.0,0.0488898158073425]",True,True,[51.94542799842619],"[[-1.19209289550781e-07,0.180000007152557,1.19209289550781e-07]]",1,True,[0.0],"[{""rid"":257698037760,""shape"":0,""localShape"":0,""point"":[-0.282842636108398,0.0,-0.282842636108398]}]",[257698037760],True,True,False,True,True
5,0.42,0.18,45.0,False,88,632,10758742,0.0166666666666667,"[-0.282842636108398,0.0166666638106108,-0.282842636108398]",-0.3999998920018545,"[0.0,0.0,0.0]",0.0,"[0.0,0.0,0.0]","[0.0,0.0,0.0]","[0.0488898158073425,0.0,0.0488898158073425]",True,True,[51.94542799842619],"[[-1.19209289550781e-07,0.180000007152557,1.19209289550781e-07]]",1,True,[0.0],"[{""rid"":257698037760,""shape"":0,""localShape"":0,""point"":[-0.282842636108398,0.0,-0.282842636108398]}]",[257698037760],True,True,False,True,True
5,0.42,0.18,45.0,False,89,633,10779456,0.0166666666666667,"[-0.282842636108398,0.0166666638106108,-0.282842636108398]",-0.3999998920018545,"[0.0,0.0,0.0]",0.0,"[0.0,0.0,0.0]","[0.0,0.0,0.0]","[0.0488898158073425,0.0,0.0488898158073425]",True,True,[51.94542799842619],"[[-1.19209289550781e-07,0.180000007152557,1.19209289550781e-07]]",1,True,[0.0],"[{""rid"":257698037760,""shape"":0,""localShape"":0,""point"":[-0.282842636108398,0.0,-0.282842636108398]}]",[257698037760],True,True,False,True,True
5,0.42,0.18,45.0,False,90,634,10793260,0.0166666666666667,"[-0.282842636108398,0.0166666638106108,-0.282842636108398]",-0.3999998920018545,"[0.0,0.0,0.0]",0.0,"[0.0,0.0,0.0]","[0.0,0.0,0.0]","[0.0488898158073425,0.0,0.0488898158073425]",True,True,[51.94542799842619],"[[-1.19209289550781e-07,0.180000007152557,1.19209289550781e-07]]",1,True,[0.0],"[{""rid"":257698037760,""shape"":0,""localShape"":0,""point"":[-0.282842636108398,0.0,-0.282842636108398]}]",[257698037760],True,True,False,True,True
5,0.42,0.18,45.0,False,91,635,10813990,0.0166666666666667,"[-0.282842636108398,0.0166666638106108,-0.282842636108398]",-0.3999998920018545,"[0.0,0.0,0.0]",0.0,"[0.0,0.0,0.0]","[0.0,0.0,0.0]","[0.0488898158073425,0.0,0.0488898158073425]",True,True,[51.94542799842619],"[[-1.19209289550781e-07,0.180000007152557,1.19209289550781e-07]]",1,True,[0.0],"[{""rid"":257698037760,""shape"":0,""localShape"":0,""point"":[-0.282842636108398,0.0,-0.282842636108398]}]",[257698037760],True,True,False,True,True
5,0.42,0.18,45.0,False,92,636,10827752,0.0166666666666667,"[-0.282842636108398,0.0166666638106108,-0.282842636108398]",-0.3999998920018545,"[0.0,0.0,0.0]",0.0,"[0.0,0.0,0.0]","[0.0,0.0,0.0]","[0.0488898158073425,0.0,0.0488898158073425]",True,True,[51.94542799842619],"[[-1.19209289550781e-07,0.180000007152557,1.19209289550781e-07]]",1,True,[0.0],"[{""rid"":257698037760,""shape"":0,""localShape"":0,""point"":[-0.282842636108398,0.0,-0.282842636108398]}]",[257698037760],True,True,False,True,True
5,0.42,0.18,45.0,False,93,637,10841526,0.0166666666666667,"[-0.282842636108398,0.0166666638106108,-0.282842636108398]",-0.3999998920018545,"[0.0,0.0,0.0]",0.0,"[0.0,0.0,0.0]","[0.0,0.0,0.0]","[0.0488898158073425,0.0,0.0488898158073425]",True,True,[51.94542799842619],"[[-1.19209289550781e-07,0.180000007152557,1.19209289550781e-07]]",1,True,[0.0],"[{""rid"":257698037760,""shape"":0,""localShape"":0,""point"":[-0.282842636108398,0.0,-0.282842636108398]}]",[257698037760],True,True,False,True,True
5,0.42,0.18,45.0,False,94,638,10862268,0.0166666666666667,"[-0.282842636108398,0.0166666638106108,-0.282842636108398]",-0.3999998920018545,"[0.0,0.0,0.0]",0.0,"[0.0,0.0,0.0]","[0.0,0.0,0.0]","[0.0488898158073425,0.0,0.0488898158073425]",True,True,[51.94542799842619],"[[-1.19209289550781e-07,0.180000007152557,1.19209289550781e-07]]",1,True,[0.0],"[{""rid"":257698037760,""shape"":0,""localShape"":0,""point"":[-0.282842636108398,0.0,-0.282842636108398]}]",[257698037760],True,True,False,True,True
5,0.42,0.18,45.0,False,95,639,10876036,0.0166666666666667,"[-0.282842636108398,0.0166666638106108,-0.282842636108398]",-0.3999998920018545,"[0.0,0.0,0.0]",0.0,"[0.0,0.0,0.0]","[0.0,0.0,0.0]","[0.0488898158073425,0.0,0.0488898158073425]",True,True,[51.94542799842619],"[[-1.19209289550781e-07,0.180000007152557,1.19209289550781e-07]]",1,True,[0.0],"[{""rid"":257698037760,""shape"":0,""localShape"":0,""point"":[-0.282842636108398,0.0,-0.282842636108398]}]",[257698037760],True,True,False,True,True
5,0.42,0.18,45.0,False,96,640,10896781,0.0166666666666667,"[-0.282842636108398,0.0166666638106108,-0.282842636108398]",-0.3999998920018545,"[0.0,0.0,0.0]",0.0,"[0.0,0.0,0.0]","[0.0,0.0,0.0]","[0.0488898158073425,0.0,0.0488898158073425]",True,True,[51.94542799842619],"[[-1.19209289550781e-07,0.180000007152557,1.19209289550781e-07]]",1,True,[0.0],"[{""rid"":257698037760,""shape"":0,""localShape"":0,""point"":[-0.282842636108398,0.0,-0.282842636108398]}]",[257698037760],True,True,False,True,True
5,0.42,0.18,45.0,False,97,641,10910551,0.0166666666666667,"[-0.282842636108398,0.0166666638106108,-0.282842636108398]",-0.3999998920018545,"[0.0,0.0,0.0]",0.0,"[0.0,0.0,0.0]","[0.0,0.0,0.0]","[0.0488898158073425,0.0,0.0488898158073425]",True,True,[51.94542799842619],"[[-1.19209289550781e-07,0.180000007152557,1.19209289550781e-07]]",1,True,[0.0],"[{""rid"":257698037760,""shape"":0,""localShape"":0,""point"":[-0.282842636108398,0.0,-0.282842636108398]}]",[257698037760],True,True,False,True,True
5,0.42,0.18,45.0,False,98,642,10924367,0.0166666666666667,"[-0.282842636108398,0.0166666638106108,-0.282842636108398]",-0.3999998920018545,"[0.0,0.0,0.0]",0.0,"[0.0,0.0,0.0]","[0.0,0.0,0.0]","[0.0488898158073425,0.0,0.0488898158073425]",True,True,[51.94542799842619],"[[-1.19209289550781e-07,0.180000007152557,1.19209289550781e-07]]",1,True,[0.0],"[{""rid"":257698037760,""shape"":0,""localShape"":0,""point"":[-0.282842636108398,0.0,-0.282842636108398]}]",[257698037760],True,True,False,True,True
5,0.42,0.18,45.0,False,99,643,10945051,0.0166666666666667,"[-0.282842636108398,0.0166666638106108,-0.282842636108398]",-0.3999998920018545,"[0.0,0.0,0.0]",0.0,"[0.0,0.0,0.0]","[0.0,0.0,0.0]","[0.0488898158073425,0.0,0.0488898158073425]",True,True,[51.94542799842619],"[[-1.19209289550781e-07,0.180000007152557,1.19209289550781e-07]]",1,True,[0.0],"[{""rid"":257698037760,""shape"":0,""localShape"":0,""point"":[-0.282842636108398,0.0,-0.282842636108398]}]",[257698037760],True,True,False,True,True
5,0.42,0.18,45.0,False,100,644,10958847,0.0166666666666667,"[-0.282842636108398,0.0166666638106108,-0.282842636108398]",-0.3999998920018545,"[0.0,0.0,0.0]",0.0,"[0.0,0.0,0.0]","[0.0,0.0,0.0]","[0.0488898158073425,0.0,0.0488898158073425]",True,True,[51.94542799842619],"[[-1.19209289550781e-07,0.180000007152557,1.19209289550781e-07]]",1,True,[0.0],"[{""rid"":257698037760,""shape"":0,""localShape"":0,""point"":[-0.282842636108398,0.0,-0.282842636108398]}]",[257698037760],True,True,False,True,True
5,0.42,0.18,45.0,False,101,645,10979536,0.0166666666666667,"[-0.282842636108398,0.0166666638106108,-0.282842636108398]",-0.3999998920018545,"[0.0,0.0,0.0]",0.0,"[0.0,0.0,0.0]","[0.0,0.0,0.0]","[0.0488898158073425,0.0,0.0488898158073425]",True,True,[51.94542799842619],"[[-1.19209289550781e-07,0.180000007152557,1.19209289550781e-07]]",1,True,[0.0],"[{""rid"":257698037760,""shape"":0,""localShape"":0,""point"":[-0.282842636108398,0.0,-0.282842636108398]}]",[257698037760],True,True,False,True,True
5,0.42,0.18,45.0,False,102,646,10993335,0.0166666666666667,"[-0.282842636108398,0.0166666638106108,-0.282842636108398]",-0.3999998920018545,"[0.0,0.0,0.0]",0.0,"[0.0,0.0,0.0]","[0.0,0.0,0.0]","[0.0488898158073425,0.0,0.0488898158073425]",True,True,[51.94542799842619],"[[-1.19209289550781e-07,0.180000007152557,1.19209289550781e-07]]",1,True,[0.0],"[{""rid"":257698037760,""shape"":0,""localShape"":0,""point"":[-0.282842636108398,0.0,-0.282842636108398]}]",[257698037760],True,True,False,True,True
5,0.42,0.18,45.0,False,103,647,11014093,0.0166666666666667,"[-0.282842636108398,0.0166666638106108,-0.282842636108398]",-0.3999998920018545,"[0.0,0.0,0.0]",0.0,"[0.0,0.0,0.0]","[0.0,0.0,0.0]","[0.0488898158073425,0.0,0.0488898158073425]",True,True,[51.94542799842619],"[[-1.19209289550781e-07,0.180000007152557,1.19209289550781e-07]]",1,True,[0.0],"[{""rid"":257698037760,""shape"":0,""localShape"":0,""point"":[-0.282842636108398,0.0,-0.282842636108398]}]",[257698037760],True,True,False,True,True
5,0.42,0.18,45.0,False,104,648,11027861,0.0166666666666667,"[-0.282842636108398,0.0166666638106108,-0.282842636108398]",-0.3999998920018545,"[0.0,0.0,0.0]",0.0,"[0.0,0.0,0.0]","[0.0,0.0,0.0]","[0.0488898158073425,0.0,0.0488898158073425]",True,True,[51.94542799842619],"[[-1.19209289550781e-07,0.180000007152557,1.19209289550781e-07]]",1,True,[0.0],"[{""rid"":257698037760,""shape"":0,""localShape"":0,""point"":[-0.282842636108398,0.0,-0.282842636108398]}]",[257698037760],True,True,False,True,True
5,0.42,0.18,45.0,False,105,649,11041652,0.0166666666666667,"[-0.282842636108398,0.0166666638106108,-0.282842636108398]",-0.3999998920018545,"[0.0,0.0,0.0]",0.0,"[0.0,0.0,0.0]","[0.0,0.0,0.0]","[0.0488898158073425,0.0,0.0488898158073425]",True,True,[51.94542799842619],"[[-1.19209289550781e-07,0.180000007152557,1.19209289550781e-07]]",1,True,[0.0],"[{""rid"":257698037760,""shape"":0,""localShape"":0,""point"":[-0.282842636108398,0.0,-0.282842636108398]}]",[257698037760],True,True,False,True,True
5,0.42,0.18,45.0,False,106,650,11062338,0.0166666666666667,"[-0.282842636108398,0.0166666638106108,-0.282842636108398]",-0.3999998920018545,"[0.0,0.0,0.0]",0.0,"[0.0,0.0,0.0]","[0.0,0.0,0.0]","[0.0488898158073425,0.0,0.0488898158073425]",True,True,[51.94542799842619],"[[-1.19209289550781e-07,0.180000007152557,1.19209289550781e-07]]",1,True,[0.0],"[{""rid"":257698037760,""shape"":0,""localShape"":0,""point"":[-0.282842636108398,0.0,-0.282842636108398]}]",[257698037760],True,True,False,True,True
5,0.42,0.18,45.0,False,107,651,11076144,0.0166666666666667,"[-0.282842636108398,0.0166666638106108,-0.282842636108398]",-0.3999998920018545,"[0.0,0.0,0.0]",0.0,"[0.0,0.0,0.0]","[0.0,0.0,0.0]","[0.0488898158073425,0.0,0.0488898158073425]",True,True,[51.94542799842619],"[[-1.19209289550781e-07,0.180000007152557,1.19209289550781e-07]]",1,True,[0.0],"[{""rid"":257698037760,""shape"":0,""localShape"":0,""point"":[-0.282842636108398,0.0,-0.282842636108398]}]",[257698037760],True,True,False,True,True
5,0.42,0.18,45.0,False,108,652,11096899,0.0166666666666667,"[-0.282842636108398,0.0166666638106108,-0.282842636108398]",-0.3999998920018545,"[0.0,0.0,0.0]",0.0,"[0.0,0.0,0.0]","[0.0,0.0,0.0]","[0.0488898158073425,0.0,0.0488898158073425]",True,True,[51.94542799842619],"[[-1.19209289550781e-07,0.180000007152557,1.19209289550781e-07]]",1,True,[0.0],"[{""rid"":257698037760,""shape"":0,""localShape"":0,""point"":[-0.282842636108398,0.0,-0.282842636108398]}]",[257698037760],True,True,False,True,True
5,0.42,0.18,45.0,False,109,653,11110697,0.0166666666666667,"[-0.282842636108398,0.0166666638106108,-0.282842636108398]",-0.3999998920018545,"[0.0,0.0,0.0]",0.0,"[0.0,0.0,0.0]","[0.0,0.0,0.0]","[0.0488898158073425,0.0,0.0488898158073425]",True,True,[51.94542799842619],"[[-1.19209289550781e-07,0.180000007152557,1.19209289550781e-07]]",1,True,[0.0],"[{""rid"":257698037760,""shape"":0,""localShape"":0,""point"":[-0.282842636108398,0.0,-0.282842636108398]}]",[257698037760],True,True,False,True,True
5,0.42,0.18,45.0,False,110,654,11131402,0.0166666666666667,"[-0.282842636108398,0.0166666638106108,-0.282842636108398]",-0.3999998920018545,"[0.0,0.0,0.0]",0.0,"[0.0,0.0,0.0]","[0.0,0.0,0.0]","[0.0488898158073425,0.0,0.0488898158073425]",True,True,[51.94542799842619],"[[-1.19209289550781e-07,0.180000007152557,1.19209289550781e-07]]",1,True,[0.0],"[{""rid"":257698037760,""shape"":0,""localShape"":0,""point"":[-0.282842636108398,0.0,-0.282842636108398]}]",[257698037760],True,True,False,True,True
5,0.42,0.18,45.0,False,111,655,11145182,0.0166666666666667,"[-0.282842636108398,0.0166666638106108,-0.282842636108398]",-0.3999998920018545,"[0.0,0.0,0.0]",0.0,"[0.0,0.0,0.0]","[0.0,0.0,0.0]","[0.0488898158073425,0.0,0.0488898158073425]",True,True,[51.94542799842619],"[[-1.19209289550781e-07,0.180000007152557,1.19209289550781e-07]]",1,True,[0.0],"[{""rid"":257698037760,""shape"":0,""localShape"":0,""point"":[-0.282842636108398,0.0,-0.282842636108398]}]",[257698037760],True,True,False,True,True
5,0.42,0.18,45.0,False,112,656,11158964,0.0166666666666667,"[-0.282842636108398,0.0166666638106108,-0.282842636108398]",-0.3999998920018545,"[0.0,0.0,0.0]",0.0,"[0.0,0.0,0.0]","[0.0,0.0,0.0]","[0.0488898158073425,0.0,0.0488898158073425]",True,True,[51.94542799842619],"[[-1.19209289550781e-07,0.180000007152557,1.19209289550781e-07]]",1,True,[0.0],"[{""rid"":257698037760,""shape"":0,""localShape"":0,""point"":[-0.282842636108398,0.0,-0.282842636108398]}]",[257698037760],True,True,False,True,True
5,0.42,0.18,45.0,False,113,657,11179670,0.0166666666666667,"[-0.282842636108398,0.0166666638106108,-0.282842636108398]",-0.3999998920018545,"[0.0,0.0,0.0]",0.0,"[0.0,0.0,0.0]","[0.0,0.0,0.0]","[0.0488898158073425,0.0,0.0488898158073425]",True,True,[51.94542799842619],"[[-1.19209289550781e-07,0.180000007152557,1.19209289550781e-07]]",1,True,[0.0],"[{""rid"":257698037760,""shape"":0,""localShape"":0,""point"":[-0.282842636108398,0.0,-0.282842636108398]}]",[257698037760],True,True,False,True,True
5,0.42,0.18,45.0,False,114,658,11193468,0.0166666666666667,"[-0.282842636108398,0.0166666638106108,-0.282842636108398]",-0.3999998920018545,"[0.0,0.0,0.0]",0.0,"[0.0,0.0,0.0]","[0.0,0.0,0.0]","[0.0488898158073425,0.0,0.0488898158073425]",True,True,[51.94542799842619],"[[-1.19209289550781e-07,0.180000007152557,1.19209289550781e-07]]",1,True,[0.0],"[{""rid"":257698037760,""shape"":0,""localShape"":0,""point"":[-0.282842636108398,0.0,-0.282842636108398]}]",[257698037760],True,True,False,True,True
5,0.42,0.18,45.0,False,115,659,11214152,0.0166666666666667,"[-0.282842636108398,0.0166666638106108,-0.282842636108398]",-0.3999998920018545,"[0.0,0.0,0.0]",0.0,"[0.0,0.0,0.0]","[0.0,0.0,0.0]","[0.0488898158073425,0.0,0.0488898158073425]",True,True,[51.94542799842619],"[[-1.19209289550781e-07,0.180000007152557,1.19209289550781e-07]]",1,True,[0.0],"[{""rid"":257698037760,""shape"":0,""localShape"":0,""point"":[-0.282842636108398,0.0,-0.282842636108398]}]",[257698037760],True,True,False,True,True
5,0.42,0.18,45.0,False,116,660,11227928,0.0166666666666667,"[-0.282842636108398,0.0166666638106108,-0.282842636108398]",-0.3999998920018545,"[0.0,0.0,0.0]",0.0,"[0.0,0.0,0.0]","[0.0,0.0,0.0]","[0.0488898158073425,0.0,0.0488898158073425]",True,True,[51.94542799842619],"[[-1.19209289550781e-07,0.180000007152557,1.19209289550781e-07]]",1,True,[0.0],"[{""rid"":257698037760,""shape"":0,""localShape"":0,""point"":[-0.282842636108398,0.0,-0.282842636108398]}]",[257698037760],True,True,False,True,True
5,0.42,0.18,45.0,False,117,661,11241758,0.0166666666666667,"[-0.282842636108398,0.0166666638106108,-0.282842636108398]",-0.3999998920018545,"[0.0,0.0,0.0]",0.0,"[0.0,0.0,0.0]","[0.0,0.0,0.0]","[0.0488898158073425,0.0,0.0488898158073425]",True,True,[51.94542799842619],"[[-1.19209289550781e-07,0.180000007152557,1.19209289550781e-07]]",1,True,[0.0],"[{""rid"":257698037760,""shape"":0,""localShape"":0,""point"":[-0.282842636108398,0.0,-0.282842636108398]}]",[257698037760],True,True,False,True,True
5,0.42,0.18,45.0,False,118,662,11262443,0.0166666666666667,"[-0.282842636108398,0.0166666638106108,-0.282842636108398]",-0.3999998920018545,"[0.0,0.0,0.0]",0.0,"[0.0,0.0,0.0]","[0.0,0.0,0.0]","[0.0488898158073425,0.0,0.0488898158073425]",True,True,[51.94542799842619],"[[-1.19209289550781e-07,0.180000007152557,1.19209289550781e-07]]",1,True,[0.0],"[{""rid"":257698037760,""shape"":0,""localShape"":0,""point"":[-0.282842636108398,0.0,-0.282842636108398]}]",[257698037760],True,True,False,True,True
5,0.42,0.18,45.0,False,119,663,11276220,0.0166666666666667,"[-0.282842636108398,0.0166666638106108,-0.282842636108398]",-0.3999998920018545,"[0.0,0.0,0.0]",0.0,"[0.0,0.0,0.0]","[0.0,0.0,0.0]","[0.0488898158073425,0.0,0.0488898158073425]",True,True,[51.94542799842619],"[[-1.19209289550781e-07,0.180000007152557,1.19209289550781e-07]]",1,True,[0.0],"[{""rid"":257698037760,""shape"":0,""localShape"":0,""point"":[-0.282842636108398,0.0,-0.282842636108398]}]",[257698037760],True,True,False,True,True
5,0.42,0.18,45.0,False,120,664,11297126,0.0166666666666667,"[-0.282842636108398,0.0166666638106108,-0.282842636108398]",-0.3999998920018545,"[0.0,0.0,0.0]",0.0,"[0.0,0.0,0.0]","[0.0,0.0,0.0]","[0.0488898158073425,0.0,0.0488898158073425]",True,True,[51.94542799842619],"[[-1.19209289550781e-07,0.180000007152557,1.19209289550781e-07]]",1,True,[0.0],"[{""rid"":257698037760,""shape"":0,""localShape"":0,""point"":[-0.282842636108398,0.0,-0.282842636108398]}]",[257698037760],True,True,False,True,True
5,0.42,0.18,45.0,False,121,665,11310755,0.0166666666666667,"[-0.282842636108398,0.0166666638106108,-0.282842636108398]",-0.3999998920018545,"[0.0,0.0,0.0]",0.0,"[0.0,0.0,0.0]","[0.0,0.0,0.0]","[0.0488898158073425,0.0,0.0488898158073425]",True,True,[51.94542799842619],"[[-1.19209289550781e-07,0.180000007152557,1.19209289550781e-07]]",1,True,[0.0],"[{""rid"":257698037760,""shape"":0,""localShape"":0,""point"":[-0.282842636108398,0.0,-0.282842636108398]}]",[257698037760],True,True,False,True,True
5,0.42,0.18,45.0,False,122,666,11331495,0.0166666666666667,"[-0.282842636108398,0.0166666638106108,-0.282842636108398]",-0.3999998920018545,"[0.0,0.0,0.0]",0.0,"[0.0,0.0,0.0]","[0.0,0.0,0.0]","[0.0488898158073425,0.0,0.0488898158073425]",True,True,[51.94542799842619],"[[-1.19209289550781e-07,0.180000007152557,1.19209289550781e-07]]",1,True,[0.0],"[{""rid"":257698037760,""shape"":0,""localShape"":0,""point"":[-0.282842636108398,0.0,-0.282842636108398]}]",[257698037760],True,True,False,True,True
5,0.42,0.18,45.0,False,123,667,11345284,0.0166666666666667,"[-0.282842636108398,0.0166666638106108,-0.282842636108398]",-0.3999998920018545,"[0.0,0.0,0.0]",0.0,"[0.0,0.0,0.0]","[0.0,0.0,0.0]","[0.0488898158073425,0.0,0.0488898158073425]",True,True,[51.94542799842619],"[[-1.19209289550781e-07,0.180000007152557,1.19209289550781e-07]]",1,True,[0.0],"[{""rid"":257698037760,""shape"":0,""localShape"":0,""point"":[-0.282842636108398,0.0,-0.282842636108398]}]",[257698037760],True,True,False,True,True
5,0.42,0.18,45.0,False,124,668,11359050,0.0166666666666667,"[-0.282842636108398,0.0166666638106108,-0.282842636108398]",-0.3999998920018545,"[0.0,0.0,0.0]",0.0,"[0.0,0.0,0.0]","[0.0,0.0,0.0]","[0.0488898158073425,0.0,0.0488898158073425]",True,True,[51.94542799842619],"[[-1.19209289550781e-07,0.180000007152557,1.19209289550781e-07]]",1,True,[0.0],"[{""rid"":257698037760,""shape"":0,""localShape"":0,""point"":[-0.282842636108398,0.0,-0.282842636108398]}]",[257698037760],True,True,False,True,True
5,0.42,0.18,45.0,False,125,669,11379750,0.0166666666666667,"[-0.282842636108398,0.0166666638106108,-0.282842636108398]",-0.3999998920018545,"[0.0,0.0,0.0]",0.0,"[0.0,0.0,0.0]","[0.0,0.0,0.0]","[0.0488898158073425,0.0,0.0488898158073425]",True,True,[51.94542799842619],"[[-1.19209289550781e-07,0.180000007152557,1.19209289550781e-07]]",1,True,[0.0],"[{""rid"":257698037760,""shape"":0,""localShape"":0,""point"":[-0.282842636108398,0.0,-0.282842636108398]}]",[257698037760],True,True,False,True,True
6,0.42,0.2,-45.0,True,0,670,11402277,0.0166666666666667,"[0.70710676908493,0.0444444455206394,-0.70710676908493]",-0.9999999828857283,"[0.0,-0.00555555522441864,0.0]",0.00555555522441864,"[0.0,-0.00555555522441864,0.0]","[0.0,-0.333333283662796,0.0]","[0.0,-0.00555555615574121,0.0]",False,False,[],[],0,False,[],[],[],True,True,False,False,False
6,0.42,0.2,-45.0,True,1,671,11409218,0.0166666666666667,"[0.70710676908493,0.0333333313465118,-0.70710676908493]",-0.9999999828857283,"[0.0,-0.0111111141741276,0.0]",0.0111111141741276,"[0.0,-0.0111111141741276,0.0]","[0.0,-0.666666805744171,0.0]","[0.0,-0.0111111123114824,0.0]",False,False,[],[],0,False,[],[],[],True,True,False,False,False
6,0.42,0.2,-45.0,True,2,672,11423041,0.0166666666666667,"[0.70710676908493,0.0166666638106108,-0.70710676908493]",-0.9999999828857283,"[0.0,-0.0166666675359011,0.0]",0.0166666675359011,"[0.0,-0.0166666675359011,0.0]","[0.0,-1.0,0.0]","[0.0,-0.0166666675359011,0.0]",False,False,[],[],1,True,[0.0],"[{""rid"":287762808832,""shape"":0,""localShape"":0,""point"":[0.70710676908493,0.0,-0.70710676908493]}]",[287762808832],True,True,False,False,True
6,0.42,0.2,-45.0,True,3,673,11436811,0.0166666666666667,"[0.70710676908493,0.0166666638106108,-0.70710676908493]",-0.9999999828857283,"[0.0,0.0,0.0]",0.0,"[0.0,0.0,0.0]","[0.0,0.0,0.0]","[0.0,0.0,0.0]",True,False,[],[],1,True,[0.0],"[{""rid"":287762808832,""shape"":0,""localShape"":0,""point"":[0.70710676908493,0.0,-0.70710676908493]}]",[287762808832],True,True,False,False,True
6,0.42,0.2,-45.0,True,4,674,11457580,0.0166666666666667,"[0.70710676908493,0.0166666638106108,-0.70710676908493]",-0.9999999828857283,"[0.0,0.0,0.0]",0.0,"[0.0,0.0,0.0]","[0.0,0.0,0.0]","[0.0,0.0,0.0]",True,False,[],[],1,True,[0.0],"[{""rid"":287762808832,""shape"":0,""localShape"":0,""point"":[0.70710676908493,0.0,-0.70710676908493]}]",[287762808832],True,True,False,False,True
6,0.42,0.2,-45.0,True,5,675,11471328,0.0166666666666667,"[0.70710676908493,0.0166666638106108,-0.70710676908493]",-0.9999999828857283,"[0.0,0.0,0.0]",0.0,"[0.0,0.0,0.0]","[0.0,0.0,0.0]","[0.0,0.0,0.0]",True,False,[],[],1,True,[0.0],"[{""rid"":287762808832,""shape"":0,""localShape"":0,""point"":[0.70710676908493,0.0,-0.70710676908493]}]",[287762808832],True,True,False,False,True
6,0.42,0.2,-45.0,True,6,676,11485119,0.0166666666666667,"[0.70710676908493,0.0166666638106108,-0.70710676908493]",-0.9999999828857283,"[0.0,0.0,0.0]",0.0,"[0.0,0.0,0.0]","[0.0,0.0,0.0]","[0.0,0.0,0.0]",True,False,[],[],1,True,[0.0],"[{""rid"":287762808832,""shape"":0,""localShape"":0,""point"":[0.70710676908493,0.0,-0.70710676908493]}]",[287762808832],True,True,False,False,True
6,0.42,0.2,-45.0,True,7,677,11505867,0.0166666666666667,"[0.70710676908493,0.0166666638106108,-0.70710676908493]",-0.9999999828857283,"[0.0,0.0,0.0]",0.0,"[0.0,0.0,0.0]","[0.0,0.0,0.0]","[0.0,0.0,0.0]",True,False,[],[],1,True,[0.0],"[{""rid"":287762808832,""shape"":0,""localShape"":0,""point"":[0.70710676908493,0.0,-0.70710676908493]}]",[287762808832],True,True,False,False,True
6,0.42,0.2,-45.0,True,8,678,11519659,0.0166666666666667,"[0.70710676908493,0.0166666638106108,-0.70710676908493]",-0.9999999828857283,"[0.0,0.0,0.0]",0.0,"[0.0,0.0,0.0]","[0.0,0.0,0.0]","[0.0,0.0,0.0]",True,False,[],[],1,True,[0.0],"[{""rid"":287762808832,""shape"":0,""localShape"":0,""point"":[0.70710676908493,0.0,-0.70710676908493]}]",[287762808832],True,True,False,False,True
6,0.42,0.2,-45.0,True,9,679,11540366,0.0166666666666667,"[0.70710676908493,0.0166666638106108,-0.70710676908493]",-0.9999999828857283,"[0.0,0.0,0.0]",0.0,"[0.0,0.0,0.0]","[0.0,0.0,0.0]","[0.0,0.0,0.0]",True,False,[],[],1,True,[0.0],"[{""rid"":287762808832,""shape"":0,""localShape"":0,""point"":[0.70710676908493,0.0,-0.70710676908493]}]",[287762808832],True,True,False,False,True
6,0.42,0.2,-45.0,True,10,680,11554151,0.0166666666666667,"[0.70710676908493,0.0166666638106108,-0.70710676908493]",-0.9999999828857283,"[0.0,0.0,0.0]",0.0,"[0.0,0.0,0.0]","[0.0,0.0,0.0]","[0.0,0.0,0.0]",True,False,[],[],1,True,[0.0],"[{""rid"":287762808832,""shape"":0,""localShape"":0,""point"":[0.70710676908493,0.0,-0.70710676908493]}]",[287762808832],True,True,False,False,True
6,0.42,0.2,-45.0,True,11,681,11567947,0.0166666666666667,"[0.70710676908493,0.0166666638106108,-0.70710676908493]",-0.9999999828857283,"[0.0,0.0,0.0]",0.0,"[0.0,0.0,0.0]","[0.0,0.0,0.0]","[0.0,0.0,0.0]",True,False,[],[],1,True,[0.0],"[{""rid"":287762808832,""shape"":0,""localShape"":0,""point"":[0.70710676908493,0.0,-0.70710676908493]}]",[287762808832],True,True,False,False,True
6,0.42,0.2,-45.0,True,12,682,11588636,0.0166666666666667,"[0.70710676908493,0.0166666638106108,-0.70710676908493]",-0.9999999828857283,"[0.0,0.0,0.0]",0.0,"[0.0,0.0,0.0]","[0.0,0.0,0.0]","[0.0,0.0,0.0]",True,False,[],[],1,True,[0.0],"[{""rid"":287762808832,""shape"":0,""localShape"":0,""point"":[0.70710676908493,0.0,-0.70710676908493]}]",[287762808832],True,True,False,False,True
6,0.42,0.2,-45.0,True,13,683,11602472,0.0166666666666667,"[0.70710676908493,0.0166666638106108,-0.70710676908493]",-0.9999999828857283,"[0.0,0.0,0.0]",0.0,"[0.0,0.0,0.0]","[0.0,0.0,0.0]","[0.0,0.0,0.0]",True,False,[],[],1,True,[0.0],"[{""rid"":287762808832,""shape"":0,""localShape"":0,""point"":[0.70710676908493,0.0,-0.70710676908493]}]",[287762808832],True,True,False,False,True
6,0.42,0.2,-45.0,True,14,684,11623152,0.0166666666666667,"[0.70710676908493,0.0166666638106108,-0.70710676908493]",-0.9999999828857283,"[0.0,0.0,0.0]",0.0,"[0.0,0.0,0.0]","[0.0,0.0,0.0]","[0.0,0.0,0.0]",True,False,[],[],1,True,[0.0],"[{""rid"":287762808832,""shape"":0,""localShape"":0,""point"":[0.70710676908493,0.0,-0.70710676908493]}]",[287762808832],True,True,False,False,True
6,0.42,0.2,-45.0,True,15,685,11636934,0.0166666666666667,"[0.70710676908493,0.0166666638106108,-0.70710676908493]",-0.9999999828857283,"[0.0,0.0,0.0]",0.0,"[0.0,0.0,0.0]","[0.0,0.0,0.0]","[0.0,0.0,0.0]",True,False,[],[],1,True,[0.0],"[{""rid"":287762808832,""shape"":0,""localShape"":0,""point"":[0.70710676908493,0.0,-0.70710676908493]}]",[287762808832],True,True,False,False,True
6,0.42,0.2,-45.0,True,16,686,11657629,0.0166666666666667,"[0.70710676908493,0.0166666638106108,-0.70710676908493]",-0.9999999828857283,"[0.0,0.0,0.0]",0.0,"[0.0,0.0,0.0]","[0.0,0.0,0.0]","[0.0,0.0,0.0]",True,False,[],[],1,True,[0.0],"[{""rid"":287762808832,""shape"":0,""localShape"":0,""point"":[0.70710676908493,0.0,-0.70710676908493]}]",[287762808832],True,True,False,False,True
6,0.42,0.2,-45.0,True,17,687,11671414,0.0166666666666667,"[0.70710676908493,0.0166666638106108,-0.70710676908493]",-0.9999999828857283,"[0.0,0.0,0.0]",0.0,"[0.0,0.0,0.0]","[0.0,0.0,0.0]","[0.0,0.0,0.0]",True,False,[],[],1,True,[0.0],"[{""rid"":287762808832,""shape"":0,""localShape"":0,""point"":[0.70710676908493,0.0,-0.70710676908493]}]",[287762808832],True,True,False,False,True
6,0.42,0.2,-45.0,True,18,688,11692151,0.0166666666666667,"[0.70710676908493,0.0166666638106108,-0.70710676908493]",-0.9999999828857283,"[0.0,0.0,0.0]",0.0,"[0.0,0.0,0.0]","[0.0,0.0,0.0]","[0.0,0.0,0.0]",True,False,[],[],1,True,[0.0],"[{""rid"":287762808832,""shape"":0,""localShape"":0,""point"":[0.70710676908493,0.0,-0.70710676908493]}]",[287762808832],True,True,False,False,True
6,0.42,0.2,-45.0,True,19,689,11705935,0.0166666666666667,"[0.70710676908493,0.0166666638106108,-0.70710676908493]",-0.9999999828857283,"[0.0,0.0,0.0]",0.0,"[0.0,0.0,0.0]","[0.0,0.0,0.0]","[0.0,0.0,0.0]",True,False,[],[],1,True,[0.0],"[{""rid"":287762808832,""shape"":0,""localShape"":0,""point"":[0.70710676908493,0.0,-0.70710676908493]}]",[287762808832],True,True,False,False,True
6,0.42,0.2,-45.0,False,0,690,11726664,0.0166666666666667,"[0.636396050453186,0.0166666638106108,-0.636396050453186]",-0.899999925591568,"[-0.0707107186317444,0.0,0.0707107186317444]",0.10000005729416082,"[-0.0707107186317444,0.0,0.0707107186317444]","[-4.24264287948608,0.0,4.24264287948608]","[-0.070710688829422,0.0,0.070710688829422]",True,False,[],[],1,True,[0.0],"[{""rid"":287762808832,""shape"":0,""localShape"":0,""point"":[0.636396050453186,0.0,-0.636396050453186]}]",[287762808832],True,True,False,False,True
6,0.42,0.2,-45.0,False,1,691,11740452,0.0166666666666667,"[0.565685391426086,0.0166666638106108,-0.565685391426086]",-0.7999999525911037,"[-0.0707106590270996,0.0,0.0707106590270996]",0.09999997300046377,"[-0.0707106590270996,0.0,0.0707106590270996]","[-4.24263954162598,0.0,4.24263954162598]","[-0.070710688829422,0.0,0.070710688829422]",True,False,[],[],1,True,[0.0],"[{""rid"":287762808832,""shape"":0,""localShape"":0,""point"":[0.565685391426086,0.0,-0.565685391426086]}]",[287762808832],True,True,False,False,True
6,0.42,0.2,-45.0,False,2,692,11761176,0.0166666666666667,"[0.494974702596664,0.0166666638106108,-0.494974702596664]",-0.6999999374437915,"[-0.070710688829422,0.0,0.070710688829422]",0.1000000151473123,"[-0.070710688829422,0.0,0.070710688829422]","[-4.24264097213745,0.0,4.24264097213745]","[-0.070710688829422,0.0,0.070710688829422]",True,False,[],[],1,True,[0.0],"[{""rid"":287762808832,""shape"":0,""localShape"":0,""point"":[0.494974702596664,0.0,-0.494974702596664]}]",[287762808832],True,True,False,False,True
6,0.42,0.2,-45.0,False,3,693,11774952,0.0166666666666667,"[0.424264013767242,0.0166666638106108,-0.424264013767242]",-0.5999999222964791,"[-0.070710688829422,0.0,0.070710688829422]",0.1000000151473123,"[-0.070710688829422,0.0,0.070710688829422]","[-4.24264097213745,0.0,4.24264097213745]","[-0.070710688829422,0.0,0.070710688829422]",True,False,[],[],1,True,[0.0],"[{""rid"":287762808832,""shape"":0,""localShape"":0,""point"":[0.424264013767242,0.0,-0.424264013767242]}]",[287762808832],True,True,False,False,True
6,0.42,0.2,-45.0,False,4,694,11795663,0.0166666666666667,"[0.35355332493782,0.0166666638106108,-0.35355332493782]",-0.49999990714916687,"[-0.070710688829422,0.0,0.070710688829422]",0.1000000151473123,"[-0.070710688829422,0.0,0.070710688829422]","[-4.24264097213745,0.0,4.24264097213745]","[-0.070710688829422,0.0,0.070710688829422]",True,False,[],[],1,True,[0.0],"[{""rid"":287762808832,""shape"":0,""localShape"":0,""point"":[0.35355332493782,0.0,-0.35355332493782]}]",[287762808832],True,True,False,False,True
6,0.42,0.2,-45.0,False,5,695,11809448,0.0166666666666667,"[0.282842636108398,0.0166666638106108,-0.282842636108398]",-0.3999998920018545,"[-0.070710688829422,0.0,0.070710688829422]",0.1000000151473123,"[-0.070710688829422,0.0,0.070710688829422]","[-4.24264097213745,0.0,4.24264097213745]","[-0.070710688829422,0.0,0.070710688829422]",True,False,[],[],1,True,[0.0],"[{""rid"":287762808832,""shape"":0,""localShape"":0,""point"":[0.282842636108398,0.0,-0.282842636108398]}]",[287762808832],True,True,False,False,True
6,0.42,0.2,-45.0,False,6,696,11830128,0.0166666666666667,"[0.282842636108398,0.0166666638106108,-0.282842636108398]",-0.3999998920018545,"[0.0,0.0,0.0]",0.0,"[0.0,0.0,0.0]","[0.0,0.0,0.0]","[-0.0383936949074268,0.0,0.0383936949074268]",True,True,[55.34578200249243],"[[-1.19209289550781e-07,0.200000002980232,-1.19209289550781e-07]]",1,True,[0.0],"[{""rid"":287762808832,""shape"":0,""localShape"":0,""point"":[0.282842636108398,0.0,-0.282842636108398]}]",[287762808832],True,True,False,True,True
6,0.42,0.2,-45.0,False,7,697,11843921,0.0166666666666667,"[0.282842636108398,0.0166666638106108,-0.282842636108398]",-0.3999998920018545,"[0.0,0.0,0.0]",0.0,"[0.0,0.0,0.0]","[0.0,0.0,0.0]","[-0.0383936949074268,0.0,0.0383936949074268]",True,True,[55.34578200249243],"[[-1.19209289550781e-07,0.200000002980232,-1.19209289550781e-07]]",1,True,[0.0],"[{""rid"":287762808832,""shape"":0,""localShape"":0,""point"":[0.282842636108398,0.0,-0.282842636108398]}]",[287762808832],True,True,False,True,True
6,0.42,0.2,-45.0,False,8,698,11864626,0.0166666666666667,"[0.282842636108398,0.0166666638106108,-0.282842636108398]",-0.3999998920018545,"[0.0,0.0,0.0]",0.0,"[0.0,0.0,0.0]","[0.0,0.0,0.0]","[-0.0383936949074268,0.0,0.0383936949074268]",True,True,[55.34578200249243],"[[-1.19209289550781e-07,0.200000002980232,-1.19209289550781e-07]]",1,True,[0.0],"[{""rid"":287762808832,""shape"":0,""localShape"":0,""point"":[0.282842636108398,0.0,-0.282842636108398]}]",[287762808832],True,True,False,True,True
6,0.42,0.2,-45.0,False,9,699,11878472,0.0166666666666667,"[0.282842636108398,0.0166666638106108,-0.282842636108398]",-0.3999998920018545,"[0.0,0.0,0.0]",0.0,"[0.0,0.0,0.0]","[0.0,0.0,0.0]","[-0.0383936949074268,0.0,0.0383936949074268]",True,True,[55.34578200249243],"[[-1.19209289550781e-07,0.200000002980232,-1.19209289550781e-07]]",1,True,[0.0],"[{""rid"":287762808832,""shape"":0,""localShape"":0,""point"":[0.282842636108398,0.0,-0.282842636108398]}]",[287762808832],True,True,False,True,True
6,0.42,0.2,-45.0,False,10,700,11899174,0.0166666666666667,"[0.282842636108398,0.0166666638106108,-0.282842636108398]",-0.3999998920018545,"[0.0,0.0,0.0]",0.0,"[0.0,0.0,0.0]","[0.0,0.0,0.0]","[-0.0383936949074268,0.0,0.0383936949074268]",True,True,[55.34578200249243],"[[-1.19209289550781e-07,0.200000002980232,-1.19209289550781e-07]]",1,True,[0.0],"[{""rid"":287762808832,""shape"":0,""localShape"":0,""point"":[0.282842636108398,0.0,-0.282842636108398]}]",[287762808832],True,True,False,True,True
6,0.42,0.2,-45.0,False,11,701,11912947,0.0166666666666667,"[0.282842636108398,0.0166666638106108,-0.282842636108398]",-0.3999998920018545,"[0.0,0.0,0.0]",0.0,"[0.0,0.0,0.0]","[0.0,0.0,0.0]","[-0.0383936949074268,0.0,0.0383936949074268]",True,True,[55.34578200249243],"[[-1.19209289550781e-07,0.200000002980232,-1.19209289550781e-07]]",1,True,[0.0],"[{""rid"":287762808832,""shape"":0,""localShape"":0,""point"":[0.282842636108398,0.0,-0.282842636108398]}]",[287762808832],True,True,False,True,True
6,0.42,0.2,-45.0,False,12,702,11926724,0.0166666666666667,"[0.282842636108398,0.0166666638106108,-0.282842636108398]",-0.3999998920018545,"[0.0,0.0,0.0]",0.0,"[0.0,0.0,0.0]","[0.0,0.0,0.0]","[-0.0383936949074268,0.0,0.0383936949074268]",True,True,[55.34578200249243],"[[-1.19209289550781e-07,0.200000002980232,-1.19209289550781e-07]]",1,True,[0.0],"[{""rid"":287762808832,""shape"":0,""localShape"":0,""point"":[0.282842636108398,0.0,-0.282842636108398]}]",[287762808832],True,True,False,True,True
6,0.42,0.2,-45.0,False,13,703,11947442,0.0166666666666667,"[0.282842636108398,0.0166666638106108,-0.282842636108398]",-0.3999998920018545,"[0.0,0.0,0.0]",0.0,"[0.0,0.0,0.0]","[0.0,0.0,0.0]","[-0.0383936949074268,0.0,0.0383936949074268]",True,True,[55.34578200249243],"[[-1.19209289550781e-07,0.200000002980232,-1.19209289550781e-07]]",1,True,[0.0],"[{""rid"":287762808832,""shape"":0,""localShape"":0,""point"":[0.282842636108398,0.0,-0.282842636108398]}]",[287762808832],True,True,False,True,True
6,0.42,0.2,-45.0,False,14,704,11961269,0.0166666666666667,"[0.282842636108398,0.0166666638106108,-0.282842636108398]",-0.3999998920018545,"[0.0,0.0,0.0]",0.0,"[0.0,0.0,0.0]","[0.0,0.0,0.0]","[-0.0383936949074268,0.0,0.0383936949074268]",True,True,[55.34578200249243],"[[-1.19209289550781e-07,0.200000002980232,-1.19209289550781e-07]]",1,True,[0.0],"[{""rid"":287762808832,""shape"":0,""localShape"":0,""point"":[0.282842636108398,0.0,-0.282842636108398]}]",[287762808832],True,True,False,True,True
6,0.42,0.2,-45.0,False,15,705,11981981,0.0166666666666667,"[0.282842636108398,0.0166666638106108,-0.282842636108398]",-0.3999998920018545,"[0.0,0.0,0.0]",0.0,"[0.0,0.0,0.0]","[0.0,0.0,0.0]","[-0.0383936949074268,0.0,0.0383936949074268]",True,True,[55.34578200249243],"[[-1.19209289550781e-07,0.200000002980232,-1.19209289550781e-07]]",1,True,[0.0],"[{""rid"":287762808832,""shape"":0,""localShape"":0,""point"":[0.282842636108398,0.0,-0.282842636108398]}]",[287762808832],True,True,False,True,True
6,0.42,0.2,-45.0,False,16,706,11995780,0.0166666666666667,"[0.282842636108398,0.0166666638106108,-0.282842636108398]",-0.3999998920018545,"[0.0,0.0,0.0]",0.0,"[0.0,0.0,0.0]","[0.0,0.0,0.0]","[-0.0383936949074268,0.0,0.0383936949074268]",True,True,[55.34578200249243],"[[-1.19209289550781e-07,0.200000002980232,-1.19209289550781e-07]]",1,True,[0.0],"[{""rid"":287762808832,""shape"":0,""localShape"":0,""point"":[0.282842636108398,0.0,-0.282842636108398]}]",[287762808832],True,True,False,True,True
6,0.42,0.2,-45.0,False,17,707,12016485,0.0166666666666667,"[0.282842636108398,0.0166666638106108,-0.282842636108398]",-0.3999998920018545,"[0.0,0.0,0.0]",0.0,"[0.0,0.0,0.0]","[0.0,0.0,0.0]","[-0.0383936949074268,0.0,0.0383936949074268]",True,True,[55.34578200249243],"[[-1.19209289550781e-07,0.200000002980232,-1.19209289550781e-07]]",1,True,[0.0],"[{""rid"":287762808832,""shape"":0,""localShape"":0,""point"":[0.282842636108398,0.0,-0.282842636108398]}]",[287762808832],True,True,False,True,True
6,0.42,0.2,-45.0,False,18,708,12030262,0.0166666666666667,"[0.282842636108398,0.0166666638106108,-0.282842636108398]",-0.3999998920018545,"[0.0,0.0,0.0]",0.0,"[0.0,0.0,0.0]","[0.0,0.0,0.0]","[-0.0383936949074268,0.0,0.0383936949074268]",True,True,[55.34578200249243],"[[-1.19209289550781e-07,0.200000002980232,-1.19209289550781e-07]]",1,True,[0.0],"[{""rid"":287762808832,""shape"":0,""localShape"":0,""point"":[0.282842636108398,0.0,-0.282842636108398]}]",[287762808832],True,True,False,True,True
6,0.42,0.2,-45.0,False,19,709,12044064,0.0166666666666667,"[0.282842636108398,0.0166666638106108,-0.282842636108398]",-0.3999998920018545,"[0.0,0.0,0.0]",0.0,"[0.0,0.0,0.0]","[0.0,0.0,0.0]","[-0.0383936949074268,0.0,0.0383936949074268]",True,True,[55.34578200249243],"[[-1.19209289550781e-07,0.200000002980232,-1.19209289550781e-07]]",1,True,[0.0],"[{""rid"":287762808832,""shape"":0,""localShape"":0,""point"":[0.282842636108398,0.0,-0.282842636108398]}]",[287762808832],True,True,False,True,True
6,0.42,0.2,-45.0,False,20,710,12064728,0.0166666666666667,"[0.282842636108398,0.0166666638106108,-0.282842636108398]",-0.3999998920018545,"[0.0,0.0,0.0]",0.0,"[0.0,0.0,0.0]","[0.0,0.0,0.0]","[-0.0383936949074268,0.0,0.0383936949074268]",True,True,[55.34578200249243],"[[-1.19209289550781e-07,0.200000002980232,-1.19209289550781e-07]]",1,True,[0.0],"[{""rid"":287762808832,""shape"":0,""localShape"":0,""point"":[0.282842636108398,0.0,-0.282842636108398]}]",[287762808832],True,True,False,True,True
6,0.42,0.2,-45.0,False,21,711,12078506,0.0166666666666667,"[0.282842636108398,0.0166666638106108,-0.282842636108398]",-0.3999998920018545,"[0.0,0.0,0.0]",0.0,"[0.0,0.0,0.0]","[0.0,0.0,0.0]","[-0.0383936949074268,0.0,0.0383936949074268]",True,True,[55.34578200249243],"[[-1.19209289550781e-07,0.200000002980232,-1.19209289550781e-07]]",1,True,[0.0],"[{""rid"":287762808832,""shape"":0,""localShape"":0,""point"":[0.282842636108398,0.0,-0.282842636108398]}]",[287762808832],True,True,False,True,True
6,0.42,0.2,-45.0,False,22,712,12099274,0.0166666666666667,"[0.282842636108398,0.0166666638106108,-0.282842636108398]",-0.3999998920018545,"[0.0,0.0,0.0]",0.0,"[0.0,0.0,0.0]","[0.0,0.0,0.0]","[-0.0383936949074268,0.0,0.0383936949074268]",True,True,[55.34578200249243],"[[-1.19209289550781e-07,0.200000002980232,-1.19209289550781e-07]]",1,True,[0.0],"[{""rid"":287762808832,""shape"":0,""localShape"":0,""point"":[0.282842636108398,0.0,-0.282842636108398]}]",[287762808832],True,True,False,True,True
6,0.42,0.2,-45.0,False,23,713,12113049,0.0166666666666667,"[0.282842636108398,0.0166666638106108,-0.282842636108398]",-0.3999998920018545,"[0.0,0.0,0.0]",0.0,"[0.0,0.0,0.0]","[0.0,0.0,0.0]","[-0.0383936949074268,0.0,0.0383936949074268]",True,True,[55.34578200249243],"[[-1.19209289550781e-07,0.200000002980232,-1.19209289550781e-07]]",1,True,[0.0],"[{""rid"":287762808832,""shape"":0,""localShape"":0,""point"":[0.282842636108398,0.0,-0.282842636108398]}]",[287762808832],True,True,False,True,True
6,0.42,0.2,-45.0,False,24,714,12126840,0.0166666666666667,"[0.282842636108398,0.0166666638106108,-0.282842636108398]",-0.3999998920018545,"[0.0,0.0,0.0]",0.0,"[0.0,0.0,0.0]","[0.0,0.0,0.0]","[-0.0383936949074268,0.0,0.0383936949074268]",True,True,[55.34578200249243],"[[-1.19209289550781e-07,0.200000002980232,-1.19209289550781e-07]]",1,True,[0.0],"[{""rid"":287762808832,""shape"":0,""localShape"":0,""point"":[0.282842636108398,0.0,-0.282842636108398]}]",[287762808832],True,True,False,True,True
6,0.42,0.2,-45.0,False,25,715,12147560,0.0166666666666667,"[0.282842636108398,0.0166666638106108,-0.282842636108398]",-0.3999998920018545,"[0.0,0.0,0.0]",0.0,"[0.0,0.0,0.0]","[0.0,0.0,0.0]","[-0.0383936949074268,0.0,0.0383936949074268]",True,True,[55.34578200249243],"[[-1.19209289550781e-07,0.200000002980232,-1.19209289550781e-07]]",1,True,[0.0],"[{""rid"":287762808832,""shape"":0,""localShape"":0,""point"":[0.282842636108398,0.0,-0.282842636108398]}]",[287762808832],True,True,False,True,True
6,0.42,0.2,-45.0,False,26,716,12161360,0.0166666666666667,"[0.282842636108398,0.0166666638106108,-0.282842636108398]",-0.3999998920018545,"[0.0,0.0,0.0]",0.0,"[0.0,0.0,0.0]","[0.0,0.0,0.0]","[-0.0383936949074268,0.0,0.0383936949074268]",True,True,[55.34578200249243],"[[-1.19209289550781e-07,0.200000002980232,-1.19209289550781e-07]]",1,True,[0.0],"[{""rid"":287762808832,""shape"":0,""localShape"":0,""point"":[0.282842636108398,0.0,-0.282842636108398]}]",[287762808832],True,True,False,True,True
6,0.42,0.2,-45.0,False,27,717,12182033,0.0166666666666667,"[0.282842636108398,0.0166666638106108,-0.282842636108398]",-0.3999998920018545,"[0.0,0.0,0.0]",0.0,"[0.0,0.0,0.0]","[0.0,0.0,0.0]","[-0.0383936949074268,0.0,0.0383936949074268]",True,True,[55.34578200249243],"[[-1.19209289550781e-07,0.200000002980232,-1.19209289550781e-07]]",1,True,[0.0],"[{""rid"":287762808832,""shape"":0,""localShape"":0,""point"":[0.282842636108398,0.0,-0.282842636108398]}]",[287762808832],True,True,False,True,True
6,0.42,0.2,-45.0,False,28,718,12195881,0.0166666666666667,"[0.282842636108398,0.0166666638106108,-0.282842636108398]",-0.3999998920018545,"[0.0,0.0,0.0]",0.0,"[0.0,0.0,0.0]","[0.0,0.0,0.0]","[-0.0383936949074268,0.0,0.0383936949074268]",True,True,[55.34578200249243],"[[-1.19209289550781e-07,0.200000002980232,-1.19209289550781e-07]]",1,True,[0.0],"[{""rid"":287762808832,""shape"":0,""localShape"":0,""point"":[0.282842636108398,0.0,-0.282842636108398]}]",[287762808832],True,True,False,True,True
6,0.42,0.2,-45.0,False,29,719,12216592,0.0166666666666667,"[0.282842636108398,0.0166666638106108,-0.282842636108398]",-0.3999998920018545,"[0.0,0.0,0.0]",0.0,"[0.0,0.0,0.0]","[0.0,0.0,0.0]","[-0.0383936949074268,0.0,0.0383936949074268]",True,True,[55.34578200249243],"[[-1.19209289550781e-07,0.200000002980232,-1.19209289550781e-07]]",1,True,[0.0],"[{""rid"":287762808832,""shape"":0,""localShape"":0,""point"":[0.282842636108398,0.0,-0.282842636108398]}]",[287762808832],True,True,False,True,True
6,0.42,0.2,-45.0,False,30,720,12230333,0.0166666666666667,"[0.282842636108398,0.0166666638106108,-0.282842636108398]",-0.3999998920018545,"[0.0,0.0,0.0]",0.0,"[0.0,0.0,0.0]","[0.0,0.0,0.0]","[-0.0383936949074268,0.0,0.0383936949074268]",True,True,[55.34578200249243],"[[-1.19209289550781e-07,0.200000002980232,-1.19209289550781e-07]]",1,True,[0.0],"[{""rid"":287762808832,""shape"":0,""localShape"":0,""point"":[0.282842636108398,0.0,-0.282842636108398]}]",[287762808832],True,True,False,True,True
6,0.42,0.2,-45.0,False,31,721,12244157,0.0166666666666667,"[0.282842636108398,0.0166666638106108,-0.282842636108398]",-0.3999998920018545,"[0.0,0.0,0.0]",0.0,"[0.0,0.0,0.0]","[0.0,0.0,0.0]","[-0.0383936949074268,0.0,0.0383936949074268]",True,True,[55.34578200249243],"[[-1.19209289550781e-07,0.200000002980232,-1.19209289550781e-07]]",1,True,[0.0],"[{""rid"":287762808832,""shape"":0,""localShape"":0,""point"":[0.282842636108398,0.0,-0.282842636108398]}]",[287762808832],True,True,False,True,True
6,0.42,0.2,-45.0,False,32,722,12264833,0.0166666666666667,"[0.282842636108398,0.0166666638106108,-0.282842636108398]",-0.3999998920018545,"[0.0,0.0,0.0]",0.0,"[0.0,0.0,0.0]","[0.0,0.0,0.0]","[-0.0383936949074268,0.0,0.0383936949074268]",True,True,[55.34578200249243],"[[-1.19209289550781e-07,0.200000002980232,-1.19209289550781e-07]]",1,True,[0.0],"[{""rid"":287762808832,""shape"":0,""localShape"":0,""point"":[0.282842636108398,0.0,-0.282842636108398]}]",[287762808832],True,True,False,True,True
6,0.42,0.2,-45.0,False,33,723,12278611,0.0166666666666667,"[0.282842636108398,0.0166666638106108,-0.282842636108398]",-0.3999998920018545,"[0.0,0.0,0.0]",0.0,"[0.0,0.0,0.0]","[0.0,0.0,0.0]","[-0.0383936949074268,0.0,0.0383936949074268]",True,True,[55.34578200249243],"[[-1.19209289550781e-07,0.200000002980232,-1.19209289550781e-07]]",1,True,[0.0],"[{""rid"":287762808832,""shape"":0,""localShape"":0,""point"":[0.282842636108398,0.0,-0.282842636108398]}]",[287762808832],True,True,False,True,True
6,0.42,0.2,-45.0,False,34,724,12299364,0.0166666666666667,"[0.282842636108398,0.0166666638106108,-0.282842636108398]",-0.3999998920018545,"[0.0,0.0,0.0]",0.0,"[0.0,0.0,0.0]","[0.0,0.0,0.0]","[-0.0383936949074268,0.0,0.0383936949074268]",True,True,[55.34578200249243],"[[-1.19209289550781e-07,0.200000002980232,-1.19209289550781e-07]]",1,True,[0.0],"[{""rid"":287762808832,""shape"":0,""localShape"":0,""point"":[0.282842636108398,0.0,-0.282842636108398]}]",[287762808832],True,True,False,True,True
6,0.42,0.2,-45.0,False,35,725,12313120,0.0166666666666667,"[0.282842636108398,0.0166666638106108,-0.282842636108398]",-0.3999998920018545,"[0.0,0.0,0.0]",0.0,"[0.0,0.0,0.0]","[0.0,0.0,0.0]","[-0.0383936949074268,0.0,0.0383936949074268]",True,True,[55.34578200249243],"[[-1.19209289550781e-07,0.200000002980232,-1.19209289550781e-07]]",1,True,[0.0],"[{""rid"":287762808832,""shape"":0,""localShape"":0,""point"":[0.282842636108398,0.0,-0.282842636108398]}]",[287762808832],True,True,False,True,True
6,0.42,0.2,-45.0,False,36,726,12326920,0.0166666666666667,"[0.282842636108398,0.0166666638106108,-0.282842636108398]",-0.3999998920018545,"[0.0,0.0,0.0]",0.0,"[0.0,0.0,0.0]","[0.0,0.0,0.0]","[-0.0383936949074268,0.0,0.0383936949074268]",True,True,[55.34578200249243],"[[-1.19209289550781e-07,0.200000002980232,-1.19209289550781e-07]]",1,True,[0.0],"[{""rid"":287762808832,""shape"":0,""localShape"":0,""point"":[0.282842636108398,0.0,-0.282842636108398]}]",[287762808832],True,True,False,True,True
6,0.42,0.2,-45.0,False,37,727,12347653,0.0166666666666667,"[0.282842636108398,0.0166666638106108,-0.282842636108398]",-0.3999998920018545,"[0.0,0.0,0.0]",0.0,"[0.0,0.0,0.0]","[0.0,0.0,0.0]","[-0.0383936949074268,0.0,0.0383936949074268]",True,True,[55.34578200249243],"[[-1.19209289550781e-07,0.200000002980232,-1.19209289550781e-07]]",1,True,[0.0],"[{""rid"":287762808832,""shape"":0,""localShape"":0,""point"":[0.282842636108398,0.0,-0.282842636108398]}]",[287762808832],True,True,False,True,True
6,0.42,0.2,-45.0,False,38,728,12361426,0.0166666666666667,"[0.282842636108398,0.0166666638106108,-0.282842636108398]",-0.3999998920018545,"[0.0,0.0,0.0]",0.0,"[0.0,0.0,0.0]","[0.0,0.0,0.0]","[-0.0383936949074268,0.0,0.0383936949074268]",True,True,[55.34578200249243],"[[-1.19209289550781e-07,0.200000002980232,-1.19209289550781e-07]]",1,True,[0.0],"[{""rid"":287762808832,""shape"":0,""localShape"":0,""point"":[0.282842636108398,0.0,-0.282842636108398]}]",[287762808832],True,True,False,True,True
6,0.42,0.2,-45.0,False,39,729,12382151,0.0166666666666667,"[0.282842636108398,0.0166666638106108,-0.282842636108398]",-0.3999998920018545,"[0.0,0.0,0.0]",0.0,"[0.0,0.0,0.0]","[0.0,0.0,0.0]","[-0.0383936949074268,0.0,0.0383936949074268]",True,True,[55.34578200249243],"[[-1.19209289550781e-07,0.200000002980232,-1.19209289550781e-07]]",1,True,[0.0],"[{""rid"":287762808832,""shape"":0,""localShape"":0,""point"":[0.282842636108398,0.0,-0.282842636108398]}]",[287762808832],True,True,False,True,True
6,0.42,0.2,-45.0,False,40,730,12395975,0.0166666666666667,"[0.282842636108398,0.0166666638106108,-0.282842636108398]",-0.3999998920018545,"[0.0,0.0,0.0]",0.0,"[0.0,0.0,0.0]","[0.0,0.0,0.0]","[-0.0383936949074268,0.0,0.0383936949074268]",True,True,[55.34578200249243],"[[-1.19209289550781e-07,0.200000002980232,-1.19209289550781e-07]]",1,True,[0.0],"[{""rid"":287762808832,""shape"":0,""localShape"":0,""point"":[0.282842636108398,0.0,-0.282842636108398]}]",[287762808832],True,True,False,True,True
6,0.42,0.2,-45.0,False,41,731,12416635,0.0166666666666667,"[0.282842636108398,0.0166666638106108,-0.282842636108398]",-0.3999998920018545,"[0.0,0.0,0.0]",0.0,"[0.0,0.0,0.0]","[0.0,0.0,0.0]","[-0.0383936949074268,0.0,0.0383936949074268]",True,True,[55.34578200249243],"[[-1.19209289550781e-07,0.200000002980232,-1.19209289550781e-07]]",1,True,[0.0],"[{""rid"":287762808832,""shape"":0,""localShape"":0,""point"":[0.282842636108398,0.0,-0.282842636108398]}]",[287762808832],True,True,False,True,True
6,0.42,0.2,-45.0,False,42,732,12430847,0.0166666666666667,"[0.282842636108398,0.0166666638106108,-0.282842636108398]",-0.3999998920018545,"[0.0,0.0,0.0]",0.0,"[0.0,0.0,0.0]","[0.0,0.0,0.0]","[-0.0383936949074268,0.0,0.0383936949074268]",True,True,[55.34578200249243],"[[-1.19209289550781e-07,0.200000002980232,-1.19209289550781e-07]]",1,True,[0.0],"[{""rid"":287762808832,""shape"":0,""localShape"":0,""point"":[0.282842636108398,0.0,-0.282842636108398]}]",[287762808832],True,True,False,True,True
6,0.42,0.2,-45.0,False,43,733,12444380,0.0166666666666667,"[0.282842636108398,0.0166666638106108,-0.282842636108398]",-0.3999998920018545,"[0.0,0.0,0.0]",0.0,"[0.0,0.0,0.0]","[0.0,0.0,0.0]","[-0.0383936949074268,0.0,0.0383936949074268]",True,True,[55.34578200249243],"[[-1.19209289550781e-07,0.200000002980232,-1.19209289550781e-07]]",1,True,[0.0],"[{""rid"":287762808832,""shape"":0,""localShape"":0,""point"":[0.282842636108398,0.0,-0.282842636108398]}]",[287762808832],True,True,False,True,True
6,0.42,0.2,-45.0,False,44,734,12465363,0.0166666666666667,"[0.282842636108398,0.0166666638106108,-0.282842636108398]",-0.3999998920018545,"[0.0,0.0,0.0]",0.0,"[0.0,0.0,0.0]","[0.0,0.0,0.0]","[-0.0383936949074268,0.0,0.0383936949074268]",True,True,[55.34578200249243],"[[-1.19209289550781e-07,0.200000002980232,-1.19209289550781e-07]]",1,True,[0.0],"[{""rid"":287762808832,""shape"":0,""localShape"":0,""point"":[0.282842636108398,0.0,-0.282842636108398]}]",[287762808832],True,True,False,True,True
6,0.42,0.2,-45.0,False,45,735,12478772,0.0166666666666667,"[0.282842636108398,0.0166666638106108,-0.282842636108398]",-0.3999998920018545,"[0.0,0.0,0.0]",0.0,"[0.0,0.0,0.0]","[0.0,0.0,0.0]","[-0.0383936949074268,0.0,0.0383936949074268]",True,True,[55.34578200249243],"[[-1.19209289550781e-07,0.200000002980232,-1.19209289550781e-07]]",1,True,[0.0],"[{""rid"":287762808832,""shape"":0,""localShape"":0,""point"":[0.282842636108398,0.0,-0.282842636108398]}]",[287762808832],True,True,False,True,True
6,0.42,0.2,-45.0,False,46,736,12499490,0.0166666666666667,"[0.282842636108398,0.0166666638106108,-0.282842636108398]",-0.3999998920018545,"[0.0,0.0,0.0]",0.0,"[0.0,0.0,0.0]","[0.0,0.0,0.0]","[-0.0383936949074268,0.0,0.0383936949074268]",True,True,[55.34578200249243],"[[-1.19209289550781e-07,0.200000002980232,-1.19209289550781e-07]]",1,True,[0.0],"[{""rid"":287762808832,""shape"":0,""localShape"":0,""point"":[0.282842636108398,0.0,-0.282842636108398]}]",[287762808832],True,True,False,True,True
6,0.42,0.2,-45.0,False,47,737,12513222,0.0166666666666667,"[0.282842636108398,0.0166666638106108,-0.282842636108398]",-0.3999998920018545,"[0.0,0.0,0.0]",0.0,"[0.0,0.0,0.0]","[0.0,0.0,0.0]","[-0.0383936949074268,0.0,0.0383936949074268]",True,True,[55.34578200249243],"[[-1.19209289550781e-07,0.200000002980232,-1.19209289550781e-07]]",1,True,[0.0],"[{""rid"":287762808832,""shape"":0,""localShape"":0,""point"":[0.282842636108398,0.0,-0.282842636108398]}]",[287762808832],True,True,False,True,True
6,0.42,0.2,-45.0,False,48,738,12527019,0.0166666666666667,"[0.282842636108398,0.0166666638106108,-0.282842636108398]",-0.3999998920018545,"[0.0,0.0,0.0]",0.0,"[0.0,0.0,0.0]","[0.0,0.0,0.0]","[-0.0383936949074268,0.0,0.0383936949074268]",True,True,[55.34578200249243],"[[-1.19209289550781e-07,0.200000002980232,-1.19209289550781e-07]]",1,True,[0.0],"[{""rid"":287762808832,""shape"":0,""localShape"":0,""point"":[0.282842636108398,0.0,-0.282842636108398]}]",[287762808832],True,True,False,True,True
6,0.42,0.2,-45.0,False,49,739,12547714,0.0166666666666667,"[0.282842636108398,0.0166666638106108,-0.282842636108398]",-0.3999998920018545,"[0.0,0.0,0.0]",0.0,"[0.0,0.0,0.0]","[0.0,0.0,0.0]","[-0.0383936949074268,0.0,0.0383936949074268]",True,True,[55.34578200249243],"[[-1.19209289550781e-07,0.200000002980232,-1.19209289550781e-07]]",1,True,[0.0],"[{""rid"":287762808832,""shape"":0,""localShape"":0,""point"":[0.282842636108398,0.0,-0.282842636108398]}]",[287762808832],True,True,False,True,True
6,0.42,0.2,-45.0,False,50,740,12561539,0.0166666666666667,"[0.282842636108398,0.0166666638106108,-0.282842636108398]",-0.3999998920018545,"[0.0,0.0,0.0]",0.0,"[0.0,0.0,0.0]","[0.0,0.0,0.0]","[-0.0383936949074268,0.0,0.0383936949074268]",True,True,[55.34578200249243],"[[-1.19209289550781e-07,0.200000002980232,-1.19209289550781e-07]]",1,True,[0.0],"[{""rid"":287762808832,""shape"":0,""localShape"":0,""point"":[0.282842636108398,0.0,-0.282842636108398]}]",[287762808832],True,True,False,True,True
6,0.42,0.2,-45.0,False,51,741,12582242,0.0166666666666667,"[0.282842636108398,0.0166666638106108,-0.282842636108398]",-0.3999998920018545,"[0.0,0.0,0.0]",0.0,"[0.0,0.0,0.0]","[0.0,0.0,0.0]","[-0.0383936949074268,0.0,0.0383936949074268]",True,True,[55.34578200249243],"[[-1.19209289550781e-07,0.200000002980232,-1.19209289550781e-07]]",1,True,[0.0],"[{""rid"":287762808832,""shape"":0,""localShape"":0,""point"":[0.282842636108398,0.0,-0.282842636108398]}]",[287762808832],True,True,False,True,True
6,0.42,0.2,-45.0,False,52,742,12596046,0.0166666666666667,"[0.282842636108398,0.0166666638106108,-0.282842636108398]",-0.3999998920018545,"[0.0,0.0,0.0]",0.0,"[0.0,0.0,0.0]","[0.0,0.0,0.0]","[-0.0383936949074268,0.0,0.0383936949074268]",True,True,[55.34578200249243],"[[-1.19209289550781e-07,0.200000002980232,-1.19209289550781e-07]]",1,True,[0.0],"[{""rid"":287762808832,""shape"":0,""localShape"":0,""point"":[0.282842636108398,0.0,-0.282842636108398]}]",[287762808832],True,True,False,True,True
6,0.42,0.2,-45.0,False,53,743,12616764,0.0166666666666667,"[0.282842636108398,0.0166666638106108,-0.282842636108398]",-0.3999998920018545,"[0.0,0.0,0.0]",0.0,"[0.0,0.0,0.0]","[0.0,0.0,0.0]","[-0.0383936949074268,0.0,0.0383936949074268]",True,True,[55.34578200249243],"[[-1.19209289550781e-07,0.200000002980232,-1.19209289550781e-07]]",1,True,[0.0],"[{""rid"":287762808832,""shape"":0,""localShape"":0,""point"":[0.282842636108398,0.0,-0.282842636108398]}]",[287762808832],True,True,False,True,True
6,0.42,0.2,-45.0,False,54,744,12630546,0.0166666666666667,"[0.282842636108398,0.0166666638106108,-0.282842636108398]",-0.3999998920018545,"[0.0,0.0,0.0]",0.0,"[0.0,0.0,0.0]","[0.0,0.0,0.0]","[-0.0383936949074268,0.0,0.0383936949074268]",True,True,[55.34578200249243],"[[-1.19209289550781e-07,0.200000002980232,-1.19209289550781e-07]]",1,True,[0.0],"[{""rid"":287762808832,""shape"":0,""localShape"":0,""point"":[0.282842636108398,0.0,-0.282842636108398]}]",[287762808832],True,True,False,True,True
6,0.42,0.2,-45.0,False,55,745,12644352,0.0166666666666667,"[0.282842636108398,0.0166666638106108,-0.282842636108398]",-0.3999998920018545,"[0.0,0.0,0.0]",0.0,"[0.0,0.0,0.0]","[0.0,0.0,0.0]","[-0.0383936949074268,0.0,0.0383936949074268]",True,True,[55.34578200249243],"[[-1.19209289550781e-07,0.200000002980232,-1.19209289550781e-07]]",1,True,[0.0],"[{""rid"":287762808832,""shape"":0,""localShape"":0,""point"":[0.282842636108398,0.0,-0.282842636108398]}]",[287762808832],True,True,False,True,True
6,0.42,0.2,-45.0,False,56,746,12665065,0.0166666666666667,"[0.282842636108398,0.0166666638106108,-0.282842636108398]",-0.3999998920018545,"[0.0,0.0,0.0]",0.0,"[0.0,0.0,0.0]","[0.0,0.0,0.0]","[-0.0383936949074268,0.0,0.0383936949074268]",True,True,[55.34578200249243],"[[-1.19209289550781e-07,0.200000002980232,-1.19209289550781e-07]]",1,True,[0.0],"[{""rid"":287762808832,""shape"":0,""localShape"":0,""point"":[0.282842636108398,0.0,-0.282842636108398]}]",[287762808832],True,True,False,True,True
6,0.42,0.2,-45.0,False,57,747,12679261,0.0166666666666667,"[0.282842636108398,0.0166666638106108,-0.282842636108398]",-0.3999998920018545,"[0.0,0.0,0.0]",0.0,"[0.0,0.0,0.0]","[0.0,0.0,0.0]","[-0.0383936949074268,0.0,0.0383936949074268]",True,True,[55.34578200249243],"[[-1.19209289550781e-07,0.200000002980232,-1.19209289550781e-07]]",1,True,[0.0],"[{""rid"":287762808832,""shape"":0,""localShape"":0,""point"":[0.282842636108398,0.0,-0.282842636108398]}]",[287762808832],True,True,False,True,True
6,0.42,0.2,-45.0,False,58,748,12699580,0.0166666666666667,"[0.282842636108398,0.0166666638106108,-0.282842636108398]",-0.3999998920018545,"[0.0,0.0,0.0]",0.0,"[0.0,0.0,0.0]","[0.0,0.0,0.0]","[-0.0383936949074268,0.0,0.0383936949074268]",True,True,[55.34578200249243],"[[-1.19209289550781e-07,0.200000002980232,-1.19209289550781e-07]]",1,True,[0.0],"[{""rid"":287762808832,""shape"":0,""localShape"":0,""point"":[0.282842636108398,0.0,-0.282842636108398]}]",[287762808832],True,True,False,True,True
6,0.42,0.2,-45.0,False,59,749,12713494,0.0166666666666667,"[0.282842636108398,0.0166666638106108,-0.282842636108398]",-0.3999998920018545,"[0.0,0.0,0.0]",0.0,"[0.0,0.0,0.0]","[0.0,0.0,0.0]","[-0.0383936949074268,0.0,0.0383936949074268]",True,True,[55.34578200249243],"[[-1.19209289550781e-07,0.200000002980232,-1.19209289550781e-07]]",1,True,[0.0],"[{""rid"":287762808832,""shape"":0,""localShape"":0,""point"":[0.282842636108398,0.0,-0.282842636108398]}]",[287762808832],True,True,False,True,True
6,0.42,0.2,-45.0,False,60,750,12727814,0.0166666666666667,"[0.282842636108398,0.0166666638106108,-0.282842636108398]",-0.3999998920018545,"[0.0,0.0,0.0]",0.0,"[0.0,0.0,0.0]","[0.0,0.0,0.0]","[-0.0383936949074268,0.0,0.0383936949074268]",True,True,[55.34578200249243],"[[-1.19209289550781e-07,0.200000002980232,-1.19209289550781e-07]]",1,True,[0.0],"[{""rid"":287762808832,""shape"":0,""localShape"":0,""point"":[0.282842636108398,0.0,-0.282842636108398]}]",[287762808832],True,True,False,True,True
6,0.42,0.2,-45.0,False,61,751,12748259,0.0166666666666667,"[0.282842636108398,0.0166666638106108,-0.282842636108398]",-0.3999998920018545,"[0.0,0.0,0.0]",0.0,"[0.0,0.0,0.0]","[0.0,0.0,0.0]","[-0.0383936949074268,0.0,0.0383936949074268]",True,True,[55.34578200249243],"[[-1.19209289550781e-07,0.200000002980232,-1.19209289550781e-07]]",1,True,[0.0],"[{""rid"":287762808832,""shape"":0,""localShape"":0,""point"":[0.282842636108398,0.0,-0.282842636108398]}]",[287762808832],True,True,False,True,True
6,0.42,0.2,-45.0,False,62,752,12762036,0.0166666666666667,"[0.282842636108398,0.0166666638106108,-0.282842636108398]",-0.3999998920018545,"[0.0,0.0,0.0]",0.0,"[0.0,0.0,0.0]","[0.0,0.0,0.0]","[-0.0383936949074268,0.0,0.0383936949074268]",True,True,[55.34578200249243],"[[-1.19209289550781e-07,0.200000002980232,-1.19209289550781e-07]]",1,True,[0.0],"[{""rid"":287762808832,""shape"":0,""localShape"":0,""point"":[0.282842636108398,0.0,-0.282842636108398]}]",[287762808832],True,True,False,True,True
6,0.42,0.2,-45.0,False,63,753,12782777,0.0166666666666667,"[0.282842636108398,0.0166666638106108,-0.282842636108398]",-0.3999998920018545,"[0.0,0.0,0.0]",0.0,"[0.0,0.0,0.0]","[0.0,0.0,0.0]","[-0.0383936949074268,0.0,0.0383936949074268]",True,True,[55.34578200249243],"[[-1.19209289550781e-07,0.200000002980232,-1.19209289550781e-07]]",1,True,[0.0],"[{""rid"":287762808832,""shape"":0,""localShape"":0,""point"":[0.282842636108398,0.0,-0.282842636108398]}]",[287762808832],True,True,False,True,True
6,0.42,0.2,-45.0,False,64,754,12796130,0.0166666666666667,"[0.282842636108398,0.0166666638106108,-0.282842636108398]",-0.3999998920018545,"[0.0,0.0,0.0]",0.0,"[0.0,0.0,0.0]","[0.0,0.0,0.0]","[-0.0383936949074268,0.0,0.0383936949074268]",True,True,[55.34578200249243],"[[-1.19209289550781e-07,0.200000002980232,-1.19209289550781e-07]]",1,True,[0.0],"[{""rid"":287762808832,""shape"":0,""localShape"":0,""point"":[0.282842636108398,0.0,-0.282842636108398]}]",[287762808832],True,True,False,True,True
6,0.42,0.2,-45.0,False,65,755,12816838,0.0166666666666667,"[0.282842636108398,0.0166666638106108,-0.282842636108398]",-0.3999998920018545,"[0.0,0.0,0.0]",0.0,"[0.0,0.0,0.0]","[0.0,0.0,0.0]","[-0.0383936949074268,0.0,0.0383936949074268]",True,True,[55.34578200249243],"[[-1.19209289550781e-07,0.200000002980232,-1.19209289550781e-07]]",1,True,[0.0],"[{""rid"":287762808832,""shape"":0,""localShape"":0,""point"":[0.282842636108398,0.0,-0.282842636108398]}]",[287762808832],True,True,False,True,True
6,0.42,0.2,-45.0,False,66,756,12830633,0.0166666666666667,"[0.282842636108398,0.0166666638106108,-0.282842636108398]",-0.3999998920018545,"[0.0,0.0,0.0]",0.0,"[0.0,0.0,0.0]","[0.0,0.0,0.0]","[-0.0383936949074268,0.0,0.0383936949074268]",True,True,[55.34578200249243],"[[-1.19209289550781e-07,0.200000002980232,-1.19209289550781e-07]]",1,True,[0.0],"[{""rid"":287762808832,""shape"":0,""localShape"":0,""point"":[0.282842636108398,0.0,-0.282842636108398]}]",[287762808832],True,True,False,True,True
6,0.42,0.2,-45.0,False,67,757,12844869,0.0166666666666667,"[0.282842636108398,0.0166666638106108,-0.282842636108398]",-0.3999998920018545,"[0.0,0.0,0.0]",0.0,"[0.0,0.0,0.0]","[0.0,0.0,0.0]","[-0.0383936949074268,0.0,0.0383936949074268]",True,True,[55.34578200249243],"[[-1.19209289550781e-07,0.200000002980232,-1.19209289550781e-07]]",1,True,[0.0],"[{""rid"":287762808832,""shape"":0,""localShape"":0,""point"":[0.282842636108398,0.0,-0.282842636108398]}]",[287762808832],True,True,False,True,True
6,0.42,0.2,-45.0,False,68,758,12865192,0.0166666666666667,"[0.282842636108398,0.0166666638106108,-0.282842636108398]",-0.3999998920018545,"[0.0,0.0,0.0]",0.0,"[0.0,0.0,0.0]","[0.0,0.0,0.0]","[-0.0383936949074268,0.0,0.0383936949074268]",True,True,[55.34578200249243],"[[-1.19209289550781e-07,0.200000002980232,-1.19209289550781e-07]]",1,True,[0.0],"[{""rid"":287762808832,""shape"":0,""localShape"":0,""point"":[0.282842636108398,0.0,-0.282842636108398]}]",[287762808832],True,True,False,True,True
6,0.42,0.2,-45.0,False,69,759,12878951,0.0166666666666667,"[0.282842636108398,0.0166666638106108,-0.282842636108398]",-0.3999998920018545,"[0.0,0.0,0.0]",0.0,"[0.0,0.0,0.0]","[0.0,0.0,0.0]","[-0.0383936949074268,0.0,0.0383936949074268]",True,True,[55.34578200249243],"[[-1.19209289550781e-07,0.200000002980232,-1.19209289550781e-07]]",1,True,[0.0],"[{""rid"":287762808832,""shape"":0,""localShape"":0,""point"":[0.282842636108398,0.0,-0.282842636108398]}]",[287762808832],True,True,False,True,True
6,0.42,0.2,-45.0,False,70,760,12899671,0.0166666666666667,"[0.282842636108398,0.0166666638106108,-0.282842636108398]",-0.3999998920018545,"[0.0,0.0,0.0]",0.0,"[0.0,0.0,0.0]","[0.0,0.0,0.0]","[-0.0383936949074268,0.0,0.0383936949074268]",True,True,[55.34578200249243],"[[-1.19209289550781e-07,0.200000002980232,-1.19209289550781e-07]]",1,True,[0.0],"[{""rid"":287762808832,""shape"":0,""localShape"":0,""point"":[0.282842636108398,0.0,-0.282842636108398]}]",[287762808832],True,True,False,True,True
6,0.42,0.2,-45.0,False,71,761,12913425,0.0166666666666667,"[0.282842636108398,0.0166666638106108,-0.282842636108398]",-0.3999998920018545,"[0.0,0.0,0.0]",0.0,"[0.0,0.0,0.0]","[0.0,0.0,0.0]","[-0.0383936949074268,0.0,0.0383936949074268]",True,True,[55.34578200249243],"[[-1.19209289550781e-07,0.200000002980232,-1.19209289550781e-07]]",1,True,[0.0],"[{""rid"":287762808832,""shape"":0,""localShape"":0,""point"":[0.282842636108398,0.0,-0.282842636108398]}]",[287762808832],True,True,False,True,True
6,0.42,0.2,-45.0,False,72,762,12927209,0.0166666666666667,"[0.282842636108398,0.0166666638106108,-0.282842636108398]",-0.3999998920018545,"[0.0,0.0,0.0]",0.0,"[0.0,0.0,0.0]","[0.0,0.0,0.0]","[-0.0383936949074268,0.0,0.0383936949074268]",True,True,[55.34578200249243],"[[-1.19209289550781e-07,0.200000002980232,-1.19209289550781e-07]]",1,True,[0.0],"[{""rid"":287762808832,""shape"":0,""localShape"":0,""point"":[0.282842636108398,0.0,-0.282842636108398]}]",[287762808832],True,True,False,True,True
6,0.42,0.2,-45.0,False,73,763,12947925,0.0166666666666667,"[0.282842636108398,0.0166666638106108,-0.282842636108398]",-0.3999998920018545,"[0.0,0.0,0.0]",0.0,"[0.0,0.0,0.0]","[0.0,0.0,0.0]","[-0.0383936949074268,0.0,0.0383936949074268]",True,True,[55.34578200249243],"[[-1.19209289550781e-07,0.200000002980232,-1.19209289550781e-07]]",1,True,[0.0],"[{""rid"":287762808832,""shape"":0,""localShape"":0,""point"":[0.282842636108398,0.0,-0.282842636108398]}]",[287762808832],True,True,False,True,True
6,0.42,0.2,-45.0,False,74,764,12961748,0.0166666666666667,"[0.282842636108398,0.0166666638106108,-0.282842636108398]",-0.3999998920018545,"[0.0,0.0,0.0]",0.0,"[0.0,0.0,0.0]","[0.0,0.0,0.0]","[-0.0383936949074268,0.0,0.0383936949074268]",True,True,[55.34578200249243],"[[-1.19209289550781e-07,0.200000002980232,-1.19209289550781e-07]]",1,True,[0.0],"[{""rid"":287762808832,""shape"":0,""localShape"":0,""point"":[0.282842636108398,0.0,-0.282842636108398]}]",[287762808832],True,True,False,True,True
6,0.42,0.2,-45.0,False,75,765,12982463,0.0166666666666667,"[0.282842636108398,0.0166666638106108,-0.282842636108398]",-0.3999998920018545,"[0.0,0.0,0.0]",0.0,"[0.0,0.0,0.0]","[0.0,0.0,0.0]","[-0.0383936949074268,0.0,0.0383936949074268]",True,True,[55.34578200249243],"[[-1.19209289550781e-07,0.200000002980232,-1.19209289550781e-07]]",1,True,[0.0],"[{""rid"":287762808832,""shape"":0,""localShape"":0,""point"":[0.282842636108398,0.0,-0.282842636108398]}]",[287762808832],True,True,False,True,True
6,0.42,0.2,-45.0,False,76,766,12996229,0.0166666666666667,"[0.282842636108398,0.0166666638106108,-0.282842636108398]",-0.3999998920018545,"[0.0,0.0,0.0]",0.0,"[0.0,0.0,0.0]","[0.0,0.0,0.0]","[-0.0383936949074268,0.0,0.0383936949074268]",True,True,[55.34578200249243],"[[-1.19209289550781e-07,0.200000002980232,-1.19209289550781e-07]]",1,True,[0.0],"[{""rid"":287762808832,""shape"":0,""localShape"":0,""point"":[0.282842636108398,0.0,-0.282842636108398]}]",[287762808832],True,True,False,True,True
6,0.42,0.2,-45.0,False,77,767,13016929,0.0166666666666667,"[0.282842636108398,0.0166666638106108,-0.282842636108398]",-0.3999998920018545,"[0.0,0.0,0.0]",0.0,"[0.0,0.0,0.0]","[0.0,0.0,0.0]","[-0.0383936949074268,0.0,0.0383936949074268]",True,True,[55.34578200249243],"[[-1.19209289550781e-07,0.200000002980232,-1.19209289550781e-07]]",1,True,[0.0],"[{""rid"":287762808832,""shape"":0,""localShape"":0,""point"":[0.282842636108398,0.0,-0.282842636108398]}]",[287762808832],True,True,False,True,True
6,0.42,0.2,-45.0,False,78,768,13030718,0.0166666666666667,"[0.282842636108398,0.0166666638106108,-0.282842636108398]",-0.3999998920018545,"[0.0,0.0,0.0]",0.0,"[0.0,0.0,0.0]","[0.0,0.0,0.0]","[-0.0383936949074268,0.0,0.0383936949074268]",True,True,[55.34578200249243],"[[-1.19209289550781e-07,0.200000002980232,-1.19209289550781e-07]]",1,True,[0.0],"[{""rid"":287762808832,""shape"":0,""localShape"":0,""point"":[0.282842636108398,0.0,-0.282842636108398]}]",[287762808832],True,True,False,True,True
6,0.42,0.2,-45.0,False,79,769,13044520,0.0166666666666667,"[0.282842636108398,0.0166666638106108,-0.282842636108398]",-0.3999998920018545,"[0.0,0.0,0.0]",0.0,"[0.0,0.0,0.0]","[0.0,0.0,0.0]","[-0.0383936949074268,0.0,0.0383936949074268]",True,True,[55.34578200249243],"[[-1.19209289550781e-07,0.200000002980232,-1.19209289550781e-07]]",1,True,[0.0],"[{""rid"":287762808832,""shape"":0,""localShape"":0,""point"":[0.282842636108398,0.0,-0.282842636108398]}]",[287762808832],True,True,False,True,True
6,0.42,0.2,-45.0,False,80,770,13065225,0.0166666666666667,"[0.282842636108398,0.0166666638106108,-0.282842636108398]",-0.3999998920018545,"[0.0,0.0,0.0]",0.0,"[0.0,0.0,0.0]","[0.0,0.0,0.0]","[-0.0383936949074268,0.0,0.0383936949074268]",True,True,[55.34578200249243],"[[-1.19209289550781e-07,0.200000002980232,-1.19209289550781e-07]]",1,True,[0.0],"[{""rid"":287762808832,""shape"":0,""localShape"":0,""point"":[0.282842636108398,0.0,-0.282842636108398]}]",[287762808832],True,True,False,True,True
6,0.42,0.2,-45.0,False,81,771,13079003,0.0166666666666667,"[0.282842636108398,0.0166666638106108,-0.282842636108398]",-0.3999998920018545,"[0.0,0.0,0.0]",0.0,"[0.0,0.0,0.0]","[0.0,0.0,0.0]","[-0.0383936949074268,0.0,0.0383936949074268]",True,True,[55.34578200249243],"[[-1.19209289550781e-07,0.200000002980232,-1.19209289550781e-07]]",1,True,[0.0],"[{""rid"":287762808832,""shape"":0,""localShape"":0,""point"":[0.282842636108398,0.0,-0.282842636108398]}]",[287762808832],True,True,False,True,True
6,0.42,0.2,-45.0,False,82,772,13099784,0.0166666666666667,"[0.282842636108398,0.0166666638106108,-0.282842636108398]",-0.3999998920018545,"[0.0,0.0,0.0]",0.0,"[0.0,0.0,0.0]","[0.0,0.0,0.0]","[-0.0383936949074268,0.0,0.0383936949074268]",True,True,[55.34578200249243],"[[-1.19209289550781e-07,0.200000002980232,-1.19209289550781e-07]]",1,True,[0.0],"[{""rid"":287762808832,""shape"":0,""localShape"":0,""point"":[0.282842636108398,0.0,-0.282842636108398]}]",[287762808832],True,True,False,True,True
6,0.42,0.2,-45.0,False,83,773,13113511,0.0166666666666667,"[0.282842636108398,0.0166666638106108,-0.282842636108398]",-0.3999998920018545,"[0.0,0.0,0.0]",0.0,"[0.0,0.0,0.0]","[0.0,0.0,0.0]","[-0.0383936949074268,0.0,0.0383936949074268]",True,True,[55.34578200249243],"[[-1.19209289550781e-07,0.200000002980232,-1.19209289550781e-07]]",1,True,[0.0],"[{""rid"":287762808832,""shape"":0,""localShape"":0,""point"":[0.282842636108398,0.0,-0.282842636108398]}]",[287762808832],True,True,False,True,True
6,0.42,0.2,-45.0,False,84,774,13127321,0.0166666666666667,"[0.282842636108398,0.0166666638106108,-0.282842636108398]",-0.3999998920018545,"[0.0,0.0,0.0]",0.0,"[0.0,0.0,0.0]","[0.0,0.0,0.0]","[-0.0383936949074268,0.0,0.0383936949074268]",True,True,[55.34578200249243],"[[-1.19209289550781e-07,0.200000002980232,-1.19209289550781e-07]]",1,True,[0.0],"[{""rid"":287762808832,""shape"":0,""localShape"":0,""point"":[0.282842636108398,0.0,-0.282842636108398]}]",[287762808832],True,True,False,True,True
6,0.42,0.2,-45.0,False,85,775,13148063,0.0166666666666667,"[0.282842636108398,0.0166666638106108,-0.282842636108398]",-0.3999998920018545,"[0.0,0.0,0.0]",0.0,"[0.0,0.0,0.0]","[0.0,0.0,0.0]","[-0.0383936949074268,0.0,0.0383936949074268]",True,True,[55.34578200249243],"[[-1.19209289550781e-07,0.200000002980232,-1.19209289550781e-07]]",1,True,[0.0],"[{""rid"":287762808832,""shape"":0,""localShape"":0,""point"":[0.282842636108398,0.0,-0.282842636108398]}]",[287762808832],True,True,False,True,True
6,0.42,0.2,-45.0,False,86,776,13161803,0.0166666666666667,"[0.282842636108398,0.0166666638106108,-0.282842636108398]",-0.3999998920018545,"[0.0,0.0,0.0]",0.0,"[0.0,0.0,0.0]","[0.0,0.0,0.0]","[-0.0383936949074268,0.0,0.0383936949074268]",True,True,[55.34578200249243],"[[-1.19209289550781e-07,0.200000002980232,-1.19209289550781e-07]]",1,True,[0.0],"[{""rid"":287762808832,""shape"":0,""localShape"":0,""point"":[0.282842636108398,0.0,-0.282842636108398]}]",[287762808832],True,True,False,True,True
6,0.42,0.2,-45.0,False,87,777,13182542,0.0166666666666667,"[0.282842636108398,0.0166666638106108,-0.282842636108398]",-0.3999998920018545,"[0.0,0.0,0.0]",0.0,"[0.0,0.0,0.0]","[0.0,0.0,0.0]","[-0.0383936949074268,0.0,0.0383936949074268]",True,True,[55.34578200249243],"[[-1.19209289550781e-07,0.200000002980232,-1.19209289550781e-07]]",1,True,[0.0],"[{""rid"":287762808832,""shape"":0,""localShape"":0,""point"":[0.282842636108398,0.0,-0.282842636108398]}]",[287762808832],True,True,False,True,True
6,0.42,0.2,-45.0,False,88,778,13196367,0.0166666666666667,"[0.282842636108398,0.0166666638106108,-0.282842636108398]",-0.3999998920018545,"[0.0,0.0,0.0]",0.0,"[0.0,0.0,0.0]","[0.0,0.0,0.0]","[-0.0383936949074268,0.0,0.0383936949074268]",True,True,[55.34578200249243],"[[-1.19209289550781e-07,0.200000002980232,-1.19209289550781e-07]]",1,True,[0.0],"[{""rid"":287762808832,""shape"":0,""localShape"":0,""point"":[0.282842636108398,0.0,-0.282842636108398]}]",[287762808832],True,True,False,True,True
6,0.42,0.2,-45.0,False,89,779,13217108,0.0166666666666667,"[0.282842636108398,0.0166666638106108,-0.282842636108398]",-0.3999998920018545,"[0.0,0.0,0.0]",0.0,"[0.0,0.0,0.0]","[0.0,0.0,0.0]","[-0.0383936949074268,0.0,0.0383936949074268]",True,True,[55.34578200249243],"[[-1.19209289550781e-07,0.200000002980232,-1.19209289550781e-07]]",1,True,[0.0],"[{""rid"":287762808832,""shape"":0,""localShape"":0,""point"":[0.282842636108398,0.0,-0.282842636108398]}]",[287762808832],True,True,False,True,True
6,0.42,0.2,-45.0,False,90,780,13230953,0.0166666666666667,"[0.282842636108398,0.0166666638106108,-0.282842636108398]",-0.3999998920018545,"[0.0,0.0,0.0]",0.0,"[0.0,0.0,0.0]","[0.0,0.0,0.0]","[-0.0383936949074268,0.0,0.0383936949074268]",True,True,[55.34578200249243],"[[-1.19209289550781e-07,0.200000002980232,-1.19209289550781e-07]]",1,True,[0.0],"[{""rid"":287762808832,""shape"":0,""localShape"":0,""point"":[0.282842636108398,0.0,-0.282842636108398]}]",[287762808832],True,True,False,True,True
6,0.42,0.2,-45.0,False,91,781,13244640,0.0166666666666667,"[0.282842636108398,0.0166666638106108,-0.282842636108398]",-0.3999998920018545,"[0.0,0.0,0.0]",0.0,"[0.0,0.0,0.0]","[0.0,0.0,0.0]","[-0.0383936949074268,0.0,0.0383936949074268]",True,True,[55.34578200249243],"[[-1.19209289550781e-07,0.200000002980232,-1.19209289550781e-07]]",1,True,[0.0],"[{""rid"":287762808832,""shape"":0,""localShape"":0,""point"":[0.282842636108398,0.0,-0.282842636108398]}]",[287762808832],True,True,False,True,True
6,0.42,0.2,-45.0,False,92,782,13265363,0.0166666666666667,"[0.282842636108398,0.0166666638106108,-0.282842636108398]",-0.3999998920018545,"[0.0,0.0,0.0]",0.0,"[0.0,0.0,0.0]","[0.0,0.0,0.0]","[-0.0383936949074268,0.0,0.0383936949074268]",True,True,[55.34578200249243],"[[-1.19209289550781e-07,0.200000002980232,-1.19209289550781e-07]]",1,True,[0.0],"[{""rid"":287762808832,""shape"":0,""localShape"":0,""point"":[0.282842636108398,0.0,-0.282842636108398]}]",[287762808832],True,True,False,True,True
6,0.42,0.2,-45.0,False,93,783,13279124,0.0166666666666667,"[0.282842636108398,0.0166666638106108,-0.282842636108398]",-0.3999998920018545,"[0.0,0.0,0.0]",0.0,"[0.0,0.0,0.0]","[0.0,0.0,0.0]","[-0.0383936949074268,0.0,0.0383936949074268]",True,True,[55.34578200249243],"[[-1.19209289550781e-07,0.200000002980232,-1.19209289550781e-07]]",1,True,[0.0],"[{""rid"":287762808832,""shape"":0,""localShape"":0,""point"":[0.282842636108398,0.0,-0.282842636108398]}]",[287762808832],True,True,False,True,True
6,0.42,0.2,-45.0,False,94,784,13299884,0.0166666666666667,"[0.282842636108398,0.0166666638106108,-0.282842636108398]",-0.3999998920018545,"[0.0,0.0,0.0]",0.0,"[0.0,0.0,0.0]","[0.0,0.0,0.0]","[-0.0383936949074268,0.0,0.0383936949074268]",True,True,[55.34578200249243],"[[-1.19209289550781e-07,0.200000002980232,-1.19209289550781e-07]]",1,True,[0.0],"[{""rid"":287762808832,""shape"":0,""localShape"":0,""point"":[0.282842636108398,0.0,-0.282842636108398]}]",[287762808832],True,True,False,True,True
6,0.42,0.2,-45.0,False,95,785,13313619,0.0166666666666667,"[0.282842636108398,0.0166666638106108,-0.282842636108398]",-0.3999998920018545,"[0.0,0.0,0.0]",0.0,"[0.0,0.0,0.0]","[0.0,0.0,0.0]","[-0.0383936949074268,0.0,0.0383936949074268]",True,True,[55.34578200249243],"[[-1.19209289550781e-07,0.200000002980232,-1.19209289550781e-07]]",1,True,[0.0],"[{""rid"":287762808832,""shape"":0,""localShape"":0,""point"":[0.282842636108398,0.0,-0.282842636108398]}]",[287762808832],True,True,False,True,True
6,0.42,0.2,-45.0,False,96,786,13327447,0.0166666666666667,"[0.282842636108398,0.0166666638106108,-0.282842636108398]",-0.3999998920018545,"[0.0,0.0,0.0]",0.0,"[0.0,0.0,0.0]","[0.0,0.0,0.0]","[-0.0383936949074268,0.0,0.0383936949074268]",True,True,[55.34578200249243],"[[-1.19209289550781e-07,0.200000002980232,-1.19209289550781e-07]]",1,True,[0.0],"[{""rid"":287762808832,""shape"":0,""localShape"":0,""point"":[0.282842636108398,0.0,-0.282842636108398]}]",[287762808832],True,True,False,True,True
6,0.42,0.2,-45.0,False,97,787,13348139,0.0166666666666667,"[0.282842636108398,0.0166666638106108,-0.282842636108398]",-0.3999998920018545,"[0.0,0.0,0.0]",0.0,"[0.0,0.0,0.0]","[0.0,0.0,0.0]","[-0.0383936949074268,0.0,0.0383936949074268]",True,True,[55.34578200249243],"[[-1.19209289550781e-07,0.200000002980232,-1.19209289550781e-07]]",1,True,[0.0],"[{""rid"":287762808832,""shape"":0,""localShape"":0,""point"":[0.282842636108398,0.0,-0.282842636108398]}]",[287762808832],True,True,False,True,True
6,0.42,0.2,-45.0,False,98,788,13361938,0.0166666666666667,"[0.282842636108398,0.0166666638106108,-0.282842636108398]",-0.3999998920018545,"[0.0,0.0,0.0]",0.0,"[0.0,0.0,0.0]","[0.0,0.0,0.0]","[-0.0383936949074268,0.0,0.0383936949074268]",True,True,[55.34578200249243],"[[-1.19209289550781e-07,0.200000002980232,-1.19209289550781e-07]]",1,True,[0.0],"[{""rid"":287762808832,""shape"":0,""localShape"":0,""point"":[0.282842636108398,0.0,-0.282842636108398]}]",[287762808832],True,True,False,True,True
6,0.42,0.2,-45.0,False,99,789,13382668,0.0166666666666667,"[0.282842636108398,0.0166666638106108,-0.282842636108398]",-0.3999998920018545,"[0.0,0.0,0.0]",0.0,"[0.0,0.0,0.0]","[0.0,0.0,0.0]","[-0.0383936949074268,0.0,0.0383936949074268]",True,True,[55.34578200249243],"[[-1.19209289550781e-07,0.200000002980232,-1.19209289550781e-07]]",1,True,[0.0],"[{""rid"":287762808832,""shape"":0,""localShape"":0,""point"":[0.282842636108398,0.0,-0.282842636108398]}]",[287762808832],True,True,False,True,True
6,0.42,0.2,-45.0,False,100,790,13396451,0.0166666666666667,"[0.282842636108398,0.0166666638106108,-0.282842636108398]",-0.3999998920018545,"[0.0,0.0,0.0]",0.0,"[0.0,0.0,0.0]","[0.0,0.0,0.0]","[-0.0383936949074268,0.0,0.0383936949074268]",True,True,[55.34578200249243],"[[-1.19209289550781e-07,0.200000002980232,-1.19209289550781e-07]]",1,True,[0.0],"[{""rid"":287762808832,""shape"":0,""localShape"":0,""point"":[0.282842636108398,0.0,-0.282842636108398]}]",[287762808832],True,True,False,True,True
6,0.42,0.2,-45.0,False,101,791,13417117,0.0166666666666667,"[0.282842636108398,0.0166666638106108,-0.282842636108398]",-0.3999998920018545,"[0.0,0.0,0.0]",0.0,"[0.0,0.0,0.0]","[0.0,0.0,0.0]","[-0.0383936949074268,0.0,0.0383936949074268]",True,True,[55.34578200249243],"[[-1.19209289550781e-07,0.200000002980232,-1.19209289550781e-07]]",1,True,[0.0],"[{""rid"":287762808832,""shape"":0,""localShape"":0,""point"":[0.282842636108398,0.0,-0.282842636108398]}]",[287762808832],True,True,False,True,True
6,0.42,0.2,-45.0,False,102,792,13430914,0.0166666666666667,"[0.282842636108398,0.0166666638106108,-0.282842636108398]",-0.3999998920018545,"[0.0,0.0,0.0]",0.0,"[0.0,0.0,0.0]","[0.0,0.0,0.0]","[-0.0383936949074268,0.0,0.0383936949074268]",True,True,[55.34578200249243],"[[-1.19209289550781e-07,0.200000002980232,-1.19209289550781e-07]]",1,True,[0.0],"[{""rid"":287762808832,""shape"":0,""localShape"":0,""point"":[0.282842636108398,0.0,-0.282842636108398]}]",[287762808832],True,True,False,True,True
6,0.42,0.2,-45.0,False,103,793,13444719,0.0166666666666667,"[0.282842636108398,0.0166666638106108,-0.282842636108398]",-0.3999998920018545,"[0.0,0.0,0.0]",0.0,"[0.0,0.0,0.0]","[0.0,0.0,0.0]","[-0.0383936949074268,0.0,0.0383936949074268]",True,True,[55.34578200249243],"[[-1.19209289550781e-07,0.200000002980232,-1.19209289550781e-07]]",1,True,[0.0],"[{""rid"":287762808832,""shape"":0,""localShape"":0,""point"":[0.282842636108398,0.0,-0.282842636108398]}]",[287762808832],True,True,False,True,True
6,0.42,0.2,-45.0,False,104,794,13465436,0.0166666666666667,"[0.282842636108398,0.0166666638106108,-0.282842636108398]",-0.3999998920018545,"[0.0,0.0,0.0]",0.0,"[0.0,0.0,0.0]","[0.0,0.0,0.0]","[-0.0383936949074268,0.0,0.0383936949074268]",True,True,[55.34578200249243],"[[-1.19209289550781e-07,0.200000002980232,-1.19209289550781e-07]]",1,True,[0.0],"[{""rid"":287762808832,""shape"":0,""localShape"":0,""point"":[0.282842636108398,0.0,-0.282842636108398]}]",[287762808832],True,True,False,True,True
6,0.42,0.2,-45.0,False,105,795,13479218,0.0166666666666667,"[0.282842636108398,0.0166666638106108,-0.282842636108398]",-0.3999998920018545,"[0.0,0.0,0.0]",0.0,"[0.0,0.0,0.0]","[0.0,0.0,0.0]","[-0.0383936949074268,0.0,0.0383936949074268]",True,True,[55.34578200249243],"[[-1.19209289550781e-07,0.200000002980232,-1.19209289550781e-07]]",1,True,[0.0],"[{""rid"":287762808832,""shape"":0,""localShape"":0,""point"":[0.282842636108398,0.0,-0.282842636108398]}]",[287762808832],True,True,False,True,True
6,0.42,0.2,-45.0,False,106,796,13499970,0.0166666666666667,"[0.282842636108398,0.0166666638106108,-0.282842636108398]",-0.3999998920018545,"[0.0,0.0,0.0]",0.0,"[0.0,0.0,0.0]","[0.0,0.0,0.0]","[-0.0383936949074268,0.0,0.0383936949074268]",True,True,[55.34578200249243],"[[-1.19209289550781e-07,0.200000002980232,-1.19209289550781e-07]]",1,True,[0.0],"[{""rid"":287762808832,""shape"":0,""localShape"":0,""point"":[0.282842636108398,0.0,-0.282842636108398]}]",[287762808832],True,True,False,True,True
6,0.42,0.2,-45.0,False,107,797,13513774,0.0166666666666667,"[0.282842636108398,0.0166666638106108,-0.282842636108398]",-0.3999998920018545,"[0.0,0.0,0.0]",0.0,"[0.0,0.0,0.0]","[0.0,0.0,0.0]","[-0.0383936949074268,0.0,0.0383936949074268]",True,True,[55.34578200249243],"[[-1.19209289550781e-07,0.200000002980232,-1.19209289550781e-07]]",1,True,[0.0],"[{""rid"":287762808832,""shape"":0,""localShape"":0,""point"":[0.282842636108398,0.0,-0.282842636108398]}]",[287762808832],True,True,False,True,True
6,0.42,0.2,-45.0,False,108,798,13527551,0.0166666666666667,"[0.282842636108398,0.0166666638106108,-0.282842636108398]",-0.3999998920018545,"[0.0,0.0,0.0]",0.0,"[0.0,0.0,0.0]","[0.0,0.0,0.0]","[-0.0383936949074268,0.0,0.0383936949074268]",True,True,[55.34578200249243],"[[-1.19209289550781e-07,0.200000002980232,-1.19209289550781e-07]]",1,True,[0.0],"[{""rid"":287762808832,""shape"":0,""localShape"":0,""point"":[0.282842636108398,0.0,-0.282842636108398]}]",[287762808832],True,True,False,True,True
6,0.42,0.2,-45.0,False,109,799,13548266,0.0166666666666667,"[0.282842636108398,0.0166666638106108,-0.282842636108398]",-0.3999998920018545,"[0.0,0.0,0.0]",0.0,"[0.0,0.0,0.0]","[0.0,0.0,0.0]","[-0.0383936949074268,0.0,0.0383936949074268]",True,True,[55.34578200249243],"[[-1.19209289550781e-07,0.200000002980232,-1.19209289550781e-07]]",1,True,[0.0],"[{""rid"":287762808832,""shape"":0,""localShape"":0,""point"":[0.282842636108398,0.0,-0.282842636108398]}]",[287762808832],True,True,False,True,True
6,0.42,0.2,-45.0,False,110,800,13562048,0.0166666666666667,"[0.282842636108398,0.0166666638106108,-0.282842636108398]",-0.3999998920018545,"[0.0,0.0,0.0]",0.0,"[0.0,0.0,0.0]","[0.0,0.0,0.0]","[-0.0383936949074268,0.0,0.0383936949074268]",True,True,[55.34578200249243],"[[-1.19209289550781e-07,0.200000002980232,-1.19209289550781e-07]]",1,True,[0.0],"[{""rid"":287762808832,""shape"":0,""localShape"":0,""point"":[0.282842636108398,0.0,-0.282842636108398]}]",[287762808832],True,True,False,True,True
6,0.42,0.2,-45.0,False,111,801,13582751,0.0166666666666667,"[0.282842636108398,0.0166666638106108,-0.282842636108398]",-0.3999998920018545,"[0.0,0.0,0.0]",0.0,"[0.0,0.0,0.0]","[0.0,0.0,0.0]","[-0.0383936949074268,0.0,0.0383936949074268]",True,True,[55.34578200249243],"[[-1.19209289550781e-07,0.200000002980232,-1.19209289550781e-07]]",1,True,[0.0],"[{""rid"":287762808832,""shape"":0,""localShape"":0,""point"":[0.282842636108398,0.0,-0.282842636108398]}]",[287762808832],True,True,False,True,True
6,0.42,0.2,-45.0,False,112,802,13596557,0.0166666666666667,"[0.282842636108398,0.0166666638106108,-0.282842636108398]",-0.3999998920018545,"[0.0,0.0,0.0]",0.0,"[0.0,0.0,0.0]","[0.0,0.0,0.0]","[-0.0383936949074268,0.0,0.0383936949074268]",True,True,[55.34578200249243],"[[-1.19209289550781e-07,0.200000002980232,-1.19209289550781e-07]]",1,True,[0.0],"[{""rid"":287762808832,""shape"":0,""localShape"":0,""point"":[0.282842636108398,0.0,-0.282842636108398]}]",[287762808832],True,True,False,True,True
6,0.42,0.2,-45.0,False,113,803,13617296,0.0166666666666667,"[0.282842636108398,0.0166666638106108,-0.282842636108398]",-0.3999998920018545,"[0.0,0.0,0.0]",0.0,"[0.0,0.0,0.0]","[0.0,0.0,0.0]","[-0.0383936949074268,0.0,0.0383936949074268]",True,True,[55.34578200249243],"[[-1.19209289550781e-07,0.200000002980232,-1.19209289550781e-07]]",1,True,[0.0],"[{""rid"":287762808832,""shape"":0,""localShape"":0,""point"":[0.282842636108398,0.0,-0.282842636108398]}]",[287762808832],True,True,False,True,True
6,0.42,0.2,-45.0,False,114,804,13631059,0.0166666666666667,"[0.282842636108398,0.0166666638106108,-0.282842636108398]",-0.3999998920018545,"[0.0,0.0,0.0]",0.0,"[0.0,0.0,0.0]","[0.0,0.0,0.0]","[-0.0383936949074268,0.0,0.0383936949074268]",True,True,[55.34578200249243],"[[-1.19209289550781e-07,0.200000002980232,-1.19209289550781e-07]]",1,True,[0.0],"[{""rid"":287762808832,""shape"":0,""localShape"":0,""point"":[0.282842636108398,0.0,-0.282842636108398]}]",[287762808832],True,True,False,True,True
6,0.42,0.2,-45.0,False,115,805,13644853,0.0166666666666667,"[0.282842636108398,0.0166666638106108,-0.282842636108398]",-0.3999998920018545,"[0.0,0.0,0.0]",0.0,"[0.0,0.0,0.0]","[0.0,0.0,0.0]","[-0.0383936949074268,0.0,0.0383936949074268]",True,True,[55.34578200249243],"[[-1.19209289550781e-07,0.200000002980232,-1.19209289550781e-07]]",1,True,[0.0],"[{""rid"":287762808832,""shape"":0,""localShape"":0,""point"":[0.282842636108398,0.0,-0.282842636108398]}]",[287762808832],True,True,False,True,True
6,0.42,0.2,-45.0,False,116,806,13665527,0.0166666666666667,"[0.282842636108398,0.0166666638106108,-0.282842636108398]",-0.3999998920018545,"[0.0,0.0,0.0]",0.0,"[0.0,0.0,0.0]","[0.0,0.0,0.0]","[-0.0383936949074268,0.0,0.0383936949074268]",True,True,[55.34578200249243],"[[-1.19209289550781e-07,0.200000002980232,-1.19209289550781e-07]]",1,True,[0.0],"[{""rid"":287762808832,""shape"":0,""localShape"":0,""point"":[0.282842636108398,0.0,-0.282842636108398]}]",[287762808832],True,True,False,True,True
6,0.42,0.2,-45.0,False,117,807,13679309,0.0166666666666667,"[0.282842636108398,0.0166666638106108,-0.282842636108398]",-0.3999998920018545,"[0.0,0.0,0.0]",0.0,"[0.0,0.0,0.0]","[0.0,0.0,0.0]","[-0.0383936949074268,0.0,0.0383936949074268]",True,True,[55.34578200249243],"[[-1.19209289550781e-07,0.200000002980232,-1.19209289550781e-07]]",1,True,[0.0],"[{""rid"":287762808832,""shape"":0,""localShape"":0,""point"":[0.282842636108398,0.0,-0.282842636108398]}]",[287762808832],True,True,False,True,True
6,0.42,0.2,-45.0,False,118,808,13700076,0.0166666666666667,"[0.282842636108398,0.0166666638106108,-0.282842636108398]",-0.3999998920018545,"[0.0,0.0,0.0]",0.0,"[0.0,0.0,0.0]","[0.0,0.0,0.0]","[-0.0383936949074268,0.0,0.0383936949074268]",True,True,[55.34578200249243],"[[-1.19209289550781e-07,0.200000002980232,-1.19209289550781e-07]]",1,True,[0.0],"[{""rid"":287762808832,""shape"":0,""localShape"":0,""point"":[0.282842636108398,0.0,-0.282842636108398]}]",[287762808832],True,True,False,True,True
6,0.42,0.2,-45.0,False,119,809,13713836,0.0166666666666667,"[0.282842636108398,0.0166666638106108,-0.282842636108398]",-0.3999998920018545,"[0.0,0.0,0.0]",0.0,"[0.0,0.0,0.0]","[0.0,0.0,0.0]","[-0.0383936949074268,0.0,0.0383936949074268]",True,True,[55.34578200249243],"[[-1.19209289550781e-07,0.200000002980232,-1.19209289550781e-07]]",1,True,[0.0],"[{""rid"":287762808832,""shape"":0,""localShape"":0,""point"":[0.282842636108398,0.0,-0.282842636108398]}]",[287762808832],True,True,False,True,True
6,0.42,0.2,-45.0,False,120,810,13727618,0.0166666666666667,"[0.282842636108398,0.0166666638106108,-0.282842636108398]",-0.3999998920018545,"[0.0,0.0,0.0]",0.0,"[0.0,0.0,0.0]","[0.0,0.0,0.0]","[-0.0383936949074268,0.0,0.0383936949074268]",True,True,[55.34578200249243],"[[-1.19209289550781e-07,0.200000002980232,-1.19209289550781e-07]]",1,True,[0.0],"[{""rid"":287762808832,""shape"":0,""localShape"":0,""point"":[0.282842636108398,0.0,-0.282842636108398]}]",[287762808832],True,True,False,True,True
6,0.42,0.2,-45.0,False,121,811,13748362,0.0166666666666667,"[0.282842636108398,0.0166666638106108,-0.282842636108398]",-0.3999998920018545,"[0.0,0.0,0.0]",0.0,"[0.0,0.0,0.0]","[0.0,0.0,0.0]","[-0.0383936949074268,0.0,0.0383936949074268]",True,True,[55.34578200249243],"[[-1.19209289550781e-07,0.200000002980232,-1.19209289550781e-07]]",1,True,[0.0],"[{""rid"":287762808832,""shape"":0,""localShape"":0,""point"":[0.282842636108398,0.0,-0.282842636108398]}]",[287762808832],True,True,False,True,True
6,0.42,0.2,-45.0,False,122,812,13762090,0.0166666666666667,"[0.282842636108398,0.0166666638106108,-0.282842636108398]",-0.3999998920018545,"[0.0,0.0,0.0]",0.0,"[0.0,0.0,0.0]","[0.0,0.0,0.0]","[-0.0383936949074268,0.0,0.0383936949074268]",True,True,[55.34578200249243],"[[-1.19209289550781e-07,0.200000002980232,-1.19209289550781e-07]]",1,True,[0.0],"[{""rid"":287762808832,""shape"":0,""localShape"":0,""point"":[0.282842636108398,0.0,-0.282842636108398]}]",[287762808832],True,True,False,True,True
6,0.42,0.2,-45.0,False,123,813,13782880,0.0166666666666667,"[0.282842636108398,0.0166666638106108,-0.282842636108398]",-0.3999998920018545,"[0.0,0.0,0.0]",0.0,"[0.0,0.0,0.0]","[0.0,0.0,0.0]","[-0.0383936949074268,0.0,0.0383936949074268]",True,True,[55.34578200249243],"[[-1.19209289550781e-07,0.200000002980232,-1.19209289550781e-07]]",1,True,[0.0],"[{""rid"":287762808832,""shape"":0,""localShape"":0,""point"":[0.282842636108398,0.0,-0.282842636108398]}]",[287762808832],True,True,False,True,True
6,0.42,0.2,-45.0,False,124,814,13797489,0.0166666666666667,"[0.282842636108398,0.0166666638106108,-0.282842636108398]",-0.3999998920018545,"[0.0,0.0,0.0]",0.0,"[0.0,0.0,0.0]","[0.0,0.0,0.0]","[-0.0383936949074268,0.0,0.0383936949074268]",True,True,[55.34578200249243],"[[-1.19209289550781e-07,0.200000002980232,-1.19209289550781e-07]]",1,True,[0.0],"[{""rid"":287762808832,""shape"":0,""localShape"":0,""point"":[0.282842636108398,0.0,-0.282842636108398]}]",[287762808832],True,True,False,True,True
6,0.42,0.2,-45.0,False,125,815,13817413,0.0166666666666667,"[0.282842636108398,0.0166666638106108,-0.282842636108398]",-0.3999998920018545,"[0.0,0.0,0.0]",0.0,"[0.0,0.0,0.0]","[0.0,0.0,0.0]","[-0.0383936949074268,0.0,0.0383936949074268]",True,True,[55.34578200249243],"[[-1.19209289550781e-07,0.200000002980232,-1.19209289550781e-07]]",1,True,[0.0],"[{""rid"":287762808832,""shape"":0,""localShape"":0,""point"":[0.282842636108398,0.0,-0.282842636108398]}]",[287762808832],True,True,False,True,True
7,0.42,0.2,45.0,True,0,816,13839574,0.0166666666666667,"[-0.70710676908493,0.0444444455206394,-0.70710676908493]",-0.9999999828857283,"[0.0,-0.00555555522441864,0.0]",0.00555555522441864,"[0.0,-0.00555555522441864,0.0]","[0.0,-0.333333283662796,0.0]","[0.0,-0.00555555615574121,0.0]",False,False,[],[],0,False,[],[],[],True,True,False,False,False
7,0.42,0.2,45.0,True,1,817,13846519,0.0166666666666667,"[-0.70710676908493,0.0333333313465118,-0.70710676908493]",-0.9999999828857283,"[0.0,-0.0111111141741276,0.0]",0.0111111141741276,"[0.0,-0.0111111141741276,0.0]","[0.0,-0.666666805744171,0.0]","[0.0,-0.0111111123114824,0.0]",False,False,[],[],0,False,[],[],[],True,True,False,False,False
7,0.42,0.2,45.0,True,2,818,13860399,0.0166666666666667,"[-0.70710676908493,0.0166666638106108,-0.70710676908493]",-0.9999999828857283,"[0.0,-0.0166666675359011,0.0]",0.0166666675359011,"[0.0,-0.0166666675359011,0.0]","[0.0,-1.0,0.0]","[0.0,-0.0166666675359011,0.0]",False,False,[],[],1,True,[0.0],"[{""rid"":317827579904,""shape"":0,""localShape"":0,""point"":[-0.70710676908493,0.0,-0.70710676908493]}]",[317827579904],True,True,False,False,True
7,0.42,0.2,45.0,True,3,819,13874165,0.0166666666666667,"[-0.70710676908493,0.0166666638106108,-0.70710676908493]",-0.9999999828857283,"[0.0,0.0,0.0]",0.0,"[0.0,0.0,0.0]","[0.0,0.0,0.0]","[0.0,0.0,0.0]",True,False,[],[],1,True,[0.0],"[{""rid"":317827579904,""shape"":0,""localShape"":0,""point"":[-0.70710676908493,0.0,-0.70710676908493]}]",[317827579904],True,True,False,False,True
7,0.42,0.2,45.0,True,4,820,13888019,0.0166666666666667,"[-0.70710676908493,0.0166666638106108,-0.70710676908493]",-0.9999999828857283,"[0.0,0.0,0.0]",0.0,"[0.0,0.0,0.0]","[0.0,0.0,0.0]","[0.0,0.0,0.0]",True,False,[],[],1,True,[0.0],"[{""rid"":317827579904,""shape"":0,""localShape"":0,""point"":[-0.70710676908493,0.0,-0.70710676908493]}]",[317827579904],True,True,False,False,True
7,0.42,0.2,45.0,True,5,821,13908667,0.0166666666666667,"[-0.70710676908493,0.0166666638106108,-0.70710676908493]",-0.9999999828857283,"[0.0,0.0,0.0]",0.0,"[0.0,0.0,0.0]","[0.0,0.0,0.0]","[0.0,0.0,0.0]",True,False,[],[],1,True,[0.0],"[{""rid"":317827579904,""shape"":0,""localShape"":0,""point"":[-0.70710676908493,0.0,-0.70710676908493]}]",[317827579904],True,True,False,False,True
7,0.42,0.2,45.0,True,6,822,13922446,0.0166666666666667,"[-0.70710676908493,0.0166666638106108,-0.70710676908493]",-0.9999999828857283,"[0.0,0.0,0.0]",0.0,"[0.0,0.0,0.0]","[0.0,0.0,0.0]","[0.0,0.0,0.0]",True,False,[],[],1,True,[0.0],"[{""rid"":317827579904,""shape"":0,""localShape"":0,""point"":[-0.70710676908493,0.0,-0.70710676908493]}]",[317827579904],True,True,False,False,True
7,0.42,0.2,45.0,True,7,823,13943144,0.0166666666666667,"[-0.70710676908493,0.0166666638106108,-0.70710676908493]",-0.9999999828857283,"[0.0,0.0,0.0]",0.0,"[0.0,0.0,0.0]","[0.0,0.0,0.0]","[0.0,0.0,0.0]",True,False,[],[],1,True,[0.0],"[{""rid"":317827579904,""shape"":0,""localShape"":0,""point"":[-0.70710676908493,0.0,-0.70710676908493]}]",[317827579904],True,True,False,False,True
7,0.42,0.2,45.0,True,8,824,13956950,0.0166666666666667,"[-0.70710676908493,0.0166666638106108,-0.70710676908493]",-0.9999999828857283,"[0.0,0.0,0.0]",0.0,"[0.0,0.0,0.0]","[0.0,0.0,0.0]","[0.0,0.0,0.0]",True,False,[],[],1,True,[0.0],"[{""rid"":317827579904,""shape"":0,""localShape"":0,""point"":[-0.70710676908493,0.0,-0.70710676908493]}]",[317827579904],True,True,False,False,True
7,0.42,0.2,45.0,True,9,825,13970799,0.0166666666666667,"[-0.70710676908493,0.0166666638106108,-0.70710676908493]",-0.9999999828857283,"[0.0,0.0,0.0]",0.0,"[0.0,0.0,0.0]","[0.0,0.0,0.0]","[0.0,0.0,0.0]",True,False,[],[],1,True,[0.0],"[{""rid"":317827579904,""shape"":0,""localShape"":0,""point"":[-0.70710676908493,0.0,-0.70710676908493]}]",[317827579904],True,True,False,False,True
7,0.42,0.2,45.0,True,10,826,13991711,0.0166666666666667,"[-0.70710676908493,0.0166666638106108,-0.70710676908493]",-0.9999999828857283,"[0.0,0.0,0.0]",0.0,"[0.0,0.0,0.0]","[0.0,0.0,0.0]","[0.0,0.0,0.0]",True,False,[],[],1,True,[0.0],"[{""rid"":317827579904,""shape"":0,""localShape"":0,""point"":[-0.70710676908493,0.0,-0.70710676908493]}]",[317827579904],True,True,False,False,True
7,0.42,0.2,45.0,True,11,827,14005284,0.0166666666666667,"[-0.70710676908493,0.0166666638106108,-0.70710676908493]",-0.9999999828857283,"[0.0,0.0,0.0]",0.0,"[0.0,0.0,0.0]","[0.0,0.0,0.0]","[0.0,0.0,0.0]",True,False,[],[],1,True,[0.0],"[{""rid"":317827579904,""shape"":0,""localShape"":0,""point"":[-0.70710676908493,0.0,-0.70710676908493]}]",[317827579904],True,True,False,False,True
7,0.42,0.2,45.0,True,12,828,14025937,0.0166666666666667,"[-0.70710676908493,0.0166666638106108,-0.70710676908493]",-0.9999999828857283,"[0.0,0.0,0.0]",0.0,"[0.0,0.0,0.0]","[0.0,0.0,0.0]","[0.0,0.0,0.0]",True,False,[],[],1,True,[0.0],"[{""rid"":317827579904,""shape"":0,""localShape"":0,""point"":[-0.70710676908493,0.0,-0.70710676908493]}]",[317827579904],True,True,False,False,True
7,0.42,0.2,45.0,True,13,829,14039715,0.0166666666666667,"[-0.70710676908493,0.0166666638106108,-0.70710676908493]",-0.9999999828857283,"[0.0,0.0,0.0]",0.0,"[0.0,0.0,0.0]","[0.0,0.0,0.0]","[0.0,0.0,0.0]",True,False,[],[],1,True,[0.0],"[{""rid"":317827579904,""shape"":0,""localShape"":0,""point"":[-0.70710676908493,0.0,-0.70710676908493]}]",[317827579904],True,True,False,False,True
7,0.42,0.2,45.0,True,14,830,14060446,0.0166666666666667,"[-0.70710676908493,0.0166666638106108,-0.70710676908493]",-0.9999999828857283,"[0.0,0.0,0.0]",0.0,"[0.0,0.0,0.0]","[0.0,0.0,0.0]","[0.0,0.0,0.0]",True,False,[],[],1,True,[0.0],"[{""rid"":317827579904,""shape"":0,""localShape"":0,""point"":[-0.70710676908493,0.0,-0.70710676908493]}]",[317827579904],True,True,False,False,True
7,0.42,0.2,45.0,True,15,831,14074216,0.0166666666666667,"[-0.70710676908493,0.0166666638106108,-0.70710676908493]",-0.9999999828857283,"[0.0,0.0,0.0]",0.0,"[0.0,0.0,0.0]","[0.0,0.0,0.0]","[0.0,0.0,0.0]",True,False,[],[],1,True,[0.0],"[{""rid"":317827579904,""shape"":0,""localShape"":0,""point"":[-0.70710676908493,0.0,-0.70710676908493]}]",[317827579904],True,True,False,False,True
7,0.42,0.2,45.0,True,16,832,14094994,0.0166666666666667,"[-0.70710676908493,0.0166666638106108,-0.70710676908493]",-0.9999999828857283,"[0.0,0.0,0.0]",0.0,"[0.0,0.0,0.0]","[0.0,0.0,0.0]","[0.0,0.0,0.0]",True,False,[],[],1,True,[0.0],"[{""rid"":317827579904,""shape"":0,""localShape"":0,""point"":[-0.70710676908493,0.0,-0.70710676908493]}]",[317827579904],True,True,False,False,True
7,0.42,0.2,45.0,True,17,833,14108732,0.0166666666666667,"[-0.70710676908493,0.0166666638106108,-0.70710676908493]",-0.9999999828857283,"[0.0,0.0,0.0]",0.0,"[0.0,0.0,0.0]","[0.0,0.0,0.0]","[0.0,0.0,0.0]",True,False,[],[],1,True,[0.0],"[{""rid"":317827579904,""shape"":0,""localShape"":0,""point"":[-0.70710676908493,0.0,-0.70710676908493]}]",[317827579904],True,True,False,False,True
7,0.42,0.2,45.0,True,18,834,14129466,0.0166666666666667,"[-0.70710676908493,0.0166666638106108,-0.70710676908493]",-0.9999999828857283,"[0.0,0.0,0.0]",0.0,"[0.0,0.0,0.0]","[0.0,0.0,0.0]","[0.0,0.0,0.0]",True,False,[],[],1,True,[0.0],"[{""rid"":317827579904,""shape"":0,""localShape"":0,""point"":[-0.70710676908493,0.0,-0.70710676908493]}]",[317827579904],True,True,False,False,True
7,0.42,0.2,45.0,True,19,835,14143214,0.0166666666666667,"[-0.70710676908493,0.0166666638106108,-0.70710676908493]",-0.9999999828857283,"[0.0,0.0,0.0]",0.0,"[0.0,0.0,0.0]","[0.0,0.0,0.0]","[0.0,0.0,0.0]",True,False,[],[],1,True,[0.0],"[{""rid"":317827579904,""shape"":0,""localShape"":0,""point"":[-0.70710676908493,0.0,-0.70710676908493]}]",[317827579904],True,True,False,False,True
7,0.42,0.2,45.0,False,0,836,14163929,0.0166666666666667,"[-0.636396050453186,0.0166666638106108,-0.636396050453186]",-0.899999925591568,"[0.0707107186317444,0.0,0.0707107186317444]",0.10000005729416082,"[0.0707107186317444,0.0,0.0707107186317444]","[4.24264287948608,0.0,4.24264287948608]","[0.070710688829422,0.0,0.070710688829422]",True,False,[],[],1,True,[0.0],"[{""rid"":317827579904,""shape"":0,""localShape"":0,""point"":[-0.636396050453186,0.0,-0.636396050453186]}]",[317827579904],True,True,False,False,True
7,0.42,0.2,45.0,False,1,837,14177764,0.0166666666666667,"[-0.565685391426086,0.0166666638106108,-0.565685391426086]",-0.7999999525911037,"[0.0707106590270996,0.0,0.0707106590270996]",0.09999997300046377,"[0.0707106590270996,0.0,0.0707106590270996]","[4.24263954162598,0.0,4.24263954162598]","[0.070710688829422,0.0,0.070710688829422]",True,False,[],[],1,True,[0.0],"[{""rid"":317827579904,""shape"":0,""localShape"":0,""point"":[-0.565685391426086,0.0,-0.565685391426086]}]",[317827579904],True,True,False,False,True
7,0.42,0.2,45.0,False,2,838,14198472,0.0166666666666667,"[-0.494974702596664,0.0166666638106108,-0.494974702596664]",-0.6999999374437915,"[0.070710688829422,0.0,0.070710688829422]",0.1000000151473123,"[0.070710688829422,0.0,0.070710688829422]","[4.24264097213745,0.0,4.24264097213745]","[0.070710688829422,0.0,0.070710688829422]",True,False,[],[],1,True,[0.0],"[{""rid"":317827579904,""shape"":0,""localShape"":0,""point"":[-0.494974702596664,0.0,-0.494974702596664]}]",[317827579904],True,True,False,False,True
7,0.42,0.2,45.0,False,3,839,14212231,0.0166666666666667,"[-0.424264013767242,0.0166666638106108,-0.424264013767242]",-0.5999999222964791,"[0.070710688829422,0.0,0.070710688829422]",0.1000000151473123,"[0.070710688829422,0.0,0.070710688829422]","[4.24264097213745,0.0,4.24264097213745]","[0.070710688829422,0.0,0.070710688829422]",True,False,[],[],1,True,[0.0],"[{""rid"":317827579904,""shape"":0,""localShape"":0,""point"":[-0.424264013767242,0.0,-0.424264013767242]}]",[317827579904],True,True,False,False,True
7,0.42,0.2,45.0,False,4,840,14232953,0.0166666666666667,"[-0.35355332493782,0.0166666638106108,-0.35355332493782]",-0.49999990714916687,"[0.070710688829422,0.0,0.070710688829422]",0.1000000151473123,"[0.070710688829422,0.0,0.070710688829422]","[4.24264097213745,0.0,4.24264097213745]","[0.070710688829422,0.0,0.070710688829422]",True,False,[],[],1,True,[0.0],"[{""rid"":317827579904,""shape"":0,""localShape"":0,""point"":[-0.35355332493782,0.0,-0.35355332493782]}]",[317827579904],True,True,False,False,True
7,0.42,0.2,45.0,False,5,841,14246743,0.0166666666666667,"[-0.282842636108398,0.0166666638106108,-0.282842636108398]",-0.3999998920018545,"[0.070710688829422,0.0,0.070710688829422]",0.1000000151473123,"[0.070710688829422,0.0,0.070710688829422]","[4.24264097213745,0.0,4.24264097213745]","[0.070710688829422,0.0,0.070710688829422]",True,False,[],[],1,True,[0.0],"[{""rid"":317827579904,""shape"":0,""localShape"":0,""point"":[-0.282842636108398,0.0,-0.282842636108398]}]",[317827579904],True,True,False,False,True
7,0.42,0.2,45.0,False,6,842,14267471,0.0166666666666667,"[-0.282842636108398,0.0166666638106108,-0.282842636108398]",-0.3999998920018545,"[0.0,0.0,0.0]",0.0,"[0.0,0.0,0.0]","[0.0,0.0,0.0]","[0.0383936949074268,0.0,0.0383936949074268]",True,True,[55.34578200249243],"[[-1.19209289550781e-07,0.200000002980232,1.19209289550781e-07]]",1,True,[0.0],"[{""rid"":317827579904,""shape"":0,""localShape"":0,""point"":[-0.282842636108398,0.0,-0.282842636108398]}]",[317827579904],True,True,False,True,True
7,0.42,0.2,45.0,False,7,843,14281242,0.0166666666666667,"[-0.282842636108398,0.0166666638106108,-0.282842636108398]",-0.3999998920018545,"[0.0,0.0,0.0]",0.0,"[0.0,0.0,0.0]","[0.0,0.0,0.0]","[0.0383936949074268,0.0,0.0383936949074268]",True,True,[55.34578200249243],"[[-1.19209289550781e-07,0.200000002980232,1.19209289550781e-07]]",1,True,[0.0],"[{""rid"":317827579904,""shape"":0,""localShape"":0,""point"":[-0.282842636108398,0.0,-0.282842636108398]}]",[317827579904],True,True,False,True,True
7,0.42,0.2,45.0,False,8,844,14301954,0.0166666666666667,"[-0.282842636108398,0.0166666638106108,-0.282842636108398]",-0.3999998920018545,"[0.0,0.0,0.0]",0.0,"[0.0,0.0,0.0]","[0.0,0.0,0.0]","[0.0383936949074268,0.0,0.0383936949074268]",True,True,[55.34578200249243],"[[-1.19209289550781e-07,0.200000002980232,1.19209289550781e-07]]",1,True,[0.0],"[{""rid"":317827579904,""shape"":0,""localShape"":0,""point"":[-0.282842636108398,0.0,-0.282842636108398]}]",[317827579904],True,True,False,True,True
7,0.42,0.2,45.0,False,9,845,14315724,0.0166666666666667,"[-0.282842636108398,0.0166666638106108,-0.282842636108398]",-0.3999998920018545,"[0.0,0.0,0.0]",0.0,"[0.0,0.0,0.0]","[0.0,0.0,0.0]","[0.0383936949074268,0.0,0.0383936949074268]",True,True,[55.34578200249243],"[[-1.19209289550781e-07,0.200000002980232,1.19209289550781e-07]]",1,True,[0.0],"[{""rid"":317827579904,""shape"":0,""localShape"":0,""point"":[-0.282842636108398,0.0,-0.282842636108398]}]",[317827579904],True,True,False,True,True
7,0.42,0.2,45.0,False,10,846,14329540,0.0166666666666667,"[-0.282842636108398,0.0166666638106108,-0.282842636108398]",-0.3999998920018545,"[0.0,0.0,0.0]",0.0,"[0.0,0.0,0.0]","[0.0,0.0,0.0]","[0.0383936949074268,0.0,0.0383936949074268]",True,True,[55.34578200249243],"[[-1.19209289550781e-07,0.200000002980232,1.19209289550781e-07]]",1,True,[0.0],"[{""rid"":317827579904,""shape"":0,""localShape"":0,""point"":[-0.282842636108398,0.0,-0.282842636108398]}]",[317827579904],True,True,False,True,True
7,0.42,0.2,45.0,False,11,847,14350280,0.0166666666666667,"[-0.282842636108398,0.0166666638106108,-0.282842636108398]",-0.3999998920018545,"[0.0,0.0,0.0]",0.0,"[0.0,0.0,0.0]","[0.0,0.0,0.0]","[0.0383936949074268,0.0,0.0383936949074268]",True,True,[55.34578200249243],"[[-1.19209289550781e-07,0.200000002980232,1.19209289550781e-07]]",1,True,[0.0],"[{""rid"":317827579904,""shape"":0,""localShape"":0,""point"":[-0.282842636108398,0.0,-0.282842636108398]}]",[317827579904],True,True,False,True,True
7,0.42,0.2,45.0,False,12,848,14364039,0.0166666666666667,"[-0.282842636108398,0.0166666638106108,-0.282842636108398]",-0.3999998920018545,"[0.0,0.0,0.0]",0.0,"[0.0,0.0,0.0]","[0.0,0.0,0.0]","[0.0383936949074268,0.0,0.0383936949074268]",True,True,[55.34578200249243],"[[-1.19209289550781e-07,0.200000002980232,1.19209289550781e-07]]",1,True,[0.0],"[{""rid"":317827579904,""shape"":0,""localShape"":0,""point"":[-0.282842636108398,0.0,-0.282842636108398]}]",[317827579904],True,True,False,True,True
7,0.42,0.2,45.0,False,13,849,14384762,0.0166666666666667,"[-0.282842636108398,0.0166666638106108,-0.282842636108398]",-0.3999998920018545,"[0.0,0.0,0.0]",0.0,"[0.0,0.0,0.0]","[0.0,0.0,0.0]","[0.0383936949074268,0.0,0.0383936949074268]",True,True,[55.34578200249243],"[[-1.19209289550781e-07,0.200000002980232,1.19209289550781e-07]]",1,True,[0.0],"[{""rid"":317827579904,""shape"":0,""localShape"":0,""point"":[-0.282842636108398,0.0,-0.282842636108398]}]",[317827579904],True,True,False,True,True
7,0.42,0.2,45.0,False,14,850,14398593,0.0166666666666667,"[-0.282842636108398,0.0166666638106108,-0.282842636108398]",-0.3999998920018545,"[0.0,0.0,0.0]",0.0,"[0.0,0.0,0.0]","[0.0,0.0,0.0]","[0.0383936949074268,0.0,0.0383936949074268]",True,True,[55.34578200249243],"[[-1.19209289550781e-07,0.200000002980232,1.19209289550781e-07]]",1,True,[0.0],"[{""rid"":317827579904,""shape"":0,""localShape"":0,""point"":[-0.282842636108398,0.0,-0.282842636108398]}]",[317827579904],True,True,False,True,True
7,0.42,0.2,45.0,False,15,851,14412356,0.0166666666666667,"[-0.282842636108398,0.0166666638106108,-0.282842636108398]",-0.3999998920018545,"[0.0,0.0,0.0]",0.0,"[0.0,0.0,0.0]","[0.0,0.0,0.0]","[0.0383936949074268,0.0,0.0383936949074268]",True,True,[55.34578200249243],"[[-1.19209289550781e-07,0.200000002980232,1.19209289550781e-07]]",1,True,[0.0],"[{""rid"":317827579904,""shape"":0,""localShape"":0,""point"":[-0.282842636108398,0.0,-0.282842636108398]}]",[317827579904],True,True,False,True,True
7,0.42,0.2,45.0,False,16,852,14433055,0.0166666666666667,"[-0.282842636108398,0.0166666638106108,-0.282842636108398]",-0.3999998920018545,"[0.0,0.0,0.0]",0.0,"[0.0,0.0,0.0]","[0.0,0.0,0.0]","[0.0383936949074268,0.0,0.0383936949074268]",True,True,[55.34578200249243],"[[-1.19209289550781e-07,0.200000002980232,1.19209289550781e-07]]",1,True,[0.0],"[{""rid"":317827579904,""shape"":0,""localShape"":0,""point"":[-0.282842636108398,0.0,-0.282842636108398]}]",[317827579904],True,True,False,True,True
7,0.42,0.2,45.0,False,17,853,14446850,0.0166666666666667,"[-0.282842636108398,0.0166666638106108,-0.282842636108398]",-0.3999998920018545,"[0.0,0.0,0.0]",0.0,"[0.0,0.0,0.0]","[0.0,0.0,0.0]","[0.0383936949074268,0.0,0.0383936949074268]",True,True,[55.34578200249243],"[[-1.19209289550781e-07,0.200000002980232,1.19209289550781e-07]]",1,True,[0.0],"[{""rid"":317827579904,""shape"":0,""localShape"":0,""point"":[-0.282842636108398,0.0,-0.282842636108398]}]",[317827579904],True,True,False,True,True
7,0.42,0.2,45.0,False,18,854,14467538,0.0166666666666667,"[-0.282842636108398,0.0166666638106108,-0.282842636108398]",-0.3999998920018545,"[0.0,0.0,0.0]",0.0,"[0.0,0.0,0.0]","[0.0,0.0,0.0]","[0.0383936949074268,0.0,0.0383936949074268]",True,True,[55.34578200249243],"[[-1.19209289550781e-07,0.200000002980232,1.19209289550781e-07]]",1,True,[0.0],"[{""rid"":317827579904,""shape"":0,""localShape"":0,""point"":[-0.282842636108398,0.0,-0.282842636108398]}]",[317827579904],True,True,False,True,True
7,0.42,0.2,45.0,False,19,855,14481343,0.0166666666666667,"[-0.282842636108398,0.0166666638106108,-0.282842636108398]",-0.3999998920018545,"[0.0,0.0,0.0]",0.0,"[0.0,0.0,0.0]","[0.0,0.0,0.0]","[0.0383936949074268,0.0,0.0383936949074268]",True,True,[55.34578200249243],"[[-1.19209289550781e-07,0.200000002980232,1.19209289550781e-07]]",1,True,[0.0],"[{""rid"":317827579904,""shape"":0,""localShape"":0,""point"":[-0.282842636108398,0.0,-0.282842636108398]}]",[317827579904],True,True,False,True,True
7,0.42,0.2,45.0,False,20,856,14502073,0.0166666666666667,"[-0.282842636108398,0.0166666638106108,-0.282842636108398]",-0.3999998920018545,"[0.0,0.0,0.0]",0.0,"[0.0,0.0,0.0]","[0.0,0.0,0.0]","[0.0383936949074268,0.0,0.0383936949074268]",True,True,[55.34578200249243],"[[-1.19209289550781e-07,0.200000002980232,1.19209289550781e-07]]",1,True,[0.0],"[{""rid"":317827579904,""shape"":0,""localShape"":0,""point"":[-0.282842636108398,0.0,-0.282842636108398]}]",[317827579904],True,True,False,True,True
7,0.42,0.2,45.0,False,21,857,14515836,0.0166666666666667,"[-0.282842636108398,0.0166666638106108,-0.282842636108398]",-0.3999998920018545,"[0.0,0.0,0.0]",0.0,"[0.0,0.0,0.0]","[0.0,0.0,0.0]","[0.0383936949074268,0.0,0.0383936949074268]",True,True,[55.34578200249243],"[[-1.19209289550781e-07,0.200000002980232,1.19209289550781e-07]]",1,True,[0.0],"[{""rid"":317827579904,""shape"":0,""localShape"":0,""point"":[-0.282842636108398,0.0,-0.282842636108398]}]",[317827579904],True,True,False,True,True
7,0.42,0.2,45.0,False,22,858,14529611,0.0166666666666667,"[-0.282842636108398,0.0166666638106108,-0.282842636108398]",-0.3999998920018545,"[0.0,0.0,0.0]",0.0,"[0.0,0.0,0.0]","[0.0,0.0,0.0]","[0.0383936949074268,0.0,0.0383936949074268]",True,True,[55.34578200249243],"[[-1.19209289550781e-07,0.200000002980232,1.19209289550781e-07]]",1,True,[0.0],"[{""rid"":317827579904,""shape"":0,""localShape"":0,""point"":[-0.282842636108398,0.0,-0.282842636108398]}]",[317827579904],True,True,False,True,True
7,0.42,0.2,45.0,False,23,859,14550347,0.0166666666666667,"[-0.282842636108398,0.0166666638106108,-0.282842636108398]",-0.3999998920018545,"[0.0,0.0,0.0]",0.0,"[0.0,0.0,0.0]","[0.0,0.0,0.0]","[0.0383936949074268,0.0,0.0383936949074268]",True,True,[55.34578200249243],"[[-1.19209289550781e-07,0.200000002980232,1.19209289550781e-07]]",1,True,[0.0],"[{""rid"":317827579904,""shape"":0,""localShape"":0,""point"":[-0.282842636108398,0.0,-0.282842636108398]}]",[317827579904],True,True,False,True,True
7,0.42,0.2,45.0,False,24,860,14564125,0.0166666666666667,"[-0.282842636108398,0.0166666638106108,-0.282842636108398]",-0.3999998920018545,"[0.0,0.0,0.0]",0.0,"[0.0,0.0,0.0]","[0.0,0.0,0.0]","[0.0383936949074268,0.0,0.0383936949074268]",True,True,[55.34578200249243],"[[-1.19209289550781e-07,0.200000002980232,1.19209289550781e-07]]",1,True,[0.0],"[{""rid"":317827579904,""shape"":0,""localShape"":0,""point"":[-0.282842636108398,0.0,-0.282842636108398]}]",[317827579904],True,True,False,True,True
7,0.42,0.2,45.0,False,25,861,14584848,0.0166666666666667,"[-0.282842636108398,0.0166666638106108,-0.282842636108398]",-0.3999998920018545,"[0.0,0.0,0.0]",0.0,"[0.0,0.0,0.0]","[0.0,0.0,0.0]","[0.0383936949074268,0.0,0.0383936949074268]",True,True,[55.34578200249243],"[[-1.19209289550781e-07,0.200000002980232,1.19209289550781e-07]]",1,True,[0.0],"[{""rid"":317827579904,""shape"":0,""localShape"":0,""point"":[-0.282842636108398,0.0,-0.282842636108398]}]",[317827579904],True,True,False,True,True
7,0.42,0.2,45.0,False,26,862,14598671,0.0166666666666667,"[-0.282842636108398,0.0166666638106108,-0.282842636108398]",-0.3999998920018545,"[0.0,0.0,0.0]",0.0,"[0.0,0.0,0.0]","[0.0,0.0,0.0]","[0.0383936949074268,0.0,0.0383936949074268]",True,True,[55.34578200249243],"[[-1.19209289550781e-07,0.200000002980232,1.19209289550781e-07]]",1,True,[0.0],"[{""rid"":317827579904,""shape"":0,""localShape"":0,""point"":[-0.282842636108398,0.0,-0.282842636108398]}]",[317827579904],True,True,False,True,True
7,0.42,0.2,45.0,False,27,863,14619373,0.0166666666666667,"[-0.282842636108398,0.0166666638106108,-0.282842636108398]",-0.3999998920018545,"[0.0,0.0,0.0]",0.0,"[0.0,0.0,0.0]","[0.0,0.0,0.0]","[0.0383936949074268,0.0,0.0383936949074268]",True,True,[55.34578200249243],"[[-1.19209289550781e-07,0.200000002980232,1.19209289550781e-07]]",1,True,[0.0],"[{""rid"":317827579904,""shape"":0,""localShape"":0,""point"":[-0.282842636108398,0.0,-0.282842636108398]}]",[317827579904],True,True,False,True,True
7,0.42,0.2,45.0,False,28,864,14633124,0.0166666666666667,"[-0.282842636108398,0.0166666638106108,-0.282842636108398]",-0.3999998920018545,"[0.0,0.0,0.0]",0.0,"[0.0,0.0,0.0]","[0.0,0.0,0.0]","[0.0383936949074268,0.0,0.0383936949074268]",True,True,[55.34578200249243],"[[-1.19209289550781e-07,0.200000002980232,1.19209289550781e-07]]",1,True,[0.0],"[{""rid"":317827579904,""shape"":0,""localShape"":0,""point"":[-0.282842636108398,0.0,-0.282842636108398]}]",[317827579904],True,True,False,True,True
7,0.42,0.2,45.0,False,29,865,14646917,0.0166666666666667,"[-0.282842636108398,0.0166666638106108,-0.282842636108398]",-0.3999998920018545,"[0.0,0.0,0.0]",0.0,"[0.0,0.0,0.0]","[0.0,0.0,0.0]","[0.0383936949074268,0.0,0.0383936949074268]",True,True,[55.34578200249243],"[[-1.19209289550781e-07,0.200000002980232,1.19209289550781e-07]]",1,True,[0.0],"[{""rid"":317827579904,""shape"":0,""localShape"":0,""point"":[-0.282842636108398,0.0,-0.282842636108398]}]",[317827579904],True,True,False,True,True
7,0.42,0.2,45.0,False,30,866,14667617,0.0166666666666667,"[-0.282842636108398,0.0166666638106108,-0.282842636108398]",-0.3999998920018545,"[0.0,0.0,0.0]",0.0,"[0.0,0.0,0.0]","[0.0,0.0,0.0]","[0.0383936949074268,0.0,0.0383936949074268]",True,True,[55.34578200249243],"[[-1.19209289550781e-07,0.200000002980232,1.19209289550781e-07]]",1,True,[0.0],"[{""rid"":317827579904,""shape"":0,""localShape"":0,""point"":[-0.282842636108398,0.0,-0.282842636108398]}]",[317827579904],True,True,False,True,True
7,0.42,0.2,45.0,False,31,867,14681412,0.0166666666666667,"[-0.282842636108398,0.0166666638106108,-0.282842636108398]",-0.3999998920018545,"[0.0,0.0,0.0]",0.0,"[0.0,0.0,0.0]","[0.0,0.0,0.0]","[0.0383936949074268,0.0,0.0383936949074268]",True,True,[55.34578200249243],"[[-1.19209289550781e-07,0.200000002980232,1.19209289550781e-07]]",1,True,[0.0],"[{""rid"":317827579904,""shape"":0,""localShape"":0,""point"":[-0.282842636108398,0.0,-0.282842636108398]}]",[317827579904],True,True,False,True,True
7,0.42,0.2,45.0,False,32,868,14702159,0.0166666666666667,"[-0.282842636108398,0.0166666638106108,-0.282842636108398]",-0.3999998920018545,"[0.0,0.0,0.0]",0.0,"[0.0,0.0,0.0]","[0.0,0.0,0.0]","[0.0383936949074268,0.0,0.0383936949074268]",True,True,[55.34578200249243],"[[-1.19209289550781e-07,0.200000002980232,1.19209289550781e-07]]",1,True,[0.0],"[{""rid"":317827579904,""shape"":0,""localShape"":0,""point"":[-0.282842636108398,0.0,-0.282842636108398]}]",[317827579904],True,True,False,True,True
7,0.42,0.2,45.0,False,33,869,14715938,0.0166666666666667,"[-0.282842636108398,0.0166666638106108,-0.282842636108398]",-0.3999998920018545,"[0.0,0.0,0.0]",0.0,"[0.0,0.0,0.0]","[0.0,0.0,0.0]","[0.0383936949074268,0.0,0.0383936949074268]",True,True,[55.34578200249243],"[[-1.19209289550781e-07,0.200000002980232,1.19209289550781e-07]]",1,True,[0.0],"[{""rid"":317827579904,""shape"":0,""localShape"":0,""point"":[-0.282842636108398,0.0,-0.282842636108398]}]",[317827579904],True,True,False,True,True
7,0.42,0.2,45.0,False,34,870,14729733,0.0166666666666667,"[-0.282842636108398,0.0166666638106108,-0.282842636108398]",-0.3999998920018545,"[0.0,0.0,0.0]",0.0,"[0.0,0.0,0.0]","[0.0,0.0,0.0]","[0.0383936949074268,0.0,0.0383936949074268]",True,True,[55.34578200249243],"[[-1.19209289550781e-07,0.200000002980232,1.19209289550781e-07]]",1,True,[0.0],"[{""rid"":317827579904,""shape"":0,""localShape"":0,""point"":[-0.282842636108398,0.0,-0.282842636108398]}]",[317827579904],True,True,False,True,True
7,0.42,0.2,45.0,False,35,871,14750452,0.0166666666666667,"[-0.282842636108398,0.0166666638106108,-0.282842636108398]",-0.3999998920018545,"[0.0,0.0,0.0]",0.0,"[0.0,0.0,0.0]","[0.0,0.0,0.0]","[0.0383936949074268,0.0,0.0383936949074268]",True,True,[55.34578200249243],"[[-1.19209289550781e-07,0.200000002980232,1.19209289550781e-07]]",1,True,[0.0],"[{""rid"":317827579904,""shape"":0,""localShape"":0,""point"":[-0.282842636108398,0.0,-0.282842636108398]}]",[317827579904],True,True,False,True,True
7,0.42,0.2,45.0,False,36,872,14764275,0.0166666666666667,"[-0.282842636108398,0.0166666638106108,-0.282842636108398]",-0.3999998920018545,"[0.0,0.0,0.0]",0.0,"[0.0,0.0,0.0]","[0.0,0.0,0.0]","[0.0383936949074268,0.0,0.0383936949074268]",True,True,[55.34578200249243],"[[-1.19209289550781e-07,0.200000002980232,1.19209289550781e-07]]",1,True,[0.0],"[{""rid"":317827579904,""shape"":0,""localShape"":0,""point"":[-0.282842636108398,0.0,-0.282842636108398]}]",[317827579904],True,True,False,True,True
7,0.42,0.2,45.0,False,37,873,14784970,0.0166666666666667,"[-0.282842636108398,0.0166666638106108,-0.282842636108398]",-0.3999998920018545,"[0.0,0.0,0.0]",0.0,"[0.0,0.0,0.0]","[0.0,0.0,0.0]","[0.0383936949074268,0.0,0.0383936949074268]",True,True,[55.34578200249243],"[[-1.19209289550781e-07,0.200000002980232,1.19209289550781e-07]]",1,True,[0.0],"[{""rid"":317827579904,""shape"":0,""localShape"":0,""point"":[-0.282842636108398,0.0,-0.282842636108398]}]",[317827579904],True,True,False,True,True
7,0.42,0.2,45.0,False,38,874,14798763,0.0166666666666667,"[-0.282842636108398,0.0166666638106108,-0.282842636108398]",-0.3999998920018545,"[0.0,0.0,0.0]",0.0,"[0.0,0.0,0.0]","[0.0,0.0,0.0]","[0.0383936949074268,0.0,0.0383936949074268]",True,True,[55.34578200249243],"[[-1.19209289550781e-07,0.200000002980232,1.19209289550781e-07]]",1,True,[0.0],"[{""rid"":317827579904,""shape"":0,""localShape"":0,""point"":[-0.282842636108398,0.0,-0.282842636108398]}]",[317827579904],True,True,False,True,True
7,0.42,0.2,45.0,False,39,875,14819453,0.0166666666666667,"[-0.282842636108398,0.0166666638106108,-0.282842636108398]",-0.3999998920018545,"[0.0,0.0,0.0]",0.0,"[0.0,0.0,0.0]","[0.0,0.0,0.0]","[0.0383936949074268,0.0,0.0383936949074268]",True,True,[55.34578200249243],"[[-1.19209289550781e-07,0.200000002980232,1.19209289550781e-07]]",1,True,[0.0],"[{""rid"":317827579904,""shape"":0,""localShape"":0,""point"":[-0.282842636108398,0.0,-0.282842636108398]}]",[317827579904],True,True,False,True,True
7,0.42,0.2,45.0,False,40,876,14833222,0.0166666666666667,"[-0.282842636108398,0.0166666638106108,-0.282842636108398]",-0.3999998920018545,"[0.0,0.0,0.0]",0.0,"[0.0,0.0,0.0]","[0.0,0.0,0.0]","[0.0383936949074268,0.0,0.0383936949074268]",True,True,[55.34578200249243],"[[-1.19209289550781e-07,0.200000002980232,1.19209289550781e-07]]",1,True,[0.0],"[{""rid"":317827579904,""shape"":0,""localShape"":0,""point"":[-0.282842636108398,0.0,-0.282842636108398]}]",[317827579904],True,True,False,True,True
7,0.42,0.2,45.0,False,41,877,14847032,0.0166666666666667,"[-0.282842636108398,0.0166666638106108,-0.282842636108398]",-0.3999998920018545,"[0.0,0.0,0.0]",0.0,"[0.0,0.0,0.0]","[0.0,0.0,0.0]","[0.0383936949074268,0.0,0.0383936949074268]",True,True,[55.34578200249243],"[[-1.19209289550781e-07,0.200000002980232,1.19209289550781e-07]]",1,True,[0.0],"[{""rid"":317827579904,""shape"":0,""localShape"":0,""point"":[-0.282842636108398,0.0,-0.282842636108398]}]",[317827579904],True,True,False,True,True
7,0.42,0.2,45.0,False,42,878,14867761,0.0166666666666667,"[-0.282842636108398,0.0166666638106108,-0.282842636108398]",-0.3999998920018545,"[0.0,0.0,0.0]",0.0,"[0.0,0.0,0.0]","[0.0,0.0,0.0]","[0.0383936949074268,0.0,0.0383936949074268]",True,True,[55.34578200249243],"[[-1.19209289550781e-07,0.200000002980232,1.19209289550781e-07]]",1,True,[0.0],"[{""rid"":317827579904,""shape"":0,""localShape"":0,""point"":[-0.282842636108398,0.0,-0.282842636108398]}]",[317827579904],True,True,False,True,True
7,0.42,0.2,45.0,False,43,879,14881527,0.0166666666666667,"[-0.282842636108398,0.0166666638106108,-0.282842636108398]",-0.3999998920018545,"[0.0,0.0,0.0]",0.0,"[0.0,0.0,0.0]","[0.0,0.0,0.0]","[0.0383936949074268,0.0,0.0383936949074268]",True,True,[55.34578200249243],"[[-1.19209289550781e-07,0.200000002980232,1.19209289550781e-07]]",1,True,[0.0],"[{""rid"":317827579904,""shape"":0,""localShape"":0,""point"":[-0.282842636108398,0.0,-0.282842636108398]}]",[317827579904],True,True,False,True,True
7,0.42,0.2,45.0,False,44,880,14902273,0.0166666666666667,"[-0.282842636108398,0.0166666638106108,-0.282842636108398]",-0.3999998920018545,"[0.0,0.0,0.0]",0.0,"[0.0,0.0,0.0]","[0.0,0.0,0.0]","[0.0383936949074268,0.0,0.0383936949074268]",True,True,[55.34578200249243],"[[-1.19209289550781e-07,0.200000002980232,1.19209289550781e-07]]",1,True,[0.0],"[{""rid"":317827579904,""shape"":0,""localShape"":0,""point"":[-0.282842636108398,0.0,-0.282842636108398]}]",[317827579904],True,True,False,True,True
7,0.42,0.2,45.0,False,45,881,14916107,0.0166666666666667,"[-0.282842636108398,0.0166666638106108,-0.282842636108398]",-0.3999998920018545,"[0.0,0.0,0.0]",0.0,"[0.0,0.0,0.0]","[0.0,0.0,0.0]","[0.0383936949074268,0.0,0.0383936949074268]",True,True,[55.34578200249243],"[[-1.19209289550781e-07,0.200000002980232,1.19209289550781e-07]]",1,True,[0.0],"[{""rid"":317827579904,""shape"":0,""localShape"":0,""point"":[-0.282842636108398,0.0,-0.282842636108398]}]",[317827579904],True,True,False,True,True
7,0.42,0.2,45.0,False,46,882,14929854,0.0166666666666667,"[-0.282842636108398,0.0166666638106108,-0.282842636108398]",-0.3999998920018545,"[0.0,0.0,0.0]",0.0,"[0.0,0.0,0.0]","[0.0,0.0,0.0]","[0.0383936949074268,0.0,0.0383936949074268]",True,True,[55.34578200249243],"[[-1.19209289550781e-07,0.200000002980232,1.19209289550781e-07]]",1,True,[0.0],"[{""rid"":317827579904,""shape"":0,""localShape"":0,""point"":[-0.282842636108398,0.0,-0.282842636108398]}]",[317827579904],True,True,False,True,True
7,0.42,0.2,45.0,False,47,883,14950555,0.0166666666666667,"[-0.282842636108398,0.0166666638106108,-0.282842636108398]",-0.3999998920018545,"[0.0,0.0,0.0]",0.0,"[0.0,0.0,0.0]","[0.0,0.0,0.0]","[0.0383936949074268,0.0,0.0383936949074268]",True,True,[55.34578200249243],"[[-1.19209289550781e-07,0.200000002980232,1.19209289550781e-07]]",1,True,[0.0],"[{""rid"":317827579904,""shape"":0,""localShape"":0,""point"":[-0.282842636108398,0.0,-0.282842636108398]}]",[317827579904],True,True,False,True,True
7,0.42,0.2,45.0,False,48,884,14964346,0.0166666666666667,"[-0.282842636108398,0.0166666638106108,-0.282842636108398]",-0.3999998920018545,"[0.0,0.0,0.0]",0.0,"[0.0,0.0,0.0]","[0.0,0.0,0.0]","[0.0383936949074268,0.0,0.0383936949074268]",True,True,[55.34578200249243],"[[-1.19209289550781e-07,0.200000002980232,1.19209289550781e-07]]",1,True,[0.0],"[{""rid"":317827579904,""shape"":0,""localShape"":0,""point"":[-0.282842636108398,0.0,-0.282842636108398]}]",[317827579904],True,True,False,True,True
7,0.42,0.2,45.0,False,49,885,14985086,0.0166666666666667,"[-0.282842636108398,0.0166666638106108,-0.282842636108398]",-0.3999998920018545,"[0.0,0.0,0.0]",0.0,"[0.0,0.0,0.0]","[0.0,0.0,0.0]","[0.0383936949074268,0.0,0.0383936949074268]",True,True,[55.34578200249243],"[[-1.19209289550781e-07,0.200000002980232,1.19209289550781e-07]]",1,True,[0.0],"[{""rid"":317827579904,""shape"":0,""localShape"":0,""point"":[-0.282842636108398,0.0,-0.282842636108398]}]",[317827579904],True,True,False,True,True
7,0.42,0.2,45.0,False,50,886,14998871,0.0166666666666667,"[-0.282842636108398,0.0166666638106108,-0.282842636108398]",-0.3999998920018545,"[0.0,0.0,0.0]",0.0,"[0.0,0.0,0.0]","[0.0,0.0,0.0]","[0.0383936949074268,0.0,0.0383936949074268]",True,True,[55.34578200249243],"[[-1.19209289550781e-07,0.200000002980232,1.19209289550781e-07]]",1,True,[0.0],"[{""rid"":317827579904,""shape"":0,""localShape"":0,""point"":[-0.282842636108398,0.0,-0.282842636108398]}]",[317827579904],True,True,False,True,True
7,0.42,0.2,45.0,False,51,887,15019554,0.0166666666666667,"[-0.282842636108398,0.0166666638106108,-0.282842636108398]",-0.3999998920018545,"[0.0,0.0,0.0]",0.0,"[0.0,0.0,0.0]","[0.0,0.0,0.0]","[0.0383936949074268,0.0,0.0383936949074268]",True,True,[55.34578200249243],"[[-1.19209289550781e-07,0.200000002980232,1.19209289550781e-07]]",1,True,[0.0],"[{""rid"":317827579904,""shape"":0,""localShape"":0,""point"":[-0.282842636108398,0.0,-0.282842636108398]}]",[317827579904],True,True,False,True,True
7,0.42,0.2,45.0,False,52,888,15033313,0.0166666666666667,"[-0.282842636108398,0.0166666638106108,-0.282842636108398]",-0.3999998920018545,"[0.0,0.0,0.0]",0.0,"[0.0,0.0,0.0]","[0.0,0.0,0.0]","[0.0383936949074268,0.0,0.0383936949074268]",True,True,[55.34578200249243],"[[-1.19209289550781e-07,0.200000002980232,1.19209289550781e-07]]",1,True,[0.0],"[{""rid"":317827579904,""shape"":0,""localShape"":0,""point"":[-0.282842636108398,0.0,-0.282842636108398]}]",[317827579904],True,True,False,True,True
7,0.42,0.2,45.0,False,53,889,15047147,0.0166666666666667,"[-0.282842636108398,0.0166666638106108,-0.282842636108398]",-0.3999998920018545,"[0.0,0.0,0.0]",0.0,"[0.0,0.0,0.0]","[0.0,0.0,0.0]","[0.0383936949074268,0.0,0.0383936949074268]",True,True,[55.34578200249243],"[[-1.19209289550781e-07,0.200000002980232,1.19209289550781e-07]]",1,True,[0.0],"[{""rid"":317827579904,""shape"":0,""localShape"":0,""point"":[-0.282842636108398,0.0,-0.282842636108398]}]",[317827579904],True,True,False,True,True
7,0.42,0.2,45.0,False,54,890,15067883,0.0166666666666667,"[-0.282842636108398,0.0166666638106108,-0.282842636108398]",-0.3999998920018545,"[0.0,0.0,0.0]",0.0,"[0.0,0.0,0.0]","[0.0,0.0,0.0]","[0.0383936949074268,0.0,0.0383936949074268]",True,True,[55.34578200249243],"[[-1.19209289550781e-07,0.200000002980232,1.19209289550781e-07]]",1,True,[0.0],"[{""rid"":317827579904,""shape"":0,""localShape"":0,""point"":[-0.282842636108398,0.0,-0.282842636108398]}]",[317827579904],True,True,False,True,True
7,0.42,0.2,45.0,False,55,891,15081615,0.0166666666666667,"[-0.282842636108398,0.0166666638106108,-0.282842636108398]",-0.3999998920018545,"[0.0,0.0,0.0]",0.0,"[0.0,0.0,0.0]","[0.0,0.0,0.0]","[0.0383936949074268,0.0,0.0383936949074268]",True,True,[55.34578200249243],"[[-1.19209289550781e-07,0.200000002980232,1.19209289550781e-07]]",1,True,[0.0],"[{""rid"":317827579904,""shape"":0,""localShape"":0,""point"":[-0.282842636108398,0.0,-0.282842636108398]}]",[317827579904],True,True,False,True,True
7,0.42,0.2,45.0,False,56,892,15102379,0.0166666666666667,"[-0.282842636108398,0.0166666638106108,-0.282842636108398]",-0.3999998920018545,"[0.0,0.0,0.0]",0.0,"[0.0,0.0,0.0]","[0.0,0.0,0.0]","[0.0383936949074268,0.0,0.0383936949074268]",True,True,[55.34578200249243],"[[-1.19209289550781e-07,0.200000002980232,1.19209289550781e-07]]",1,True,[0.0],"[{""rid"":317827579904,""shape"":0,""localShape"":0,""point"":[-0.282842636108398,0.0,-0.282842636108398]}]",[317827579904],True,True,False,True,True
7,0.42,0.2,45.0,False,57,893,15116152,0.0166666666666667,"[-0.282842636108398,0.0166666638106108,-0.282842636108398]",-0.3999998920018545,"[0.0,0.0,0.0]",0.0,"[0.0,0.0,0.0]","[0.0,0.0,0.0]","[0.0383936949074268,0.0,0.0383936949074268]",True,True,[55.34578200249243],"[[-1.19209289550781e-07,0.200000002980232,1.19209289550781e-07]]",1,True,[0.0],"[{""rid"":317827579904,""shape"":0,""localShape"":0,""point"":[-0.282842636108398,0.0,-0.282842636108398]}]",[317827579904],True,True,False,True,True
7,0.42,0.2,45.0,False,58,894,15129936,0.0166666666666667,"[-0.282842636108398,0.0166666638106108,-0.282842636108398]",-0.3999998920018545,"[0.0,0.0,0.0]",0.0,"[0.0,0.0,0.0]","[0.0,0.0,0.0]","[0.0383936949074268,0.0,0.0383936949074268]",True,True,[55.34578200249243],"[[-1.19209289550781e-07,0.200000002980232,1.19209289550781e-07]]",1,True,[0.0],"[{""rid"":317827579904,""shape"":0,""localShape"":0,""point"":[-0.282842636108398,0.0,-0.282842636108398]}]",[317827579904],True,True,False,True,True
7,0.42,0.2,45.0,False,59,895,15150633,0.0166666666666667,"[-0.282842636108398,0.0166666638106108,-0.282842636108398]",-0.3999998920018545,"[0.0,0.0,0.0]",0.0,"[0.0,0.0,0.0]","[0.0,0.0,0.0]","[0.0383936949074268,0.0,0.0383936949074268]",True,True,[55.34578200249243],"[[-1.19209289550781e-07,0.200000002980232,1.19209289550781e-07]]",1,True,[0.0],"[{""rid"":317827579904,""shape"":0,""localShape"":0,""point"":[-0.282842636108398,0.0,-0.282842636108398]}]",[317827579904],True,True,False,True,True
7,0.42,0.2,45.0,False,60,896,15164420,0.0166666666666667,"[-0.282842636108398,0.0166666638106108,-0.282842636108398]",-0.3999998920018545,"[0.0,0.0,0.0]",0.0,"[0.0,0.0,0.0]","[0.0,0.0,0.0]","[0.0383936949074268,0.0,0.0383936949074268]",True,True,[55.34578200249243],"[[-1.19209289550781e-07,0.200000002980232,1.19209289550781e-07]]",1,True,[0.0],"[{""rid"":317827579904,""shape"":0,""localShape"":0,""point"":[-0.282842636108398,0.0,-0.282842636108398]}]",[317827579904],True,True,False,True,True
7,0.42,0.2,45.0,False,61,897,15185153,0.0166666666666667,"[-0.282842636108398,0.0166666638106108,-0.282842636108398]",-0.3999998920018545,"[0.0,0.0,0.0]",0.0,"[0.0,0.0,0.0]","[0.0,0.0,0.0]","[0.0383936949074268,0.0,0.0383936949074268]",True,True,[55.34578200249243],"[[-1.19209289550781e-07,0.200000002980232,1.19209289550781e-07]]",1,True,[0.0],"[{""rid"":317827579904,""shape"":0,""localShape"":0,""point"":[-0.282842636108398,0.0,-0.282842636108398]}]",[317827579904],True,True,False,True,True
7,0.42,0.2,45.0,False,62,898,15198980,0.0166666666666667,"[-0.282842636108398,0.0166666638106108,-0.282842636108398]",-0.3999998920018545,"[0.0,0.0,0.0]",0.0,"[0.0,0.0,0.0]","[0.0,0.0,0.0]","[0.0383936949074268,0.0,0.0383936949074268]",True,True,[55.34578200249243],"[[-1.19209289550781e-07,0.200000002980232,1.19209289550781e-07]]",1,True,[0.0],"[{""rid"":317827579904,""shape"":0,""localShape"":0,""point"":[-0.282842636108398,0.0,-0.282842636108398]}]",[317827579904],True,True,False,True,True
7,0.42,0.2,45.0,False,63,899,15219678,0.0166666666666667,"[-0.282842636108398,0.0166666638106108,-0.282842636108398]",-0.3999998920018545,"[0.0,0.0,0.0]",0.0,"[0.0,0.0,0.0]","[0.0,0.0,0.0]","[0.0383936949074268,0.0,0.0383936949074268]",True,True,[55.34578200249243],"[[-1.19209289550781e-07,0.200000002980232,1.19209289550781e-07]]",1,True,[0.0],"[{""rid"":317827579904,""shape"":0,""localShape"":0,""point"":[-0.282842636108398,0.0,-0.282842636108398]}]",[317827579904],True,True,False,True,True
7,0.42,0.2,45.0,False,64,900,15233435,0.0166666666666667,"[-0.282842636108398,0.0166666638106108,-0.282842636108398]",-0.3999998920018545,"[0.0,0.0,0.0]",0.0,"[0.0,0.0,0.0]","[0.0,0.0,0.0]","[0.0383936949074268,0.0,0.0383936949074268]",True,True,[55.34578200249243],"[[-1.19209289550781e-07,0.200000002980232,1.19209289550781e-07]]",1,True,[0.0],"[{""rid"":317827579904,""shape"":0,""localShape"":0,""point"":[-0.282842636108398,0.0,-0.282842636108398]}]",[317827579904],True,True,False,True,True
7,0.42,0.2,45.0,False,65,901,15247216,0.0166666666666667,"[-0.282842636108398,0.0166666638106108,-0.282842636108398]",-0.3999998920018545,"[0.0,0.0,0.0]",0.0,"[0.0,0.0,0.0]","[0.0,0.0,0.0]","[0.0383936949074268,0.0,0.0383936949074268]",True,True,[55.34578200249243],"[[-1.19209289550781e-07,0.200000002980232,1.19209289550781e-07]]",1,True,[0.0],"[{""rid"":317827579904,""shape"":0,""localShape"":0,""point"":[-0.282842636108398,0.0,-0.282842636108398]}]",[317827579904],True,True,False,True,True
7,0.42,0.2,45.0,False,66,902,15267953,0.0166666666666667,"[-0.282842636108398,0.0166666638106108,-0.282842636108398]",-0.3999998920018545,"[0.0,0.0,0.0]",0.0,"[0.0,0.0,0.0]","[0.0,0.0,0.0]","[0.0383936949074268,0.0,0.0383936949074268]",True,True,[55.34578200249243],"[[-1.19209289550781e-07,0.200000002980232,1.19209289550781e-07]]",1,True,[0.0],"[{""rid"":317827579904,""shape"":0,""localShape"":0,""point"":[-0.282842636108398,0.0,-0.282842636108398]}]",[317827579904],True,True,False,True,True
7,0.42,0.2,45.0,False,67,903,15281753,0.0166666666666667,"[-0.282842636108398,0.0166666638106108,-0.282842636108398]",-0.3999998920018545,"[0.0,0.0,0.0]",0.0,"[0.0,0.0,0.0]","[0.0,0.0,0.0]","[0.0383936949074268,0.0,0.0383936949074268]",True,True,[55.34578200249243],"[[-1.19209289550781e-07,0.200000002980232,1.19209289550781e-07]]",1,True,[0.0],"[{""rid"":317827579904,""shape"":0,""localShape"":0,""point"":[-0.282842636108398,0.0,-0.282842636108398]}]",[317827579904],True,True,False,True,True
7,0.42,0.2,45.0,False,68,904,15302465,0.0166666666666667,"[-0.282842636108398,0.0166666638106108,-0.282842636108398]",-0.3999998920018545,"[0.0,0.0,0.0]",0.0,"[0.0,0.0,0.0]","[0.0,0.0,0.0]","[0.0383936949074268,0.0,0.0383936949074268]",True,True,[55.34578200249243],"[[-1.19209289550781e-07,0.200000002980232,1.19209289550781e-07]]",1,True,[0.0],"[{""rid"":317827579904,""shape"":0,""localShape"":0,""point"":[-0.282842636108398,0.0,-0.282842636108398]}]",[317827579904],True,True,False,True,True
7,0.42,0.2,45.0,False,69,905,15316230,0.0166666666666667,"[-0.282842636108398,0.0166666638106108,-0.282842636108398]",-0.3999998920018545,"[0.0,0.0,0.0]",0.0,"[0.0,0.0,0.0]","[0.0,0.0,0.0]","[0.0383936949074268,0.0,0.0383936949074268]",True,True,[55.34578200249243],"[[-1.19209289550781e-07,0.200000002980232,1.19209289550781e-07]]",1,True,[0.0],"[{""rid"":317827579904,""shape"":0,""localShape"":0,""point"":[-0.282842636108398,0.0,-0.282842636108398]}]",[317827579904],True,True,False,True,True
7,0.42,0.2,45.0,False,70,906,15330048,0.0166666666666667,"[-0.282842636108398,0.0166666638106108,-0.282842636108398]",-0.3999998920018545,"[0.0,0.0,0.0]",0.0,"[0.0,0.0,0.0]","[0.0,0.0,0.0]","[0.0383936949074268,0.0,0.0383936949074268]",True,True,[55.34578200249243],"[[-1.19209289550781e-07,0.200000002980232,1.19209289550781e-07]]",1,True,[0.0],"[{""rid"":317827579904,""shape"":0,""localShape"":0,""point"":[-0.282842636108398,0.0,-0.282842636108398]}]",[317827579904],True,True,False,True,True
7,0.42,0.2,45.0,False,71,907,15350771,0.0166666666666667,"[-0.282842636108398,0.0166666638106108,-0.282842636108398]",-0.3999998920018545,"[0.0,0.0,0.0]",0.0,"[0.0,0.0,0.0]","[0.0,0.0,0.0]","[0.0383936949074268,0.0,0.0383936949074268]",True,True,[55.34578200249243],"[[-1.19209289550781e-07,0.200000002980232,1.19209289550781e-07]]",1,True,[0.0],"[{""rid"":317827579904,""shape"":0,""localShape"":0,""point"":[-0.282842636108398,0.0,-0.282842636108398]}]",[317827579904],True,True,False,True,True
7,0.42,0.2,45.0,False,72,908,15364549,0.0166666666666667,"[-0.282842636108398,0.0166666638106108,-0.282842636108398]",-0.3999998920018545,"[0.0,0.0,0.0]",0.0,"[0.0,0.0,0.0]","[0.0,0.0,0.0]","[0.0383936949074268,0.0,0.0383936949074268]",True,True,[55.34578200249243],"[[-1.19209289550781e-07,0.200000002980232,1.19209289550781e-07]]",1,True,[0.0],"[{""rid"":317827579904,""shape"":0,""localShape"":0,""point"":[-0.282842636108398,0.0,-0.282842636108398]}]",[317827579904],True,True,False,True,True
7,0.42,0.2,45.0,False,73,909,15385221,0.0166666666666667,"[-0.282842636108398,0.0166666638106108,-0.282842636108398]",-0.3999998920018545,"[0.0,0.0,0.0]",0.0,"[0.0,0.0,0.0]","[0.0,0.0,0.0]","[0.0383936949074268,0.0,0.0383936949074268]",True,True,[55.34578200249243],"[[-1.19209289550781e-07,0.200000002980232,1.19209289550781e-07]]",1,True,[0.0],"[{""rid"":317827579904,""shape"":0,""localShape"":0,""point"":[-0.282842636108398,0.0,-0.282842636108398]}]",[317827579904],True,True,False,True,True
7,0.42,0.2,45.0,False,74,910,15399049,0.0166666666666667,"[-0.282842636108398,0.0166666638106108,-0.282842636108398]",-0.3999998920018545,"[0.0,0.0,0.0]",0.0,"[0.0,0.0,0.0]","[0.0,0.0,0.0]","[0.0383936949074268,0.0,0.0383936949074268]",True,True,[55.34578200249243],"[[-1.19209289550781e-07,0.200000002980232,1.19209289550781e-07]]",1,True,[0.0],"[{""rid"":317827579904,""shape"":0,""localShape"":0,""point"":[-0.282842636108398,0.0,-0.282842636108398]}]",[317827579904],True,True,False,True,True
7,0.42,0.2,45.0,False,75,911,15419780,0.0166666666666667,"[-0.282842636108398,0.0166666638106108,-0.282842636108398]",-0.3999998920018545,"[0.0,0.0,0.0]",0.0,"[0.0,0.0,0.0]","[0.0,0.0,0.0]","[0.0383936949074268,0.0,0.0383936949074268]",True,True,[55.34578200249243],"[[-1.19209289550781e-07,0.200000002980232,1.19209289550781e-07]]",1,True,[0.0],"[{""rid"":317827579904,""shape"":0,""localShape"":0,""point"":[-0.282842636108398,0.0,-0.282842636108398]}]",[317827579904],True,True,False,True,True
7,0.42,0.2,45.0,False,76,912,15433551,0.0166666666666667,"[-0.282842636108398,0.0166666638106108,-0.282842636108398]",-0.3999998920018545,"[0.0,0.0,0.0]",0.0,"[0.0,0.0,0.0]","[0.0,0.0,0.0]","[0.0383936949074268,0.0,0.0383936949074268]",True,True,[55.34578200249243],"[[-1.19209289550781e-07,0.200000002980232,1.19209289550781e-07]]",1,True,[0.0],"[{""rid"":317827579904,""shape"":0,""localShape"":0,""point"":[-0.282842636108398,0.0,-0.282842636108398]}]",[317827579904],True,True,False,True,True
7,0.42,0.2,45.0,False,77,913,15447399,0.0166666666666667,"[-0.282842636108398,0.0166666638106108,-0.282842636108398]",-0.3999998920018545,"[0.0,0.0,0.0]",0.0,"[0.0,0.0,0.0]","[0.0,0.0,0.0]","[0.0383936949074268,0.0,0.0383936949074268]",True,True,[55.34578200249243],"[[-1.19209289550781e-07,0.200000002980232,1.19209289550781e-07]]",1,True,[0.0],"[{""rid"":317827579904,""shape"":0,""localShape"":0,""point"":[-0.282842636108398,0.0,-0.282842636108398]}]",[317827579904],True,True,False,True,True
7,0.42,0.2,45.0,False,78,914,15468073,0.0166666666666667,"[-0.282842636108398,0.0166666638106108,-0.282842636108398]",-0.3999998920018545,"[0.0,0.0,0.0]",0.0,"[0.0,0.0,0.0]","[0.0,0.0,0.0]","[0.0383936949074268,0.0,0.0383936949074268]",True,True,[55.34578200249243],"[[-1.19209289550781e-07,0.200000002980232,1.19209289550781e-07]]",1,True,[0.0],"[{""rid"":317827579904,""shape"":0,""localShape"":0,""point"":[-0.282842636108398,0.0,-0.282842636108398]}]",[317827579904],True,True,False,True,True
7,0.42,0.2,45.0,False,79,915,15481876,0.0166666666666667,"[-0.282842636108398,0.0166666638106108,-0.282842636108398]",-0.3999998920018545,"[0.0,0.0,0.0]",0.0,"[0.0,0.0,0.0]","[0.0,0.0,0.0]","[0.0383936949074268,0.0,0.0383936949074268]",True,True,[55.34578200249243],"[[-1.19209289550781e-07,0.200000002980232,1.19209289550781e-07]]",1,True,[0.0],"[{""rid"":317827579904,""shape"":0,""localShape"":0,""point"":[-0.282842636108398,0.0,-0.282842636108398]}]",[317827579904],True,True,False,True,True
7,0.42,0.2,45.0,False,80,916,15502571,0.0166666666666667,"[-0.282842636108398,0.0166666638106108,-0.282842636108398]",-0.3999998920018545,"[0.0,0.0,0.0]",0.0,"[0.0,0.0,0.0]","[0.0,0.0,0.0]","[0.0383936949074268,0.0,0.0383936949074268]",True,True,[55.34578200249243],"[[-1.19209289550781e-07,0.200000002980232,1.19209289550781e-07]]",1,True,[0.0],"[{""rid"":317827579904,""shape"":0,""localShape"":0,""point"":[-0.282842636108398,0.0,-0.282842636108398]}]",[317827579904],True,True,False,True,True
7,0.42,0.2,45.0,False,81,917,15516361,0.0166666666666667,"[-0.282842636108398,0.0166666638106108,-0.282842636108398]",-0.3999998920018545,"[0.0,0.0,0.0]",0.0,"[0.0,0.0,0.0]","[0.0,0.0,0.0]","[0.0383936949074268,0.0,0.0383936949074268]",True,True,[55.34578200249243],"[[-1.19209289550781e-07,0.200000002980232,1.19209289550781e-07]]",1,True,[0.0],"[{""rid"":317827579904,""shape"":0,""localShape"":0,""point"":[-0.282842636108398,0.0,-0.282842636108398]}]",[317827579904],True,True,False,True,True
7,0.42,0.2,45.0,False,82,918,15530153,0.0166666666666667,"[-0.282842636108398,0.0166666638106108,-0.282842636108398]",-0.3999998920018545,"[0.0,0.0,0.0]",0.0,"[0.0,0.0,0.0]","[0.0,0.0,0.0]","[0.0383936949074268,0.0,0.0383936949074268]",True,True,[55.34578200249243],"[[-1.19209289550781e-07,0.200000002980232,1.19209289550781e-07]]",1,True,[0.0],"[{""rid"":317827579904,""shape"":0,""localShape"":0,""point"":[-0.282842636108398,0.0,-0.282842636108398]}]",[317827579904],True,True,False,True,True
7,0.42,0.2,45.0,False,83,919,15550881,0.0166666666666667,"[-0.282842636108398,0.0166666638106108,-0.282842636108398]",-0.3999998920018545,"[0.0,0.0,0.0]",0.0,"[0.0,0.0,0.0]","[0.0,0.0,0.0]","[0.0383936949074268,0.0,0.0383936949074268]",True,True,[55.34578200249243],"[[-1.19209289550781e-07,0.200000002980232,1.19209289550781e-07]]",1,True,[0.0],"[{""rid"":317827579904,""shape"":0,""localShape"":0,""point"":[-0.282842636108398,0.0,-0.282842636108398]}]",[317827579904],True,True,False,True,True
7,0.42,0.2,45.0,False,84,920,15564661,0.0166666666666667,"[-0.282842636108398,0.0166666638106108,-0.282842636108398]",-0.3999998920018545,"[0.0,0.0,0.0]",0.0,"[0.0,0.0,0.0]","[0.0,0.0,0.0]","[0.0383936949074268,0.0,0.0383936949074268]",True,True,[55.34578200249243],"[[-1.19209289550781e-07,0.200000002980232,1.19209289550781e-07]]",1,True,[0.0],"[{""rid"":317827579904,""shape"":0,""localShape"":0,""point"":[-0.282842636108398,0.0,-0.282842636108398]}]",[317827579904],True,True,False,True,True
7,0.42,0.2,45.0,False,85,921,15585373,0.0166666666666667,"[-0.282842636108398,0.0166666638106108,-0.282842636108398]",-0.3999998920018545,"[0.0,0.0,0.0]",0.0,"[0.0,0.0,0.0]","[0.0,0.0,0.0]","[0.0383936949074268,0.0,0.0383936949074268]",True,True,[55.34578200249243],"[[-1.19209289550781e-07,0.200000002980232,1.19209289550781e-07]]",1,True,[0.0],"[{""rid"":317827579904,""shape"":0,""localShape"":0,""point"":[-0.282842636108398,0.0,-0.282842636108398]}]",[317827579904],True,True,False,True,True
7,0.42,0.2,45.0,False,86,922,15599172,0.0166666666666667,"[-0.282842636108398,0.0166666638106108,-0.282842636108398]",-0.3999998920018545,"[0.0,0.0,0.0]",0.0,"[0.0,0.0,0.0]","[0.0,0.0,0.0]","[0.0383936949074268,0.0,0.0383936949074268]",True,True,[55.34578200249243],"[[-1.19209289550781e-07,0.200000002980232,1.19209289550781e-07]]",1,True,[0.0],"[{""rid"":317827579904,""shape"":0,""localShape"":0,""point"":[-0.282842636108398,0.0,-0.282842636108398]}]",[317827579904],True,True,False,True,True
7,0.42,0.2,45.0,False,87,923,15619881,0.0166666666666667,"[-0.282842636108398,0.0166666638106108,-0.282842636108398]",-0.3999998920018545,"[0.0,0.0,0.0]",0.0,"[0.0,0.0,0.0]","[0.0,0.0,0.0]","[0.0383936949074268,0.0,0.0383936949074268]",True,True,[55.34578200249243],"[[-1.19209289550781e-07,0.200000002980232,1.19209289550781e-07]]",1,True,[0.0],"[{""rid"":317827579904,""shape"":0,""localShape"":0,""point"":[-0.282842636108398,0.0,-0.282842636108398]}]",[317827579904],True,True,False,True,True
7,0.42,0.2,45.0,False,88,924,15633614,0.0166666666666667,"[-0.282842636108398,0.0166666638106108,-0.282842636108398]",-0.3999998920018545,"[0.0,0.0,0.0]",0.0,"[0.0,0.0,0.0]","[0.0,0.0,0.0]","[0.0383936949074268,0.0,0.0383936949074268]",True,True,[55.34578200249243],"[[-1.19209289550781e-07,0.200000002980232,1.19209289550781e-07]]",1,True,[0.0],"[{""rid"":317827579904,""shape"":0,""localShape"":0,""point"":[-0.282842636108398,0.0,-0.282842636108398]}]",[317827579904],True,True,False,True,True
7,0.42,0.2,45.0,False,89,925,15647443,0.0166666666666667,"[-0.282842636108398,0.0166666638106108,-0.282842636108398]",-0.3999998920018545,"[0.0,0.0,0.0]",0.0,"[0.0,0.0,0.0]","[0.0,0.0,0.0]","[0.0383936949074268,0.0,0.0383936949074268]",True,True,[55.34578200249243],"[[-1.19209289550781e-07,0.200000002980232,1.19209289550781e-07]]",1,True,[0.0],"[{""rid"":317827579904,""shape"":0,""localShape"":0,""point"":[-0.282842636108398,0.0,-0.282842636108398]}]",[317827579904],True,True,False,True,True
7,0.42,0.2,45.0,False,90,926,15668118,0.0166666666666667,"[-0.282842636108398,0.0166666638106108,-0.282842636108398]",-0.3999998920018545,"[0.0,0.0,0.0]",0.0,"[0.0,0.0,0.0]","[0.0,0.0,0.0]","[0.0383936949074268,0.0,0.0383936949074268]",True,True,[55.34578200249243],"[[-1.19209289550781e-07,0.200000002980232,1.19209289550781e-07]]",1,True,[0.0],"[{""rid"":317827579904,""shape"":0,""localShape"":0,""point"":[-0.282842636108398,0.0,-0.282842636108398]}]",[317827579904],True,True,False,True,True
7,0.42,0.2,45.0,False,91,927,15681943,0.0166666666666667,"[-0.282842636108398,0.0166666638106108,-0.282842636108398]",-0.3999998920018545,"[0.0,0.0,0.0]",0.0,"[0.0,0.0,0.0]","[0.0,0.0,0.0]","[0.0383936949074268,0.0,0.0383936949074268]",True,True,[55.34578200249243],"[[-1.19209289550781e-07,0.200000002980232,1.19209289550781e-07]]",1,True,[0.0],"[{""rid"":317827579904,""shape"":0,""localShape"":0,""point"":[-0.282842636108398,0.0,-0.282842636108398]}]",[317827579904],True,True,False,True,True
7,0.42,0.2,45.0,False,92,928,15702688,0.0166666666666667,"[-0.282842636108398,0.0166666638106108,-0.282842636108398]",-0.3999998920018545,"[0.0,0.0,0.0]",0.0,"[0.0,0.0,0.0]","[0.0,0.0,0.0]","[0.0383936949074268,0.0,0.0383936949074268]",True,True,[55.34578200249243],"[[-1.19209289550781e-07,0.200000002980232,1.19209289550781e-07]]",1,True,[0.0],"[{""rid"":317827579904,""shape"":0,""localShape"":0,""point"":[-0.282842636108398,0.0,-0.282842636108398]}]",[317827579904],True,True,False,True,True
7,0.42,0.2,45.0,False,93,929,15716438,0.0166666666666667,"[-0.282842636108398,0.0166666638106108,-0.282842636108398]",-0.3999998920018545,"[0.0,0.0,0.0]",0.0,"[0.0,0.0,0.0]","[0.0,0.0,0.0]","[0.0383936949074268,0.0,0.0383936949074268]",True,True,[55.34578200249243],"[[-1.19209289550781e-07,0.200000002980232,1.19209289550781e-07]]",1,True,[0.0],"[{""rid"":317827579904,""shape"":0,""localShape"":0,""point"":[-0.282842636108398,0.0,-0.282842636108398]}]",[317827579904],True,True,False,True,True
7,0.42,0.2,45.0,False,94,930,15730237,0.0166666666666667,"[-0.282842636108398,0.0166666638106108,-0.282842636108398]",-0.3999998920018545,"[0.0,0.0,0.0]",0.0,"[0.0,0.0,0.0]","[0.0,0.0,0.0]","[0.0383936949074268,0.0,0.0383936949074268]",True,True,[55.34578200249243],"[[-1.19209289550781e-07,0.200000002980232,1.19209289550781e-07]]",1,True,[0.0],"[{""rid"":317827579904,""shape"":0,""localShape"":0,""point"":[-0.282842636108398,0.0,-0.282842636108398]}]",[317827579904],True,True,False,True,True
7,0.42,0.2,45.0,False,95,931,15750959,0.0166666666666667,"[-0.282842636108398,0.0166666638106108,-0.282842636108398]",-0.3999998920018545,"[0.0,0.0,0.0]",0.0,"[0.0,0.0,0.0]","[0.0,0.0,0.0]","[0.0383936949074268,0.0,0.0383936949074268]",True,True,[55.34578200249243],"[[-1.19209289550781e-07,0.200000002980232,1.19209289550781e-07]]",1,True,[0.0],"[{""rid"":317827579904,""shape"":0,""localShape"":0,""point"":[-0.282842636108398,0.0,-0.282842636108398]}]",[317827579904],True,True,False,True,True
7,0.42,0.2,45.0,False,96,932,15764721,0.0166666666666667,"[-0.282842636108398,0.0166666638106108,-0.282842636108398]",-0.3999998920018545,"[0.0,0.0,0.0]",0.0,"[0.0,0.0,0.0]","[0.0,0.0,0.0]","[0.0383936949074268,0.0,0.0383936949074268]",True,True,[55.34578200249243],"[[-1.19209289550781e-07,0.200000002980232,1.19209289550781e-07]]",1,True,[0.0],"[{""rid"":317827579904,""shape"":0,""localShape"":0,""point"":[-0.282842636108398,0.0,-0.282842636108398]}]",[317827579904],True,True,False,True,True
7,0.42,0.2,45.0,False,97,933,15785427,0.0166666666666667,"[-0.282842636108398,0.0166666638106108,-0.282842636108398]",-0.3999998920018545,"[0.0,0.0,0.0]",0.0,"[0.0,0.0,0.0]","[0.0,0.0,0.0]","[0.0383936949074268,0.0,0.0383936949074268]",True,True,[55.34578200249243],"[[-1.19209289550781e-07,0.200000002980232,1.19209289550781e-07]]",1,True,[0.0],"[{""rid"":317827579904,""shape"":0,""localShape"":0,""point"":[-0.282842636108398,0.0,-0.282842636108398]}]",[317827579904],True,True,False,True,True
7,0.42,0.2,45.0,False,98,934,15799277,0.0166666666666667,"[-0.282842636108398,0.0166666638106108,-0.282842636108398]",-0.3999998920018545,"[0.0,0.0,0.0]",0.0,"[0.0,0.0,0.0]","[0.0,0.0,0.0]","[0.0383936949074268,0.0,0.0383936949074268]",True,True,[55.34578200249243],"[[-1.19209289550781e-07,0.200000002980232,1.19209289550781e-07]]",1,True,[0.0],"[{""rid"":317827579904,""shape"":0,""localShape"":0,""point"":[-0.282842636108398,0.0,-0.282842636108398]}]",[317827579904],True,True,False,True,True
7,0.42,0.2,45.0,False,99,935,15819933,0.0166666666666667,"[-0.282842636108398,0.0166666638106108,-0.282842636108398]",-0.3999998920018545,"[0.0,0.0,0.0]",0.0,"[0.0,0.0,0.0]","[0.0,0.0,0.0]","[0.0383936949074268,0.0,0.0383936949074268]",True,True,[55.34578200249243],"[[-1.19209289550781e-07,0.200000002980232,1.19209289550781e-07]]",1,True,[0.0],"[{""rid"":317827579904,""shape"":0,""localShape"":0,""point"":[-0.282842636108398,0.0,-0.282842636108398]}]",[317827579904],True,True,False,True,True
7,0.42,0.2,45.0,False,100,936,15833712,0.0166666666666667,"[-0.282842636108398,0.0166666638106108,-0.282842636108398]",-0.3999998920018545,"[0.0,0.0,0.0]",0.0,"[0.0,0.0,0.0]","[0.0,0.0,0.0]","[0.0383936949074268,0.0,0.0383936949074268]",True,True,[55.34578200249243],"[[-1.19209289550781e-07,0.200000002980232,1.19209289550781e-07]]",1,True,[0.0],"[{""rid"":317827579904,""shape"":0,""localShape"":0,""point"":[-0.282842636108398,0.0,-0.282842636108398]}]",[317827579904],True,True,False,True,True
7,0.42,0.2,45.0,False,101,937,15847532,0.0166666666666667,"[-0.282842636108398,0.0166666638106108,-0.282842636108398]",-0.3999998920018545,"[0.0,0.0,0.0]",0.0,"[0.0,0.0,0.0]","[0.0,0.0,0.0]","[0.0383936949074268,0.0,0.0383936949074268]",True,True,[55.34578200249243],"[[-1.19209289550781e-07,0.200000002980232,1.19209289550781e-07]]",1,True,[0.0],"[{""rid"":317827579904,""shape"":0,""localShape"":0,""point"":[-0.282842636108398,0.0,-0.282842636108398]}]",[317827579904],True,True,False,True,True
7,0.42,0.2,45.0,False,102,938,15868223,0.0166666666666667,"[-0.282842636108398,0.0166666638106108,-0.282842636108398]",-0.3999998920018545,"[0.0,0.0,0.0]",0.0,"[0.0,0.0,0.0]","[0.0,0.0,0.0]","[0.0383936949074268,0.0,0.0383936949074268]",True,True,[55.34578200249243],"[[-1.19209289550781e-07,0.200000002980232,1.19209289550781e-07]]",1,True,[0.0],"[{""rid"":317827579904,""shape"":0,""localShape"":0,""point"":[-0.282842636108398,0.0,-0.282842636108398]}]",[317827579904],True,True,False,True,True
7,0.42,0.2,45.0,False,103,939,15882017,0.0166666666666667,"[-0.282842636108398,0.0166666638106108,-0.282842636108398]",-0.3999998920018545,"[0.0,0.0,0.0]",0.0,"[0.0,0.0,0.0]","[0.0,0.0,0.0]","[0.0383936949074268,0.0,0.0383936949074268]",True,True,[55.34578200249243],"[[-1.19209289550781e-07,0.200000002980232,1.19209289550781e-07]]",1,True,[0.0],"[{""rid"":317827579904,""shape"":0,""localShape"":0,""point"":[-0.282842636108398,0.0,-0.282842636108398]}]",[317827579904],True,True,False,True,True
7,0.42,0.2,45.0,False,104,940,15902780,0.0166666666666667,"[-0.282842636108398,0.0166666638106108,-0.282842636108398]",-0.3999998920018545,"[0.0,0.0,0.0]",0.0,"[0.0,0.0,0.0]","[0.0,0.0,0.0]","[0.0383936949074268,0.0,0.0383936949074268]",True,True,[55.34578200249243],"[[-1.19209289550781e-07,0.200000002980232,1.19209289550781e-07]]",1,True,[0.0],"[{""rid"":317827579904,""shape"":0,""localShape"":0,""point"":[-0.282842636108398,0.0,-0.282842636108398]}]",[317827579904],True,True,False,True,True
7,0.42,0.2,45.0,False,105,941,15916542,0.0166666666666667,"[-0.282842636108398,0.0166666638106108,-0.282842636108398]",-0.3999998920018545,"[0.0,0.0,0.0]",0.0,"[0.0,0.0,0.0]","[0.0,0.0,0.0]","[0.0383936949074268,0.0,0.0383936949074268]",True,True,[55.34578200249243],"[[-1.19209289550781e-07,0.200000002980232,1.19209289550781e-07]]",1,True,[0.0],"[{""rid"":317827579904,""shape"":0,""localShape"":0,""point"":[-0.282842636108398,0.0,-0.282842636108398]}]",[317827579904],True,True,False,True,True
7,0.42,0.2,45.0,False,106,942,15930347,0.0166666666666667,"[-0.282842636108398,0.0166666638106108,-0.282842636108398]",-0.3999998920018545,"[0.0,0.0,0.0]",0.0,"[0.0,0.0,0.0]","[0.0,0.0,0.0]","[0.0383936949074268,0.0,0.0383936949074268]",True,True,[55.34578200249243],"[[-1.19209289550781e-07,0.200000002980232,1.19209289550781e-07]]",1,True,[0.0],"[{""rid"":317827579904,""shape"":0,""localShape"":0,""point"":[-0.282842636108398,0.0,-0.282842636108398]}]",[317827579904],True,True,False,True,True
7,0.42,0.2,45.0,False,107,943,15951045,0.0166666666666667,"[-0.282842636108398,0.0166666638106108,-0.282842636108398]",-0.3999998920018545,"[0.0,0.0,0.0]",0.0,"[0.0,0.0,0.0]","[0.0,0.0,0.0]","[0.0383936949074268,0.0,0.0383936949074268]",True,True,[55.34578200249243],"[[-1.19209289550781e-07,0.200000002980232,1.19209289550781e-07]]",1,True,[0.0],"[{""rid"":317827579904,""shape"":0,""localShape"":0,""point"":[-0.282842636108398,0.0,-0.282842636108398]}]",[317827579904],True,True,False,True,True
7,0.42,0.2,45.0,False,108,944,15964858,0.0166666666666667,"[-0.282842636108398,0.0166666638106108,-0.282842636108398]",-0.3999998920018545,"[0.0,0.0,0.0]",0.0,"[0.0,0.0,0.0]","[0.0,0.0,0.0]","[0.0383936949074268,0.0,0.0383936949074268]",True,True,[55.34578200249243],"[[-1.19209289550781e-07,0.200000002980232,1.19209289550781e-07]]",1,True,[0.0],"[{""rid"":317827579904,""shape"":0,""localShape"":0,""point"":[-0.282842636108398,0.0,-0.282842636108398]}]",[317827579904],True,True,False,True,True
7,0.42,0.2,45.0,False,109,945,15985577,0.0166666666666667,"[-0.282842636108398,0.0166666638106108,-0.282842636108398]",-0.3999998920018545,"[0.0,0.0,0.0]",0.0,"[0.0,0.0,0.0]","[0.0,0.0,0.0]","[0.0383936949074268,0.0,0.0383936949074268]",True,True,[55.34578200249243],"[[-1.19209289550781e-07,0.200000002980232,1.19209289550781e-07]]",1,True,[0.0],"[{""rid"":317827579904,""shape"":0,""localShape"":0,""point"":[-0.282842636108398,0.0,-0.282842636108398]}]",[317827579904],True,True,False,True,True
7,0.42,0.2,45.0,False,110,946,15999381,0.0166666666666667,"[-0.282842636108398,0.0166666638106108,-0.282842636108398]",-0.3999998920018545,"[0.0,0.0,0.0]",0.0,"[0.0,0.0,0.0]","[0.0,0.0,0.0]","[0.0383936949074268,0.0,0.0383936949074268]",True,True,[55.34578200249243],"[[-1.19209289550781e-07,0.200000002980232,1.19209289550781e-07]]",1,True,[0.0],"[{""rid"":317827579904,""shape"":0,""localShape"":0,""point"":[-0.282842636108398,0.0,-0.282842636108398]}]",[317827579904],True,True,False,True,True
7,0.42,0.2,45.0,False,111,947,16020063,0.0166666666666667,"[-0.282842636108398,0.0166666638106108,-0.282842636108398]",-0.3999998920018545,"[0.0,0.0,0.0]",0.0,"[0.0,0.0,0.0]","[0.0,0.0,0.0]","[0.0383936949074268,0.0,0.0383936949074268]",True,True,[55.34578200249243],"[[-1.19209289550781e-07,0.200000002980232,1.19209289550781e-07]]",1,True,[0.0],"[{""rid"":317827579904,""shape"":0,""localShape"":0,""point"":[-0.282842636108398,0.0,-0.282842636108398]}]",[317827579904],True,True,False,True,True
7,0.42,0.2,45.0,False,112,948,16033830,0.0166666666666667,"[-0.282842636108398,0.0166666638106108,-0.282842636108398]",-0.3999998920018545,"[0.0,0.0,0.0]",0.0,"[0.0,0.0,0.0]","[0.0,0.0,0.0]","[0.0383936949074268,0.0,0.0383936949074268]",True,True,[55.34578200249243],"[[-1.19209289550781e-07,0.200000002980232,1.19209289550781e-07]]",1,True,[0.0],"[{""rid"":317827579904,""shape"":0,""localShape"":0,""point"":[-0.282842636108398,0.0,-0.282842636108398]}]",[317827579904],True,True,False,True,True
7,0.42,0.2,45.0,False,113,949,16047647,0.0166666666666667,"[-0.282842636108398,0.0166666638106108,-0.282842636108398]",-0.3999998920018545,"[0.0,0.0,0.0]",0.0,"[0.0,0.0,0.0]","[0.0,0.0,0.0]","[0.0383936949074268,0.0,0.0383936949074268]",True,True,[55.34578200249243],"[[-1.19209289550781e-07,0.200000002980232,1.19209289550781e-07]]",1,True,[0.0],"[{""rid"":317827579904,""shape"":0,""localShape"":0,""point"":[-0.282842636108398,0.0,-0.282842636108398]}]",[317827579904],True,True,False,True,True
7,0.42,0.2,45.0,False,114,950,16068345,0.0166666666666667,"[-0.282842636108398,0.0166666638106108,-0.282842636108398]",-0.3999998920018545,"[0.0,0.0,0.0]",0.0,"[0.0,0.0,0.0]","[0.0,0.0,0.0]","[0.0383936949074268,0.0,0.0383936949074268]",True,True,[55.34578200249243],"[[-1.19209289550781e-07,0.200000002980232,1.19209289550781e-07]]",1,True,[0.0],"[{""rid"":317827579904,""shape"":0,""localShape"":0,""point"":[-0.282842636108398,0.0,-0.282842636108398]}]",[317827579904],True,True,False,True,True
7,0.42,0.2,45.0,False,115,951,16082120,0.0166666666666667,"[-0.282842636108398,0.0166666638106108,-0.282842636108398]",-0.3999998920018545,"[0.0,0.0,0.0]",0.0,"[0.0,0.0,0.0]","[0.0,0.0,0.0]","[0.0383936949074268,0.0,0.0383936949074268]",True,True,[55.34578200249243],"[[-1.19209289550781e-07,0.200000002980232,1.19209289550781e-07]]",1,True,[0.0],"[{""rid"":317827579904,""shape"":0,""localShape"":0,""point"":[-0.282842636108398,0.0,-0.282842636108398]}]",[317827579904],True,True,False,True,True
7,0.42,0.2,45.0,False,116,952,16102872,0.0166666666666667,"[-0.282842636108398,0.0166666638106108,-0.282842636108398]",-0.3999998920018545,"[0.0,0.0,0.0]",0.0,"[0.0,0.0,0.0]","[0.0,0.0,0.0]","[0.0383936949074268,0.0,0.0383936949074268]",True,True,[55.34578200249243],"[[-1.19209289550781e-07,0.200000002980232,1.19209289550781e-07]]",1,True,[0.0],"[{""rid"":317827579904,""shape"":0,""localShape"":0,""point"":[-0.282842636108398,0.0,-0.282842636108398]}]",[317827579904],True,True,False,True,True
7,0.42,0.2,45.0,False,117,953,16116625,0.0166666666666667,"[-0.282842636108398,0.0166666638106108,-0.282842636108398]",-0.3999998920018545,"[0.0,0.0,0.0]",0.0,"[0.0,0.0,0.0]","[0.0,0.0,0.0]","[0.0383936949074268,0.0,0.0383936949074268]",True,True,[55.34578200249243],"[[-1.19209289550781e-07,0.200000002980232,1.19209289550781e-07]]",1,True,[0.0],"[{""rid"":317827579904,""shape"":0,""localShape"":0,""point"":[-0.282842636108398,0.0,-0.282842636108398]}]",[317827579904],True,True,False,True,True
7,0.42,0.2,45.0,False,118,954,16130411,0.0166666666666667,"[-0.282842636108398,0.0166666638106108,-0.282842636108398]",-0.3999998920018545,"[0.0,0.0,0.0]",0.0,"[0.0,0.0,0.0]","[0.0,0.0,0.0]","[0.0383936949074268,0.0,0.0383936949074268]",True,True,[55.34578200249243],"[[-1.19209289550781e-07,0.200000002980232,1.19209289550781e-07]]",1,True,[0.0],"[{""rid"":317827579904,""shape"":0,""localShape"":0,""point"":[-0.282842636108398,0.0,-0.282842636108398]}]",[317827579904],True,True,False,True,True
7,0.42,0.2,45.0,False,119,955,16151166,0.0166666666666667,"[-0.282842636108398,0.0166666638106108,-0.282842636108398]",-0.3999998920018545,"[0.0,0.0,0.0]",0.0,"[0.0,0.0,0.0]","[0.0,0.0,0.0]","[0.0383936949074268,0.0,0.0383936949074268]",True,True,[55.34578200249243],"[[-1.19209289550781e-07,0.200000002980232,1.19209289550781e-07]]",1,True,[0.0],"[{""rid"":317827579904,""shape"":0,""localShape"":0,""point"":[-0.282842636108398,0.0,-0.282842636108398]}]",[317827579904],True,True,False,True,True
7,0.42,0.2,45.0,False,120,956,16164925,0.0166666666666667,"[-0.282842636108398,0.0166666638106108,-0.282842636108398]",-0.3999998920018545,"[0.0,0.0,0.0]",0.0,"[0.0,0.0,0.0]","[0.0,0.0,0.0]","[0.0383936949074268,0.0,0.0383936949074268]",True,True,[55.34578200249243],"[[-1.19209289550781e-07,0.200000002980232,1.19209289550781e-07]]",1,True,[0.0],"[{""rid"":317827579904,""shape"":0,""localShape"":0,""point"":[-0.282842636108398,0.0,-0.282842636108398]}]",[317827579904],True,True,False,True,True
7,0.42,0.2,45.0,False,121,957,16185639,0.0166666666666667,"[-0.282842636108398,0.0166666638106108,-0.282842636108398]",-0.3999998920018545,"[0.0,0.0,0.0]",0.0,"[0.0,0.0,0.0]","[0.0,0.0,0.0]","[0.0383936949074268,0.0,0.0383936949074268]",True,True,[55.34578200249243],"[[-1.19209289550781e-07,0.200000002980232,1.19209289550781e-07]]",1,True,[0.0],"[{""rid"":317827579904,""shape"":0,""localShape"":0,""point"":[-0.282842636108398,0.0,-0.282842636108398]}]",[317827579904],True,True,False,True,True
7,0.42,0.2,45.0,False,122,958,16199481,0.0166666666666667,"[-0.282842636108398,0.0166666638106108,-0.282842636108398]",-0.3999998920018545,"[0.0,0.0,0.0]",0.0,"[0.0,0.0,0.0]","[0.0,0.0,0.0]","[0.0383936949074268,0.0,0.0383936949074268]",True,True,[55.34578200249243],"[[-1.19209289550781e-07,0.200000002980232,1.19209289550781e-07]]",1,True,[0.0],"[{""rid"":317827579904,""shape"":0,""localShape"":0,""point"":[-0.282842636108398,0.0,-0.282842636108398]}]",[317827579904],True,True,False,True,True
7,0.42,0.2,45.0,False,123,959,16213211,0.0166666666666667,"[-0.282842636108398,0.0166666638106108,-0.282842636108398]",-0.3999998920018545,"[0.0,0.0,0.0]",0.0,"[0.0,0.0,0.0]","[0.0,0.0,0.0]","[0.0383936949074268,0.0,0.0383936949074268]",True,True,[55.34578200249243],"[[-1.19209289550781e-07,0.200000002980232,1.19209289550781e-07]]",1,True,[0.0],"[{""rid"":317827579904,""shape"":0,""localShape"":0,""point"":[-0.282842636108398,0.0,-0.282842636108398]}]",[317827579904],True,True,False,True,True
7,0.42,0.2,45.0,False,124,960,16233915,0.0166666666666667,"[-0.282842636108398,0.0166666638106108,-0.282842636108398]",-0.3999998920018545,"[0.0,0.0,0.0]",0.0,"[0.0,0.0,0.0]","[0.0,0.0,0.0]","[0.0383936949074268,0.0,0.0383936949074268]",True,True,[55.34578200249243],"[[-1.19209289550781e-07,0.200000002980232,1.19209289550781e-07]]",1,True,[0.0],"[{""rid"":317827579904,""shape"":0,""localShape"":0,""point"":[-0.282842636108398,0.0,-0.282842636108398]}]",[317827579904],True,True,False,True,True
7,0.42,0.2,45.0,False,125,961,16247759,0.0166666666666667,"[-0.282842636108398,0.0166666638106108,-0.282842636108398]",-0.3999998920018545,"[0.0,0.0,0.0]",0.0,"[0.0,0.0,0.0]","[0.0,0.0,0.0]","[0.0383936949074268,0.0,0.0383936949074268]",True,True,[55.34578200249243],"[[-1.19209289550781e-07,0.200000002980232,1.19209289550781e-07]]",1,True,[0.0],"[{""rid"":317827579904,""shape"":0,""localShape"":0,""point"":[-0.282842636108398,0.0,-0.282842636108398]}]",[317827579904],True,True,False,True,True
