Godot Engine v4.5.2.stable.official.6ce3de25a - https://godotengine.org

USABILITY_CHECK fixture authored topology accepted true
USABILITY_CHECK no round means waiting and capture denied true
USABILITY_CHECK start does not borrow a previous pose true
ERROR: Cannot get path of node as it is not in a scene tree.
   at: get_path (scene/main/node.cpp:2374)
   GDScript backtrace (most recent call first):
       [0] _collect (res://source_operators/moth_finish/binder.gd:145)
       [1] _collect (res://source_operators/moth_finish/binder.gd:180)
       [2] _collect (res://source_operators/moth_finish/binder.gd:180)
       [3] _collect (res://source_operators/moth_finish/binder.gd:180)
       [4] _collect (res://source_operators/moth_finish/binder.gd:180)
       [5] _collect (res://source_operators/moth_finish/binder.gd:180)
       [6] _collect (res://source_operators/moth_finish/binder.gd:180)
       [7] _collect (res://source_operators/moth_finish/binder.gd:180)
       [8] bind (res://source_operators/moth_finish/binder.gd:35)
       [9] apply_identity (res://source_operators/operator_visual.gd:103)
       [10] apply_actor (res://source_operators/operator_visual.gd:190)
       [11] apply_state (res://world/presentation.gd:119)
       [12] on_snapshot (res://world/session.gd:763)
       [13] on_snapshot (res://lattice/world_demo.gd:354)
       [14] deliver_snapshot (res://net/client.gd:501)
       [15] deliver_frame (res://net/client.gd:452)
       [16] decode_text (res://net/client.gd:340)
       [17] decode_text (res://lattice/transport.gd:163)
       [18] wire (res://tests/lattice/usability_contract.gd:29)
       [19] snapshot (res://tests/lattice/usability_contract.gd:35)
       [20] run (res://tests/lattice/usability_contract.gd:79)
ERROR: Cannot get path of node as it is not in a scene tree.
   at: get_path (scene/main/node.cpp:2374)
   GDScript backtrace (most recent call first):
       [0] _collect (res://source_operators/moth_finish/binder.gd:145)
       [1] _collect (res://source_operators/moth_finish/binder.gd:180)
       [2] _collect (res://source_operators/moth_finish/binder.gd:180)
       [3] _collect (res://source_operators/moth_finish/binder.gd:180)
       [4] _collect (res://source_operators/moth_finish/binder.gd:180)
       [5] _collect (res://source_operators/moth_finish/binder.gd:180)
       [6] _collect (res://source_operators/moth_finish/binder.gd:180)
       [7] _collect (res://source_operators/moth_finish/binder.gd:180)
       [8] bind (res://source_operators/moth_finish/binder.gd:35)
       [9] apply_identity (res://source_operators/operator_visual.gd:103)
       [10] apply_actor (res://source_operators/operator_visual.gd:190)
       [11] apply_state (res://world/presentation.gd:119)
       [12] on_snapshot (res://world/session.gd:763)
       [13] on_snapshot (res://lattice/world_demo.gd:354)
       [14] deliver_snapshot (res://net/client.gd:501)
       [15] deliver_frame (res://net/client.gd:452)
       [16] decode_text (res://net/client.gd:340)
       [17] decode_text (res://lattice/transport.gd:163)
       [18] wire (res://tests/lattice/usability_contract.gd:29)
       [19] snapshot (res://tests/lattice/usability_contract.gd:35)
       [20] run (res://tests/lattice/usability_contract.gd:79)
ERROR: Cannot get path of node as it is not in a scene tree.
   at: get_path (scene/main/node.cpp:2374)
   GDScript backtrace (most recent call first):
       [0] _collect (res://source_operators/moth_finish/binder.gd:145)
       [1] _collect (res://source_operators/moth_finish/binder.gd:180)
       [2] _collect (res://source_operators/moth_finish/binder.gd:180)
       [3] _collect (res://source_operators/moth_finish/binder.gd:180)
       [4] _collect (res://source_operators/moth_finish/binder.gd:180)
       [5] _collect (res://source_operators/moth_finish/binder.gd:180)
       [6] _collect (res://source_operators/moth_finish/binder.gd:180)
       [7] _collect (res://source_operators/moth_finish/binder.gd:180)
       [8] bind (res://source_operators/moth_finish/binder.gd:35)
       [9] apply_identity (res://source_operators/operator_visual.gd:103)
       [10] apply_actor (res://source_operators/operator_visual.gd:190)
       [11] apply_state (res://world/presentation.gd:119)
       [12] on_snapshot (res://world/session.gd:763)
       [13] on_snapshot (res://lattice/world_demo.gd:354)
       [14] deliver_snapshot (res://net/client.gd:501)
       [15] deliver_frame (res://net/client.gd:452)
       [16] decode_text (res://net/client.gd:340)
       [17] decode_text (res://lattice/transport.gd:163)
       [18] wire (res://tests/lattice/usability_contract.gd:29)
       [19] snapshot (res://tests/lattice/usability_contract.gd:35)
       [20] run (res://tests/lattice/usability_contract.gd:79)
ERROR: Cannot get path of node as it is not in a scene tree.
   at: get_path (scene/main/node.cpp:2374)
   GDScript backtrace (most recent call first):
       [0] _collect (res://source_operators/moth_finish/binder.gd:145)
       [1] _collect (res://source_operators/moth_finish/binder.gd:180)
       [2] _collect (res://source_operators/moth_finish/binder.gd:180)
       [3] _collect (res://source_operators/moth_finish/binder.gd:180)
       [4] _collect (res://source_operators/moth_finish/binder.gd:180)
       [5] _collect (res://source_operators/moth_finish/binder.gd:180)
       [6] _collect (res://source_operators/moth_finish/binder.gd:180)
       [7] _collect (res://source_operators/moth_finish/binder.gd:180)
       [8] bind (res://source_operators/moth_finish/binder.gd:35)
       [9] apply_identity (res://source_operators/operator_visual.gd:103)
       [10] apply_actor (res://source_operators/operator_visual.gd:190)
       [11] apply_state (res://world/presentation.gd:119)
       [12] on_snapshot (res://world/session.gd:763)
       [13] on_snapshot (res://lattice/world_demo.gd:354)
       [14] deliver_snapshot (res://net/client.gd:501)
       [15] deliver_frame (res://net/client.gd:452)
       [16] decode_text (res://net/client.gd:340)
       [17] decode_text (res://lattice/transport.gd:163)
       [18] wire (res://tests/lattice/usability_contract.gd:29)
       [19] snapshot (res://tests/lattice/usability_contract.gd:35)
       [20] run (res://tests/lattice/usability_contract.gd:79)
ERROR: Cannot get path of node as it is not in a scene tree.
   at: get_path (scene/main/node.cpp:2374)
   GDScript backtrace (most recent call first):
       [0] _collect (res://source_operators/moth_finish/binder.gd:145)
       [1] _collect (res://source_operators/moth_finish/binder.gd:180)
       [2] _collect (res://source_operators/moth_finish/binder.gd:180)
       [3] _collect (res://source_operators/moth_finish/binder.gd:180)
       [4] _collect (res://source_operators/moth_finish/binder.gd:180)
       [5] _collect (res://source_operators/moth_finish/binder.gd:180)
       [6] _collect (res://source_operators/moth_finish/binder.gd:180)
       [7] _collect (res://source_operators/moth_finish/binder.gd:180)
       [8] bind (res://source_operators/moth_finish/binder.gd:35)
       [9] apply_identity (res://source_operators/operator_visual.gd:103)
       [10] apply_actor (res://source_operators/operator_visual.gd:190)
       [11] apply_state (res://world/presentation.gd:119)
       [12] on_snapshot (res://world/session.gd:763)
       [13] on_snapshot (res://lattice/world_demo.gd:354)
       [14] deliver_snapshot (res://net/client.gd:501)
       [15] deliver_frame (res://net/client.gd:452)
       [16] decode_text (res://net/client.gd:340)
       [17] decode_text (res://lattice/transport.gd:163)
       [18] wire (res://tests/lattice/usability_contract.gd:29)
       [19] snapshot (res://tests/lattice/usability_contract.gd:35)
       [20] run (res://tests/lattice/usability_contract.gd:79)
ERROR: Cannot get path of node as it is not in a scene tree.
   at: get_path (scene/main/node.cpp:2374)
   GDScript backtrace (most recent call first):
       [0] _collect (res://source_operators/moth_finish/binder.gd:145)
       [1] _collect (res://source_operators/moth_finish/binder.gd:180)
       [2] _collect (res://source_operators/moth_finish/binder.gd:180)
       [3] _collect (res://source_operators/moth_finish/binder.gd:180)
       [4] _collect (res://source_operators/moth_finish/binder.gd:180)
       [5] _collect (res://source_operators/moth_finish/binder.gd:180)
       [6] _collect (res://source_operators/moth_finish/binder.gd:180)
       [7] _collect (res://source_operators/moth_finish/binder.gd:180)
       [8] bind (res://source_operators/moth_finish/binder.gd:35)
       [9] apply_identity (res://source_operators/operator_visual.gd:103)
       [10] apply_actor (res://source_operators/operator_visual.gd:190)
       [11] apply_state (res://world/presentation.gd:119)
       [12] on_snapshot (res://world/session.gd:763)
       [13] on_snapshot (res://lattice/world_demo.gd:354)
       [14] deliver_snapshot (res://net/client.gd:501)
       [15] deliver_frame (res://net/client.gd:452)
       [16] decode_text (res://net/client.gd:340)
       [17] decode_text (res://lattice/transport.gd:163)
       [18] wire (res://tests/lattice/usability_contract.gd:29)
       [19] snapshot (res://tests/lattice/usability_contract.gd:35)
       [20] run (res://tests/lattice/usability_contract.gd:79)
ERROR: Cannot get path of node as it is not in a scene tree.
   at: get_path (scene/main/node.cpp:2374)
   GDScript backtrace (most recent call first):
       [0] _collect (res://source_operators/moth_finish/binder.gd:145)
       [1] _collect (res://source_operators/moth_finish/binder.gd:180)
       [2] _collect (res://source_operators/moth_finish/binder.gd:180)
       [3] _collect (res://source_operators/moth_finish/binder.gd:180)
       [4] _collect (res://source_operators/moth_finish/binder.gd:180)
       [5] _collect (res://source_operators/moth_finish/binder.gd:180)
       [6] _collect (res://source_operators/moth_finish/binder.gd:180)
       [7] _collect (res://source_operators/moth_finish/binder.gd:180)
       [8] bind (res://source_operators/moth_finish/binder.gd:35)
       [9] apply_identity (res://source_operators/operator_visual.gd:103)
       [10] apply_actor (res://source_operators/operator_visual.gd:190)
       [11] apply_state (res://world/presentation.gd:119)
       [12] on_snapshot (res://world/session.gd:763)
       [13] on_snapshot (res://lattice/world_demo.gd:354)
       [14] deliver_snapshot (res://net/client.gd:501)
       [15] deliver_frame (res://net/client.gd:452)
       [16] decode_text (res://net/client.gd:340)
       [17] decode_text (res://lattice/transport.gd:163)
       [18] wire (res://tests/lattice/usability_contract.gd:29)
       [19] snapshot (res://tests/lattice/usability_contract.gd:35)
       [20] run (res://tests/lattice/usability_contract.gd:79)
ERROR: Cannot get path of node as it is not in a scene tree.
   at: get_path (scene/main/node.cpp:2374)
   GDScript backtrace (most recent call first):
       [0] _collect (res://source_operators/moth_finish/binder.gd:145)
       [1] _collect (res://source_operators/moth_finish/binder.gd:180)
       [2] _collect (res://source_operators/moth_finish/binder.gd:180)
       [3] _collect (res://source_operators/moth_finish/binder.gd:180)
       [4] _collect (res://source_operators/moth_finish/binder.gd:180)
       [5] _collect (res://source_operators/moth_finish/binder.gd:180)
       [6] _collect (res://source_operators/moth_finish/binder.gd:180)
       [7] _collect (res://source_operators/moth_finish/binder.gd:180)
       [8] bind (res://source_operators/moth_finish/binder.gd:35)
       [9] apply_identity (res://source_operators/operator_visual.gd:103)
       [10] apply_actor (res://source_operators/operator_visual.gd:190)
       [11] apply_state (res://world/presentation.gd:119)
       [12] on_snapshot (res://world/session.gd:763)
       [13] on_snapshot (res://lattice/world_demo.gd:354)
       [14] deliver_snapshot (res://net/client.gd:501)
       [15] deliver_frame (res://net/client.gd:452)
       [16] decode_text (res://net/client.gd:340)
       [17] decode_text (res://lattice/transport.gd:163)
       [18] wire (res://tests/lattice/usability_contract.gd:29)
       [19] snapshot (res://tests/lattice/usability_contract.gd:35)
       [20] run (res://tests/lattice/usability_contract.gd:79)
ERROR: Cannot get path of node as it is not in a scene tree.
   at: get_path (scene/main/node.cpp:2374)
   GDScript backtrace (most recent call first):
       [0] _collect (res://source_operators/moth_finish/binder.gd:145)
       [1] _collect (res://source_operators/moth_finish/binder.gd:180)
       [2] _collect (res://source_operators/moth_finish/binder.gd:180)
       [3] _collect (res://source_operators/moth_finish/binder.gd:180)
       [4] _collect (res://source_operators/moth_finish/binder.gd:180)
       [5] _collect (res://source_operators/moth_finish/binder.gd:180)
       [6] _collect (res://source_operators/moth_finish/binder.gd:180)
       [7] _collect (res://source_operators/moth_finish/binder.gd:180)
       [8] bind (res://source_operators/moth_finish/binder.gd:35)
       [9] apply_identity (res://source_operators/operator_visual.gd:103)
       [10] apply_actor (res://source_operators/operator_visual.gd:190)
       [11] apply_state (res://world/presentation.gd:119)
       [12] on_snapshot (res://world/session.gd:763)
       [13] on_snapshot (res://lattice/world_demo.gd:354)
       [14] deliver_snapshot (res://net/client.gd:501)
       [15] deliver_frame (res://net/client.gd:452)
       [16] decode_text (res://net/client.gd:340)
       [17] decode_text (res://lattice/transport.gd:163)
       [18] wire (res://tests/lattice/usability_contract.gd:29)
       [19] snapshot (res://tests/lattice/usability_contract.gd:35)
       [20] run (res://tests/lattice/usability_contract.gd:79)
ERROR: Cannot get path of node as it is not in a scene tree.
   at: get_path (scene/main/node.cpp:2374)
   GDScript backtrace (most recent call first):
       [0] _collect (res://source_operators/moth_finish/binder.gd:145)
       [1] _collect (res://source_operators/moth_finish/binder.gd:180)
       [2] _collect (res://source_operators/moth_finish/binder.gd:180)
       [3] _collect (res://source_operators/moth_finish/binder.gd:180)
       [4] _collect (res://source_operators/moth_finish/binder.gd:180)
       [5] _collect (res://source_operators/moth_finish/binder.gd:180)
       [6] _collect (res://source_operators/moth_finish/binder.gd:180)
       [7] _collect (res://source_operators/moth_finish/binder.gd:180)
       [8] bind (res://source_operators/moth_finish/binder.gd:35)
       [9] apply_identity (res://source_operators/operator_visual.gd:103)
       [10] apply_actor (res://source_operators/operator_visual.gd:190)
       [11] apply_state (res://world/presentation.gd:119)
       [12] on_snapshot (res://world/session.gd:763)
       [13] on_snapshot (res://lattice/world_demo.gd:354)
       [14] deliver_snapshot (res://net/client.gd:501)
       [15] deliver_frame (res://net/client.gd:452)
       [16] decode_text (res://net/client.gd:340)
       [17] decode_text (res://lattice/transport.gd:163)
       [18] wire (res://tests/lattice/usability_contract.gd:29)
       [19] snapshot (res://tests/lattice/usability_contract.gd:35)
       [20] run (res://tests/lattice/usability_contract.gd:79)
ERROR: Cannot get path of node as it is not in a scene tree.
   at: get_path (scene/main/node.cpp:2374)
   GDScript backtrace (most recent call first):
       [0] _collect (res://source_operators/moth_finish/binder.gd:145)
       [1] _collect (res://source_operators/moth_finish/binder.gd:180)
       [2] _collect (res://source_operators/moth_finish/binder.gd:180)
       [3] _collect (res://source_operators/moth_finish/binder.gd:180)
       [4] _collect (res://source_operators/moth_finish/binder.gd:180)
       [5] _collect (res://source_operators/moth_finish/binder.gd:180)
       [6] _collect (res://source_operators/moth_finish/binder.gd:180)
       [7] _collect (res://source_operators/moth_finish/binder.gd:180)
       [8] bind (res://source_operators/moth_finish/binder.gd:35)
       [9] apply_identity (res://source_operators/operator_visual.gd:103)
       [10] apply_actor (res://source_operators/operator_visual.gd:190)
       [11] apply_state (res://world/presentation.gd:119)
       [12] on_snapshot (res://world/session.gd:763)
       [13] on_snapshot (res://lattice/world_demo.gd:354)
       [14] deliver_snapshot (res://net/client.gd:501)
       [15] deliver_frame (res://net/client.gd:452)
       [16] decode_text (res://net/client.gd:340)
       [17] decode_text (res://lattice/transport.gd:163)
       [18] wire (res://tests/lattice/usability_contract.gd:29)
       [19] snapshot (res://tests/lattice/usability_contract.gd:35)
       [20] run (res://tests/lattice/usability_contract.gd:79)
ERROR: Cannot get path of node as it is not in a scene tree.
   at: get_path (scene/main/node.cpp:2374)
   GDScript backtrace (most recent call first):
       [0] _collect (res://source_operators/moth_finish/binder.gd:145)
       [1] _collect (res://source_operators/moth_finish/binder.gd:180)
       [2] _collect (res://source_operators/moth_finish/binder.gd:180)
       [3] _collect (res://source_operators/moth_finish/binder.gd:180)
       [4] _collect (res://source_operators/moth_finish/binder.gd:180)
       [5] _collect (res://source_operators/moth_finish/binder.gd:180)
       [6] _collect (res://source_operators/moth_finish/binder.gd:180)
       [7] _collect (res://source_operators/moth_finish/binder.gd:180)
       [8] bind (res://source_operators/moth_finish/binder.gd:35)
       [9] apply_identity (res://source_operators/operator_visual.gd:103)
       [10] apply_actor (res://source_operators/operator_visual.gd:190)
       [11] apply_state (res://world/presentation.gd:119)
       [12] on_snapshot (res://world/session.gd:763)
       [13] on_snapshot (res://lattice/world_demo.gd:354)
       [14] deliver_snapshot (res://net/client.gd:501)
       [15] deliver_frame (res://net/client.gd:452)
       [16] decode_text (res://net/client.gd:340)
       [17] decode_text (res://lattice/transport.gd:163)
       [18] wire (res://tests/lattice/usability_contract.gd:29)
       [19] snapshot (res://tests/lattice/usability_contract.gd:35)
       [20] run (res://tests/lattice/usability_contract.gd:79)
ERROR: Cannot get path of node as it is not in a scene tree.
   at: get_path (scene/main/node.cpp:2374)
   GDScript backtrace (most recent call first):
       [0] _collect (res://source_operators/moth_finish/binder.gd:145)
       [1] _collect (res://source_operators/moth_finish/binder.gd:180)
       [2] _collect (res://source_operators/moth_finish/binder.gd:180)
       [3] _collect (res://source_operators/moth_finish/binder.gd:180)
       [4] _collect (res://source_operators/moth_finish/binder.gd:180)
       [5] _collect (res://source_operators/moth_finish/binder.gd:180)
       [6] _collect (res://source_operators/moth_finish/binder.gd:180)
       [7] _collect (res://source_operators/moth_finish/binder.gd:180)
       [8] bind (res://source_operators/moth_finish/binder.gd:35)
       [9] apply_identity (res://source_operators/operator_visual.gd:103)
       [10] apply_actor (res://source_operators/operator_visual.gd:190)
       [11] apply_state (res://world/presentation.gd:119)
       [12] on_snapshot (res://world/session.gd:763)
       [13] on_snapshot (res://lattice/world_demo.gd:354)
       [14] deliver_snapshot (res://net/client.gd:501)
       [15] deliver_frame (res://net/client.gd:452)
       [16] decode_text (res://net/client.gd:340)
       [17] decode_text (res://lattice/transport.gd:163)
       [18] wire (res://tests/lattice/usability_contract.gd:29)
       [19] snapshot (res://tests/lattice/usability_contract.gd:35)
       [20] run (res://tests/lattice/usability_contract.gd:79)
ERROR: Cannot get path of node as it is not in a scene tree.
   at: get_path (scene/main/node.cpp:2374)
   GDScript backtrace (most recent call first):
       [0] _collect (res://source_operators/moth_finish/binder.gd:145)
       [1] _collect (res://source_operators/moth_finish/binder.gd:180)
       [2] _collect (res://source_operators/moth_finish/binder.gd:180)
       [3] _collect (res://source_operators/moth_finish/binder.gd:180)
       [4] _collect (res://source_operators/moth_finish/binder.gd:180)
       [5] _collect (res://source_operators/moth_finish/binder.gd:180)
       [6] _collect (res://source_operators/moth_finish/binder.gd:180)
       [7] _collect (res://source_operators/moth_finish/binder.gd:180)
       [8] bind (res://source_operators/moth_finish/binder.gd:35)
       [9] apply_identity (res://source_operators/operator_visual.gd:103)
       [10] apply_actor (res://source_operators/operator_visual.gd:190)
       [11] apply_state (res://world/presentation.gd:119)
       [12] on_snapshot (res://world/session.gd:763)
       [13] on_snapshot (res://lattice/world_demo.gd:354)
       [14] deliver_snapshot (res://net/client.gd:501)
       [15] deliver_frame (res://net/client.gd:452)
       [16] decode_text (res://net/client.gd:340)
       [17] decode_text (res://lattice/transport.gd:163)
       [18] wire (res://tests/lattice/usability_contract.gd:29)
       [19] snapshot (res://tests/lattice/usability_contract.gd:35)
       [20] run (res://tests/lattice/usability_contract.gd:79)
ERROR: Cannot get path of node as it is not in a scene tree.
   at: get_path (scene/main/node.cpp:2374)
   GDScript backtrace (most recent call first):
       [0] _collect (res://source_operators/moth_finish/binder.gd:145)
       [1] _collect (res://source_operators/moth_finish/binder.gd:180)
       [2] _collect (res://source_operators/moth_finish/binder.gd:180)
       [3] _collect (res://source_operators/moth_finish/binder.gd:180)
       [4] _collect (res://source_operators/moth_finish/binder.gd:180)
       [5] _collect (res://source_operators/moth_finish/binder.gd:180)
       [6] _collect (res://source_operators/moth_finish/binder.gd:180)
       [7] _collect (res://source_operators/moth_finish/binder.gd:180)
       [8] bind (res://source_operators/moth_finish/binder.gd:35)
       [9] apply_identity (res://source_operators/operator_visual.gd:103)
       [10] apply_actor (res://source_operators/operator_visual.gd:190)
       [11] apply_state (res://world/presentation.gd:119)
       [12] on_snapshot (res://world/session.gd:763)
       [13] on_snapshot (res://lattice/world_demo.gd:354)
       [14] deliver_snapshot (res://net/client.gd:501)
       [15] deliver_frame (res://net/client.gd:452)
       [16] decode_text (res://net/client.gd:340)
       [17] decode_text (res://lattice/transport.gd:163)
       [18] wire (res://tests/lattice/usability_contract.gd:29)
       [19] snapshot (res://tests/lattice/usability_contract.gd:35)
       [20] run (res://tests/lattice/usability_contract.gd:79)
ERROR: Cannot get path of node as it is not in a scene tree.
   at: get_path (scene/main/node.cpp:2374)
   GDScript backtrace (most recent call first):
       [0] _collect (res://source_operators/moth_finish/binder.gd:145)
       [1] _collect (res://source_operators/moth_finish/binder.gd:180)
       [2] _collect (res://source_operators/moth_finish/binder.gd:180)
       [3] _collect (res://source_operators/moth_finish/binder.gd:180)
       [4] _collect (res://source_operators/moth_finish/binder.gd:180)
       [5] _collect (res://source_operators/moth_finish/binder.gd:180)
       [6] _collect (res://source_operators/moth_finish/binder.gd:180)
       [7] _collect (res://source_operators/moth_finish/binder.gd:180)
       [8] bind (res://source_operators/moth_finish/binder.gd:35)
       [9] apply_identity (res://source_operators/operator_visual.gd:103)
       [10] apply_actor (res://source_operators/operator_visual.gd:190)
       [11] apply_state (res://world/presentation.gd:119)
       [12] on_snapshot (res://world/session.gd:763)
       [13] on_snapshot (res://lattice/world_demo.gd:354)
       [14] deliver_snapshot (res://net/client.gd:501)
       [15] deliver_frame (res://net/client.gd:452)
       [16] decode_text (res://net/client.gd:340)
       [17] decode_text (res://lattice/transport.gd:163)
       [18] wire (res://tests/lattice/usability_contract.gd:29)
       [19] snapshot (res://tests/lattice/usability_contract.gd:35)
       [20] run (res://tests/lattice/usability_contract.gd:79)
ERROR: Cannot get path of node as it is not in a scene tree.
   at: get_path (scene/main/node.cpp:2374)
   GDScript backtrace (most recent call first):
       [0] _collect (res://source_operators/moth_finish/binder.gd:145)
       [1] _collect (res://source_operators/moth_finish/binder.gd:180)
       [2] _collect (res://source_operators/moth_finish/binder.gd:180)
       [3] _collect (res://source_operators/moth_finish/binder.gd:180)
       [4] _collect (res://source_operators/moth_finish/binder.gd:180)
       [5] _collect (res://source_operators/moth_finish/binder.gd:180)
       [6] _collect (res://source_operators/moth_finish/binder.gd:180)
       [7] _collect (res://source_operators/moth_finish/binder.gd:180)
       [8] bind (res://source_operators/moth_finish/binder.gd:35)
       [9] apply_identity (res://source_operators/operator_visual.gd:103)
       [10] apply_actor (res://source_operators/operator_visual.gd:190)
       [11] apply_state (res://world/presentation.gd:119)
       [12] on_snapshot (res://world/session.gd:763)
       [13] on_snapshot (res://lattice/world_demo.gd:354)
       [14] deliver_snapshot (res://net/client.gd:501)
       [15] deliver_frame (res://net/client.gd:452)
       [16] decode_text (res://net/client.gd:340)
       [17] decode_text (res://lattice/transport.gd:163)
       [18] wire (res://tests/lattice/usability_contract.gd:29)
       [19] snapshot (res://tests/lattice/usability_contract.gd:35)
       [20] run (res://tests/lattice/usability_contract.gd:79)
ERROR: Cannot get path of node as it is not in a scene tree.
   at: get_path (scene/main/node.cpp:2374)
   GDScript backtrace (most recent call first):
       [0] _collect (res://source_operators/moth_finish/binder.gd:145)
       [1] _collect (res://source_operators/moth_finish/binder.gd:180)
       [2] _collect (res://source_operators/moth_finish/binder.gd:180)
       [3] _collect (res://source_operators/moth_finish/binder.gd:180)
       [4] _collect (res://source_operators/moth_finish/binder.gd:180)
       [5] _collect (res://source_operators/moth_finish/binder.gd:180)
       [6] _collect (res://source_operators/moth_finish/binder.gd:180)
       [7] _collect (res://source_operators/moth_finish/binder.gd:180)
       [8] bind (res://source_operators/moth_finish/binder.gd:35)
       [9] apply_identity (res://source_operators/operator_visual.gd:103)
       [10] apply_actor (res://source_operators/operator_visual.gd:190)
       [11] apply_state (res://world/presentation.gd:119)
       [12] on_snapshot (res://world/session.gd:763)
       [13] on_snapshot (res://lattice/world_demo.gd:354)
       [14] deliver_snapshot (res://net/client.gd:501)
       [15] deliver_frame (res://net/client.gd:452)
       [16] decode_text (res://net/client.gd:340)
       [17] decode_text (res://lattice/transport.gd:163)
       [18] wire (res://tests/lattice/usability_contract.gd:29)
       [19] snapshot (res://tests/lattice/usability_contract.gd:35)
       [20] run (res://tests/lattice/usability_contract.gd:79)
ERROR: Cannot get path of node as it is not in a scene tree.
   at: get_path (scene/main/node.cpp:2374)
   GDScript backtrace (most recent call first):
       [0] _collect (res://source_operators/moth_finish/binder.gd:145)
       [1] _collect (res://source_operators/moth_finish/binder.gd:180)
       [2] _collect (res://source_operators/moth_finish/binder.gd:180)
       [3] _collect (res://source_operators/moth_finish/binder.gd:180)
       [4] _collect (res://source_operators/moth_finish/binder.gd:180)
       [5] _collect (res://source_operators/moth_finish/binder.gd:180)
       [6] _collect (res://source_operators/moth_finish/binder.gd:180)
       [7] _collect (res://source_operators/moth_finish/binder.gd:180)
       [8] _collect (res://source_operators/moth_finish/binder.gd:180)
       [9] _collect (res://source_operators/moth_finish/binder.gd:180)
       [10] _collect (res://source_operators/moth_finish/binder.gd:180)
       [11] _collect (res://source_operators/moth_finish/binder.gd:180)
       [12] bind (res://source_operators/moth_finish/binder.gd:35)
       [13] apply_identity (res://source_operators/operator_visual.gd:103)
       [14] apply_actor (res://source_operators/operator_visual.gd:190)
       [15] apply_state (res://world/presentation.gd:119)
       [16] on_snapshot (res://world/session.gd:763)
       [17] on_snapshot (res://lattice/world_demo.gd:354)
       [18] deliver_snapshot (res://net/client.gd:501)
       [19] deliver_frame (res://net/client.gd:452)
       [20] decode_text (res://net/client.gd:340)
       [21] decode_text (res://lattice/transport.gd:163)
       [22] wire (res://tests/lattice/usability_contract.gd:29)
       [23] snapshot (res://tests/lattice/usability_contract.gd:35)
       [24] run (res://tests/lattice/usability_contract.gd:79)
ERROR: Cannot get path of node as it is not in a scene tree.
   at: get_path (scene/main/node.cpp:2374)
   GDScript backtrace (most recent call first):
       [0] _collect (res://source_operators/moth_finish/binder.gd:145)
       [1] _collect (res://source_operators/moth_finish/binder.gd:180)
       [2] _collect (res://source_operators/moth_finish/binder.gd:180)
       [3] _collect (res://source_operators/moth_finish/binder.gd:180)
       [4] _collect (res://source_operators/moth_finish/binder.gd:180)
       [5] _collect (res://source_operators/moth_finish/binder.gd:180)
       [6] _collect (res://source_operators/moth_finish/binder.gd:180)
       [7] _collect (res://source_operators/moth_finish/binder.gd:180)
       [8] _collect (res://source_operators/moth_finish/binder.gd:180)
       [9] _collect (res://source_operators/moth_finish/binder.gd:180)
       [10] _collect (res://source_operators/moth_finish/binder.gd:180)
       [11] _collect (res://source_operators/moth_finish/binder.gd:180)
       [12] bind (res://source_operators/moth_finish/binder.gd:35)
       [13] apply_identity (res://source_operators/operator_visual.gd:103)
       [14] apply_actor (res://source_operators/operator_visual.gd:190)
       [15] apply_state (res://world/presentation.gd:119)
       [16] on_snapshot (res://world/session.gd:763)
       [17] on_snapshot (res://lattice/world_demo.gd:354)
       [18] deliver_snapshot (res://net/client.gd:501)
       [19] deliver_frame (res://net/client.gd:452)
       [20] decode_text (res://net/client.gd:340)
       [21] decode_text (res://lattice/transport.gd:163)
       [22] wire (res://tests/lattice/usability_contract.gd:29)
       [23] snapshot (res://tests/lattice/usability_contract.gd:35)
       [24] run (res://tests/lattice/usability_contract.gd:79)
ERROR: Cannot get path of node as it is not in a scene tree.
   at: get_path (scene/main/node.cpp:2374)
   GDScript backtrace (most recent call first):
       [0] _collect (res://source_operators/moth_finish/binder.gd:145)
       [1] _collect (res://source_operators/moth_finish/binder.gd:180)
       [2] _collect (res://source_operators/moth_finish/binder.gd:180)
       [3] _collect (res://source_operators/moth_finish/binder.gd:180)
       [4] _collect (res://source_operators/moth_finish/binder.gd:180)
       [5] _collect (res://source_operators/moth_finish/binder.gd:180)
       [6] _collect (res://source_operators/moth_finish/binder.gd:180)
       [7] _collect (res://source_operators/moth_finish/binder.gd:180)
       [8] _collect (res://source_operators/moth_finish/binder.gd:180)
       [9] _collect (res://source_operators/moth_finish/binder.gd:180)
       [10] _collect (res://source_operators/moth_finish/binder.gd:180)
       [11] _collect (res://source_operators/moth_finish/binder.gd:180)
       [12] bind (res://source_operators/moth_finish/binder.gd:35)
       [13] apply_identity (res://source_operators/operator_visual.gd:103)
       [14] apply_actor (res://source_operators/operator_visual.gd:190)
       [15] apply_state (res://world/presentation.gd:119)
       [16] on_snapshot (res://world/session.gd:763)
       [17] on_snapshot (res://lattice/world_demo.gd:354)
       [18] deliver_snapshot (res://net/client.gd:501)
       [19] deliver_frame (res://net/client.gd:452)
       [20] decode_text (res://net/client.gd:340)
       [21] decode_text (res://lattice/transport.gd:163)
       [22] wire (res://tests/lattice/usability_contract.gd:29)
       [23] snapshot (res://tests/lattice/usability_contract.gd:35)
       [24] run (res://tests/lattice/usability_contract.gd:79)
ERROR: Cannot get path of node as it is not in a scene tree.
   at: get_path (scene/main/node.cpp:2374)
   GDScript backtrace (most recent call first):
       [0] _collect (res://source_operators/moth_finish/binder.gd:145)
       [1] _collect (res://source_operators/moth_finish/binder.gd:180)
       [2] _collect (res://source_operators/moth_finish/binder.gd:180)
       [3] _collect (res://source_operators/moth_finish/binder.gd:180)
       [4] _collect (res://source_operators/moth_finish/binder.gd:180)
       [5] _collect (res://source_operators/moth_finish/binder.gd:180)
       [6] _collect (res://source_operators/moth_finish/binder.gd:180)
       [7] _collect (res://source_operators/moth_finish/binder.gd:180)
       [8] _collect (res://source_operators/moth_finish/binder.gd:180)
       [9] _collect (res://source_operators/moth_finish/binder.gd:180)
       [10] _collect (res://source_operators/moth_finish/binder.gd:180)
       [11] bind (res://source_operators/moth_finish/binder.gd:35)
       [12] apply_identity (res://source_operators/operator_visual.gd:103)
       [13] apply_actor (res://source_operators/operator_visual.gd:190)
       [14] apply_state (res://world/presentation.gd:119)
       [15] on_snapshot (res://world/session.gd:763)
       [16] on_snapshot (res://lattice/world_demo.gd:354)
       [17] deliver_snapshot (res://net/client.gd:501)
       [18] deliver_frame (res://net/client.gd:452)
       [19] decode_text (res://net/client.gd:340)
       [20] decode_text (res://lattice/transport.gd:163)
       [21] wire (res://tests/lattice/usability_contract.gd:29)
       [22] snapshot (res://tests/lattice/usability_contract.gd:35)
       [23] run (res://tests/lattice/usability_contract.gd:79)
ERROR: Cannot get path of node as it is not in a scene tree.
   at: get_path (scene/main/node.cpp:2374)
   GDScript backtrace (most recent call first):
       [0] _collect (res://source_operators/moth_finish/binder.gd:145)
       [1] _collect (res://source_operators/moth_finish/binder.gd:180)
       [2] _collect (res://source_operators/moth_finish/binder.gd:180)
       [3] _collect (res://source_operators/moth_finish/binder.gd:180)
       [4] _collect (res://source_operators/moth_finish/binder.gd:180)
       [5] _collect (res://source_operators/moth_finish/binder.gd:180)
       [6] _collect (res://source_operators/moth_finish/binder.gd:180)
       [7] _collect (res://source_operators/moth_finish/binder.gd:180)
       [8] _collect (res://source_operators/moth_finish/binder.gd:180)
       [9] _collect (res://source_operators/moth_finish/binder.gd:180)
       [10] _collect (res://source_operators/moth_finish/binder.gd:180)
       [11] bind (res://source_operators/moth_finish/binder.gd:35)
       [12] apply_identity (res://source_operators/operator_visual.gd:103)
       [13] apply_actor (res://source_operators/operator_visual.gd:190)
       [14] apply_state (res://world/presentation.gd:119)
       [15] on_snapshot (res://world/session.gd:763)
       [16] on_snapshot (res://lattice/world_demo.gd:354)
       [17] deliver_snapshot (res://net/client.gd:501)
       [18] deliver_frame (res://net/client.gd:452)
       [19] decode_text (res://net/client.gd:340)
       [20] decode_text (res://lattice/transport.gd:163)
       [21] wire (res://tests/lattice/usability_contract.gd:29)
       [22] snapshot (res://tests/lattice/usability_contract.gd:35)
       [23] run (res://tests/lattice/usability_contract.gd:79)
ERROR: Cannot get path of node as it is not in a scene tree.
   at: get_path (scene/main/node.cpp:2374)
   GDScript backtrace (most recent call first):
       [0] _collect (res://source_operators/moth_finish/binder.gd:145)
       [1] _collect (res://source_operators/moth_finish/binder.gd:180)
       [2] _collect (res://source_operators/moth_finish/binder.gd:180)
       [3] _collect (res://source_operators/moth_finish/binder.gd:180)
       [4] _collect (res://source_operators/moth_finish/binder.gd:180)
       [5] _collect (res://source_operators/moth_finish/binder.gd:180)
       [6] _collect (res://source_operators/moth_finish/binder.gd:180)
       [7] _collect (res://source_operators/moth_finish/binder.gd:180)
       [8] _collect (res://source_operators/moth_finish/binder.gd:180)
       [9] _collect (res://source_operators/moth_finish/binder.gd:180)
       [10] _collect (res://source_operators/moth_finish/binder.gd:180)
       [11] bind (res://source_operators/moth_finish/binder.gd:35)
       [12] apply_identity (res://source_operators/operator_visual.gd:103)
       [13] apply_actor (res://source_operators/operator_visual.gd:190)
       [14] apply_state (res://world/presentation.gd:119)
       [15] on_snapshot (res://world/session.gd:763)
       [16] on_snapshot (res://lattice/world_demo.gd:354)
       [17] deliver_snapshot (res://net/client.gd:501)
       [18] deliver_frame (res://net/client.gd:452)
       [19] decode_text (res://net/client.gd:340)
       [20] decode_text (res://lattice/transport.gd:163)
       [21] wire (res://tests/lattice/usability_contract.gd:29)
       [22] snapshot (res://tests/lattice/usability_contract.gd:35)
       [23] run (res://tests/lattice/usability_contract.gd:79)
ERROR: Cannot get path of node as it is not in a scene tree.
   at: get_path (scene/main/node.cpp:2374)
   GDScript backtrace (most recent call first):
       [0] _collect (res://source_operators/moth_finish/binder.gd:145)
       [1] _collect (res://source_operators/moth_finish/binder.gd:180)
       [2] _collect (res://source_operators/moth_finish/binder.gd:180)
       [3] _collect (res://source_operators/moth_finish/binder.gd:180)
       [4] _collect (res://source_operators/moth_finish/binder.gd:180)
       [5] _collect (res://source_operators/moth_finish/binder.gd:180)
       [6] _collect (res://source_operators/moth_finish/binder.gd:180)
       [7] _collect (res://source_operators/moth_finish/binder.gd:180)
       [8] _collect (res://source_operators/moth_finish/binder.gd:180)
       [9] _collect (res://source_operators/moth_finish/binder.gd:180)
       [10] _collect (res://source_operators/moth_finish/binder.gd:180)
       [11] bind (res://source_operators/moth_finish/binder.gd:35)
       [12] apply_identity (res://source_operators/operator_visual.gd:103)
       [13] apply_actor (res://source_operators/operator_visual.gd:190)
       [14] apply_state (res://world/presentation.gd:119)
       [15] on_snapshot (res://world/session.gd:763)
       [16] on_snapshot (res://lattice/world_demo.gd:354)
       [17] deliver_snapshot (res://net/client.gd:501)
       [18] deliver_frame (res://net/client.gd:452)
       [19] decode_text (res://net/client.gd:340)
       [20] decode_text (res://lattice/transport.gd:163)
       [21] wire (res://tests/lattice/usability_contract.gd:29)
       [22] snapshot (res://tests/lattice/usability_contract.gd:35)
       [23] run (res://tests/lattice/usability_contract.gd:79)
ERROR: Cannot get path of node as it is not in a scene tree.
   at: get_path (scene/main/node.cpp:2374)
   GDScript backtrace (most recent call first):
       [0] _collect (res://source_operators/moth_finish/binder.gd:145)
       [1] _collect (res://source_operators/moth_finish/binder.gd:180)
       [2] _collect (res://source_operators/moth_finish/binder.gd:180)
       [3] _collect (res://source_operators/moth_finish/binder.gd:180)
       [4] _collect (res://source_operators/moth_finish/binder.gd:180)
       [5] _collect (res://source_operators/moth_finish/binder.gd:180)
       [6] _collect (res://source_operators/moth_finish/binder.gd:180)
       [7] _collect (res://source_operators/moth_finish/binder.gd:180)
       [8] _collect (res://source_operators/moth_finish/binder.gd:180)
       [9] _collect (res://source_operators/moth_finish/binder.gd:180)
       [10] _collect (res://source_operators/moth_finish/binder.gd:180)
       [11] bind (res://source_operators/moth_finish/binder.gd:35)
       [12] apply_identity (res://source_operators/operator_visual.gd:103)
       [13] apply_actor (res://source_operators/operator_visual.gd:190)
       [14] apply_state (res://world/presentation.gd:119)
       [15] on_snapshot (res://world/session.gd:763)
       [16] on_snapshot (res://lattice/world_demo.gd:354)
       [17] deliver_snapshot (res://net/client.gd:501)
       [18] deliver_frame (res://net/client.gd:452)
       [19] decode_text (res://net/client.gd:340)
       [20] decode_text (res://lattice/transport.gd:163)
       [21] wire (res://tests/lattice/usability_contract.gd:29)
       [22] snapshot (res://tests/lattice/usability_contract.gd:35)
       [23] run (res://tests/lattice/usability_contract.gd:79)
ERROR: Cannot get path of node as it is not in a scene tree.
   at: get_path (scene/main/node.cpp:2374)
   GDScript backtrace (most recent call first):
       [0] _collect (res://source_operators/moth_finish/binder.gd:145)
       [1] _collect (res://source_operators/moth_finish/binder.gd:180)
       [2] _collect (res://source_operators/moth_finish/binder.gd:180)
       [3] _collect (res://source_operators/moth_finish/binder.gd:180)
       [4] _collect (res://source_operators/moth_finish/binder.gd:180)
       [5] _collect (res://source_operators/moth_finish/binder.gd:180)
       [6] _collect (res://source_operators/moth_finish/binder.gd:180)
       [7] _collect (res://source_operators/moth_finish/binder.gd:180)
       [8] _collect (res://source_operators/moth_finish/binder.gd:180)
       [9] _collect (res://source_operators/moth_finish/binder.gd:180)
       [10] _collect (res://source_operators/moth_finish/binder.gd:180)
       [11] bind (res://source_operators/moth_finish/binder.gd:35)
       [12] apply_identity (res://source_operators/operator_visual.gd:103)
       [13] apply_actor (res://source_operators/operator_visual.gd:190)
       [14] apply_state (res://world/presentation.gd:119)
       [15] on_snapshot (res://world/session.gd:763)
       [16] on_snapshot (res://lattice/world_demo.gd:354)
       [17] deliver_snapshot (res://net/client.gd:501)
       [18] deliver_frame (res://net/client.gd:452)
       [19] decode_text (res://net/client.gd:340)
       [20] decode_text (res://lattice/transport.gd:163)
       [21] wire (res://tests/lattice/usability_contract.gd:29)
       [22] snapshot (res://tests/lattice/usability_contract.gd:35)
       [23] run (res://tests/lattice/usability_contract.gd:79)
ERROR: Cannot get path of node as it is not in a scene tree.
   at: get_path (scene/main/node.cpp:2374)
   GDScript backtrace (most recent call first):
       [0] _collect (res://source_operators/moth_finish/binder.gd:145)
       [1] _collect (res://source_operators/moth_finish/binder.gd:180)
       [2] _collect (res://source_operators/moth_finish/binder.gd:180)
       [3] _collect (res://source_operators/moth_finish/binder.gd:180)
       [4] _collect (res://source_operators/moth_finish/binder.gd:180)
       [5] _collect (res://source_operators/moth_finish/binder.gd:180)
       [6] _collect (res://source_operators/moth_finish/binder.gd:180)
       [7] _collect (res://source_operators/moth_finish/binder.gd:180)
       [8] _collect (res://source_operators/moth_finish/binder.gd:180)
       [9] _collect (res://source_operators/moth_finish/binder.gd:180)
       [10] bind (res://source_operators/moth_finish/binder.gd:35)
       [11] apply_identity (res://source_operators/operator_visual.gd:103)
       [12] apply_actor (res://source_operators/operator_visual.gd:190)
       [13] apply_state (res://world/presentation.gd:119)
       [14] on_snapshot (res://world/session.gd:763)
       [15] on_snapshot (res://lattice/world_demo.gd:354)
       [16] deliver_snapshot (res://net/client.gd:501)
       [17] deliver_frame (res://net/client.gd:452)
       [18] decode_text (res://net/client.gd:340)
       [19] decode_text (res://lattice/transport.gd:163)
       [20] wire (res://tests/lattice/usability_contract.gd:29)
       [21] snapshot (res://tests/lattice/usability_contract.gd:35)
       [22] run (res://tests/lattice/usability_contract.gd:79)
ERROR: Cannot get path of node as it is not in a scene tree.
   at: get_path (scene/main/node.cpp:2374)
   GDScript backtrace (most recent call first):
       [0] _collect (res://source_operators/moth_finish/binder.gd:145)
       [1] _collect (res://source_operators/moth_finish/binder.gd:180)
       [2] _collect (res://source_operators/moth_finish/binder.gd:180)
       [3] _collect (res://source_operators/moth_finish/binder.gd:180)
       [4] _collect (res://source_operators/moth_finish/binder.gd:180)
       [5] _collect (res://source_operators/moth_finish/binder.gd:180)
       [6] _collect (res://source_operators/moth_finish/binder.gd:180)
       [7] _collect (res://source_operators/moth_finish/binder.gd:180)
       [8] _collect (res://source_operators/moth_finish/binder.gd:180)
       [9] _collect (res://source_operators/moth_finish/binder.gd:180)
       [10] bind (res://source_operators/moth_finish/binder.gd:35)
       [11] apply_identity (res://source_operators/operator_visual.gd:103)
       [12] apply_actor (res://source_operators/operator_visual.gd:190)
       [13] apply_state (res://world/presentation.gd:119)
       [14] on_snapshot (res://world/session.gd:763)
       [15] on_snapshot (res://lattice/world_demo.gd:354)
       [16] deliver_snapshot (res://net/client.gd:501)
       [17] deliver_frame (res://net/client.gd:452)
       [18] decode_text (res://net/client.gd:340)
       [19] decode_text (res://lattice/transport.gd:163)
       [20] wire (res://tests/lattice/usability_contract.gd:29)
       [21] snapshot (res://tests/lattice/usability_contract.gd:35)
       [22] run (res://tests/lattice/usability_contract.gd:79)
ERROR: Cannot get path of node as it is not in a scene tree.
   at: get_path (scene/main/node.cpp:2374)
   GDScript backtrace (most recent call first):
       [0] _collect (res://source_operators/moth_finish/binder.gd:145)
       [1] _collect (res://source_operators/moth_finish/binder.gd:180)
       [2] _collect (res://source_operators/moth_finish/binder.gd:180)
       [3] _collect (res://source_operators/moth_finish/binder.gd:180)
       [4] _collect (res://source_operators/moth_finish/binder.gd:180)
       [5] _collect (res://source_operators/moth_finish/binder.gd:180)
       [6] _collect (res://source_operators/moth_finish/binder.gd:180)
       [7] _collect (res://source_operators/moth_finish/binder.gd:180)
       [8] _collect (res://source_operators/moth_finish/binder.gd:180)
       [9] bind (res://source_operators/moth_finish/binder.gd:35)
       [10] apply_identity (res://source_operators/operator_visual.gd:103)
       [11] apply_actor (res://source_operators/operator_visual.gd:190)
       [12] apply_state (res://world/presentation.gd:119)
       [13] on_snapshot (res://world/session.gd:763)
       [14] on_snapshot (res://lattice/world_demo.gd:354)
       [15] deliver_snapshot (res://net/client.gd:501)
       [16] deliver_frame (res://net/client.gd:452)
       [17] decode_text (res://net/client.gd:340)
       [18] decode_text (res://lattice/transport.gd:163)
       [19] wire (res://tests/lattice/usability_contract.gd:29)
       [20] snapshot (res://tests/lattice/usability_contract.gd:35)
       [21] run (res://tests/lattice/usability_contract.gd:79)
ERROR: Cannot get path of node as it is not in a scene tree.
   at: get_path (scene/main/node.cpp:2374)
   GDScript backtrace (most recent call first):
       [0] _collect (res://source_operators/moth_finish/binder.gd:145)
       [1] _collect (res://source_operators/moth_finish/binder.gd:180)
       [2] _collect (res://source_operators/moth_finish/binder.gd:180)
       [3] _collect (res://source_operators/moth_finish/binder.gd:180)
       [4] _collect (res://source_operators/moth_finish/binder.gd:180)
       [5] _collect (res://source_operators/moth_finish/binder.gd:180)
       [6] _collect (res://source_operators/moth_finish/binder.gd:180)
       [7] _collect (res://source_operators/moth_finish/binder.gd:180)
       [8] _collect (res://source_operators/moth_finish/binder.gd:180)
       [9] bind (res://source_operators/moth_finish/binder.gd:35)
       [10] apply_identity (res://source_operators/operator_visual.gd:103)
       [11] apply_actor (res://source_operators/operator_visual.gd:190)
       [12] apply_state (res://world/presentation.gd:119)
       [13] on_snapshot (res://world/session.gd:763)
       [14] on_snapshot (res://lattice/world_demo.gd:354)
       [15] deliver_snapshot (res://net/client.gd:501)
       [16] deliver_frame (res://net/client.gd:452)
       [17] decode_text (res://net/client.gd:340)
       [18] decode_text (res://lattice/transport.gd:163)
       [19] wire (res://tests/lattice/usability_contract.gd:29)
       [20] snapshot (res://tests/lattice/usability_contract.gd:35)
       [21] run (res://tests/lattice/usability_contract.gd:79)
ERROR: Cannot get path of node as it is not in a scene tree.
   at: get_path (scene/main/node.cpp:2374)
   GDScript backtrace (most recent call first):
       [0] _collect (res://source_operators/moth_finish/binder.gd:145)
       [1] _collect (res://source_operators/moth_finish/binder.gd:180)
       [2] _collect (res://source_operators/moth_finish/binder.gd:180)
       [3] _collect (res://source_operators/moth_finish/binder.gd:180)
       [4] _collect (res://source_operators/moth_finish/binder.gd:180)
       [5] _collect (res://source_operators/moth_finish/binder.gd:180)
       [6] _collect (res://source_operators/moth_finish/binder.gd:180)
       [7] _collect (res://source_operators/moth_finish/binder.gd:180)
       [8] _collect (res://source_operators/moth_finish/binder.gd:180)
       [9] bind (res://source_operators/moth_finish/binder.gd:35)
       [10] apply_identity (res://source_operators/operator_visual.gd:103)
       [11] apply_actor (res://source_operators/operator_visual.gd:190)
       [12] apply_state (res://world/presentation.gd:119)
       [13] on_snapshot (res://world/session.gd:763)
       [14] on_snapshot (res://lattice/world_demo.gd:354)
       [15] deliver_snapshot (res://net/client.gd:501)
       [16] deliver_frame (res://net/client.gd:452)
       [17] decode_text (res://net/client.gd:340)
       [18] decode_text (res://lattice/transport.gd:163)
       [19] wire (res://tests/lattice/usability_contract.gd:29)
       [20] snapshot (res://tests/lattice/usability_contract.gd:35)
       [21] run (res://tests/lattice/usability_contract.gd:79)
ERROR: Cannot get path of node as it is not in a scene tree.
   at: get_path (scene/main/node.cpp:2374)
   GDScript backtrace (most recent call first):
       [0] _collect (res://source_operators/moth_finish/binder.gd:145)
       [1] _collect (res://source_operators/moth_finish/binder.gd:180)
       [2] _collect (res://source_operators/moth_finish/binder.gd:180)
       [3] _collect (res://source_operators/moth_finish/binder.gd:180)
       [4] _collect (res://source_operators/moth_finish/binder.gd:180)
       [5] _collect (res://source_operators/moth_finish/binder.gd:180)
       [6] _collect (res://source_operators/moth_finish/binder.gd:180)
       [7] _collect (res://source_operators/moth_finish/binder.gd:180)
       [8] _collect (res://source_operators/moth_finish/binder.gd:180)
       [9] bind (res://source_operators/moth_finish/binder.gd:35)
       [10] apply_identity (res://source_operators/operator_visual.gd:103)
       [11] apply_actor (res://source_operators/operator_visual.gd:190)
       [12] apply_state (res://world/presentation.gd:119)
       [13] on_snapshot (res://world/session.gd:763)
       [14] on_snapshot (res://lattice/world_demo.gd:354)
       [15] deliver_snapshot (res://net/client.gd:501)
       [16] deliver_frame (res://net/client.gd:452)
       [17] decode_text (res://net/client.gd:340)
       [18] decode_text (res://lattice/transport.gd:163)
       [19] wire (res://tests/lattice/usability_contract.gd:29)
       [20] snapshot (res://tests/lattice/usability_contract.gd:35)
       [21] run (res://tests/lattice/usability_contract.gd:79)
ERROR: Cannot get path of node as it is not in a scene tree.
   at: get_path (scene/main/node.cpp:2374)
   GDScript backtrace (most recent call first):
       [0] _collect (res://source_operators/moth_finish/binder.gd:145)
       [1] _collect (res://source_operators/moth_finish/binder.gd:180)
       [2] _collect (res://source_operators/moth_finish/binder.gd:180)
       [3] _collect (res://source_operators/moth_finish/binder.gd:180)
       [4] _collect (res://source_operators/moth_finish/binder.gd:180)
       [5] _collect (res://source_operators/moth_finish/binder.gd:180)
       [6] _collect (res://source_operators/moth_finish/binder.gd:180)
       [7] _collect (res://source_operators/moth_finish/binder.gd:180)
       [8] _collect (res://source_operators/moth_finish/binder.gd:180)
       [9] bind (res://source_operators/moth_finish/binder.gd:35)
       [10] apply_identity (res://source_operators/operator_visual.gd:103)
       [11] apply_actor (res://source_operators/operator_visual.gd:190)
       [12] apply_state (res://world/presentation.gd:119)
       [13] on_snapshot (res://world/session.gd:763)
       [14] on_snapshot (res://lattice/world_demo.gd:354)
       [15] deliver_snapshot (res://net/client.gd:501)
       [16] deliver_frame (res://net/client.gd:452)
       [17] decode_text (res://net/client.gd:340)
       [18] decode_text (res://lattice/transport.gd:163)
       [19] wire (res://tests/lattice/usability_contract.gd:29)
       [20] snapshot (res://tests/lattice/usability_contract.gd:35)
       [21] run (res://tests/lattice/usability_contract.gd:79)
ERROR: Cannot get path of node as it is not in a scene tree.
   at: get_path (scene/main/node.cpp:2374)
   GDScript backtrace (most recent call first):
       [0] _collect (res://source_operators/moth_finish/binder.gd:145)
       [1] _collect (res://source_operators/moth_finish/binder.gd:180)
       [2] _collect (res://source_operators/moth_finish/binder.gd:180)
       [3] _collect (res://source_operators/moth_finish/binder.gd:180)
       [4] _collect (res://source_operators/moth_finish/binder.gd:180)
       [5] _collect (res://source_operators/moth_finish/binder.gd:180)
       [6] _collect (res://source_operators/moth_finish/binder.gd:180)
       [7] _collect (res://source_operators/moth_finish/binder.gd:180)
       [8] bind (res://source_operators/moth_finish/binder.gd:35)
       [9] apply_identity (res://source_operators/operator_visual.gd:103)
       [10] apply_actor (res://source_operators/operator_visual.gd:190)
       [11] apply_state (res://world/presentation.gd:119)
       [12] on_snapshot (res://world/session.gd:763)
       [13] on_snapshot (res://lattice/world_demo.gd:354)
       [14] deliver_snapshot (res://net/client.gd:501)
       [15] deliver_frame (res://net/client.gd:452)
       [16] decode_text (res://net/client.gd:340)
       [17] decode_text (res://lattice/transport.gd:163)
       [18] wire (res://tests/lattice/usability_contract.gd:29)
       [19] snapshot (res://tests/lattice/usability_contract.gd:35)
       [20] run (res://tests/lattice/usability_contract.gd:79)
ERROR: Cannot get path of node as it is not in a scene tree.
   at: get_path (scene/main/node.cpp:2374)
   GDScript backtrace (most recent call first):
       [0] _collect (res://source_operators/moth_finish/binder.gd:145)
       [1] _collect (res://source_operators/moth_finish/binder.gd:180)
       [2] _collect (res://source_operators/moth_finish/binder.gd:180)
       [3] _collect (res://source_operators/moth_finish/binder.gd:180)
       [4] _collect (res://source_operators/moth_finish/binder.gd:180)
       [5] _collect (res://source_operators/moth_finish/binder.gd:180)
       [6] _collect (res://source_operators/moth_finish/binder.gd:180)
       [7] _collect (res://source_operators/moth_finish/binder.gd:180)
       [8] bind (res://source_operators/moth_finish/binder.gd:35)
       [9] apply_identity (res://source_operators/operator_visual.gd:103)
       [10] apply_actor (res://source_operators/operator_visual.gd:190)
       [11] apply_state (res://world/presentation.gd:119)
       [12] on_snapshot (res://world/session.gd:763)
       [13] on_snapshot (res://lattice/world_demo.gd:354)
       [14] deliver_snapshot (res://net/client.gd:501)
       [15] deliver_frame (res://net/client.gd:452)
       [16] decode_text (res://net/client.gd:340)
       [17] decode_text (res://lattice/transport.gd:163)
       [18] wire (res://tests/lattice/usability_contract.gd:29)
       [19] snapshot (res://tests/lattice/usability_contract.gd:35)
       [20] run (res://tests/lattice/usability_contract.gd:79)
ERROR: Cannot get path of node as it is not in a scene tree.
   at: get_path (scene/main/node.cpp:2374)
   GDScript backtrace (most recent call first):
       [0] _collect (res://source_operators/moth_finish/binder.gd:145)
       [1] _collect (res://source_operators/moth_finish/binder.gd:180)
       [2] _collect (res://source_operators/moth_finish/binder.gd:180)
       [3] _collect (res://source_operators/moth_finish/binder.gd:180)
       [4] _collect (res://source_operators/moth_finish/binder.gd:180)
       [5] _collect (res://source_operators/moth_finish/binder.gd:180)
       [6] _collect (res://source_operators/moth_finish/binder.gd:180)
       [7] _collect (res://source_operators/moth_finish/binder.gd:180)
       [8] bind (res://source_operators/moth_finish/binder.gd:35)
       [9] apply_identity (res://source_operators/operator_visual.gd:103)
       [10] apply_actor (res://source_operators/operator_visual.gd:190)
       [11] apply_state (res://world/presentation.gd:119)
       [12] on_snapshot (res://world/session.gd:763)
       [13] on_snapshot (res://lattice/world_demo.gd:354)
       [14] deliver_snapshot (res://net/client.gd:501)
       [15] deliver_frame (res://net/client.gd:452)
       [16] decode_text (res://net/client.gd:340)
       [17] decode_text (res://lattice/transport.gd:163)
       [18] wire (res://tests/lattice/usability_contract.gd:29)
       [19] snapshot (res://tests/lattice/usability_contract.gd:35)
       [20] run (res://tests/lattice/usability_contract.gd:79)
ERROR: Cannot get path of node as it is not in a scene tree.
   at: get_path (scene/main/node.cpp:2374)
   GDScript backtrace (most recent call first):
       [0] _collect (res://source_operators/moth_finish/binder.gd:145)
       [1] _collect (res://source_operators/moth_finish/binder.gd:180)
       [2] _collect (res://source_operators/moth_finish/binder.gd:180)
       [3] _collect (res://source_operators/moth_finish/binder.gd:180)
       [4] _collect (res://source_operators/moth_finish/binder.gd:180)
       [5] _collect (res://source_operators/moth_finish/binder.gd:180)
       [6] _collect (res://source_operators/moth_finish/binder.gd:180)
       [7] _collect (res://source_operators/moth_finish/binder.gd:180)
       [8] bind (res://source_operators/moth_finish/binder.gd:35)
       [9] apply_identity (res://source_operators/operator_visual.gd:103)
       [10] apply_actor (res://source_operators/operator_visual.gd:190)
       [11] apply_state (res://world/presentation.gd:119)
       [12] on_snapshot (res://world/session.gd:763)
       [13] on_snapshot (res://lattice/world_demo.gd:354)
       [14] deliver_snapshot (res://net/client.gd:501)
       [15] deliver_frame (res://net/client.gd:452)
       [16] decode_text (res://net/client.gd:340)
       [17] decode_text (res://lattice/transport.gd:163)
       [18] wire (res://tests/lattice/usability_contract.gd:29)
       [19] snapshot (res://tests/lattice/usability_contract.gd:35)
       [20] run (res://tests/lattice/usability_contract.gd:79)
ERROR: Cannot get path of node as it is not in a scene tree.
   at: get_path (scene/main/node.cpp:2374)
   GDScript backtrace (most recent call first):
       [0] _collect (res://source_operators/moth_finish/binder.gd:145)
       [1] _collect (res://source_operators/moth_finish/binder.gd:180)
       [2] _collect (res://source_operators/moth_finish/binder.gd:180)
       [3] _collect (res://source_operators/moth_finish/binder.gd:180)
       [4] _collect (res://source_operators/moth_finish/binder.gd:180)
       [5] _collect (res://source_operators/moth_finish/binder.gd:180)
       [6] _collect (res://source_operators/moth_finish/binder.gd:180)
       [7] _collect (res://source_operators/moth_finish/binder.gd:180)
       [8] bind (res://source_operators/moth_finish/binder.gd:35)
       [9] apply_identity (res://source_operators/operator_visual.gd:103)
       [10] apply_actor (res://source_operators/operator_visual.gd:190)
       [11] apply_state (res://world/presentation.gd:119)
       [12] on_snapshot (res://world/session.gd:763)
       [13] on_snapshot (res://lattice/world_demo.gd:354)
       [14] deliver_snapshot (res://net/client.gd:501)
       [15] deliver_frame (res://net/client.gd:452)
       [16] decode_text (res://net/client.gd:340)
       [17] decode_text (res://lattice/transport.gd:163)
       [18] wire (res://tests/lattice/usability_contract.gd:29)
       [19] snapshot (res://tests/lattice/usability_contract.gd:35)
       [20] run (res://tests/lattice/usability_contract.gd:79)
ERROR: Cannot get path of node as it is not in a scene tree.
   at: get_path (scene/main/node.cpp:2374)
   GDScript backtrace (most recent call first):
       [0] _collect (res://source_operators/moth_finish/binder.gd:145)
       [1] _collect (res://source_operators/moth_finish/binder.gd:180)
       [2] _collect (res://source_operators/moth_finish/binder.gd:180)
       [3] _collect (res://source_operators/moth_finish/binder.gd:180)
       [4] _collect (res://source_operators/moth_finish/binder.gd:180)
       [5] _collect (res://source_operators/moth_finish/binder.gd:180)
       [6] _collect (res://source_operators/moth_finish/binder.gd:180)
       [7] _collect (res://source_operators/moth_finish/binder.gd:180)
       [8] bind (res://source_operators/moth_finish/binder.gd:35)
       [9] apply_identity (res://source_operators/operator_visual.gd:103)
       [10] apply_actor (res://source_operators/operator_visual.gd:190)
       [11] apply_state (res://world/presentation.gd:119)
       [12] on_snapshot (res://world/session.gd:763)
       [13] on_snapshot (res://lattice/world_demo.gd:354)
       [14] deliver_snapshot (res://net/client.gd:501)
       [15] deliver_frame (res://net/client.gd:452)
       [16] decode_text (res://net/client.gd:340)
       [17] decode_text (res://lattice/transport.gd:163)
       [18] wire (res://tests/lattice/usability_contract.gd:29)
       [19] snapshot (res://tests/lattice/usability_contract.gd:35)
       [20] run (res://tests/lattice/usability_contract.gd:79)
ERROR: Cannot get path of node as it is not in a scene tree.
   at: get_path (scene/main/node.cpp:2374)
   GDScript backtrace (most recent call first):
       [0] _collect (res://source_operators/moth_finish/binder.gd:145)
       [1] _collect (res://source_operators/moth_finish/binder.gd:180)
       [2] _collect (res://source_operators/moth_finish/binder.gd:180)
       [3] _collect (res://source_operators/moth_finish/binder.gd:180)
       [4] _collect (res://source_operators/moth_finish/binder.gd:180)
       [5] _collect (res://source_operators/moth_finish/binder.gd:180)
       [6] _collect (res://source_operators/moth_finish/binder.gd:180)
       [7] _collect (res://source_operators/moth_finish/binder.gd:180)
       [8] bind (res://source_operators/moth_finish/binder.gd:35)
       [9] apply_identity (res://source_operators/operator_visual.gd:103)
       [10] apply_actor (res://source_operators/operator_visual.gd:190)
       [11] apply_state (res://world/presentation.gd:119)
       [12] on_snapshot (res://world/session.gd:763)
       [13] on_snapshot (res://lattice/world_demo.gd:354)
       [14] deliver_snapshot (res://net/client.gd:501)
       [15] deliver_frame (res://net/client.gd:452)
       [16] decode_text (res://net/client.gd:340)
       [17] decode_text (res://lattice/transport.gd:163)
       [18] wire (res://tests/lattice/usability_contract.gd:29)
       [19] snapshot (res://tests/lattice/usability_contract.gd:35)
       [20] run (res://tests/lattice/usability_contract.gd:79)
ERROR: Cannot get path of node as it is not in a scene tree.
   at: get_path (scene/main/node.cpp:2374)
   GDScript backtrace (most recent call first):
       [0] _collect (res://source_operators/moth_finish/binder.gd:145)
       [1] _collect (res://source_operators/moth_finish/binder.gd:180)
       [2] _collect (res://source_operators/moth_finish/binder.gd:180)
       [3] _collect (res://source_operators/moth_finish/binder.gd:180)
       [4] _collect (res://source_operators/moth_finish/binder.gd:180)
       [5] _collect (res://source_operators/moth_finish/binder.gd:180)
       [6] _collect (res://source_operators/moth_finish/binder.gd:180)
       [7] _collect (res://source_operators/moth_finish/binder.gd:180)
       [8] bind (res://source_operators/moth_finish/binder.gd:35)
       [9] apply_identity (res://source_operators/operator_visual.gd:103)
       [10] apply_actor (res://source_operators/operator_visual.gd:190)
       [11] apply_state (res://world/presentation.gd:119)
       [12] on_snapshot (res://world/session.gd:763)
       [13] on_snapshot (res://lattice/world_demo.gd:354)
       [14] deliver_snapshot (res://net/client.gd:501)
       [15] deliver_frame (res://net/client.gd:452)
       [16] decode_text (res://net/client.gd:340)
       [17] decode_text (res://lattice/transport.gd:163)
       [18] wire (res://tests/lattice/usability_contract.gd:29)
       [19] snapshot (res://tests/lattice/usability_contract.gd:35)
       [20] run (res://tests/lattice/usability_contract.gd:79)
ERROR: Cannot get path of node as it is not in a scene tree.
   at: get_path (scene/main/node.cpp:2374)
   GDScript backtrace (most recent call first):
       [0] _collect (res://source_operators/moth_finish/binder.gd:145)
       [1] _collect (res://source_operators/moth_finish/binder.gd:180)
       [2] _collect (res://source_operators/moth_finish/binder.gd:180)
       [3] _collect (res://source_operators/moth_finish/binder.gd:180)
       [4] _collect (res://source_operators/moth_finish/binder.gd:180)
       [5] _collect (res://source_operators/moth_finish/binder.gd:180)
       [6] _collect (res://source_operators/moth_finish/binder.gd:180)
       [7] _collect (res://source_operators/moth_finish/binder.gd:180)
       [8] _collect (res://source_operators/moth_finish/binder.gd:180)
       [9] _collect (res://source_operators/moth_finish/binder.gd:180)
       [10] _collect (res://source_operators/moth_finish/binder.gd:180)
       [11] _collect (res://source_operators/moth_finish/binder.gd:180)
       [12] bind (res://source_operators/moth_finish/binder.gd:35)
       [13] apply_identity (res://source_operators/operator_visual.gd:103)
       [14] apply_actor (res://source_operators/operator_visual.gd:190)
       [15] apply_state (res://world/presentation.gd:119)
       [16] on_snapshot (res://world/session.gd:763)
       [17] on_snapshot (res://lattice/world_demo.gd:354)
       [18] deliver_snapshot (res://net/client.gd:501)
       [19] deliver_frame (res://net/client.gd:452)
       [20] decode_text (res://net/client.gd:340)
       [21] decode_text (res://lattice/transport.gd:163)
       [22] wire (res://tests/lattice/usability_contract.gd:29)
       [23] snapshot (res://tests/lattice/usability_contract.gd:35)
       [24] run (res://tests/lattice/usability_contract.gd:79)
ERROR: Cannot get path of node as it is not in a scene tree.
   at: get_path (scene/main/node.cpp:2374)
   GDScript backtrace (most recent call first):
       [0] _collect (res://source_operators/moth_finish/binder.gd:145)
       [1] _collect (res://source_operators/moth_finish/binder.gd:180)
       [2] _collect (res://source_operators/moth_finish/binder.gd:180)
       [3] _collect (res://source_operators/moth_finish/binder.gd:180)
       [4] _collect (res://source_operators/moth_finish/binder.gd:180)
       [5] _collect (res://source_operators/moth_finish/binder.gd:180)
       [6] _collect (res://source_operators/moth_finish/binder.gd:180)
       [7] _collect (res://source_operators/moth_finish/binder.gd:180)
       [8] _collect (res://source_operators/moth_finish/binder.gd:180)
       [9] _collect (res://source_operators/moth_finish/binder.gd:180)
       [10] _collect (res://source_operators/moth_finish/binder.gd:180)
       [11] _collect (res://source_operators/moth_finish/binder.gd:180)
       [12] bind (res://source_operators/moth_finish/binder.gd:35)
       [13] apply_identity (res://source_operators/operator_visual.gd:103)
       [14] apply_actor (res://source_operators/operator_visual.gd:190)
       [15] apply_state (res://world/presentation.gd:119)
       [16] on_snapshot (res://world/session.gd:763)
       [17] on_snapshot (res://lattice/world_demo.gd:354)
       [18] deliver_snapshot (res://net/client.gd:501)
       [19] deliver_frame (res://net/client.gd:452)
       [20] decode_text (res://net/client.gd:340)
       [21] decode_text (res://lattice/transport.gd:163)
       [22] wire (res://tests/lattice/usability_contract.gd:29)
       [23] snapshot (res://tests/lattice/usability_contract.gd:35)
       [24] run (res://tests/lattice/usability_contract.gd:79)
ERROR: Cannot get path of node as it is not in a scene tree.
   at: get_path (scene/main/node.cpp:2374)
   GDScript backtrace (most recent call first):
       [0] _collect (res://source_operators/moth_finish/binder.gd:145)
       [1] _collect (res://source_operators/moth_finish/binder.gd:180)
       [2] _collect (res://source_operators/moth_finish/binder.gd:180)
       [3] _collect (res://source_operators/moth_finish/binder.gd:180)
       [4] _collect (res://source_operators/moth_finish/binder.gd:180)
       [5] _collect (res://source_operators/moth_finish/binder.gd:180)
       [6] _collect (res://source_operators/moth_finish/binder.gd:180)
       [7] _collect (res://source_operators/moth_finish/binder.gd:180)
       [8] _collect (res://source_operators/moth_finish/binder.gd:180)
       [9] _collect (res://source_operators/moth_finish/binder.gd:180)
       [10] _collect (res://source_operators/moth_finish/binder.gd:180)
       [11] _collect (res://source_operators/moth_finish/binder.gd:180)
       [12] bind (res://source_operators/moth_finish/binder.gd:35)
       [13] apply_identity (res://source_operators/operator_visual.gd:103)
       [14] apply_actor (res://source_operators/operator_visual.gd:190)
       [15] apply_state (res://world/presentation.gd:119)
       [16] on_snapshot (res://world/session.gd:763)
       [17] on_snapshot (res://lattice/world_demo.gd:354)
       [18] deliver_snapshot (res://net/client.gd:501)
       [19] deliver_frame (res://net/client.gd:452)
       [20] decode_text (res://net/client.gd:340)
       [21] decode_text (res://lattice/transport.gd:163)
       [22] wire (res://tests/lattice/usability_contract.gd:29)
       [23] snapshot (res://tests/lattice/usability_contract.gd:35)
       [24] run (res://tests/lattice/usability_contract.gd:79)
ERROR: Cannot get path of node as it is not in a scene tree.
   at: get_path (scene/main/node.cpp:2374)
   GDScript backtrace (most recent call first):
       [0] _collect (res://source_operators/moth_finish/binder.gd:145)
       [1] _collect (res://source_operators/moth_finish/binder.gd:180)
       [2] _collect (res://source_operators/moth_finish/binder.gd:180)
       [3] _collect (res://source_operators/moth_finish/binder.gd:180)
       [4] _collect (res://source_operators/moth_finish/binder.gd:180)
       [5] _collect (res://source_operators/moth_finish/binder.gd:180)
       [6] _collect (res://source_operators/moth_finish/binder.gd:180)
       [7] _collect (res://source_operators/moth_finish/binder.gd:180)
       [8] _collect (res://source_operators/moth_finish/binder.gd:180)
       [9] _collect (res://source_operators/moth_finish/binder.gd:180)
       [10] _collect (res://source_operators/moth_finish/binder.gd:180)
       [11] bind (res://source_operators/moth_finish/binder.gd:35)
       [12] apply_identity (res://source_operators/operator_visual.gd:103)
       [13] apply_actor (res://source_operators/operator_visual.gd:190)
       [14] apply_state (res://world/presentation.gd:119)
       [15] on_snapshot (res://world/session.gd:763)
       [16] on_snapshot (res://lattice/world_demo.gd:354)
       [17] deliver_snapshot (res://net/client.gd:501)
       [18] deliver_frame (res://net/client.gd:452)
       [19] decode_text (res://net/client.gd:340)
       [20] decode_text (res://lattice/transport.gd:163)
       [21] wire (res://tests/lattice/usability_contract.gd:29)
       [22] snapshot (res://tests/lattice/usability_contract.gd:35)
       [23] run (res://tests/lattice/usability_contract.gd:79)
ERROR: Cannot get path of node as it is not in a scene tree.
   at: get_path (scene/main/node.cpp:2374)
   GDScript backtrace (most recent call first):
       [0] _collect (res://source_operators/moth_finish/binder.gd:145)
       [1] _collect (res://source_operators/moth_finish/binder.gd:180)
       [2] _collect (res://source_operators/moth_finish/binder.gd:180)
       [3] _collect (res://source_operators/moth_finish/binder.gd:180)
       [4] _collect (res://source_operators/moth_finish/binder.gd:180)
       [5] _collect (res://source_operators/moth_finish/binder.gd:180)
       [6] _collect (res://source_operators/moth_finish/binder.gd:180)
       [7] _collect (res://source_operators/moth_finish/binder.gd:180)
       [8] _collect (res://source_operators/moth_finish/binder.gd:180)
       [9] _collect (res://source_operators/moth_finish/binder.gd:180)
       [10] _collect (res://source_operators/moth_finish/binder.gd:180)
       [11] bind (res://source_operators/moth_finish/binder.gd:35)
       [12] apply_identity (res://source_operators/operator_visual.gd:103)
       [13] apply_actor (res://source_operators/operator_visual.gd:190)
       [14] apply_state (res://world/presentation.gd:119)
       [15] on_snapshot (res://world/session.gd:763)
       [16] on_snapshot (res://lattice/world_demo.gd:354)
       [17] deliver_snapshot (res://net/client.gd:501)
       [18] deliver_frame (res://net/client.gd:452)
       [19] decode_text (res://net/client.gd:340)
       [20] decode_text (res://lattice/transport.gd:163)
       [21] wire (res://tests/lattice/usability_contract.gd:29)
       [22] snapshot (res://tests/lattice/usability_contract.gd:35)
       [23] run (res://tests/lattice/usability_contract.gd:79)
ERROR: Cannot get path of node as it is not in a scene tree.
   at: get_path (scene/main/node.cpp:2374)
   GDScript backtrace (most recent call first):
       [0] _collect (res://source_operators/moth_finish/binder.gd:145)
       [1] _collect (res://source_operators/moth_finish/binder.gd:180)
       [2] _collect (res://source_operators/moth_finish/binder.gd:180)
       [3] _collect (res://source_operators/moth_finish/binder.gd:180)
       [4] _collect (res://source_operators/moth_finish/binder.gd:180)
       [5] _collect (res://source_operators/moth_finish/binder.gd:180)
       [6] _collect (res://source_operators/moth_finish/binder.gd:180)
       [7] _collect (res://source_operators/moth_finish/binder.gd:180)
       [8] _collect (res://source_operators/moth_finish/binder.gd:180)
       [9] _collect (res://source_operators/moth_finish/binder.gd:180)
       [10] _collect (res://source_operators/moth_finish/binder.gd:180)
       [11] bind (res://source_operators/moth_finish/binder.gd:35)
       [12] apply_identity (res://source_operators/operator_visual.gd:103)
       [13] apply_actor (res://source_operators/operator_visual.gd:190)
       [14] apply_state (res://world/presentation.gd:119)
       [15] on_snapshot (res://world/session.gd:763)
       [16] on_snapshot (res://lattice/world_demo.gd:354)
       [17] deliver_snapshot (res://net/client.gd:501)
       [18] deliver_frame (res://net/client.gd:452)
       [19] decode_text (res://net/client.gd:340)
       [20] decode_text (res://lattice/transport.gd:163)
       [21] wire (res://tests/lattice/usability_contract.gd:29)
       [22] snapshot (res://tests/lattice/usability_contract.gd:35)
       [23] run (res://tests/lattice/usability_contract.gd:79)
ERROR: Cannot get path of node as it is not in a scene tree.
   at: get_path (scene/main/node.cpp:2374)
   GDScript backtrace (most recent call first):
       [0] _collect (res://source_operators/moth_finish/binder.gd:145)
       [1] _collect (res://source_operators/moth_finish/binder.gd:180)
       [2] _collect (res://source_operators/moth_finish/binder.gd:180)
       [3] _collect (res://source_operators/moth_finish/binder.gd:180)
       [4] _collect (res://source_operators/moth_finish/binder.gd:180)
       [5] _collect (res://source_operators/moth_finish/binder.gd:180)
       [6] _collect (res://source_operators/moth_finish/binder.gd:180)
       [7] _collect (res://source_operators/moth_finish/binder.gd:180)
       [8] _collect (res://source_operators/moth_finish/binder.gd:180)
       [9] _collect (res://source_operators/moth_finish/binder.gd:180)
       [10] _collect (res://source_operators/moth_finish/binder.gd:180)
       [11] bind (res://source_operators/moth_finish/binder.gd:35)
       [12] apply_identity (res://source_operators/operator_visual.gd:103)
       [13] apply_actor (res://source_operators/operator_visual.gd:190)
       [14] apply_state (res://world/presentation.gd:119)
       [15] on_snapshot (res://world/session.gd:763)
       [16] on_snapshot (res://lattice/world_demo.gd:354)
       [17] deliver_snapshot (res://net/client.gd:501)
       [18] deliver_frame (res://net/client.gd:452)
       [19] decode_text (res://net/client.gd:340)
       [20] decode_text (res://lattice/transport.gd:163)
       [21] wire (res://tests/lattice/usability_contract.gd:29)
       [22] snapshot (res://tests/lattice/usability_contract.gd:35)
       [23] run (res://tests/lattice/usability_contract.gd:79)
ERROR: Cannot get path of node as it is not in a scene tree.
   at: get_path (scene/main/node.cpp:2374)
   GDScript backtrace (most recent call first):
       [0] _collect (res://source_operators/moth_finish/binder.gd:145)
       [1] _collect (res://source_operators/moth_finish/binder.gd:180)
       [2] _collect (res://source_operators/moth_finish/binder.gd:180)
       [3] _collect (res://source_operators/moth_finish/binder.gd:180)
       [4] _collect (res://source_operators/moth_finish/binder.gd:180)
       [5] _collect (res://source_operators/moth_finish/binder.gd:180)
       [6] _collect (res://source_operators/moth_finish/binder.gd:180)
       [7] _collect (res://source_operators/moth_finish/binder.gd:180)
       [8] _collect (res://source_operators/moth_finish/binder.gd:180)
       [9] _collect (res://source_operators/moth_finish/binder.gd:180)
       [10] _collect (res://source_operators/moth_finish/binder.gd:180)
       [11] bind (res://source_operators/moth_finish/binder.gd:35)
       [12] apply_identity (res://source_operators/operator_visual.gd:103)
       [13] apply_actor (res://source_operators/operator_visual.gd:190)
       [14] apply_state (res://world/presentation.gd:119)
       [15] on_snapshot (res://world/session.gd:763)
       [16] on_snapshot (res://lattice/world_demo.gd:354)
       [17] deliver_snapshot (res://net/client.gd:501)
       [18] deliver_frame (res://net/client.gd:452)
       [19] decode_text (res://net/client.gd:340)
       [20] decode_text (res://lattice/transport.gd:163)
       [21] wire (res://tests/lattice/usability_contract.gd:29)
       [22] snapshot (res://tests/lattice/usability_contract.gd:35)
       [23] run (res://tests/lattice/usability_contract.gd:79)
ERROR: Cannot get path of node as it is not in a scene tree.
   at: get_path (scene/main/node.cpp:2374)
   GDScript backtrace (most recent call first):
       [0] _collect (res://source_operators/moth_finish/binder.gd:145)
       [1] _collect (res://source_operators/moth_finish/binder.gd:180)
       [2] _collect (res://source_operators/moth_finish/binder.gd:180)
       [3] _collect (res://source_operators/moth_finish/binder.gd:180)
       [4] _collect (res://source_operators/moth_finish/binder.gd:180)
       [5] _collect (res://source_operators/moth_finish/binder.gd:180)
       [6] _collect (res://source_operators/moth_finish/binder.gd:180)
       [7] _collect (res://source_operators/moth_finish/binder.gd:180)
       [8] _collect (res://source_operators/moth_finish/binder.gd:180)
       [9] _collect (res://source_operators/moth_finish/binder.gd:180)
       [10] _collect (res://source_operators/moth_finish/binder.gd:180)
       [11] bind (res://source_operators/moth_finish/binder.gd:35)
       [12] apply_identity (res://source_operators/operator_visual.gd:103)
       [13] apply_actor (res://source_operators/operator_visual.gd:190)
       [14] apply_state (res://world/presentation.gd:119)
       [15] on_snapshot (res://world/session.gd:763)
       [16] on_snapshot (res://lattice/world_demo.gd:354)
       [17] deliver_snapshot (res://net/client.gd:501)
       [18] deliver_frame (res://net/client.gd:452)
       [19] decode_text (res://net/client.gd:340)
       [20] decode_text (res://lattice/transport.gd:163)
       [21] wire (res://tests/lattice/usability_contract.gd:29)
       [22] snapshot (res://tests/lattice/usability_contract.gd:35)
       [23] run (res://tests/lattice/usability_contract.gd:79)
ERROR: Cannot get path of node as it is not in a scene tree.
   at: get_path (scene/main/node.cpp:2374)
   GDScript backtrace (most recent call first):
       [0] _collect (res://source_operators/moth_finish/binder.gd:145)
       [1] _collect (res://source_operators/moth_finish/binder.gd:180)
       [2] _collect (res://source_operators/moth_finish/binder.gd:180)
       [3] _collect (res://source_operators/moth_finish/binder.gd:180)
       [4] _collect (res://source_operators/moth_finish/binder.gd:180)
       [5] _collect (res://source_operators/moth_finish/binder.gd:180)
       [6] _collect (res://source_operators/moth_finish/binder.gd:180)
       [7] _collect (res://source_operators/moth_finish/binder.gd:180)
       [8] _collect (res://source_operators/moth_finish/binder.gd:180)
       [9] _collect (res://source_operators/moth_finish/binder.gd:180)
       [10] bind (res://source_operators/moth_finish/binder.gd:35)
       [11] apply_identity (res://source_operators/operator_visual.gd:103)
       [12] apply_actor (res://source_operators/operator_visual.gd:190)
       [13] apply_state (res://world/presentation.gd:119)
       [14] on_snapshot (res://world/session.gd:763)
       [15] on_snapshot (res://lattice/world_demo.gd:354)
       [16] deliver_snapshot (res://net/client.gd:501)
       [17] deliver_frame (res://net/client.gd:452)
       [18] decode_text (res://net/client.gd:340)
       [19] decode_text (res://lattice/transport.gd:163)
       [20] wire (res://tests/lattice/usability_contract.gd:29)
       [21] snapshot (res://tests/lattice/usability_contract.gd:35)
       [22] run (res://tests/lattice/usability_contract.gd:79)
ERROR: Cannot get path of node as it is not in a scene tree.
   at: get_path (scene/main/node.cpp:2374)
   GDScript backtrace (most recent call first):
       [0] _collect (res://source_operators/moth_finish/binder.gd:145)
       [1] _collect (res://source_operators/moth_finish/binder.gd:180)
       [2] _collect (res://source_operators/moth_finish/binder.gd:180)
       [3] _collect (res://source_operators/moth_finish/binder.gd:180)
       [4] _collect (res://source_operators/moth_finish/binder.gd:180)
       [5] _collect (res://source_operators/moth_finish/binder.gd:180)
       [6] _collect (res://source_operators/moth_finish/binder.gd:180)
       [7] _collect (res://source_operators/moth_finish/binder.gd:180)
       [8] _collect (res://source_operators/moth_finish/binder.gd:180)
       [9] _collect (res://source_operators/moth_finish/binder.gd:180)
       [10] bind (res://source_operators/moth_finish/binder.gd:35)
       [11] apply_identity (res://source_operators/operator_visual.gd:103)
       [12] apply_actor (res://source_operators/operator_visual.gd:190)
       [13] apply_state (res://world/presentation.gd:119)
       [14] on_snapshot (res://world/session.gd:763)
       [15] on_snapshot (res://lattice/world_demo.gd:354)
       [16] deliver_snapshot (res://net/client.gd:501)
       [17] deliver_frame (res://net/client.gd:452)
       [18] decode_text (res://net/client.gd:340)
       [19] decode_text (res://lattice/transport.gd:163)
       [20] wire (res://tests/lattice/usability_contract.gd:29)
       [21] snapshot (res://tests/lattice/usability_contract.gd:35)
       [22] run (res://tests/lattice/usability_contract.gd:79)
ERROR: Cannot get path of node as it is not in a scene tree.
   at: get_path (scene/main/node.cpp:2374)
   GDScript backtrace (most recent call first):
       [0] _collect (res://source_operators/moth_finish/binder.gd:145)
       [1] _collect (res://source_operators/moth_finish/binder.gd:180)
       [2] _collect (res://source_operators/moth_finish/binder.gd:180)
       [3] _collect (res://source_operators/moth_finish/binder.gd:180)
       [4] _collect (res://source_operators/moth_finish/binder.gd:180)
       [5] _collect (res://source_operators/moth_finish/binder.gd:180)
       [6] _collect (res://source_operators/moth_finish/binder.gd:180)
       [7] _collect (res://source_operators/moth_finish/binder.gd:180)
       [8] _collect (res://source_operators/moth_finish/binder.gd:180)
       [9] bind (res://source_operators/moth_finish/binder.gd:35)
       [10] apply_identity (res://source_operators/operator_visual.gd:103)
       [11] apply_actor (res://source_operators/operator_visual.gd:190)
       [12] apply_state (res://world/presentation.gd:119)
       [13] on_snapshot (res://world/session.gd:763)
       [14] on_snapshot (res://lattice/world_demo.gd:354)
       [15] deliver_snapshot (res://net/client.gd:501)
       [16] deliver_frame (res://net/client.gd:452)
       [17] decode_text (res://net/client.gd:340)
       [18] decode_text (res://lattice/transport.gd:163)
       [19] wire (res://tests/lattice/usability_contract.gd:29)
       [20] snapshot (res://tests/lattice/usability_contract.gd:35)
       [21] run (res://tests/lattice/usability_contract.gd:79)
ERROR: Cannot get path of node as it is not in a scene tree.
   at: get_path (scene/main/node.cpp:2374)
   GDScript backtrace (most recent call first):
       [0] _collect (res://source_operators/moth_finish/binder.gd:145)
       [1] _collect (res://source_operators/moth_finish/binder.gd:180)
       [2] _collect (res://source_operators/moth_finish/binder.gd:180)
       [3] _collect (res://source_operators/moth_finish/binder.gd:180)
       [4] _collect (res://source_operators/moth_finish/binder.gd:180)
       [5] _collect (res://source_operators/moth_finish/binder.gd:180)
       [6] _collect (res://source_operators/moth_finish/binder.gd:180)
       [7] _collect (res://source_operators/moth_finish/binder.gd:180)
       [8] _collect (res://source_operators/moth_finish/binder.gd:180)
       [9] bind (res://source_operators/moth_finish/binder.gd:35)
       [10] apply_identity (res://source_operators/operator_visual.gd:103)
       [11] apply_actor (res://source_operators/operator_visual.gd:190)
       [12] apply_state (res://world/presentation.gd:119)
       [13] on_snapshot (res://world/session.gd:763)
       [14] on_snapshot (res://lattice/world_demo.gd:354)
       [15] deliver_snapshot (res://net/client.gd:501)
       [16] deliver_frame (res://net/client.gd:452)
       [17] decode_text (res://net/client.gd:340)
       [18] decode_text (res://lattice/transport.gd:163)
       [19] wire (res://tests/lattice/usability_contract.gd:29)
       [20] snapshot (res://tests/lattice/usability_contract.gd:35)
       [21] run (res://tests/lattice/usability_contract.gd:79)
ERROR: Cannot get path of node as it is not in a scene tree.
   at: get_path (scene/main/node.cpp:2374)
   GDScript backtrace (most recent call first):
       [0] _collect (res://source_operators/moth_finish/binder.gd:145)
       [1] _collect (res://source_operators/moth_finish/binder.gd:180)
       [2] _collect (res://source_operators/moth_finish/binder.gd:180)
       [3] _collect (res://source_operators/moth_finish/binder.gd:180)
       [4] _collect (res://source_operators/moth_finish/binder.gd:180)
       [5] _collect (res://source_operators/moth_finish/binder.gd:180)
       [6] _collect (res://source_operators/moth_finish/binder.gd:180)
       [7] _collect (res://source_operators/moth_finish/binder.gd:180)
       [8] _collect (res://source_operators/moth_finish/binder.gd:180)
       [9] bind (res://source_operators/moth_finish/binder.gd:35)
       [10] apply_identity (res://source_operators/operator_visual.gd:103)
       [11] apply_actor (res://source_operators/operator_visual.gd:190)
       [12] apply_state (res://world/presentation.gd:119)
       [13] on_snapshot (res://world/session.gd:763)
       [14] on_snapshot (res://lattice/world_demo.gd:354)
       [15] deliver_snapshot (res://net/client.gd:501)
       [16] deliver_frame (res://net/client.gd:452)
       [17] decode_text (res://net/client.gd:340)
       [18] decode_text (res://lattice/transport.gd:163)
       [19] wire (res://tests/lattice/usability_contract.gd:29)
       [20] snapshot (res://tests/lattice/usability_contract.gd:35)
       [21] run (res://tests/lattice/usability_contract.gd:79)
ERROR: Cannot get path of node as it is not in a scene tree.
   at: get_path (scene/main/node.cpp:2374)
   GDScript backtrace (most recent call first):
       [0] _collect (res://source_operators/moth_finish/binder.gd:145)
       [1] _collect (res://source_operators/moth_finish/binder.gd:180)
       [2] _collect (res://source_operators/moth_finish/binder.gd:180)
       [3] _collect (res://source_operators/moth_finish/binder.gd:180)
       [4] _collect (res://source_operators/moth_finish/binder.gd:180)
       [5] _collect (res://source_operators/moth_finish/binder.gd:180)
       [6] _collect (res://source_operators/moth_finish/binder.gd:180)
       [7] _collect (res://source_operators/moth_finish/binder.gd:180)
       [8] _collect (res://source_operators/moth_finish/binder.gd:180)
       [9] bind (res://source_operators/moth_finish/binder.gd:35)
       [10] apply_identity (res://source_operators/operator_visual.gd:103)
       [11] apply_actor (res://source_operators/operator_visual.gd:190)
       [12] apply_state (res://world/presentation.gd:119)
       [13] on_snapshot (res://world/session.gd:763)
       [14] on_snapshot (res://lattice/world_demo.gd:354)
       [15] deliver_snapshot (res://net/client.gd:501)
       [16] deliver_frame (res://net/client.gd:452)
       [17] decode_text (res://net/client.gd:340)
       [18] decode_text (res://lattice/transport.gd:163)
       [19] wire (res://tests/lattice/usability_contract.gd:29)
       [20] snapshot (res://tests/lattice/usability_contract.gd:35)
       [21] run (res://tests/lattice/usability_contract.gd:79)
ERROR: Cannot get path of node as it is not in a scene tree.
   at: get_path (scene/main/node.cpp:2374)
   GDScript backtrace (most recent call first):
       [0] _collect (res://source_operators/moth_finish/binder.gd:145)
       [1] _collect (res://source_operators/moth_finish/binder.gd:180)
       [2] _collect (res://source_operators/moth_finish/binder.gd:180)
       [3] _collect (res://source_operators/moth_finish/binder.gd:180)
       [4] _collect (res://source_operators/moth_finish/binder.gd:180)
       [5] _collect (res://source_operators/moth_finish/binder.gd:180)
       [6] _collect (res://source_operators/moth_finish/binder.gd:180)
       [7] _collect (res://source_operators/moth_finish/binder.gd:180)
       [8] _collect (res://source_operators/moth_finish/binder.gd:180)
       [9] bind (res://source_operators/moth_finish/binder.gd:35)
       [10] apply_identity (res://source_operators/operator_visual.gd:103)
       [11] apply_actor (res://source_operators/operator_visual.gd:190)
       [12] apply_state (res://world/presentation.gd:119)
       [13] on_snapshot (res://world/session.gd:763)
       [14] on_snapshot (res://lattice/world_demo.gd:354)
       [15] deliver_snapshot (res://net/client.gd:501)
       [16] deliver_frame (res://net/client.gd:452)
       [17] decode_text (res://net/client.gd:340)
       [18] decode_text (res://lattice/transport.gd:163)
       [19] wire (res://tests/lattice/usability_contract.gd:29)
       [20] snapshot (res://tests/lattice/usability_contract.gd:35)
       [21] run (res://tests/lattice/usability_contract.gd:79)
ERROR: Cannot get path of node as it is not in a scene tree.
   at: get_path (scene/main/node.cpp:2374)
   GDScript backtrace (most recent call first):
       [0] _collect (res://source_operators/moth_finish/binder.gd:145)
       [1] _collect (res://source_operators/moth_finish/binder.gd:180)
       [2] _collect (res://source_operators/moth_finish/binder.gd:180)
       [3] _collect (res://source_operators/moth_finish/binder.gd:180)
       [4] _collect (res://source_operators/moth_finish/binder.gd:180)
       [5] _collect (res://source_operators/moth_finish/binder.gd:180)
       [6] _collect (res://source_operators/moth_finish/binder.gd:180)
       [7] _collect (res://source_operators/moth_finish/binder.gd:180)
       [8] bind (res://source_operators/moth_finish/binder.gd:35)
       [9] apply_identity (res://source_operators/operator_visual.gd:103)
       [10] apply_actor (res://source_operators/operator_visual.gd:190)
       [11] apply_state (res://world/presentation.gd:119)
       [12] on_snapshot (res://world/session.gd:763)
       [13] on_snapshot (res://lattice/world_demo.gd:354)
       [14] deliver_snapshot (res://net/client.gd:501)
       [15] deliver_frame (res://net/client.gd:452)
       [16] decode_text (res://net/client.gd:340)
       [17] decode_text (res://lattice/transport.gd:163)
       [18] wire (res://tests/lattice/usability_contract.gd:29)
       [19] snapshot (res://tests/lattice/usability_contract.gd:35)
       [20] run (res://tests/lattice/usability_contract.gd:79)
ERROR: Cannot get path of node as it is not in a scene tree.
   at: get_path (scene/main/node.cpp:2374)
   GDScript backtrace (most recent call first):
       [0] _collect (res://source_operators/moth_finish/binder.gd:145)
       [1] _collect (res://source_operators/moth_finish/binder.gd:180)
       [2] _collect (res://source_operators/moth_finish/binder.gd:180)
       [3] _collect (res://source_operators/moth_finish/binder.gd:180)
       [4] _collect (res://source_operators/moth_finish/binder.gd:180)
       [5] _collect (res://source_operators/moth_finish/binder.gd:180)
       [6] _collect (res://source_operators/moth_finish/binder.gd:180)
       [7] _collect (res://source_operators/moth_finish/binder.gd:180)
       [8] bind (res://source_operators/moth_finish/binder.gd:35)
       [9] apply_identity (res://source_operators/operator_visual.gd:103)
       [10] apply_actor (res://source_operators/operator_visual.gd:190)
       [11] apply_state (res://world/presentation.gd:119)
       [12] on_snapshot (res://world/session.gd:763)
       [13] on_snapshot (res://lattice/world_demo.gd:354)
       [14] deliver_snapshot (res://net/client.gd:501)
       [15] deliver_frame (res://net/client.gd:452)
       [16] decode_text (res://net/client.gd:340)
       [17] decode_text (res://lattice/transport.gd:163)
       [18] wire (res://tests/lattice/usability_contract.gd:29)
       [19] snapshot (res://tests/lattice/usability_contract.gd:35)
       [20] run (res://tests/lattice/usability_contract.gd:79)
ERROR: Cannot get path of node as it is not in a scene tree.
   at: get_path (scene/main/node.cpp:2374)
   GDScript backtrace (most recent call first):
       [0] _collect (res://source_operators/moth_finish/binder.gd:145)
       [1] _collect (res://source_operators/moth_finish/binder.gd:180)
       [2] _collect (res://source_operators/moth_finish/binder.gd:180)
       [3] _collect (res://source_operators/moth_finish/binder.gd:180)
       [4] _collect (res://source_operators/moth_finish/binder.gd:180)
       [5] _collect (res://source_operators/moth_finish/binder.gd:180)
       [6] _collect (res://source_operators/moth_finish/binder.gd:180)
       [7] _collect (res://source_operators/moth_finish/binder.gd:180)
       [8] bind (res://source_operators/moth_finish/binder.gd:35)
       [9] apply_identity (res://source_operators/operator_visual.gd:103)
       [10] apply_actor (res://source_operators/operator_visual.gd:190)
       [11] apply_state (res://world/presentation.gd:119)
       [12] on_snapshot (res://world/session.gd:763)
       [13] on_snapshot (res://lattice/world_demo.gd:354)
       [14] deliver_snapshot (res://net/client.gd:501)
       [15] deliver_frame (res://net/client.gd:452)
       [16] decode_text (res://net/client.gd:340)
       [17] decode_text (res://lattice/transport.gd:163)
       [18] wire (res://tests/lattice/usability_contract.gd:29)
       [19] snapshot (res://tests/lattice/usability_contract.gd:35)
       [20] run (res://tests/lattice/usability_contract.gd:79)
ERROR: Cannot get path of node as it is not in a scene tree.
   at: get_path (scene/main/node.cpp:2374)
   GDScript backtrace (most recent call first):
       [0] _collect (res://source_operators/moth_finish/binder.gd:145)
       [1] _collect (res://source_operators/moth_finish/binder.gd:180)
       [2] _collect (res://source_operators/moth_finish/binder.gd:180)
       [3] _collect (res://source_operators/moth_finish/binder.gd:180)
       [4] _collect (res://source_operators/moth_finish/binder.gd:180)
       [5] _collect (res://source_operators/moth_finish/binder.gd:180)
       [6] _collect (res://source_operators/moth_finish/binder.gd:180)
       [7] _collect (res://source_operators/moth_finish/binder.gd:180)
       [8] bind (res://source_operators/moth_finish/binder.gd:35)
       [9] apply_identity (res://source_operators/operator_visual.gd:103)
       [10] apply_actor (res://source_operators/operator_visual.gd:190)
       [11] apply_state (res://world/presentation.gd:119)
       [12] on_snapshot (res://world/session.gd:763)
       [13] on_snapshot (res://lattice/world_demo.gd:354)
       [14] deliver_snapshot (res://net/client.gd:501)
       [15] deliver_frame (res://net/client.gd:452)
       [16] decode_text (res://net/client.gd:340)
       [17] decode_text (res://lattice/transport.gd:163)
       [18] wire (res://tests/lattice/usability_contract.gd:29)
       [19] snapshot (res://tests/lattice/usability_contract.gd:35)
       [20] run (res://tests/lattice/usability_contract.gd:79)
ERROR: Cannot get path of node as it is not in a scene tree.
   at: get_path (scene/main/node.cpp:2374)
   GDScript backtrace (most recent call first):
       [0] _collect (res://source_operators/moth_finish/binder.gd:145)
       [1] _collect (res://source_operators/moth_finish/binder.gd:180)
       [2] _collect (res://source_operators/moth_finish/binder.gd:180)
       [3] _collect (res://source_operators/moth_finish/binder.gd:180)
       [4] _collect (res://source_operators/moth_finish/binder.gd:180)
       [5] _collect (res://source_operators/moth_finish/binder.gd:180)
       [6] _collect (res://source_operators/moth_finish/binder.gd:180)
       [7] _collect (res://source_operators/moth_finish/binder.gd:180)
       [8] bind (res://source_operators/moth_finish/binder.gd:35)
       [9] apply_identity (res://source_operators/operator_visual.gd:103)
       [10] apply_actor (res://source_operators/operator_visual.gd:190)
       [11] apply_state (res://world/presentation.gd:119)
       [12] on_snapshot (res://world/session.gd:763)
       [13] on_snapshot (res://lattice/world_demo.gd:354)
       [14] deliver_snapshot (res://net/client.gd:501)
       [15] deliver_frame (res://net/client.gd:452)
       [16] decode_text (res://net/client.gd:340)
       [17] decode_text (res://lattice/transport.gd:163)
       [18] wire (res://tests/lattice/usability_contract.gd:29)
       [19] snapshot (res://tests/lattice/usability_contract.gd:35)
       [20] run (res://tests/lattice/usability_contract.gd:79)
ERROR: Cannot get path of node as it is not in a scene tree.
   at: get_path (scene/main/node.cpp:2374)
   GDScript backtrace (most recent call first):
       [0] _collect (res://source_operators/moth_finish/binder.gd:145)
       [1] _collect (res://source_operators/moth_finish/binder.gd:180)
       [2] _collect (res://source_operators/moth_finish/binder.gd:180)
       [3] _collect (res://source_operators/moth_finish/binder.gd:180)
       [4] _collect (res://source_operators/moth_finish/binder.gd:180)
       [5] _collect (res://source_operators/moth_finish/binder.gd:180)
       [6] _collect (res://source_operators/moth_finish/binder.gd:180)
       [7] _collect (res://source_operators/moth_finish/binder.gd:180)
       [8] bind (res://source_operators/moth_finish/binder.gd:35)
       [9] apply_identity (res://source_operators/operator_visual.gd:103)
       [10] apply_actor (res://source_operators/operator_visual.gd:190)
       [11] apply_state (res://world/presentation.gd:119)
       [12] on_snapshot (res://world/session.gd:763)
       [13] on_snapshot (res://lattice/world_demo.gd:354)
       [14] deliver_snapshot (res://net/client.gd:501)
       [15] deliver_frame (res://net/client.gd:452)
       [16] decode_text (res://net/client.gd:340)
       [17] decode_text (res://lattice/transport.gd:163)
       [18] wire (res://tests/lattice/usability_contract.gd:29)
       [19] snapshot (res://tests/lattice/usability_contract.gd:35)
       [20] run (res://tests/lattice/usability_contract.gd:79)
ERROR: Cannot get path of node as it is not in a scene tree.
   at: get_path (scene/main/node.cpp:2374)
   GDScript backtrace (most recent call first):
       [0] _collect (res://source_operators/moth_finish/binder.gd:145)
       [1] _collect (res://source_operators/moth_finish/binder.gd:180)
       [2] _collect (res://source_operators/moth_finish/binder.gd:180)
       [3] _collect (res://source_operators/moth_finish/binder.gd:180)
       [4] _collect (res://source_operators/moth_finish/binder.gd:180)
       [5] _collect (res://source_operators/moth_finish/binder.gd:180)
       [6] _collect (res://source_operators/moth_finish/binder.gd:180)
       [7] _collect (res://source_operators/moth_finish/binder.gd:180)
       [8] bind (res://source_operators/moth_finish/binder.gd:35)
       [9] apply_identity (res://source_operators/operator_visual.gd:103)
       [10] apply_actor (res://source_operators/operator_visual.gd:190)
       [11] apply_state (res://world/presentation.gd:119)
       [12] on_snapshot (res://world/session.gd:763)
       [13] on_snapshot (res://lattice/world_demo.gd:354)
       [14] deliver_snapshot (res://net/client.gd:501)
       [15] deliver_frame (res://net/client.gd:452)
       [16] decode_text (res://net/client.gd:340)
       [17] decode_text (res://lattice/transport.gd:163)
       [18] wire (res://tests/lattice/usability_contract.gd:29)
       [19] snapshot (res://tests/lattice/usability_contract.gd:35)
       [20] run (res://tests/lattice/usability_contract.gd:79)
ERROR: Cannot get path of node as it is not in a scene tree.
   at: get_path (scene/main/node.cpp:2374)
   GDScript backtrace (most recent call first):
       [0] _collect (res://source_operators/moth_finish/binder.gd:145)
       [1] _collect (res://source_operators/moth_finish/binder.gd:180)
       [2] _collect (res://source_operators/moth_finish/binder.gd:180)
       [3] _collect (res://source_operators/moth_finish/binder.gd:180)
       [4] _collect (res://source_operators/moth_finish/binder.gd:180)
       [5] _collect (res://source_operators/moth_finish/binder.gd:180)
       [6] _collect (res://source_operators/moth_finish/binder.gd:180)
       [7] _collect (res://source_operators/moth_finish/binder.gd:180)
       [8] bind (res://source_operators/moth_finish/binder.gd:35)
       [9] apply_identity (res://source_operators/operator_visual.gd:103)
       [10] apply_actor (res://source_operators/operator_visual.gd:190)
       [11] apply_state (res://world/presentation.gd:119)
       [12] on_snapshot (res://world/session.gd:763)
       [13] on_snapshot (res://lattice/world_demo.gd:354)
       [14] deliver_snapshot (res://net/client.gd:501)
       [15] deliver_frame (res://net/client.gd:452)
       [16] decode_text (res://net/client.gd:340)
       [17] decode_text (res://lattice/transport.gd:163)
       [18] wire (res://tests/lattice/usability_contract.gd:29)
       [19] snapshot (res://tests/lattice/usability_contract.gd:35)
       [20] run (res://tests/lattice/usability_contract.gd:79)
ERROR: Cannot get path of node as it is not in a scene tree.
   at: get_path (scene/main/node.cpp:2374)
   GDScript backtrace (most recent call first):
       [0] _collect (res://source_operators/moth_finish/binder.gd:136)
       [1] _collect (res://source_operators/moth_finish/binder.gd:180)
       [2] _collect (res://source_operators/moth_finish/binder.gd:180)
       [3] _collect (res://source_operators/moth_finish/binder.gd:180)
       [4] _collect (res://source_operators/moth_finish/binder.gd:180)
       [5] _collect (res://source_operators/moth_finish/binder.gd:180)
       [6] _collect (res://source_operators/moth_finish/binder.gd:180)
       [7] bind (res://source_operators/moth_finish/binder.gd:35)
       [8] apply_identity (res://source_operators/operator_visual.gd:103)
       [9] apply_actor (res://source_operators/operator_visual.gd:190)
       [10] apply_state (res://world/presentation.gd:119)
       [11] on_snapshot (res://world/session.gd:763)
       [12] on_snapshot (res://lattice/world_demo.gd:354)
       [13] deliver_snapshot (res://net/client.gd:501)
       [14] deliver_frame (res://net/client.gd:452)
       [15] decode_text (res://net/client.gd:340)
       [16] decode_text (res://lattice/transport.gd:163)
       [17] wire (res://tests/lattice/usability_contract.gd:29)
       [18] snapshot (res://tests/lattice/usability_contract.gd:35)
       [19] run (res://tests/lattice/usability_contract.gd:79)
ERROR: Cannot get path of node as it is not in a scene tree.
   at: get_path (scene/main/node.cpp:2374)
   GDScript backtrace (most recent call first):
       [0] _collect (res://source_operators/moth_finish/binder.gd:145)
       [1] _collect (res://source_operators/moth_finish/binder.gd:180)
       [2] _collect (res://source_operators/moth_finish/binder.gd:180)
       [3] _collect (res://source_operators/moth_finish/binder.gd:180)
       [4] _collect (res://source_operators/moth_finish/binder.gd:180)
       [5] _collect (res://source_operators/moth_finish/binder.gd:180)
       [6] _collect (res://source_operators/moth_finish/binder.gd:180)
       [7] _collect (res://source_operators/moth_finish/binder.gd:180)
       [8] bind (res://source_operators/moth_finish/binder.gd:35)
       [9] apply_identity (res://source_operators/operator_visual.gd:103)
       [10] apply_actor (res://source_operators/operator_visual.gd:190)
       [11] apply_state (res://world/presentation.gd:119)
       [12] on_snapshot (res://world/session.gd:763)
       [13] on_snapshot (res://lattice/world_demo.gd:354)
       [14] deliver_snapshot (res://net/client.gd:501)
       [15] deliver_frame (res://net/client.gd:452)
       [16] decode_text (res://net/client.gd:340)
       [17] decode_text (res://lattice/transport.gd:163)
       [18] wire (res://tests/lattice/usability_contract.gd:29)
       [19] snapshot (res://tests/lattice/usability_contract.gd:35)
       [20] run (res://tests/lattice/usability_contract.gd:79)
ERROR: Cannot get path of node as it is not in a scene tree.
   at: get_path (scene/main/node.cpp:2374)
   GDScript backtrace (most recent call first):
       [0] _collect (res://source_operators/moth_finish/binder.gd:145)
       [1] _collect (res://source_operators/moth_finish/binder.gd:180)
       [2] _collect (res://source_operators/moth_finish/binder.gd:180)
       [3] _collect (res://source_operators/moth_finish/binder.gd:180)
       [4] _collect (res://source_operators/moth_finish/binder.gd:180)
       [5] _collect (res://source_operators/moth_finish/binder.gd:180)
       [6] _collect (res://source_operators/moth_finish/binder.gd:180)
       [7] _collect (res://source_operators/moth_finish/binder.gd:180)
       [8] bind (res://source_operators/moth_finish/binder.gd:35)
       [9] apply_identity (res://source_operators/operator_visual.gd:103)
       [10] apply_actor (res://source_operators/operator_visual.gd:190)
       [11] apply_state (res://world/presentation.gd:119)
       [12] on_snapshot (res://world/session.gd:763)
       [13] on_snapshot (res://lattice/world_demo.gd:354)
       [14] deliver_snapshot (res://net/client.gd:501)
       [15] deliver_frame (res://net/client.gd:452)
       [16] decode_text (res://net/client.gd:340)
       [17] decode_text (res://lattice/transport.gd:163)
       [18] wire (res://tests/lattice/usability_contract.gd:29)
       [19] snapshot (res://tests/lattice/usability_contract.gd:35)
       [20] run (res://tests/lattice/usability_contract.gd:79)
ERROR: Cannot get path of node as it is not in a scene tree.
   at: get_path (scene/main/node.cpp:2374)
   GDScript backtrace (most recent call first):
       [0] _collect (res://source_operators/moth_finish/binder.gd:145)
       [1] _collect (res://source_operators/moth_finish/binder.gd:180)
       [2] _collect (res://source_operators/moth_finish/binder.gd:180)
       [3] _collect (res://source_operators/moth_finish/binder.gd:180)
       [4] _collect (res://source_operators/moth_finish/binder.gd:180)
       [5] _collect (res://source_operators/moth_finish/binder.gd:180)
       [6] _collect (res://source_operators/moth_finish/binder.gd:180)
       [7] _collect (res://source_operators/moth_finish/binder.gd:180)
       [8] bind (res://source_operators/moth_finish/binder.gd:35)
       [9] apply_identity (res://source_operators/operator_visual.gd:103)
       [10] apply_actor (res://source_operators/operator_visual.gd:190)
       [11] apply_state (res://world/presentation.gd:119)
       [12] on_snapshot (res://world/session.gd:763)
       [13] on_snapshot (res://lattice/world_demo.gd:354)
       [14] deliver_snapshot (res://net/client.gd:501)
       [15] deliver_frame (res://net/client.gd:452)
       [16] decode_text (res://net/client.gd:340)
       [17] decode_text (res://lattice/transport.gd:163)
       [18] wire (res://tests/lattice/usability_contract.gd:29)
       [19] snapshot (res://tests/lattice/usability_contract.gd:35)
       [20] run (res://tests/lattice/usability_contract.gd:79)
ERROR: Cannot get path of node as it is not in a scene tree.
   at: get_path (scene/main/node.cpp:2374)
   GDScript backtrace (most recent call first):
       [0] _collect (res://source_operators/moth_finish/binder.gd:145)
       [1] _collect (res://source_operators/moth_finish/binder.gd:180)
       [2] _collect (res://source_operators/moth_finish/binder.gd:180)
       [3] _collect (res://source_operators/moth_finish/binder.gd:180)
       [4] _collect (res://source_operators/moth_finish/binder.gd:180)
       [5] _collect (res://source_operators/moth_finish/binder.gd:180)
       [6] _collect (res://source_operators/moth_finish/binder.gd:180)
       [7] _collect (res://source_operators/moth_finish/binder.gd:180)
       [8] bind (res://source_operators/moth_finish/binder.gd:35)
       [9] apply_identity (res://source_operators/operator_visual.gd:103)
       [10] apply_actor (res://source_operators/operator_visual.gd:190)
       [11] apply_state (res://world/presentation.gd:119)
       [12] on_snapshot (res://world/session.gd:763)
       [13] on_snapshot (res://lattice/world_demo.gd:354)
       [14] deliver_snapshot (res://net/client.gd:501)
       [15] deliver_frame (res://net/client.gd:452)
       [16] decode_text (res://net/client.gd:340)
       [17] decode_text (res://lattice/transport.gd:163)
       [18] wire (res://tests/lattice/usability_contract.gd:29)
       [19] snapshot (res://tests/lattice/usability_contract.gd:35)
       [20] run (res://tests/lattice/usability_contract.gd:79)
ERROR: Cannot get path of node as it is not in a scene tree.
   at: get_path (scene/main/node.cpp:2374)
   GDScript backtrace (most recent call first):
       [0] _collect (res://source_operators/moth_finish/binder.gd:145)
       [1] _collect (res://source_operators/moth_finish/binder.gd:180)
       [2] _collect (res://source_operators/moth_finish/binder.gd:180)
       [3] _collect (res://source_operators/moth_finish/binder.gd:180)
       [4] _collect (res://source_operators/moth_finish/binder.gd:180)
       [5] _collect (res://source_operators/moth_finish/binder.gd:180)
       [6] _collect (res://source_operators/moth_finish/binder.gd:180)
       [7] _collect (res://source_operators/moth_finish/binder.gd:180)
       [8] bind (res://source_operators/moth_finish/binder.gd:35)
       [9] apply_identity (res://source_operators/operator_visual.gd:103)
       [10] apply_actor (res://source_operators/operator_visual.gd:190)
       [11] apply_state (res://world/presentation.gd:119)
       [12] on_snapshot (res://world/session.gd:763)
       [13] on_snapshot (res://lattice/world_demo.gd:354)
       [14] deliver_snapshot (res://net/client.gd:501)
       [15] deliver_frame (res://net/client.gd:452)
       [16] decode_text (res://net/client.gd:340)
       [17] decode_text (res://lattice/transport.gd:163)
       [18] wire (res://tests/lattice/usability_contract.gd:29)
       [19] snapshot (res://tests/lattice/usability_contract.gd:35)
       [20] run (res://tests/lattice/usability_contract.gd:79)
ERROR: Cannot get path of node as it is not in a scene tree.
   at: get_path (scene/main/node.cpp:2374)
   GDScript backtrace (most recent call first):
       [0] _collect (res://source_operators/moth_finish/binder.gd:145)
       [1] _collect (res://source_operators/moth_finish/binder.gd:180)
       [2] _collect (res://source_operators/moth_finish/binder.gd:180)
       [3] _collect (res://source_operators/moth_finish/binder.gd:180)
       [4] _collect (res://source_operators/moth_finish/binder.gd:180)
       [5] _collect (res://source_operators/moth_finish/binder.gd:180)
       [6] _collect (res://source_operators/moth_finish/binder.gd:180)
       [7] _collect (res://source_operators/moth_finish/binder.gd:180)
       [8] bind (res://source_operators/moth_finish/binder.gd:35)
       [9] apply_identity (res://source_operators/operator_visual.gd:103)
       [10] apply_actor (res://source_operators/operator_visual.gd:190)
       [11] apply_state (res://world/presentation.gd:119)
       [12] on_snapshot (res://world/session.gd:763)
       [13] on_snapshot (res://lattice/world_demo.gd:354)
       [14] deliver_snapshot (res://net/client.gd:501)
       [15] deliver_frame (res://net/client.gd:452)
       [16] decode_text (res://net/client.gd:340)
       [17] decode_text (res://lattice/transport.gd:163)
       [18] wire (res://tests/lattice/usability_contract.gd:29)
       [19] snapshot (res://tests/lattice/usability_contract.gd:35)
       [20] run (res://tests/lattice/usability_contract.gd:79)
ERROR: Cannot get path of node as it is not in a scene tree.
   at: get_path (scene/main/node.cpp:2374)
   GDScript backtrace (most recent call first):
       [0] _collect (res://source_operators/moth_finish/binder.gd:145)
       [1] _collect (res://source_operators/moth_finish/binder.gd:180)
       [2] _collect (res://source_operators/moth_finish/binder.gd:180)
       [3] _collect (res://source_operators/moth_finish/binder.gd:180)
       [4] _collect (res://source_operators/moth_finish/binder.gd:180)
       [5] _collect (res://source_operators/moth_finish/binder.gd:180)
       [6] _collect (res://source_operators/moth_finish/binder.gd:180)
       [7] _collect (res://source_operators/moth_finish/binder.gd:180)
       [8] bind (res://source_operators/moth_finish/binder.gd:35)
       [9] apply_identity (res://source_operators/operator_visual.gd:103)
       [10] apply_actor (res://source_operators/operator_visual.gd:190)
       [11] apply_state (res://world/presentation.gd:119)
       [12] on_snapshot (res://world/session.gd:763)
       [13] on_snapshot (res://lattice/world_demo.gd:354)
       [14] deliver_snapshot (res://net/client.gd:501)
       [15] deliver_frame (res://net/client.gd:452)
       [16] decode_text (res://net/client.gd:340)
       [17] decode_text (res://lattice/transport.gd:163)
       [18] wire (res://tests/lattice/usability_contract.gd:29)
       [19] snapshot (res://tests/lattice/usability_contract.gd:35)
       [20] run (res://tests/lattice/usability_contract.gd:79)
ERROR: Cannot get path of node as it is not in a scene tree.
   at: get_path (scene/main/node.cpp:2374)
   GDScript backtrace (most recent call first):
       [0] _collect (res://source_operators/moth_finish/binder.gd:145)
       [1] _collect (res://source_operators/moth_finish/binder.gd:180)
       [2] _collect (res://source_operators/moth_finish/binder.gd:180)
       [3] _collect (res://source_operators/moth_finish/binder.gd:180)
       [4] _collect (res://source_operators/moth_finish/binder.gd:180)
       [5] _collect (res://source_operators/moth_finish/binder.gd:180)
       [6] _collect (res://source_operators/moth_finish/binder.gd:180)
       [7] _collect (res://source_operators/moth_finish/binder.gd:180)
       [8] bind (res://source_operators/moth_finish/binder.gd:35)
       [9] apply_identity (res://source_operators/operator_visual.gd:103)
       [10] apply_actor (res://source_operators/operator_visual.gd:190)
       [11] apply_state (res://world/presentation.gd:119)
       [12] on_snapshot (res://world/session.gd:763)
       [13] on_snapshot (res://lattice/world_demo.gd:354)
       [14] deliver_snapshot (res://net/client.gd:501)
       [15] deliver_frame (res://net/client.gd:452)
       [16] decode_text (res://net/client.gd:340)
       [17] decode_text (res://lattice/transport.gd:163)
       [18] wire (res://tests/lattice/usability_contract.gd:29)
       [19] snapshot (res://tests/lattice/usability_contract.gd:35)
       [20] run (res://tests/lattice/usability_contract.gd:79)
ERROR: Cannot get path of node as it is not in a scene tree.
   at: get_path (scene/main/node.cpp:2374)
   GDScript backtrace (most recent call first):
       [0] _collect (res://source_operators/moth_finish/binder.gd:145)
       [1] _collect (res://source_operators/moth_finish/binder.gd:180)
       [2] _collect (res://source_operators/moth_finish/binder.gd:180)
       [3] _collect (res://source_operators/moth_finish/binder.gd:180)
       [4] _collect (res://source_operators/moth_finish/binder.gd:180)
       [5] _collect (res://source_operators/moth_finish/binder.gd:180)
       [6] _collect (res://source_operators/moth_finish/binder.gd:180)
       [7] _collect (res://source_operators/moth_finish/binder.gd:180)
       [8] bind (res://source_operators/moth_finish/binder.gd:35)
       [9] apply_identity (res://source_operators/operator_visual.gd:103)
       [10] apply_actor (res://source_operators/operator_visual.gd:190)
       [11] apply_state (res://world/presentation.gd:119)
       [12] on_snapshot (res://world/session.gd:763)
       [13] on_snapshot (res://lattice/world_demo.gd:354)
       [14] deliver_snapshot (res://net/client.gd:501)
       [15] deliver_frame (res://net/client.gd:452)
       [16] decode_text (res://net/client.gd:340)
       [17] decode_text (res://lattice/transport.gd:163)
       [18] wire (res://tests/lattice/usability_contract.gd:29)
       [19] snapshot (res://tests/lattice/usability_contract.gd:35)
       [20] run (res://tests/lattice/usability_contract.gd:79)
ERROR: Cannot get path of node as it is not in a scene tree.
   at: get_path (scene/main/node.cpp:2374)
   GDScript backtrace (most recent call first):
       [0] _collect (res://source_operators/moth_finish/binder.gd:145)
       [1] _collect (res://source_operators/moth_finish/binder.gd:180)
       [2] _collect (res://source_operators/moth_finish/binder.gd:180)
       [3] _collect (res://source_operators/moth_finish/binder.gd:180)
       [4] _collect (res://source_operators/moth_finish/binder.gd:180)
       [5] _collect (res://source_operators/moth_finish/binder.gd:180)
       [6] _collect (res://source_operators/moth_finish/binder.gd:180)
       [7] _collect (res://source_operators/moth_finish/binder.gd:180)
       [8] bind (res://source_operators/moth_finish/binder.gd:35)
       [9] apply_identity (res://source_operators/operator_visual.gd:103)
       [10] apply_actor (res://source_operators/operator_visual.gd:190)
       [11] apply_state (res://world/presentation.gd:119)
       [12] on_snapshot (res://world/session.gd:763)
       [13] on_snapshot (res://lattice/world_demo.gd:354)
       [14] deliver_snapshot (res://net/client.gd:501)
       [15] deliver_frame (res://net/client.gd:452)
       [16] decode_text (res://net/client.gd:340)
       [17] decode_text (res://lattice/transport.gd:163)
       [18] wire (res://tests/lattice/usability_contract.gd:29)
       [19] snapshot (res://tests/lattice/usability_contract.gd:35)
       [20] run (res://tests/lattice/usability_contract.gd:79)
ERROR: Cannot get path of node as it is not in a scene tree.
   at: get_path (scene/main/node.cpp:2374)
   GDScript backtrace (most recent call first):
       [0] _collect (res://source_operators/moth_finish/binder.gd:145)
       [1] _collect (res://source_operators/moth_finish/binder.gd:180)
       [2] _collect (res://source_operators/moth_finish/binder.gd:180)
       [3] _collect (res://source_operators/moth_finish/binder.gd:180)
       [4] _collect (res://source_operators/moth_finish/binder.gd:180)
       [5] _collect (res://source_operators/moth_finish/binder.gd:180)
       [6] _collect (res://source_operators/moth_finish/binder.gd:180)
       [7] _collect (res://source_operators/moth_finish/binder.gd:180)
       [8] bind (res://source_operators/moth_finish/binder.gd:35)
       [9] apply_identity (res://source_operators/operator_visual.gd:103)
       [10] apply_actor (res://source_operators/operator_visual.gd:190)
       [11] apply_state (res://world/presentation.gd:119)
       [12] on_snapshot (res://world/session.gd:763)
       [13] on_snapshot (res://lattice/world_demo.gd:354)
       [14] deliver_snapshot (res://net/client.gd:501)
       [15] deliver_frame (res://net/client.gd:452)
       [16] decode_text (res://net/client.gd:340)
       [17] decode_text (res://lattice/transport.gd:163)
       [18] wire (res://tests/lattice/usability_contract.gd:29)
       [19] snapshot (res://tests/lattice/usability_contract.gd:35)
       [20] run (res://tests/lattice/usability_contract.gd:79)
ERROR: Cannot get path of node as it is not in a scene tree.
   at: get_path (scene/main/node.cpp:2374)
   GDScript backtrace (most recent call first):
       [0] _collect (res://source_operators/moth_finish/binder.gd:145)
       [1] _collect (res://source_operators/moth_finish/binder.gd:180)
       [2] _collect (res://source_operators/moth_finish/binder.gd:180)
       [3] _collect (res://source_operators/moth_finish/binder.gd:180)
       [4] _collect (res://source_operators/moth_finish/binder.gd:180)
       [5] _collect (res://source_operators/moth_finish/binder.gd:180)
       [6] _collect (res://source_operators/moth_finish/binder.gd:180)
       [7] bind (res://source_operators/moth_finish/binder.gd:35)
       [8] apply_identity (res://source_operators/operator_visual.gd:103)
       [9] apply_actor (res://source_operators/operator_visual.gd:190)
       [10] apply_state (res://world/presentation.gd:119)
       [11] on_snapshot (res://world/session.gd:763)
       [12] on_snapshot (res://lattice/world_demo.gd:354)
       [13] deliver_snapshot (res://net/client.gd:501)
       [14] deliver_frame (res://net/client.gd:452)
       [15] decode_text (res://net/client.gd:340)
       [16] decode_text (res://lattice/transport.gd:163)
       [17] wire (res://tests/lattice/usability_contract.gd:29)
       [18] snapshot (res://tests/lattice/usability_contract.gd:35)
       [19] run (res://tests/lattice/usability_contract.gd:79)
ERROR: Cannot get path of node as it is not in a scene tree.
   at: get_path (scene/main/node.cpp:2374)
   GDScript backtrace (most recent call first):
       [0] _collect (res://source_operators/moth_finish/binder.gd:145)
       [1] _collect (res://source_operators/moth_finish/binder.gd:180)
       [2] _collect (res://source_operators/moth_finish/binder.gd:180)
       [3] _collect (res://source_operators/moth_finish/binder.gd:180)
       [4] _collect (res://source_operators/moth_finish/binder.gd:180)
       [5] _collect (res://source_operators/moth_finish/binder.gd:180)
       [6] _collect (res://source_operators/moth_finish/binder.gd:180)
       [7] bind (res://source_operators/moth_finish/binder.gd:35)
       [8] apply_identity (res://source_operators/operator_visual.gd:103)
       [9] apply_actor (res://source_operators/operator_visual.gd:190)
       [10] apply_state (res://world/presentation.gd:119)
       [11] on_snapshot (res://world/session.gd:763)
       [12] on_snapshot (res://lattice/world_demo.gd:354)
       [13] deliver_snapshot (res://net/client.gd:501)
       [14] deliver_frame (res://net/client.gd:452)
       [15] decode_text (res://net/client.gd:340)
       [16] decode_text (res://lattice/transport.gd:163)
       [17] wire (res://tests/lattice/usability_contract.gd:29)
       [18] snapshot (res://tests/lattice/usability_contract.gd:35)
       [19] run (res://tests/lattice/usability_contract.gd:79)
ERROR: Cannot get path of node as it is not in a scene tree.
   at: get_path (scene/main/node.cpp:2374)
   GDScript backtrace (most recent call first):
       [0] _collect (res://source_operators/moth_finish/binder.gd:145)
       [1] _collect (res://source_operators/moth_finish/binder.gd:180)
       [2] _collect (res://source_operators/moth_finish/binder.gd:180)
       [3] _collect (res://source_operators/moth_finish/binder.gd:180)
       [4] _collect (res://source_operators/moth_finish/binder.gd:180)
       [5] _collect (res://source_operators/moth_finish/binder.gd:180)
       [6] _collect (res://source_operators/moth_finish/binder.gd:180)
       [7] bind (res://source_operators/moth_finish/binder.gd:35)
       [8] apply_identity (res://source_operators/operator_visual.gd:103)
       [9] apply_actor (res://source_operators/operator_visual.gd:190)
       [10] apply_state (res://world/presentation.gd:119)
       [11] on_snapshot (res://world/session.gd:763)
       [12] on_snapshot (res://lattice/world_demo.gd:354)
       [13] deliver_snapshot (res://net/client.gd:501)
       [14] deliver_frame (res://net/client.gd:452)
       [15] decode_text (res://net/client.gd:340)
       [16] decode_text (res://lattice/transport.gd:163)
       [17] wire (res://tests/lattice/usability_contract.gd:29)
       [18] snapshot (res://tests/lattice/usability_contract.gd:35)
       [19] run (res://tests/lattice/usability_contract.gd:79)
ERROR: Cannot get path of node as it is not in a scene tree.
   at: get_path (scene/main/node.cpp:2374)
   GDScript backtrace (most recent call first):
       [0] _collect (res://source_operators/moth_finish/binder.gd:145)
       [1] _collect (res://source_operators/moth_finish/binder.gd:180)
       [2] _collect (res://source_operators/moth_finish/binder.gd:180)
       [3] _collect (res://source_operators/moth_finish/binder.gd:180)
       [4] _collect (res://source_operators/moth_finish/binder.gd:180)
       [5] _collect (res://source_operators/moth_finish/binder.gd:180)
       [6] _collect (res://source_operators/moth_finish/binder.gd:180)
       [7] bind (res://source_operators/moth_finish/binder.gd:35)
       [8] apply_identity (res://source_operators/operator_visual.gd:103)
       [9] apply_actor (res://source_operators/operator_visual.gd:190)
       [10] apply_state (res://world/presentation.gd:119)
       [11] on_snapshot (res://world/session.gd:763)
       [12] on_snapshot (res://lattice/world_demo.gd:354)
       [13] deliver_snapshot (res://net/client.gd:501)
       [14] deliver_frame (res://net/client.gd:452)
       [15] decode_text (res://net/client.gd:340)
       [16] decode_text (res://lattice/transport.gd:163)
       [17] wire (res://tests/lattice/usability_contract.gd:29)
       [18] snapshot (res://tests/lattice/usability_contract.gd:35)
       [19] run (res://tests/lattice/usability_contract.gd:79)
ERROR: Cannot get path of node as it is not in a scene tree.
   at: get_path (scene/main/node.cpp:2374)
   GDScript backtrace (most recent call first):
       [0] _collect (res://source_operators/moth_finish/binder.gd:145)
       [1] _collect (res://source_operators/moth_finish/binder.gd:180)
       [2] _collect (res://source_operators/moth_finish/binder.gd:180)
       [3] _collect (res://source_operators/moth_finish/binder.gd:180)
       [4] _collect (res://source_operators/moth_finish/binder.gd:180)
       [5] _collect (res://source_operators/moth_finish/binder.gd:180)
       [6] _collect (res://source_operators/moth_finish/binder.gd:180)
       [7] bind (res://source_operators/moth_finish/binder.gd:35)
       [8] apply_identity (res://source_operators/operator_visual.gd:103)
       [9] apply_actor (res://source_operators/operator_visual.gd:190)
       [10] apply_state (res://world/presentation.gd:119)
       [11] on_snapshot (res://world/session.gd:763)
       [12] on_snapshot (res://lattice/world_demo.gd:354)
       [13] deliver_snapshot (res://net/client.gd:501)
       [14] deliver_frame (res://net/client.gd:452)
       [15] decode_text (res://net/client.gd:340)
       [16] decode_text (res://lattice/transport.gd:163)
       [17] wire (res://tests/lattice/usability_contract.gd:29)
       [18] snapshot (res://tests/lattice/usability_contract.gd:35)
       [19] run (res://tests/lattice/usability_contract.gd:79)
ERROR: Cannot get path of node as it is not in a scene tree.
   at: get_path (scene/main/node.cpp:2374)
   GDScript backtrace (most recent call first):
       [0] _collect (res://source_operators/moth_finish/binder.gd:145)
       [1] _collect (res://source_operators/moth_finish/binder.gd:180)
       [2] _collect (res://source_operators/moth_finish/binder.gd:180)
       [3] _collect (res://source_operators/moth_finish/binder.gd:180)
       [4] _collect (res://source_operators/moth_finish/binder.gd:180)
       [5] _collect (res://source_operators/moth_finish/binder.gd:180)
       [6] _collect (res://source_operators/moth_finish/binder.gd:180)
       [7] bind (res://source_operators/moth_finish/binder.gd:35)
       [8] apply_identity (res://source_operators/operator_visual.gd:103)
       [9] apply_actor (res://source_operators/operator_visual.gd:190)
       [10] apply_state (res://world/presentation.gd:119)
       [11] on_snapshot (res://world/session.gd:763)
       [12] on_snapshot (res://lattice/world_demo.gd:354)
       [13] deliver_snapshot (res://net/client.gd:501)
       [14] deliver_frame (res://net/client.gd:452)
       [15] decode_text (res://net/client.gd:340)
       [16] decode_text (res://lattice/transport.gd:163)
       [17] wire (res://tests/lattice/usability_contract.gd:29)
       [18] snapshot (res://tests/lattice/usability_contract.gd:35)
       [19] run (res://tests/lattice/usability_contract.gd:79)
ERROR: Cannot get path of node as it is not in a scene tree.
   at: get_path (scene/main/node.cpp:2374)
   GDScript backtrace (most recent call first):
       [0] _collect (res://source_operators/moth_finish/binder.gd:145)
       [1] _collect (res://source_operators/moth_finish/binder.gd:180)
       [2] _collect (res://source_operators/moth_finish/binder.gd:180)
       [3] _collect (res://source_operators/moth_finish/binder.gd:180)
       [4] _collect (res://source_operators/moth_finish/binder.gd:180)
       [5] _collect (res://source_operators/moth_finish/binder.gd:180)
       [6] _collect (res://source_operators/moth_finish/binder.gd:180)
       [7] bind (res://source_operators/moth_finish/binder.gd:35)
       [8] apply_identity (res://source_operators/operator_visual.gd:103)
       [9] apply_actor (res://source_operators/operator_visual.gd:190)
       [10] apply_state (res://world/presentation.gd:119)
       [11] on_snapshot (res://world/session.gd:763)
       [12] on_snapshot (res://lattice/world_demo.gd:354)
       [13] deliver_snapshot (res://net/client.gd:501)
       [14] deliver_frame (res://net/client.gd:452)
       [15] decode_text (res://net/client.gd:340)
       [16] decode_text (res://lattice/transport.gd:163)
       [17] wire (res://tests/lattice/usability_contract.gd:29)
       [18] snapshot (res://tests/lattice/usability_contract.gd:35)
       [19] run (res://tests/lattice/usability_contract.gd:79)
ERROR: Cannot get path of node as it is not in a scene tree.
   at: get_path (scene/main/node.cpp:2374)
   GDScript backtrace (most recent call first):
       [0] _collect (res://source_operators/moth_finish/binder.gd:145)
       [1] _collect (res://source_operators/moth_finish/binder.gd:180)
       [2] _collect (res://source_operators/moth_finish/binder.gd:180)
       [3] _collect (res://source_operators/moth_finish/binder.gd:180)
       [4] _collect (res://source_operators/moth_finish/binder.gd:180)
       [5] _collect (res://source_operators/moth_finish/binder.gd:180)
       [6] _collect (res://source_operators/moth_finish/binder.gd:180)
       [7] bind (res://source_operators/moth_finish/binder.gd:35)
       [8] apply_identity (res://source_operators/operator_visual.gd:103)
       [9] apply_actor (res://source_operators/operator_visual.gd:190)
       [10] apply_state (res://world/presentation.gd:119)
       [11] on_snapshot (res://world/session.gd:763)
       [12] on_snapshot (res://lattice/world_demo.gd:354)
       [13] deliver_snapshot (res://net/client.gd:501)
       [14] deliver_frame (res://net/client.gd:452)
       [15] decode_text (res://net/client.gd:340)
       [16] decode_text (res://lattice/transport.gd:163)
       [17] wire (res://tests/lattice/usability_contract.gd:29)
       [18] snapshot (res://tests/lattice/usability_contract.gd:35)
       [19] run (res://tests/lattice/usability_contract.gd:79)
ERROR: Cannot get path of node as it is not in a scene tree.
   at: get_path (scene/main/node.cpp:2374)
   GDScript backtrace (most recent call first):
       [0] _collect (res://source_operators/moth_finish/binder.gd:145)
       [1] _collect (res://source_operators/moth_finish/binder.gd:180)
       [2] _collect (res://source_operators/moth_finish/binder.gd:180)
       [3] _collect (res://source_operators/moth_finish/binder.gd:180)
       [4] _collect (res://source_operators/moth_finish/binder.gd:180)
       [5] _collect (res://source_operators/moth_finish/binder.gd:180)
       [6] _collect (res://source_operators/moth_finish/binder.gd:180)
       [7] bind (res://source_operators/moth_finish/binder.gd:35)
       [8] apply_identity (res://source_operators/operator_visual.gd:103)
       [9] apply_actor (res://source_operators/operator_visual.gd:190)
       [10] apply_state (res://world/presentation.gd:119)
       [11] on_snapshot (res://world/session.gd:763)
       [12] on_snapshot (res://lattice/world_demo.gd:354)
       [13] deliver_snapshot (res://net/client.gd:501)
       [14] deliver_frame (res://net/client.gd:452)
       [15] decode_text (res://net/client.gd:340)
       [16] decode_text (res://lattice/transport.gd:163)
       [17] wire (res://tests/lattice/usability_contract.gd:29)
       [18] snapshot (res://tests/lattice/usability_contract.gd:35)
       [19] run (res://tests/lattice/usability_contract.gd:79)
ERROR: Cannot get path of node as it is not in a scene tree.
   at: get_path (scene/main/node.cpp:2374)
   GDScript backtrace (most recent call first):
       [0] _collect (res://source_operators/moth_finish/binder.gd:145)
       [1] _collect (res://source_operators/moth_finish/binder.gd:180)
       [2] _collect (res://source_operators/moth_finish/binder.gd:180)
       [3] _collect (res://source_operators/moth_finish/binder.gd:180)
       [4] _collect (res://source_operators/moth_finish/binder.gd:180)
       [5] _collect (res://source_operators/moth_finish/binder.gd:180)
       [6] _collect (res://source_operators/moth_finish/binder.gd:180)
       [7] bind (res://source_operators/moth_finish/binder.gd:35)
       [8] apply_identity (res://source_operators/operator_visual.gd:103)
       [9] apply_actor (res://source_operators/operator_visual.gd:190)
       [10] apply_state (res://world/presentation.gd:119)
       [11] on_snapshot (res://world/session.gd:763)
       [12] on_snapshot (res://lattice/world_demo.gd:354)
       [13] deliver_snapshot (res://net/client.gd:501)
       [14] deliver_frame (res://net/client.gd:452)
       [15] decode_text (res://net/client.gd:340)
       [16] decode_text (res://lattice/transport.gd:163)
       [17] wire (res://tests/lattice/usability_contract.gd:29)
       [18] snapshot (res://tests/lattice/usability_contract.gd:35)
       [19] run (res://tests/lattice/usability_contract.gd:79)
ERROR: Cannot get path of node as it is not in a scene tree.
   at: get_path (scene/main/node.cpp:2374)
   GDScript backtrace (most recent call first):
       [0] _collect (res://source_operators/moth_finish/binder.gd:145)
       [1] _collect (res://source_operators/moth_finish/binder.gd:180)
       [2] _collect (res://source_operators/moth_finish/binder.gd:180)
       [3] _collect (res://source_operators/moth_finish/binder.gd:180)
       [4] _collect (res://source_operators/moth_finish/binder.gd:180)
       [5] _collect (res://source_operators/moth_finish/binder.gd:180)
       [6] _collect (res://source_operators/moth_finish/binder.gd:180)
       [7] bind (res://source_operators/moth_finish/binder.gd:35)
       [8] apply_identity (res://source_operators/operator_visual.gd:103)
       [9] apply_actor (res://source_operators/operator_visual.gd:190)
       [10] apply_state (res://world/presentation.gd:119)
       [11] on_snapshot (res://world/session.gd:763)
       [12] on_snapshot (res://lattice/world_demo.gd:354)
       [13] deliver_snapshot (res://net/client.gd:501)
       [14] deliver_frame (res://net/client.gd:452)
       [15] decode_text (res://net/client.gd:340)
       [16] decode_text (res://lattice/transport.gd:163)
       [17] wire (res://tests/lattice/usability_contract.gd:29)
       [18] snapshot (res://tests/lattice/usability_contract.gd:35)
       [19] run (res://tests/lattice/usability_contract.gd:79)
ERROR: Cannot get path of node as it is not in a scene tree.
   at: get_path (scene/main/node.cpp:2374)
   GDScript backtrace (most recent call first):
       [0] _collect (res://source_operators/moth_finish/binder.gd:145)
       [1] _collect (res://source_operators/moth_finish/binder.gd:180)
       [2] _collect (res://source_operators/moth_finish/binder.gd:180)
       [3] _collect (res://source_operators/moth_finish/binder.gd:180)
       [4] _collect (res://source_operators/moth_finish/binder.gd:180)
       [5] _collect (res://source_operators/moth_finish/binder.gd:180)
       [6] _collect (res://source_operators/moth_finish/binder.gd:180)
       [7] bind (res://source_operators/moth_finish/binder.gd:35)
       [8] apply_identity (res://source_operators/operator_visual.gd:103)
       [9] apply_actor (res://source_operators/operator_visual.gd:190)
       [10] apply_state (res://world/presentation.gd:119)
       [11] on_snapshot (res://world/session.gd:763)
       [12] on_snapshot (res://lattice/world_demo.gd:354)
       [13] deliver_snapshot (res://net/client.gd:501)
       [14] deliver_frame (res://net/client.gd:452)
       [15] decode_text (res://net/client.gd:340)
       [16] decode_text (res://lattice/transport.gd:163)
       [17] wire (res://tests/lattice/usability_contract.gd:29)
       [18] snapshot (res://tests/lattice/usability_contract.gd:35)
       [19] run (res://tests/lattice/usability_contract.gd:79)
ERROR: Cannot get path of node as it is not in a scene tree.
   at: get_path (scene/main/node.cpp:2374)
   GDScript backtrace (most recent call first):
       [0] _collect (res://source_operators/moth_finish/binder.gd:145)
       [1] _collect (res://source_operators/moth_finish/binder.gd:180)
       [2] _collect (res://source_operators/moth_finish/binder.gd:180)
       [3] _collect (res://source_operators/moth_finish/binder.gd:180)
       [4] _collect (res://source_operators/moth_finish/binder.gd:180)
       [5] _collect (res://source_operators/moth_finish/binder.gd:180)
       [6] bind (res://source_operators/moth_finish/binder.gd:35)
       [7] apply_identity (res://source_operators/operator_visual.gd:103)
       [8] apply_actor (res://source_operators/operator_visual.gd:190)
       [9] apply_state (res://world/presentation.gd:119)
       [10] on_snapshot (res://world/session.gd:763)
       [11] on_snapshot (res://lattice/world_demo.gd:354)
       [12] deliver_snapshot (res://net/client.gd:501)
       [13] deliver_frame (res://net/client.gd:452)
       [14] decode_text (res://net/client.gd:340)
       [15] decode_text (res://lattice/transport.gd:163)
       [16] wire (res://tests/lattice/usability_contract.gd:29)
       [17] snapshot (res://tests/lattice/usability_contract.gd:35)
       [18] run (res://tests/lattice/usability_contract.gd:79)
ERROR: Cannot get path of node as it is not in a scene tree.
   at: get_path (scene/main/node.cpp:2374)
   GDScript backtrace (most recent call first):
       [0] _collect (res://source_operators/moth_finish/binder.gd:145)
       [1] _collect (res://source_operators/moth_finish/binder.gd:180)
       [2] _collect (res://source_operators/moth_finish/binder.gd:180)
       [3] _collect (res://source_operators/moth_finish/binder.gd:180)
       [4] _collect (res://source_operators/moth_finish/binder.gd:180)
       [5] _collect (res://source_operators/moth_finish/binder.gd:180)
       [6] bind (res://source_operators/moth_finish/binder.gd:35)
       [7] apply_identity (res://source_operators/operator_visual.gd:103)
       [8] apply_actor (res://source_operators/operator_visual.gd:190)
       [9] apply_state (res://world/presentation.gd:119)
       [10] on_snapshot (res://world/session.gd:763)
       [11] on_snapshot (res://lattice/world_demo.gd:354)
       [12] deliver_snapshot (res://net/client.gd:501)
       [13] deliver_frame (res://net/client.gd:452)
       [14] decode_text (res://net/client.gd:340)
       [15] decode_text (res://lattice/transport.gd:163)
       [16] wire (res://tests/lattice/usability_contract.gd:29)
       [17] snapshot (res://tests/lattice/usability_contract.gd:35)
       [18] run (res://tests/lattice/usability_contract.gd:79)
ERROR: Cannot get path of node as it is not in a scene tree.
   at: get_path (scene/main/node.cpp:2374)
   GDScript backtrace (most recent call first):
       [0] _collect (res://source_operators/moth_finish/binder.gd:145)
       [1] _collect (res://source_operators/moth_finish/binder.gd:180)
       [2] _collect (res://source_operators/moth_finish/binder.gd:180)
       [3] _collect (res://source_operators/moth_finish/binder.gd:180)
       [4] _collect (res://source_operators/moth_finish/binder.gd:180)
       [5] _collect (res://source_operators/moth_finish/binder.gd:180)
       [6] bind (res://source_operators/moth_finish/binder.gd:35)
       [7] apply_identity (res://source_operators/operator_visual.gd:103)
       [8] apply_actor (res://source_operators/operator_visual.gd:190)
       [9] apply_state (res://world/presentation.gd:119)
       [10] on_snapshot (res://world/session.gd:763)
       [11] on_snapshot (res://lattice/world_demo.gd:354)
       [12] deliver_snapshot (res://net/client.gd:501)
       [13] deliver_frame (res://net/client.gd:452)
       [14] decode_text (res://net/client.gd:340)
       [15] decode_text (res://lattice/transport.gd:163)
       [16] wire (res://tests/lattice/usability_contract.gd:29)
       [17] snapshot (res://tests/lattice/usability_contract.gd:35)
       [18] run (res://tests/lattice/usability_contract.gd:79)
ERROR: Cannot get path of node as it is not in a scene tree.
   at: get_path (scene/main/node.cpp:2374)
   GDScript backtrace (most recent call first):
       [0] _collect (res://source_operators/moth_finish/binder.gd:145)
       [1] _collect (res://source_operators/moth_finish/binder.gd:180)
       [2] _collect (res://source_operators/moth_finish/binder.gd:180)
       [3] _collect (res://source_operators/moth_finish/binder.gd:180)
       [4] _collect (res://source_operators/moth_finish/binder.gd:180)
       [5] _collect (res://source_operators/moth_finish/binder.gd:180)
       [6] bind (res://source_operators/moth_finish/binder.gd:35)
       [7] apply_identity (res://source_operators/operator_visual.gd:103)
       [8] apply_actor (res://source_operators/operator_visual.gd:190)
       [9] apply_state (res://world/presentation.gd:119)
       [10] on_snapshot (res://world/session.gd:763)
       [11] on_snapshot (res://lattice/world_demo.gd:354)
       [12] deliver_snapshot (res://net/client.gd:501)
       [13] deliver_frame (res://net/client.gd:452)
       [14] decode_text (res://net/client.gd:340)
       [15] decode_text (res://lattice/transport.gd:163)
       [16] wire (res://tests/lattice/usability_contract.gd:29)
       [17] snapshot (res://tests/lattice/usability_contract.gd:35)
       [18] run (res://tests/lattice/usability_contract.gd:79)
ERROR: Cannot get path of node as it is not in a scene tree.
   at: get_path (scene/main/node.cpp:2374)
   GDScript backtrace (most recent call first):
       [0] _collect (res://source_operators/moth_finish/binder.gd:145)
       [1] _collect (res://source_operators/moth_finish/binder.gd:180)
       [2] _collect (res://source_operators/moth_finish/binder.gd:180)
       [3] _collect (res://source_operators/moth_finish/binder.gd:180)
       [4] _collect (res://source_operators/moth_finish/binder.gd:180)
       [5] _collect (res://source_operators/moth_finish/binder.gd:180)
       [6] bind (res://source_operators/moth_finish/binder.gd:35)
       [7] apply_identity (res://source_operators/operator_visual.gd:103)
       [8] apply_actor (res://source_operators/operator_visual.gd:190)
       [9] apply_state (res://world/presentation.gd:119)
       [10] on_snapshot (res://world/session.gd:763)
       [11] on_snapshot (res://lattice/world_demo.gd:354)
       [12] deliver_snapshot (res://net/client.gd:501)
       [13] deliver_frame (res://net/client.gd:452)
       [14] decode_text (res://net/client.gd:340)
       [15] decode_text (res://lattice/transport.gd:163)
       [16] wire (res://tests/lattice/usability_contract.gd:29)
       [17] snapshot (res://tests/lattice/usability_contract.gd:35)
       [18] run (res://tests/lattice/usability_contract.gd:79)
ERROR: Cannot get path of node as it is not in a scene tree.
   at: get_path (scene/main/node.cpp:2374)
   GDScript backtrace (most recent call first):
       [0] _collect (res://source_operators/moth_finish/binder.gd:145)
       [1] _collect (res://source_operators/moth_finish/binder.gd:180)
       [2] _collect (res://source_operators/moth_finish/binder.gd:180)
       [3] _collect (res://source_operators/moth_finish/binder.gd:180)
       [4] _collect (res://source_operators/moth_finish/binder.gd:180)
       [5] _collect (res://source_operators/moth_finish/binder.gd:180)
       [6] _collect (res://source_operators/moth_finish/binder.gd:180)
       [7] _collect (res://source_operators/moth_finish/binder.gd:180)
       [8] _collect (res://source_operators/moth_finish/binder.gd:180)
       [9] _collect (res://source_operators/moth_finish/binder.gd:180)
       [10] bind (res://source_operators/moth_finish/binder.gd:35)
       [11] apply_identity (res://source_operators/operator_visual.gd:103)
       [12] apply_actor (res://source_operators/operator_visual.gd:190)
       [13] apply_state (res://world/presentation.gd:119)
       [14] on_snapshot (res://world/session.gd:763)
       [15] on_snapshot (res://lattice/world_demo.gd:354)
       [16] deliver_snapshot (res://net/client.gd:501)
       [17] deliver_frame (res://net/client.gd:452)
       [18] decode_text (res://net/client.gd:340)
       [19] decode_text (res://lattice/transport.gd:163)
       [20] wire (res://tests/lattice/usability_contract.gd:29)
       [21] snapshot (res://tests/lattice/usability_contract.gd:35)
       [22] run (res://tests/lattice/usability_contract.gd:79)
ERROR: Cannot get path of node as it is not in a scene tree.
   at: get_path (scene/main/node.cpp:2374)
   GDScript backtrace (most recent call first):
       [0] _collect (res://source_operators/moth_finish/binder.gd:145)
       [1] _collect (res://source_operators/moth_finish/binder.gd:180)
       [2] _collect (res://source_operators/moth_finish/binder.gd:180)
       [3] _collect (res://source_operators/moth_finish/binder.gd:180)
       [4] _collect (res://source_operators/moth_finish/binder.gd:180)
       [5] _collect (res://source_operators/moth_finish/binder.gd:180)
       [6] _collect (res://source_operators/moth_finish/binder.gd:180)
       [7] _collect (res://source_operators/moth_finish/binder.gd:180)
       [8] _collect (res://source_operators/moth_finish/binder.gd:180)
       [9] _collect (res://source_operators/moth_finish/binder.gd:180)
       [10] bind (res://source_operators/moth_finish/binder.gd:35)
       [11] apply_identity (res://source_operators/operator_visual.gd:103)
       [12] apply_actor (res://source_operators/operator_visual.gd:190)
       [13] apply_state (res://world/presentation.gd:119)
       [14] on_snapshot (res://world/session.gd:763)
       [15] on_snapshot (res://lattice/world_demo.gd:354)
       [16] deliver_snapshot (res://net/client.gd:501)
       [17] deliver_frame (res://net/client.gd:452)
       [18] decode_text (res://net/client.gd:340)
       [19] decode_text (res://lattice/transport.gd:163)
       [20] wire (res://tests/lattice/usability_contract.gd:29)
       [21] snapshot (res://tests/lattice/usability_contract.gd:35)
       [22] run (res://tests/lattice/usability_contract.gd:79)
ERROR: Cannot get path of node as it is not in a scene tree.
   at: get_path (scene/main/node.cpp:2374)
   GDScript backtrace (most recent call first):
       [0] _collect (res://source_operators/moth_finish/binder.gd:145)
       [1] _collect (res://source_operators/moth_finish/binder.gd:180)
       [2] _collect (res://source_operators/moth_finish/binder.gd:180)
       [3] _collect (res://source_operators/moth_finish/binder.gd:180)
       [4] _collect (res://source_operators/moth_finish/binder.gd:180)
       [5] _collect (res://source_operators/moth_finish/binder.gd:180)
       [6] _collect (res://source_operators/moth_finish/binder.gd:180)
       [7] _collect (res://source_operators/moth_finish/binder.gd:180)
       [8] _collect (res://source_operators/moth_finish/binder.gd:180)
       [9] _collect (res://source_operators/moth_finish/binder.gd:180)
       [10] bind (res://source_operators/moth_finish/binder.gd:35)
       [11] apply_identity (res://source_operators/operator_visual.gd:103)
       [12] apply_actor (res://source_operators/operator_visual.gd:190)
       [13] apply_state (res://world/presentation.gd:119)
       [14] on_snapshot (res://world/session.gd:763)
       [15] on_snapshot (res://lattice/world_demo.gd:354)
       [16] deliver_snapshot (res://net/client.gd:501)
       [17] deliver_frame (res://net/client.gd:452)
       [18] decode_text (res://net/client.gd:340)
       [19] decode_text (res://lattice/transport.gd:163)
       [20] wire (res://tests/lattice/usability_contract.gd:29)
       [21] snapshot (res://tests/lattice/usability_contract.gd:35)
       [22] run (res://tests/lattice/usability_contract.gd:79)
ERROR: Cannot get path of node as it is not in a scene tree.
   at: get_path (scene/main/node.cpp:2374)
   GDScript backtrace (most recent call first):
       [0] _collect (res://source_operators/moth_finish/binder.gd:145)
       [1] _collect (res://source_operators/moth_finish/binder.gd:180)
       [2] _collect (res://source_operators/moth_finish/binder.gd:180)
       [3] _collect (res://source_operators/moth_finish/binder.gd:180)
       [4] _collect (res://source_operators/moth_finish/binder.gd:180)
       [5] _collect (res://source_operators/moth_finish/binder.gd:180)
       [6] _collect (res://source_operators/moth_finish/binder.gd:180)
       [7] _collect (res://source_operators/moth_finish/binder.gd:180)
       [8] _collect (res://source_operators/moth_finish/binder.gd:180)
       [9] _collect (res://source_operators/moth_finish/binder.gd:180)
       [10] bind (res://source_operators/moth_finish/binder.gd:35)
       [11] apply_identity (res://source_operators/operator_visual.gd:103)
       [12] apply_actor (res://source_operators/operator_visual.gd:190)
       [13] apply_state (res://world/presentation.gd:119)
       [14] on_snapshot (res://world/session.gd:763)
       [15] on_snapshot (res://lattice/world_demo.gd:354)
       [16] deliver_snapshot (res://net/client.gd:501)
       [17] deliver_frame (res://net/client.gd:452)
       [18] decode_text (res://net/client.gd:340)
       [19] decode_text (res://lattice/transport.gd:163)
       [20] wire (res://tests/lattice/usability_contract.gd:29)
       [21] snapshot (res://tests/lattice/usability_contract.gd:35)
       [22] run (res://tests/lattice/usability_contract.gd:79)
ERROR: Cannot get path of node as it is not in a scene tree.
   at: get_path (scene/main/node.cpp:2374)
   GDScript backtrace (most recent call first):
       [0] _collect (res://source_operators/moth_finish/binder.gd:145)
       [1] _collect (res://source_operators/moth_finish/binder.gd:180)
       [2] _collect (res://source_operators/moth_finish/binder.gd:180)
       [3] _collect (res://source_operators/moth_finish/binder.gd:180)
       [4] _collect (res://source_operators/moth_finish/binder.gd:180)
       [5] _collect (res://source_operators/moth_finish/binder.gd:180)
       [6] _collect (res://source_operators/moth_finish/binder.gd:180)
       [7] _collect (res://source_operators/moth_finish/binder.gd:180)
       [8] _collect (res://source_operators/moth_finish/binder.gd:180)
       [9] bind (res://source_operators/moth_finish/binder.gd:35)
       [10] apply_identity (res://source_operators/operator_visual.gd:103)
       [11] apply_actor (res://source_operators/operator_visual.gd:190)
       [12] apply_state (res://world/presentation.gd:119)
       [13] on_snapshot (res://world/session.gd:763)
       [14] on_snapshot (res://lattice/world_demo.gd:354)
       [15] deliver_snapshot (res://net/client.gd:501)
       [16] deliver_frame (res://net/client.gd:452)
       [17] decode_text (res://net/client.gd:340)
       [18] decode_text (res://lattice/transport.gd:163)
       [19] wire (res://tests/lattice/usability_contract.gd:29)
       [20] snapshot (res://tests/lattice/usability_contract.gd:35)
       [21] run (res://tests/lattice/usability_contract.gd:79)
ERROR: Cannot get path of node as it is not in a scene tree.
   at: get_path (scene/main/node.cpp:2374)
   GDScript backtrace (most recent call first):
       [0] _collect (res://source_operators/moth_finish/binder.gd:145)
       [1] _collect (res://source_operators/moth_finish/binder.gd:180)
       [2] _collect (res://source_operators/moth_finish/binder.gd:180)
       [3] _collect (res://source_operators/moth_finish/binder.gd:180)
       [4] _collect (res://source_operators/moth_finish/binder.gd:180)
       [5] _collect (res://source_operators/moth_finish/binder.gd:180)
       [6] _collect (res://source_operators/moth_finish/binder.gd:180)
       [7] _collect (res://source_operators/moth_finish/binder.gd:180)
       [8] _collect (res://source_operators/moth_finish/binder.gd:180)
       [9] bind (res://source_operators/moth_finish/binder.gd:35)
       [10] apply_identity (res://source_operators/operator_visual.gd:103)
       [11] apply_actor (res://source_operators/operator_visual.gd:190)
       [12] apply_state (res://world/presentation.gd:119)
       [13] on_snapshot (res://world/session.gd:763)
       [14] on_snapshot (res://lattice/world_demo.gd:354)
       [15] deliver_snapshot (res://net/client.gd:501)
       [16] deliver_frame (res://net/client.gd:452)
       [17] decode_text (res://net/client.gd:340)
       [18] decode_text (res://lattice/transport.gd:163)
       [19] wire (res://tests/lattice/usability_contract.gd:29)
       [20] snapshot (res://tests/lattice/usability_contract.gd:35)
       [21] run (res://tests/lattice/usability_contract.gd:79)
ERROR: Cannot get path of node as it is not in a scene tree.
   at: get_path (scene/main/node.cpp:2374)
   GDScript backtrace (most recent call first):
       [0] _collect (res://source_operators/moth_finish/binder.gd:145)
       [1] _collect (res://source_operators/moth_finish/binder.gd:180)
       [2] _collect (res://source_operators/moth_finish/binder.gd:180)
       [3] _collect (res://source_operators/moth_finish/binder.gd:180)
       [4] _collect (res://source_operators/moth_finish/binder.gd:180)
       [5] _collect (res://source_operators/moth_finish/binder.gd:180)
       [6] _collect (res://source_operators/moth_finish/binder.gd:180)
       [7] _collect (res://source_operators/moth_finish/binder.gd:180)
       [8] _collect (res://source_operators/moth_finish/binder.gd:180)
       [9] bind (res://source_operators/moth_finish/binder.gd:35)
       [10] apply_identity (res://source_operators/operator_visual.gd:103)
       [11] apply_actor (res://source_operators/operator_visual.gd:190)
       [12] apply_state (res://world/presentation.gd:119)
       [13] on_snapshot (res://world/session.gd:763)
       [14] on_snapshot (res://lattice/world_demo.gd:354)
       [15] deliver_snapshot (res://net/client.gd:501)
       [16] deliver_frame (res://net/client.gd:452)
       [17] decode_text (res://net/client.gd:340)
       [18] decode_text (res://lattice/transport.gd:163)
       [19] wire (res://tests/lattice/usability_contract.gd:29)
       [20] snapshot (res://tests/lattice/usability_contract.gd:35)
       [21] run (res://tests/lattice/usability_contract.gd:79)
ERROR: Cannot get path of node as it is not in a scene tree.
   at: get_path (scene/main/node.cpp:2374)
   GDScript backtrace (most recent call first):
       [0] _collect (res://source_operators/moth_finish/binder.gd:145)
       [1] _collect (res://source_operators/moth_finish/binder.gd:180)
       [2] _collect (res://source_operators/moth_finish/binder.gd:180)
       [3] _collect (res://source_operators/moth_finish/binder.gd:180)
       [4] _collect (res://source_operators/moth_finish/binder.gd:180)
       [5] _collect (res://source_operators/moth_finish/binder.gd:180)
       [6] _collect (res://source_operators/moth_finish/binder.gd:180)
       [7] _collect (res://source_operators/moth_finish/binder.gd:180)
       [8] _collect (res://source_operators/moth_finish/binder.gd:180)
       [9] bind (res://source_operators/moth_finish/binder.gd:35)
       [10] apply_identity (res://source_operators/operator_visual.gd:103)
       [11] apply_actor (res://source_operators/operator_visual.gd:190)
       [12] apply_state (res://world/presentation.gd:119)
       [13] on_snapshot (res://world/session.gd:763)
       [14] on_snapshot (res://lattice/world_demo.gd:354)
       [15] deliver_snapshot (res://net/client.gd:501)
       [16] deliver_frame (res://net/client.gd:452)
       [17] decode_text (res://net/client.gd:340)
       [18] decode_text (res://lattice/transport.gd:163)
       [19] wire (res://tests/lattice/usability_contract.gd:29)
       [20] snapshot (res://tests/lattice/usability_contract.gd:35)
       [21] run (res://tests/lattice/usability_contract.gd:79)
ERROR: Cannot get path of node as it is not in a scene tree.
   at: get_path (scene/main/node.cpp:2374)
   GDScript backtrace (most recent call first):
       [0] _collect (res://source_operators/moth_finish/binder.gd:145)
       [1] _collect (res://source_operators/moth_finish/binder.gd:180)
       [2] _collect (res://source_operators/moth_finish/binder.gd:180)
       [3] _collect (res://source_operators/moth_finish/binder.gd:180)
       [4] _collect (res://source_operators/moth_finish/binder.gd:180)
       [5] _collect (res://source_operators/moth_finish/binder.gd:180)
       [6] _collect (res://source_operators/moth_finish/binder.gd:180)
       [7] _collect (res://source_operators/moth_finish/binder.gd:180)
       [8] _collect (res://source_operators/moth_finish/binder.gd:180)
       [9] bind (res://source_operators/moth_finish/binder.gd:35)
       [10] apply_identity (res://source_operators/operator_visual.gd:103)
       [11] apply_actor (res://source_operators/operator_visual.gd:190)
       [12] apply_state (res://world/presentation.gd:119)
       [13] on_snapshot (res://world/session.gd:763)
       [14] on_snapshot (res://lattice/world_demo.gd:354)
       [15] deliver_snapshot (res://net/client.gd:501)
       [16] deliver_frame (res://net/client.gd:452)
       [17] decode_text (res://net/client.gd:340)
       [18] decode_text (res://lattice/transport.gd:163)
       [19] wire (res://tests/lattice/usability_contract.gd:29)
       [20] snapshot (res://tests/lattice/usability_contract.gd:35)
       [21] run (res://tests/lattice/usability_contract.gd:79)
ERROR: Cannot get path of node as it is not in a scene tree.
   at: get_path (scene/main/node.cpp:2374)
   GDScript backtrace (most recent call first):
       [0] _collect (res://source_operators/moth_finish/binder.gd:145)
       [1] _collect (res://source_operators/moth_finish/binder.gd:180)
       [2] _collect (res://source_operators/moth_finish/binder.gd:180)
       [3] _collect (res://source_operators/moth_finish/binder.gd:180)
       [4] _collect (res://source_operators/moth_finish/binder.gd:180)
       [5] _collect (res://source_operators/moth_finish/binder.gd:180)
       [6] _collect (res://source_operators/moth_finish/binder.gd:180)
       [7] _collect (res://source_operators/moth_finish/binder.gd:180)
       [8] _collect (res://source_operators/moth_finish/binder.gd:180)
       [9] bind (res://source_operators/moth_finish/binder.gd:35)
       [10] apply_identity (res://source_operators/operator_visual.gd:103)
       [11] apply_actor (res://source_operators/operator_visual.gd:190)
       [12] apply_state (res://world/presentation.gd:119)
       [13] on_snapshot (res://world/session.gd:763)
       [14] on_snapshot (res://lattice/world_demo.gd:354)
       [15] deliver_snapshot (res://net/client.gd:501)
       [16] deliver_frame (res://net/client.gd:452)
       [17] decode_text (res://net/client.gd:340)
       [18] decode_text (res://lattice/transport.gd:163)
       [19] wire (res://tests/lattice/usability_contract.gd:29)
       [20] snapshot (res://tests/lattice/usability_contract.gd:35)
       [21] run (res://tests/lattice/usability_contract.gd:79)
ERROR: Cannot get path of node as it is not in a scene tree.
   at: get_path (scene/main/node.cpp:2374)
   GDScript backtrace (most recent call first):
       [0] _collect (res://source_operators/moth_finish/binder.gd:145)
       [1] _collect (res://source_operators/moth_finish/binder.gd:180)
       [2] _collect (res://source_operators/moth_finish/binder.gd:180)
       [3] _collect (res://source_operators/moth_finish/binder.gd:180)
       [4] _collect (res://source_operators/moth_finish/binder.gd:180)
       [5] _collect (res://source_operators/moth_finish/binder.gd:180)
       [6] _collect (res://source_operators/moth_finish/binder.gd:180)
       [7] _collect (res://source_operators/moth_finish/binder.gd:180)
       [8] _collect (res://source_operators/moth_finish/binder.gd:180)
       [9] bind (res://source_operators/moth_finish/binder.gd:35)
       [10] apply_identity (res://source_operators/operator_visual.gd:103)
       [11] apply_actor (res://source_operators/operator_visual.gd:190)
       [12] apply_state (res://world/presentation.gd:119)
       [13] on_snapshot (res://world/session.gd:763)
       [14] on_snapshot (res://lattice/world_demo.gd:354)
       [15] deliver_snapshot (res://net/client.gd:501)
       [16] deliver_frame (res://net/client.gd:452)
       [17] decode_text (res://net/client.gd:340)
       [18] decode_text (res://lattice/transport.gd:163)
       [19] wire (res://tests/lattice/usability_contract.gd:29)
       [20] snapshot (res://tests/lattice/usability_contract.gd:35)
       [21] run (res://tests/lattice/usability_contract.gd:79)
ERROR: Cannot get path of node as it is not in a scene tree.
   at: get_path (scene/main/node.cpp:2374)
   GDScript backtrace (most recent call first):
       [0] _collect (res://source_operators/moth_finish/binder.gd:145)
       [1] _collect (res://source_operators/moth_finish/binder.gd:180)
       [2] _collect (res://source_operators/moth_finish/binder.gd:180)
       [3] _collect (res://source_operators/moth_finish/binder.gd:180)
       [4] _collect (res://source_operators/moth_finish/binder.gd:180)
       [5] _collect (res://source_operators/moth_finish/binder.gd:180)
       [6] _collect (res://source_operators/moth_finish/binder.gd:180)
       [7] _collect (res://source_operators/moth_finish/binder.gd:180)
       [8] bind (res://source_operators/moth_finish/binder.gd:35)
       [9] apply_identity (res://source_operators/operator_visual.gd:103)
       [10] apply_actor (res://source_operators/operator_visual.gd:190)
       [11] apply_state (res://world/presentation.gd:119)
       [12] on_snapshot (res://world/session.gd:763)
       [13] on_snapshot (res://lattice/world_demo.gd:354)
       [14] deliver_snapshot (res://net/client.gd:501)
       [15] deliver_frame (res://net/client.gd:452)
       [16] decode_text (res://net/client.gd:340)
       [17] decode_text (res://lattice/transport.gd:163)
       [18] wire (res://tests/lattice/usability_contract.gd:29)
       [19] snapshot (res://tests/lattice/usability_contract.gd:35)
       [20] run (res://tests/lattice/usability_contract.gd:79)
ERROR: Cannot get path of node as it is not in a scene tree.
   at: get_path (scene/main/node.cpp:2374)
   GDScript backtrace (most recent call first):
       [0] _collect (res://source_operators/moth_finish/binder.gd:145)
       [1] _collect (res://source_operators/moth_finish/binder.gd:180)
       [2] _collect (res://source_operators/moth_finish/binder.gd:180)
       [3] _collect (res://source_operators/moth_finish/binder.gd:180)
       [4] _collect (res://source_operators/moth_finish/binder.gd:180)
       [5] _collect (res://source_operators/moth_finish/binder.gd:180)
       [6] _collect (res://source_operators/moth_finish/binder.gd:180)
       [7] _collect (res://source_operators/moth_finish/binder.gd:180)
       [8] bind (res://source_operators/moth_finish/binder.gd:35)
       [9] apply_identity (res://source_operators/operator_visual.gd:103)
       [10] apply_actor (res://source_operators/operator_visual.gd:190)
       [11] apply_state (res://world/presentation.gd:119)
       [12] on_snapshot (res://world/session.gd:763)
       [13] on_snapshot (res://lattice/world_demo.gd:354)
       [14] deliver_snapshot (res://net/client.gd:501)
       [15] deliver_frame (res://net/client.gd:452)
       [16] decode_text (res://net/client.gd:340)
       [17] decode_text (res://lattice/transport.gd:163)
       [18] wire (res://tests/lattice/usability_contract.gd:29)
       [19] snapshot (res://tests/lattice/usability_contract.gd:35)
       [20] run (res://tests/lattice/usability_contract.gd:79)
ERROR: Cannot get path of node as it is not in a scene tree.
   at: get_path (scene/main/node.cpp:2374)
   GDScript backtrace (most recent call first):
       [0] _collect (res://source_operators/moth_finish/binder.gd:145)
       [1] _collect (res://source_operators/moth_finish/binder.gd:180)
       [2] _collect (res://source_operators/moth_finish/binder.gd:180)
       [3] _collect (res://source_operators/moth_finish/binder.gd:180)
       [4] _collect (res://source_operators/moth_finish/binder.gd:180)
       [5] _collect (res://source_operators/moth_finish/binder.gd:180)
       [6] _collect (res://source_operators/moth_finish/binder.gd:180)
       [7] bind (res://source_operators/moth_finish/binder.gd:35)
       [8] apply_identity (res://source_operators/operator_visual.gd:103)
       [9] apply_actor (res://source_operators/operator_visual.gd:190)
       [10] apply_state (res://world/presentation.gd:119)
       [11] on_snapshot (res://world/session.gd:763)
       [12] on_snapshot (res://lattice/world_demo.gd:354)
       [13] deliver_snapshot (res://net/client.gd:501)
       [14] deliver_frame (res://net/client.gd:452)
       [15] decode_text (res://net/client.gd:340)
       [16] decode_text (res://lattice/transport.gd:163)
       [17] wire (res://tests/lattice/usability_contract.gd:29)
       [18] snapshot (res://tests/lattice/usability_contract.gd:35)
       [19] run (res://tests/lattice/usability_contract.gd:79)
ERROR: Cannot get path of node as it is not in a scene tree.
   at: get_path (scene/main/node.cpp:2374)
   GDScript backtrace (most recent call first):
       [0] _collect (res://source_operators/moth_finish/binder.gd:145)
       [1] _collect (res://source_operators/moth_finish/binder.gd:180)
       [2] _collect (res://source_operators/moth_finish/binder.gd:180)
       [3] _collect (res://source_operators/moth_finish/binder.gd:180)
       [4] _collect (res://source_operators/moth_finish/binder.gd:180)
       [5] _collect (res://source_operators/moth_finish/binder.gd:180)
       [6] _collect (res://source_operators/moth_finish/binder.gd:180)
       [7] bind (res://source_operators/moth_finish/binder.gd:35)
       [8] apply_identity (res://source_operators/operator_visual.gd:103)
       [9] apply_actor (res://source_operators/operator_visual.gd:190)
       [10] apply_state (res://world/presentation.gd:119)
       [11] on_snapshot (res://world/session.gd:763)
       [12] on_snapshot (res://lattice/world_demo.gd:354)
       [13] deliver_snapshot (res://net/client.gd:501)
       [14] deliver_frame (res://net/client.gd:452)
       [15] decode_text (res://net/client.gd:340)
       [16] decode_text (res://lattice/transport.gd:163)
       [17] wire (res://tests/lattice/usability_contract.gd:29)
       [18] snapshot (res://tests/lattice/usability_contract.gd:35)
       [19] run (res://tests/lattice/usability_contract.gd:79)
ERROR: Cannot get path of node as it is not in a scene tree.
   at: get_path (scene/main/node.cpp:2374)
   GDScript backtrace (most recent call first):
       [0] _collect (res://source_operators/moth_finish/binder.gd:145)
       [1] _collect (res://source_operators/moth_finish/binder.gd:180)
       [2] _collect (res://source_operators/moth_finish/binder.gd:180)
       [3] _collect (res://source_operators/moth_finish/binder.gd:180)
       [4] _collect (res://source_operators/moth_finish/binder.gd:180)
       [5] _collect (res://source_operators/moth_finish/binder.gd:180)
       [6] _collect (res://source_operators/moth_finish/binder.gd:180)
       [7] bind (res://source_operators/moth_finish/binder.gd:35)
       [8] apply_identity (res://source_operators/operator_visual.gd:103)
       [9] apply_actor (res://source_operators/operator_visual.gd:190)
       [10] apply_state (res://world/presentation.gd:119)
       [11] on_snapshot (res://world/session.gd:763)
       [12] on_snapshot (res://lattice/world_demo.gd:354)
       [13] deliver_snapshot (res://net/client.gd:501)
       [14] deliver_frame (res://net/client.gd:452)
       [15] decode_text (res://net/client.gd:340)
       [16] decode_text (res://lattice/transport.gd:163)
       [17] wire (res://tests/lattice/usability_contract.gd:29)
       [18] snapshot (res://tests/lattice/usability_contract.gd:35)
       [19] run (res://tests/lattice/usability_contract.gd:79)
ERROR: Cannot get path of node as it is not in a scene tree.
   at: get_path (scene/main/node.cpp:2374)
   GDScript backtrace (most recent call first):
       [0] _collect (res://source_operators/moth_finish/binder.gd:145)
       [1] _collect (res://source_operators/moth_finish/binder.gd:180)
       [2] _collect (res://source_operators/moth_finish/binder.gd:180)
       [3] _collect (res://source_operators/moth_finish/binder.gd:180)
       [4] _collect (res://source_operators/moth_finish/binder.gd:180)
       [5] _collect (res://source_operators/moth_finish/binder.gd:180)
       [6] _collect (res://source_operators/moth_finish/binder.gd:180)
       [7] bind (res://source_operators/moth_finish/binder.gd:35)
       [8] apply_identity (res://source_operators/operator_visual.gd:103)
       [9] apply_actor (res://source_operators/operator_visual.gd:190)
       [10] apply_state (res://world/presentation.gd:119)
       [11] on_snapshot (res://world/session.gd:763)
       [12] on_snapshot (res://lattice/world_demo.gd:354)
       [13] deliver_snapshot (res://net/client.gd:501)
       [14] deliver_frame (res://net/client.gd:452)
       [15] decode_text (res://net/client.gd:340)
       [16] decode_text (res://lattice/transport.gd:163)
       [17] wire (res://tests/lattice/usability_contract.gd:29)
       [18] snapshot (res://tests/lattice/usability_contract.gd:35)
       [19] run (res://tests/lattice/usability_contract.gd:79)
ERROR: Cannot get path of node as it is not in a scene tree.
   at: get_path (scene/main/node.cpp:2374)
   GDScript backtrace (most recent call first):
       [0] _collect (res://source_operators/moth_finish/binder.gd:145)
       [1] _collect (res://source_operators/moth_finish/binder.gd:180)
       [2] _collect (res://source_operators/moth_finish/binder.gd:180)
       [3] _collect (res://source_operators/moth_finish/binder.gd:180)
       [4] _collect (res://source_operators/moth_finish/binder.gd:180)
       [5] _collect (res://source_operators/moth_finish/binder.gd:180)
       [6] bind (res://source_operators/moth_finish/binder.gd:35)
       [7] apply_identity (res://source_operators/operator_visual.gd:103)
       [8] apply_actor (res://source_operators/operator_visual.gd:190)
       [9] apply_state (res://world/presentation.gd:119)
       [10] on_snapshot (res://world/session.gd:763)
       [11] on_snapshot (res://lattice/world_demo.gd:354)
       [12] deliver_snapshot (res://net/client.gd:501)
       [13] deliver_frame (res://net/client.gd:452)
       [14] decode_text (res://net/client.gd:340)
       [15] decode_text (res://lattice/transport.gd:163)
       [16] wire (res://tests/lattice/usability_contract.gd:29)
       [17] snapshot (res://tests/lattice/usability_contract.gd:35)
       [18] run (res://tests/lattice/usability_contract.gd:79)
ERROR: Cannot get path of node as it is not in a scene tree.
   at: get_path (scene/main/node.cpp:2374)
   GDScript backtrace (most recent call first):
       [0] _collect (res://source_operators/moth_finish/binder.gd:145)
       [1] _collect (res://source_operators/moth_finish/binder.gd:180)
       [2] _collect (res://source_operators/moth_finish/binder.gd:180)
       [3] _collect (res://source_operators/moth_finish/binder.gd:180)
       [4] _collect (res://source_operators/moth_finish/binder.gd:180)
       [5] _collect (res://source_operators/moth_finish/binder.gd:180)
       [6] bind (res://source_operators/moth_finish/binder.gd:35)
       [7] apply_identity (res://source_operators/operator_visual.gd:103)
       [8] apply_actor (res://source_operators/operator_visual.gd:190)
       [9] apply_state (res://world/presentation.gd:119)
       [10] on_snapshot (res://world/session.gd:763)
       [11] on_snapshot (res://lattice/world_demo.gd:354)
       [12] deliver_snapshot (res://net/client.gd:501)
       [13] deliver_frame (res://net/client.gd:452)
       [14] decode_text (res://net/client.gd:340)
       [15] decode_text (res://lattice/transport.gd:163)
       [16] wire (res://tests/lattice/usability_contract.gd:29)
       [17] snapshot (res://tests/lattice/usability_contract.gd:35)
       [18] run (res://tests/lattice/usability_contract.gd:79)
ERROR: Cannot get path of node as it is not in a scene tree.
   at: get_path (scene/main/node.cpp:2374)
   GDScript backtrace (most recent call first):
       [0] _collect (res://source_operators/moth_finish/binder.gd:145)
       [1] _collect (res://source_operators/moth_finish/binder.gd:180)
       [2] _collect (res://source_operators/moth_finish/binder.gd:180)
       [3] _collect (res://source_operators/moth_finish/binder.gd:180)
       [4] _collect (res://source_operators/moth_finish/binder.gd:180)
       [5] _collect (res://source_operators/moth_finish/binder.gd:180)
       [6] _collect (res://source_operators/moth_finish/binder.gd:180)
       [7] _collect (res://source_operators/moth_finish/binder.gd:180)
       [8] _collect (res://source_operators/moth_finish/binder.gd:180)
       [9] _collect (res://source_operators/moth_finish/binder.gd:180)
       [10] bind (res://source_operators/moth_finish/binder.gd:35)
       [11] apply_identity (res://source_operators/operator_visual.gd:103)
       [12] apply_actor (res://source_operators/operator_visual.gd:190)
       [13] apply_state (res://world/presentation.gd:119)
       [14] on_snapshot (res://world/session.gd:763)
       [15] on_snapshot (res://lattice/world_demo.gd:354)
       [16] deliver_snapshot (res://net/client.gd:501)
       [17] deliver_frame (res://net/client.gd:452)
       [18] decode_text (res://net/client.gd:340)
       [19] decode_text (res://lattice/transport.gd:163)
       [20] wire (res://tests/lattice/usability_contract.gd:29)
       [21] snapshot (res://tests/lattice/usability_contract.gd:35)
       [22] run (res://tests/lattice/usability_contract.gd:79)
ERROR: Cannot get path of node as it is not in a scene tree.
   at: get_path (scene/main/node.cpp:2374)
   GDScript backtrace (most recent call first):
       [0] _collect (res://source_operators/moth_finish/binder.gd:145)
       [1] _collect (res://source_operators/moth_finish/binder.gd:180)
       [2] _collect (res://source_operators/moth_finish/binder.gd:180)
       [3] _collect (res://source_operators/moth_finish/binder.gd:180)
       [4] _collect (res://source_operators/moth_finish/binder.gd:180)
       [5] _collect (res://source_operators/moth_finish/binder.gd:180)
       [6] _collect (res://source_operators/moth_finish/binder.gd:180)
       [7] _collect (res://source_operators/moth_finish/binder.gd:180)
       [8] _collect (res://source_operators/moth_finish/binder.gd:180)
       [9] _collect (res://source_operators/moth_finish/binder.gd:180)
       [10] bind (res://source_operators/moth_finish/binder.gd:35)
       [11] apply_identity (res://source_operators/operator_visual.gd:103)
       [12] apply_actor (res://source_operators/operator_visual.gd:190)
       [13] apply_state (res://world/presentation.gd:119)
       [14] on_snapshot (res://world/session.gd:763)
       [15] on_snapshot (res://lattice/world_demo.gd:354)
       [16] deliver_snapshot (res://net/client.gd:501)
       [17] deliver_frame (res://net/client.gd:452)
       [18] decode_text (res://net/client.gd:340)
       [19] decode_text (res://lattice/transport.gd:163)
       [20] wire (res://tests/lattice/usability_contract.gd:29)
       [21] snapshot (res://tests/lattice/usability_contract.gd:35)
       [22] run (res://tests/lattice/usability_contract.gd:79)
ERROR: Cannot get path of node as it is not in a scene tree.
   at: get_path (scene/main/node.cpp:2374)
   GDScript backtrace (most recent call first):
       [0] _collect (res://source_operators/moth_finish/binder.gd:145)
       [1] _collect (res://source_operators/moth_finish/binder.gd:180)
       [2] _collect (res://source_operators/moth_finish/binder.gd:180)
       [3] _collect (res://source_operators/moth_finish/binder.gd:180)
       [4] _collect (res://source_operators/moth_finish/binder.gd:180)
       [5] _collect (res://source_operators/moth_finish/binder.gd:180)
       [6] _collect (res://source_operators/moth_finish/binder.gd:180)
       [7] _collect (res://source_operators/moth_finish/binder.gd:180)
       [8] _collect (res://source_operators/moth_finish/binder.gd:180)
       [9] _collect (res://source_operators/moth_finish/binder.gd:180)
       [10] bind (res://source_operators/moth_finish/binder.gd:35)
       [11] apply_identity (res://source_operators/operator_visual.gd:103)
       [12] apply_actor (res://source_operators/operator_visual.gd:190)
       [13] apply_state (res://world/presentation.gd:119)
       [14] on_snapshot (res://world/session.gd:763)
       [15] on_snapshot (res://lattice/world_demo.gd:354)
       [16] deliver_snapshot (res://net/client.gd:501)
       [17] deliver_frame (res://net/client.gd:452)
       [18] decode_text (res://net/client.gd:340)
       [19] decode_text (res://lattice/transport.gd:163)
       [20] wire (res://tests/lattice/usability_contract.gd:29)
       [21] snapshot (res://tests/lattice/usability_contract.gd:35)
       [22] run (res://tests/lattice/usability_contract.gd:79)
ERROR: Cannot get path of node as it is not in a scene tree.
   at: get_path (scene/main/node.cpp:2374)
   GDScript backtrace (most recent call first):
       [0] _collect (res://source_operators/moth_finish/binder.gd:145)
       [1] _collect (res://source_operators/moth_finish/binder.gd:180)
       [2] _collect (res://source_operators/moth_finish/binder.gd:180)
       [3] _collect (res://source_operators/moth_finish/binder.gd:180)
       [4] _collect (res://source_operators/moth_finish/binder.gd:180)
       [5] _collect (res://source_operators/moth_finish/binder.gd:180)
       [6] _collect (res://source_operators/moth_finish/binder.gd:180)
       [7] _collect (res://source_operators/moth_finish/binder.gd:180)
       [8] _collect (res://source_operators/moth_finish/binder.gd:180)
       [9] _collect (res://source_operators/moth_finish/binder.gd:180)
       [10] bind (res://source_operators/moth_finish/binder.gd:35)
       [11] apply_identity (res://source_operators/operator_visual.gd:103)
       [12] apply_actor (res://source_operators/operator_visual.gd:190)
       [13] apply_state (res://world/presentation.gd:119)
       [14] on_snapshot (res://world/session.gd:763)
       [15] on_snapshot (res://lattice/world_demo.gd:354)
       [16] deliver_snapshot (res://net/client.gd:501)
       [17] deliver_frame (res://net/client.gd:452)
       [18] decode_text (res://net/client.gd:340)
       [19] decode_text (res://lattice/transport.gd:163)
       [20] wire (res://tests/lattice/usability_contract.gd:29)
       [21] snapshot (res://tests/lattice/usability_contract.gd:35)
       [22] run (res://tests/lattice/usability_contract.gd:79)
ERROR: Cannot get path of node as it is not in a scene tree.
   at: get_path (scene/main/node.cpp:2374)
   GDScript backtrace (most recent call first):
       [0] _collect (res://source_operators/moth_finish/binder.gd:145)
       [1] _collect (res://source_operators/moth_finish/binder.gd:180)
       [2] _collect (res://source_operators/moth_finish/binder.gd:180)
       [3] _collect (res://source_operators/moth_finish/binder.gd:180)
       [4] _collect (res://source_operators/moth_finish/binder.gd:180)
       [5] _collect (res://source_operators/moth_finish/binder.gd:180)
       [6] _collect (res://source_operators/moth_finish/binder.gd:180)
       [7] _collect (res://source_operators/moth_finish/binder.gd:180)
       [8] _collect (res://source_operators/moth_finish/binder.gd:180)
       [9] bind (res://source_operators/moth_finish/binder.gd:35)
       [10] apply_identity (res://source_operators/operator_visual.gd:103)
       [11] apply_actor (res://source_operators/operator_visual.gd:190)
       [12] apply_state (res://world/presentation.gd:119)
       [13] on_snapshot (res://world/session.gd:763)
       [14] on_snapshot (res://lattice/world_demo.gd:354)
       [15] deliver_snapshot (res://net/client.gd:501)
       [16] deliver_frame (res://net/client.gd:452)
       [17] decode_text (res://net/client.gd:340)
       [18] decode_text (res://lattice/transport.gd:163)
       [19] wire (res://tests/lattice/usability_contract.gd:29)
       [20] snapshot (res://tests/lattice/usability_contract.gd:35)
       [21] run (res://tests/lattice/usability_contract.gd:79)
ERROR: Cannot get path of node as it is not in a scene tree.
   at: get_path (scene/main/node.cpp:2374)
   GDScript backtrace (most recent call first):
       [0] _collect (res://source_operators/moth_finish/binder.gd:145)
       [1] _collect (res://source_operators/moth_finish/binder.gd:180)
       [2] _collect (res://source_operators/moth_finish/binder.gd:180)
       [3] _collect (res://source_operators/moth_finish/binder.gd:180)
       [4] _collect (res://source_operators/moth_finish/binder.gd:180)
       [5] _collect (res://source_operators/moth_finish/binder.gd:180)
       [6] _collect (res://source_operators/moth_finish/binder.gd:180)
       [7] _collect (res://source_operators/moth_finish/binder.gd:180)
       [8] _collect (res://source_operators/moth_finish/binder.gd:180)
       [9] bind (res://source_operators/moth_finish/binder.gd:35)
       [10] apply_identity (res://source_operators/operator_visual.gd:103)
       [11] apply_actor (res://source_operators/operator_visual.gd:190)
       [12] apply_state (res://world/presentation.gd:119)
       [13] on_snapshot (res://world/session.gd:763)
       [14] on_snapshot (res://lattice/world_demo.gd:354)
       [15] deliver_snapshot (res://net/client.gd:501)
       [16] deliver_frame (res://net/client.gd:452)
       [17] decode_text (res://net/client.gd:340)
       [18] decode_text (res://lattice/transport.gd:163)
       [19] wire (res://tests/lattice/usability_contract.gd:29)
       [20] snapshot (res://tests/lattice/usability_contract.gd:35)
       [21] run (res://tests/lattice/usability_contract.gd:79)
ERROR: Cannot get path of node as it is not in a scene tree.
   at: get_path (scene/main/node.cpp:2374)
   GDScript backtrace (most recent call first):
       [0] _collect (res://source_operators/moth_finish/binder.gd:145)
       [1] _collect (res://source_operators/moth_finish/binder.gd:180)
       [2] _collect (res://source_operators/moth_finish/binder.gd:180)
       [3] _collect (res://source_operators/moth_finish/binder.gd:180)
       [4] _collect (res://source_operators/moth_finish/binder.gd:180)
       [5] _collect (res://source_operators/moth_finish/binder.gd:180)
       [6] _collect (res://source_operators/moth_finish/binder.gd:180)
       [7] _collect (res://source_operators/moth_finish/binder.gd:180)
       [8] _collect (res://source_operators/moth_finish/binder.gd:180)
       [9] bind (res://source_operators/moth_finish/binder.gd:35)
       [10] apply_identity (res://source_operators/operator_visual.gd:103)
       [11] apply_actor (res://source_operators/operator_visual.gd:190)
       [12] apply_state (res://world/presentation.gd:119)
       [13] on_snapshot (res://world/session.gd:763)
       [14] on_snapshot (res://lattice/world_demo.gd:354)
       [15] deliver_snapshot (res://net/client.gd:501)
       [16] deliver_frame (res://net/client.gd:452)
       [17] decode_text (res://net/client.gd:340)
       [18] decode_text (res://lattice/transport.gd:163)
       [19] wire (res://tests/lattice/usability_contract.gd:29)
       [20] snapshot (res://tests/lattice/usability_contract.gd:35)
       [21] run (res://tests/lattice/usability_contract.gd:79)
ERROR: Cannot get path of node as it is not in a scene tree.
   at: get_path (scene/main/node.cpp:2374)
   GDScript backtrace (most recent call first):
       [0] _collect (res://source_operators/moth_finish/binder.gd:145)
       [1] _collect (res://source_operators/moth_finish/binder.gd:180)
       [2] _collect (res://source_operators/moth_finish/binder.gd:180)
       [3] _collect (res://source_operators/moth_finish/binder.gd:180)
       [4] _collect (res://source_operators/moth_finish/binder.gd:180)
       [5] _collect (res://source_operators/moth_finish/binder.gd:180)
       [6] _collect (res://source_operators/moth_finish/binder.gd:180)
       [7] _collect (res://source_operators/moth_finish/binder.gd:180)
       [8] _collect (res://source_operators/moth_finish/binder.gd:180)
       [9] bind (res://source_operators/moth_finish/binder.gd:35)
       [10] apply_identity (res://source_operators/operator_visual.gd:103)
       [11] apply_actor (res://source_operators/operator_visual.gd:190)
       [12] apply_state (res://world/presentation.gd:119)
       [13] on_snapshot (res://world/session.gd:763)
       [14] on_snapshot (res://lattice/world_demo.gd:354)
       [15] deliver_snapshot (res://net/client.gd:501)
       [16] deliver_frame (res://net/client.gd:452)
       [17] decode_text (res://net/client.gd:340)
       [18] decode_text (res://lattice/transport.gd:163)
       [19] wire (res://tests/lattice/usability_contract.gd:29)
       [20] snapshot (res://tests/lattice/usability_contract.gd:35)
       [21] run (res://tests/lattice/usability_contract.gd:79)
ERROR: Cannot get path of node as it is not in a scene tree.
   at: get_path (scene/main/node.cpp:2374)
   GDScript backtrace (most recent call first):
       [0] _collect (res://source_operators/moth_finish/binder.gd:145)
       [1] _collect (res://source_operators/moth_finish/binder.gd:180)
       [2] _collect (res://source_operators/moth_finish/binder.gd:180)
       [3] _collect (res://source_operators/moth_finish/binder.gd:180)
       [4] _collect (res://source_operators/moth_finish/binder.gd:180)
       [5] _collect (res://source_operators/moth_finish/binder.gd:180)
       [6] _collect (res://source_operators/moth_finish/binder.gd:180)
       [7] _collect (res://source_operators/moth_finish/binder.gd:180)
       [8] _collect (res://source_operators/moth_finish/binder.gd:180)
       [9] bind (res://source_operators/moth_finish/binder.gd:35)
       [10] apply_identity (res://source_operators/operator_visual.gd:103)
       [11] apply_actor (res://source_operators/operator_visual.gd:190)
       [12] apply_state (res://world/presentation.gd:119)
       [13] on_snapshot (res://world/session.gd:763)
       [14] on_snapshot (res://lattice/world_demo.gd:354)
       [15] deliver_snapshot (res://net/client.gd:501)
       [16] deliver_frame (res://net/client.gd:452)
       [17] decode_text (res://net/client.gd:340)
       [18] decode_text (res://lattice/transport.gd:163)
       [19] wire (res://tests/lattice/usability_contract.gd:29)
       [20] snapshot (res://tests/lattice/usability_contract.gd:35)
       [21] run (res://tests/lattice/usability_contract.gd:79)
ERROR: Cannot get path of node as it is not in a scene tree.
   at: get_path (scene/main/node.cpp:2374)
   GDScript backtrace (most recent call first):
       [0] _collect (res://source_operators/moth_finish/binder.gd:145)
       [1] _collect (res://source_operators/moth_finish/binder.gd:180)
       [2] _collect (res://source_operators/moth_finish/binder.gd:180)
       [3] _collect (res://source_operators/moth_finish/binder.gd:180)
       [4] _collect (res://source_operators/moth_finish/binder.gd:180)
       [5] _collect (res://source_operators/moth_finish/binder.gd:180)
       [6] _collect (res://source_operators/moth_finish/binder.gd:180)
       [7] _collect (res://source_operators/moth_finish/binder.gd:180)
       [8] _collect (res://source_operators/moth_finish/binder.gd:180)
       [9] bind (res://source_operators/moth_finish/binder.gd:35)
       [10] apply_identity (res://source_operators/operator_visual.gd:103)
       [11] apply_actor (res://source_operators/operator_visual.gd:190)
       [12] apply_state (res://world/presentation.gd:119)
       [13] on_snapshot (res://world/session.gd:763)
       [14] on_snapshot (res://lattice/world_demo.gd:354)
       [15] deliver_snapshot (res://net/client.gd:501)
       [16] deliver_frame (res://net/client.gd:452)
       [17] decode_text (res://net/client.gd:340)
       [18] decode_text (res://lattice/transport.gd:163)
       [19] wire (res://tests/lattice/usability_contract.gd:29)
       [20] snapshot (res://tests/lattice/usability_contract.gd:35)
       [21] run (res://tests/lattice/usability_contract.gd:79)
ERROR: Cannot get path of node as it is not in a scene tree.
   at: get_path (scene/main/node.cpp:2374)
   GDScript backtrace (most recent call first):
       [0] _collect (res://source_operators/moth_finish/binder.gd:145)
       [1] _collect (res://source_operators/moth_finish/binder.gd:180)
       [2] _collect (res://source_operators/moth_finish/binder.gd:180)
       [3] _collect (res://source_operators/moth_finish/binder.gd:180)
       [4] _collect (res://source_operators/moth_finish/binder.gd:180)
       [5] _collect (res://source_operators/moth_finish/binder.gd:180)
       [6] _collect (res://source_operators/moth_finish/binder.gd:180)
       [7] _collect (res://source_operators/moth_finish/binder.gd:180)
       [8] _collect (res://source_operators/moth_finish/binder.gd:180)
       [9] bind (res://source_operators/moth_finish/binder.gd:35)
       [10] apply_identity (res://source_operators/operator_visual.gd:103)
       [11] apply_actor (res://source_operators/operator_visual.gd:190)
       [12] apply_state (res://world/presentation.gd:119)
       [13] on_snapshot (res://world/session.gd:763)
       [14] on_snapshot (res://lattice/world_demo.gd:354)
       [15] deliver_snapshot (res://net/client.gd:501)
       [16] deliver_frame (res://net/client.gd:452)
       [17] decode_text (res://net/client.gd:340)
       [18] decode_text (res://lattice/transport.gd:163)
       [19] wire (res://tests/lattice/usability_contract.gd:29)
       [20] snapshot (res://tests/lattice/usability_contract.gd:35)
       [21] run (res://tests/lattice/usability_contract.gd:79)
ERROR: Cannot get path of node as it is not in a scene tree.
   at: get_path (scene/main/node.cpp:2374)
   GDScript backtrace (most recent call first):
       [0] _collect (res://source_operators/moth_finish/binder.gd:145)
       [1] _collect (res://source_operators/moth_finish/binder.gd:180)
       [2] _collect (res://source_operators/moth_finish/binder.gd:180)
       [3] _collect (res://source_operators/moth_finish/binder.gd:180)
       [4] _collect (res://source_operators/moth_finish/binder.gd:180)
       [5] _collect (res://source_operators/moth_finish/binder.gd:180)
       [6] _collect (res://source_operators/moth_finish/binder.gd:180)
       [7] _collect (res://source_operators/moth_finish/binder.gd:180)
       [8] bind (res://source_operators/moth_finish/binder.gd:35)
       [9] apply_identity (res://source_operators/operator_visual.gd:103)
       [10] apply_actor (res://source_operators/operator_visual.gd:190)
       [11] apply_state (res://world/presentation.gd:119)
       [12] on_snapshot (res://world/session.gd:763)
       [13] on_snapshot (res://lattice/world_demo.gd:354)
       [14] deliver_snapshot (res://net/client.gd:501)
       [15] deliver_frame (res://net/client.gd:452)
       [16] decode_text (res://net/client.gd:340)
       [17] decode_text (res://lattice/transport.gd:163)
       [18] wire (res://tests/lattice/usability_contract.gd:29)
       [19] snapshot (res://tests/lattice/usability_contract.gd:35)
       [20] run (res://tests/lattice/usability_contract.gd:79)
ERROR: Cannot get path of node as it is not in a scene tree.
   at: get_path (scene/main/node.cpp:2374)
   GDScript backtrace (most recent call first):
       [0] _collect (res://source_operators/moth_finish/binder.gd:145)
       [1] _collect (res://source_operators/moth_finish/binder.gd:180)
       [2] _collect (res://source_operators/moth_finish/binder.gd:180)
       [3] _collect (res://source_operators/moth_finish/binder.gd:180)
       [4] _collect (res://source_operators/moth_finish/binder.gd:180)
       [5] _collect (res://source_operators/moth_finish/binder.gd:180)
       [6] _collect (res://source_operators/moth_finish/binder.gd:180)
       [7] _collect (res://source_operators/moth_finish/binder.gd:180)
       [8] bind (res://source_operators/moth_finish/binder.gd:35)
       [9] apply_identity (res://source_operators/operator_visual.gd:103)
       [10] apply_actor (res://source_operators/operator_visual.gd:190)
       [11] apply_state (res://world/presentation.gd:119)
       [12] on_snapshot (res://world/session.gd:763)
       [13] on_snapshot (res://lattice/world_demo.gd:354)
       [14] deliver_snapshot (res://net/client.gd:501)
       [15] deliver_frame (res://net/client.gd:452)
       [16] decode_text (res://net/client.gd:340)
       [17] decode_text (res://lattice/transport.gd:163)
       [18] wire (res://tests/lattice/usability_contract.gd:29)
       [19] snapshot (res://tests/lattice/usability_contract.gd:35)
       [20] run (res://tests/lattice/usability_contract.gd:79)
ERROR: Cannot get path of node as it is not in a scene tree.
   at: get_path (scene/main/node.cpp:2374)
   GDScript backtrace (most recent call first):
       [0] _collect (res://source_operators/moth_finish/binder.gd:145)
       [1] _collect (res://source_operators/moth_finish/binder.gd:180)
       [2] _collect (res://source_operators/moth_finish/binder.gd:180)
       [3] _collect (res://source_operators/moth_finish/binder.gd:180)
       [4] _collect (res://source_operators/moth_finish/binder.gd:180)
       [5] _collect (res://source_operators/moth_finish/binder.gd:180)
       [6] _collect (res://source_operators/moth_finish/binder.gd:180)
       [7] bind (res://source_operators/moth_finish/binder.gd:35)
       [8] apply_identity (res://source_operators/operator_visual.gd:103)
       [9] apply_actor (res://source_operators/operator_visual.gd:190)
       [10] apply_state (res://world/presentation.gd:119)
       [11] on_snapshot (res://world/session.gd:763)
       [12] on_snapshot (res://lattice/world_demo.gd:354)
       [13] deliver_snapshot (res://net/client.gd:501)
       [14] deliver_frame (res://net/client.gd:452)
       [15] decode_text (res://net/client.gd:340)
       [16] decode_text (res://lattice/transport.gd:163)
       [17] wire (res://tests/lattice/usability_contract.gd:29)
       [18] snapshot (res://tests/lattice/usability_contract.gd:35)
       [19] run (res://tests/lattice/usability_contract.gd:79)
ERROR: Cannot get path of node as it is not in a scene tree.
   at: get_path (scene/main/node.cpp:2374)
   GDScript backtrace (most recent call first):
       [0] _collect (res://source_operators/moth_finish/binder.gd:145)
       [1] _collect (res://source_operators/moth_finish/binder.gd:180)
       [2] _collect (res://source_operators/moth_finish/binder.gd:180)
       [3] _collect (res://source_operators/moth_finish/binder.gd:180)
       [4] _collect (res://source_operators/moth_finish/binder.gd:180)
       [5] _collect (res://source_operators/moth_finish/binder.gd:180)
       [6] _collect (res://source_operators/moth_finish/binder.gd:180)
       [7] bind (res://source_operators/moth_finish/binder.gd:35)
       [8] apply_identity (res://source_operators/operator_visual.gd:103)
       [9] apply_actor (res://source_operators/operator_visual.gd:190)
       [10] apply_state (res://world/presentation.gd:119)
       [11] on_snapshot (res://world/session.gd:763)
       [12] on_snapshot (res://lattice/world_demo.gd:354)
       [13] deliver_snapshot (res://net/client.gd:501)
       [14] deliver_frame (res://net/client.gd:452)
       [15] decode_text (res://net/client.gd:340)
       [16] decode_text (res://lattice/transport.gd:163)
       [17] wire (res://tests/lattice/usability_contract.gd:29)
       [18] snapshot (res://tests/lattice/usability_contract.gd:35)
       [19] run (res://tests/lattice/usability_contract.gd:79)
ERROR: Cannot get path of node as it is not in a scene tree.
   at: get_path (scene/main/node.cpp:2374)
   GDScript backtrace (most recent call first):
       [0] _collect (res://source_operators/moth_finish/binder.gd:145)
       [1] _collect (res://source_operators/moth_finish/binder.gd:180)
       [2] _collect (res://source_operators/moth_finish/binder.gd:180)
       [3] _collect (res://source_operators/moth_finish/binder.gd:180)
       [4] _collect (res://source_operators/moth_finish/binder.gd:180)
       [5] _collect (res://source_operators/moth_finish/binder.gd:180)
       [6] _collect (res://source_operators/moth_finish/binder.gd:180)
       [7] bind (res://source_operators/moth_finish/binder.gd:35)
       [8] apply_identity (res://source_operators/operator_visual.gd:103)
       [9] apply_actor (res://source_operators/operator_visual.gd:190)
       [10] apply_state (res://world/presentation.gd:119)
       [11] on_snapshot (res://world/session.gd:763)
       [12] on_snapshot (res://lattice/world_demo.gd:354)
       [13] deliver_snapshot (res://net/client.gd:501)
       [14] deliver_frame (res://net/client.gd:452)
       [15] decode_text (res://net/client.gd:340)
       [16] decode_text (res://lattice/transport.gd:163)
       [17] wire (res://tests/lattice/usability_contract.gd:29)
       [18] snapshot (res://tests/lattice/usability_contract.gd:35)
       [19] run (res://tests/lattice/usability_contract.gd:79)
ERROR: Cannot get path of node as it is not in a scene tree.
   at: get_path (scene/main/node.cpp:2374)
   GDScript backtrace (most recent call first):
       [0] _collect (res://source_operators/moth_finish/binder.gd:145)
       [1] _collect (res://source_operators/moth_finish/binder.gd:180)
       [2] _collect (res://source_operators/moth_finish/binder.gd:180)
       [3] _collect (res://source_operators/moth_finish/binder.gd:180)
       [4] _collect (res://source_operators/moth_finish/binder.gd:180)
       [5] _collect (res://source_operators/moth_finish/binder.gd:180)
       [6] _collect (res://source_operators/moth_finish/binder.gd:180)
       [7] bind (res://source_operators/moth_finish/binder.gd:35)
       [8] apply_identity (res://source_operators/operator_visual.gd:103)
       [9] apply_actor (res://source_operators/operator_visual.gd:190)
       [10] apply_state (res://world/presentation.gd:119)
       [11] on_snapshot (res://world/session.gd:763)
       [12] on_snapshot (res://lattice/world_demo.gd:354)
       [13] deliver_snapshot (res://net/client.gd:501)
       [14] deliver_frame (res://net/client.gd:452)
       [15] decode_text (res://net/client.gd:340)
       [16] decode_text (res://lattice/transport.gd:163)
       [17] wire (res://tests/lattice/usability_contract.gd:29)
       [18] snapshot (res://tests/lattice/usability_contract.gd:35)
       [19] run (res://tests/lattice/usability_contract.gd:79)
ERROR: Cannot get path of node as it is not in a scene tree.
   at: get_path (scene/main/node.cpp:2374)
   GDScript backtrace (most recent call first):
       [0] _collect (res://source_operators/moth_finish/binder.gd:145)
       [1] _collect (res://source_operators/moth_finish/binder.gd:180)
       [2] _collect (res://source_operators/moth_finish/binder.gd:180)
       [3] _collect (res://source_operators/moth_finish/binder.gd:180)
       [4] _collect (res://source_operators/moth_finish/binder.gd:180)
       [5] _collect (res://source_operators/moth_finish/binder.gd:180)
       [6] bind (res://source_operators/moth_finish/binder.gd:35)
       [7] apply_identity (res://source_operators/operator_visual.gd:103)
       [8] apply_actor (res://source_operators/operator_visual.gd:190)
       [9] apply_state (res://world/presentation.gd:119)
       [10] on_snapshot (res://world/session.gd:763)
       [11] on_snapshot (res://lattice/world_demo.gd:354)
       [12] deliver_snapshot (res://net/client.gd:501)
       [13] deliver_frame (res://net/client.gd:452)
       [14] decode_text (res://net/client.gd:340)
       [15] decode_text (res://lattice/transport.gd:163)
       [16] wire (res://tests/lattice/usability_contract.gd:29)
       [17] snapshot (res://tests/lattice/usability_contract.gd:35)
       [18] run (res://tests/lattice/usability_contract.gd:79)
ERROR: Cannot get path of node as it is not in a scene tree.
   at: get_path (scene/main/node.cpp:2374)
   GDScript backtrace (most recent call first):
       [0] _collect (res://source_operators/moth_finish/binder.gd:145)
       [1] _collect (res://source_operators/moth_finish/binder.gd:180)
       [2] _collect (res://source_operators/moth_finish/binder.gd:180)
       [3] _collect (res://source_operators/moth_finish/binder.gd:180)
       [4] _collect (res://source_operators/moth_finish/binder.gd:180)
       [5] _collect (res://source_operators/moth_finish/binder.gd:180)
       [6] bind (res://source_operators/moth_finish/binder.gd:35)
       [7] apply_identity (res://source_operators/operator_visual.gd:103)
       [8] apply_actor (res://source_operators/operator_visual.gd:190)
       [9] apply_state (res://world/presentation.gd:119)
       [10] on_snapshot (res://world/session.gd:763)
       [11] on_snapshot (res://lattice/world_demo.gd:354)
       [12] deliver_snapshot (res://net/client.gd:501)
       [13] deliver_frame (res://net/client.gd:452)
       [14] decode_text (res://net/client.gd:340)
       [15] decode_text (res://lattice/transport.gd:163)
       [16] wire (res://tests/lattice/usability_contract.gd:29)
       [17] snapshot (res://tests/lattice/usability_contract.gd:35)
       [18] run (res://tests/lattice/usability_contract.gd:79)
ERROR: Cannot get path of node as it is not in a scene tree.
   at: get_path (scene/main/node.cpp:2374)
   GDScript backtrace (most recent call first):
       [0] _collect (res://source_operators/moth_finish/binder.gd:145)
       [1] _collect (res://source_operators/moth_finish/binder.gd:180)
       [2] _collect (res://source_operators/moth_finish/binder.gd:180)
       [3] _collect (res://source_operators/moth_finish/binder.gd:180)
       [4] _collect (res://source_operators/moth_finish/binder.gd:180)
       [5] bind (res://source_operators/moth_finish/binder.gd:35)
       [6] apply_identity (res://source_operators/operator_visual.gd:103)
       [7] apply_actor (res://source_operators/operator_visual.gd:190)
       [8] apply_state (res://world/presentation.gd:119)
       [9] on_snapshot (res://world/session.gd:763)
       [10] on_snapshot (res://lattice/world_demo.gd:354)
       [11] deliver_snapshot (res://net/client.gd:501)
       [12] deliver_frame (res://net/client.gd:452)
       [13] decode_text (res://net/client.gd:340)
       [14] decode_text (res://lattice/transport.gd:163)
       [15] wire (res://tests/lattice/usability_contract.gd:29)
       [16] snapshot (res://tests/lattice/usability_contract.gd:35)
       [17] run (res://tests/lattice/usability_contract.gd:79)
ERROR: Cannot get path of node as it is not in a scene tree.
   at: get_path (scene/main/node.cpp:2374)
   GDScript backtrace (most recent call first):
       [0] _collect (res://source_operators/moth_finish/binder.gd:145)
       [1] _collect (res://source_operators/moth_finish/binder.gd:180)
       [2] _collect (res://source_operators/moth_finish/binder.gd:180)
       [3] _collect (res://source_operators/moth_finish/binder.gd:180)
       [4] _collect (res://source_operators/moth_finish/binder.gd:180)
       [5] bind (res://source_operators/moth_finish/binder.gd:35)
       [6] apply_identity (res://source_operators/operator_visual.gd:103)
       [7] apply_actor (res://source_operators/operator_visual.gd:190)
       [8] apply_state (res://world/presentation.gd:119)
       [9] on_snapshot (res://world/session.gd:763)
       [10] on_snapshot (res://lattice/world_demo.gd:354)
       [11] deliver_snapshot (res://net/client.gd:501)
       [12] deliver_frame (res://net/client.gd:452)
       [13] decode_text (res://net/client.gd:340)
       [14] decode_text (res://lattice/transport.gd:163)
       [15] wire (res://tests/lattice/usability_contract.gd:29)
       [16] snapshot (res://tests/lattice/usability_contract.gd:35)
       [17] run (res://tests/lattice/usability_contract.gd:79)
ERROR: Cannot get path of node as it is not in a scene tree.
   at: get_path (scene/main/node.cpp:2374)
   GDScript backtrace (most recent call first):
       [0] _collect (res://source_operators/moth_finish/binder.gd:145)
       [1] _collect (res://source_operators/moth_finish/binder.gd:180)
       [2] _collect (res://source_operators/moth_finish/binder.gd:180)
       [3] _collect (res://source_operators/moth_finish/binder.gd:180)
       [4] _collect (res://source_operators/moth_finish/binder.gd:180)
       [5] bind (res://source_operators/moth_finish/binder.gd:35)
       [6] apply_identity (res://source_operators/operator_visual.gd:103)
       [7] apply_actor (res://source_operators/operator_visual.gd:190)
       [8] apply_state (res://world/presentation.gd:119)
       [9] on_snapshot (res://world/session.gd:763)
       [10] on_snapshot (res://lattice/world_demo.gd:354)
       [11] deliver_snapshot (res://net/client.gd:501)
       [12] deliver_frame (res://net/client.gd:452)
       [13] decode_text (res://net/client.gd:340)
       [14] decode_text (res://lattice/transport.gd:163)
       [15] wire (res://tests/lattice/usability_contract.gd:29)
       [16] snapshot (res://tests/lattice/usability_contract.gd:35)
       [17] run (res://tests/lattice/usability_contract.gd:79)
ERROR: Cannot get path of node as it is not in a scene tree.
   at: get_path (scene/main/node.cpp:2374)
   GDScript backtrace (most recent call first):
       [0] _collect (res://source_operators/moth_finish/binder.gd:145)
       [1] _collect (res://source_operators/moth_finish/binder.gd:180)
       [2] _collect (res://source_operators/moth_finish/binder.gd:180)
       [3] _collect (res://source_operators/moth_finish/binder.gd:180)
       [4] _collect (res://source_operators/moth_finish/binder.gd:180)
       [5] bind (res://source_operators/moth_finish/binder.gd:35)
       [6] apply_identity (res://source_operators/operator_visual.gd:103)
       [7] apply_actor (res://source_operators/operator_visual.gd:190)
       [8] apply_state (res://world/presentation.gd:119)
       [9] on_snapshot (res://world/session.gd:763)
       [10] on_snapshot (res://lattice/world_demo.gd:354)
       [11] deliver_snapshot (res://net/client.gd:501)
       [12] deliver_frame (res://net/client.gd:452)
       [13] decode_text (res://net/client.gd:340)
       [14] decode_text (res://lattice/transport.gd:163)
       [15] wire (res://tests/lattice/usability_contract.gd:29)
       [16] snapshot (res://tests/lattice/usability_contract.gd:35)
       [17] run (res://tests/lattice/usability_contract.gd:79)
ERROR: Cannot get path of node as it is not in a scene tree.
   at: get_path (scene/main/node.cpp:2374)
   GDScript backtrace (most recent call first):
       [0] _collect (res://source_operators/moth_finish/binder.gd:145)
       [1] _collect (res://source_operators/moth_finish/binder.gd:180)
       [2] _collect (res://source_operators/moth_finish/binder.gd:180)
       [3] _collect (res://source_operators/moth_finish/binder.gd:180)
       [4] _collect (res://source_operators/moth_finish/binder.gd:180)
       [5] bind (res://source_operators/moth_finish/binder.gd:35)
       [6] apply_identity (res://source_operators/operator_visual.gd:103)
       [7] apply_actor (res://source_operators/operator_visual.gd:190)
       [8] apply_state (res://world/presentation.gd:119)
       [9] on_snapshot (res://world/session.gd:763)
       [10] on_snapshot (res://lattice/world_demo.gd:354)
       [11] deliver_snapshot (res://net/client.gd:501)
       [12] deliver_frame (res://net/client.gd:452)
       [13] decode_text (res://net/client.gd:340)
       [14] decode_text (res://lattice/transport.gd:163)
       [15] wire (res://tests/lattice/usability_contract.gd:29)
       [16] snapshot (res://tests/lattice/usability_contract.gd:35)
       [17] run (res://tests/lattice/usability_contract.gd:79)
ERROR: Cannot get path of node as it is not in a scene tree.
   at: get_path (scene/main/node.cpp:2374)
   GDScript backtrace (most recent call first):
       [0] _collect (res://source_operators/moth_finish/binder.gd:136)
       [1] _collect (res://source_operators/moth_finish/binder.gd:180)
       [2] _collect (res://source_operators/moth_finish/binder.gd:180)
       [3] _collect (res://source_operators/moth_finish/binder.gd:180)
       [4] bind (res://source_operators/moth_finish/binder.gd:35)
       [5] apply_identity (res://source_operators/operator_visual.gd:103)
       [6] apply_actor (res://source_operators/operator_visual.gd:190)
       [7] apply_state (res://world/presentation.gd:119)
       [8] on_snapshot (res://world/session.gd:763)
       [9] on_snapshot (res://lattice/world_demo.gd:354)
       [10] deliver_snapshot (res://net/client.gd:501)
       [11] deliver_frame (res://net/client.gd:452)
       [12] decode_text (res://net/client.gd:340)
       [13] decode_text (res://lattice/transport.gd:163)
       [14] wire (res://tests/lattice/usability_contract.gd:29)
       [15] snapshot (res://tests/lattice/usability_contract.gd:35)
       [16] run (res://tests/lattice/usability_contract.gd:79)
ERROR: Cannot get path of node as it is not in a scene tree.
   at: get_path (scene/main/node.cpp:2374)
   GDScript backtrace (most recent call first):
       [0] _collect (res://source_operators/moth_finish/binder.gd:136)
       [1] _collect (res://source_operators/moth_finish/binder.gd:180)
       [2] _collect (res://source_operators/moth_finish/binder.gd:180)
       [3] _collect (res://source_operators/moth_finish/binder.gd:180)
       [4] bind (res://source_operators/moth_finish/binder.gd:35)
       [5] apply_identity (res://source_operators/operator_visual.gd:103)
       [6] apply_actor (res://source_operators/operator_visual.gd:190)
       [7] apply_state (res://world/presentation.gd:119)
       [8] on_snapshot (res://world/session.gd:763)
       [9] on_snapshot (res://lattice/world_demo.gd:354)
       [10] deliver_snapshot (res://net/client.gd:501)
       [11] deliver_frame (res://net/client.gd:452)
       [12] decode_text (res://net/client.gd:340)
       [13] decode_text (res://lattice/transport.gd:163)
       [14] wire (res://tests/lattice/usability_contract.gd:29)
       [15] snapshot (res://tests/lattice/usability_contract.gd:35)
       [16] run (res://tests/lattice/usability_contract.gd:79)
ERROR: Cannot get path of node as it is not in a scene tree.
   at: get_path (scene/main/node.cpp:2374)
   GDScript backtrace (most recent call first):
       [0] _collect (res://source_operators/moth_finish/binder.gd:136)
       [1] _collect (res://source_operators/moth_finish/binder.gd:180)
       [2] _collect (res://source_operators/moth_finish/binder.gd:180)
       [3] _collect (res://source_operators/moth_finish/binder.gd:180)
       [4] bind (res://source_operators/moth_finish/binder.gd:35)
       [5] apply_identity (res://source_operators/operator_visual.gd:103)
       [6] apply_actor (res://source_operators/operator_visual.gd:190)
       [7] apply_state (res://world/presentation.gd:119)
       [8] on_snapshot (res://world/session.gd:763)
       [9] on_snapshot (res://lattice/world_demo.gd:354)
       [10] deliver_snapshot (res://net/client.gd:501)
       [11] deliver_frame (res://net/client.gd:452)
       [12] decode_text (res://net/client.gd:340)
       [13] decode_text (res://lattice/transport.gd:163)
       [14] wire (res://tests/lattice/usability_contract.gd:29)
       [15] snapshot (res://tests/lattice/usability_contract.gd:35)
       [16] run (res://tests/lattice/usability_contract.gd:79)
ERROR: Cannot get path of node as it is not in a scene tree.
   at: get_path (scene/main/node.cpp:2374)
   GDScript backtrace (most recent call first):
       [0] _collect (res://source_operators/moth_finish/binder.gd:136)
       [1] _collect (res://source_operators/moth_finish/binder.gd:180)
       [2] _collect (res://source_operators/moth_finish/binder.gd:180)
       [3] _collect (res://source_operators/moth_finish/binder.gd:180)
       [4] bind (res://source_operators/moth_finish/binder.gd:35)
       [5] apply_identity (res://source_operators/operator_visual.gd:103)
       [6] apply_actor (res://source_operators/operator_visual.gd:190)
       [7] apply_state (res://world/presentation.gd:119)
       [8] on_snapshot (res://world/session.gd:763)
       [9] on_snapshot (res://lattice/world_demo.gd:354)
       [10] deliver_snapshot (res://net/client.gd:501)
       [11] deliver_frame (res://net/client.gd:452)
       [12] decode_text (res://net/client.gd:340)
       [13] decode_text (res://lattice/transport.gd:163)
       [14] wire (res://tests/lattice/usability_contract.gd:29)
       [15] snapshot (res://tests/lattice/usability_contract.gd:35)
       [16] run (res://tests/lattice/usability_contract.gd:79)
ERROR: Condition "!is_inside_tree()" is true. Returning: Transform3D()
   at: get_global_transform (scene/3d/node_3d.cpp:621)
   GDScript backtrace (most recent call first):
       [0] configure (res://source_operators/character_rig.gd:26)
       [1] apply_identity (res://source_operators/operator_visual.gd:109)
       [2] apply_actor (res://source_operators/operator_visual.gd:190)
       [3] apply_state (res://world/presentation.gd:119)
       [4] on_snapshot (res://world/session.gd:763)
       [5] on_snapshot (res://lattice/world_demo.gd:354)
       [6] deliver_snapshot (res://net/client.gd:501)
       [7] deliver_frame (res://net/client.gd:452)
       [8] decode_text (res://net/client.gd:340)
       [9] decode_text (res://lattice/transport.gd:163)
       [10] wire (res://tests/lattice/usability_contract.gd:29)
       [11] snapshot (res://tests/lattice/usability_contract.gd:35)
       [12] run (res://tests/lattice/usability_contract.gd:79)
ERROR: Condition "!is_inside_tree()" is true. Returning: Transform3D()
   at: get_global_transform (scene/3d/node_3d.cpp:621)
   GDScript backtrace (most recent call first):
       [0] configure (res://source_operators/character_rig.gd:26)
       [1] apply_identity (res://source_operators/operator_visual.gd:109)
       [2] apply_actor (res://source_operators/operator_visual.gd:190)
       [3] apply_state (res://world/presentation.gd:119)
       [4] on_snapshot (res://world/session.gd:763)
       [5] on_snapshot (res://lattice/world_demo.gd:354)
       [6] deliver_snapshot (res://net/client.gd:501)
       [7] deliver_frame (res://net/client.gd:452)
       [8] decode_text (res://net/client.gd:340)
       [9] decode_text (res://lattice/transport.gd:163)
       [10] wire (res://tests/lattice/usability_contract.gd:29)
       [11] snapshot (res://tests/lattice/usability_contract.gd:35)
       [12] run (res://tests/lattice/usability_contract.gd:79)
ERROR: Condition "!is_inside_tree()" is true. Returning: Transform3D()
   at: get_global_transform (scene/3d/node_3d.cpp:621)
   GDScript backtrace (most recent call first):
       [0] configure (res://source_operators/character_rig.gd:27)
       [1] apply_identity (res://source_operators/operator_visual.gd:109)
       [2] apply_actor (res://source_operators/operator_visual.gd:190)
       [3] apply_state (res://world/presentation.gd:119)
       [4] on_snapshot (res://world/session.gd:763)
       [5] on_snapshot (res://lattice/world_demo.gd:354)
       [6] deliver_snapshot (res://net/client.gd:501)
       [7] deliver_frame (res://net/client.gd:452)
       [8] decode_text (res://net/client.gd:340)
       [9] decode_text (res://lattice/transport.gd:163)
       [10] wire (res://tests/lattice/usability_contract.gd:29)
       [11] snapshot (res://tests/lattice/usability_contract.gd:35)
       [12] run (res://tests/lattice/usability_contract.gd:79)
ERROR: Condition "!is_inside_tree()" is true. Returning: Transform3D()
   at: get_global_transform (scene/3d/node_3d.cpp:621)
   GDScript backtrace (most recent call first):
       [0] configure (res://source_operators/character_rig.gd:27)
       [1] apply_identity (res://source_operators/operator_visual.gd:109)
       [2] apply_actor (res://source_operators/operator_visual.gd:190)
       [3] apply_state (res://world/presentation.gd:119)
       [4] on_snapshot (res://world/session.gd:763)
       [5] on_snapshot (res://lattice/world_demo.gd:354)
       [6] deliver_snapshot (res://net/client.gd:501)
       [7] deliver_frame (res://net/client.gd:452)
       [8] decode_text (res://net/client.gd:340)
       [9] decode_text (res://lattice/transport.gd:163)
       [10] wire (res://tests/lattice/usability_contract.gd:29)
       [11] snapshot (res://tests/lattice/usability_contract.gd:35)
       [12] run (res://tests/lattice/usability_contract.gd:79)
ERROR: Condition "!is_inside_tree()" is true. Returning: Transform3D()
   at: get_global_transform (scene/3d/node_3d.cpp:621)
   GDScript backtrace (most recent call first):
       [0] configure (res://source_operators/character_rig.gd:28)
       [1] apply_identity (res://source_operators/operator_visual.gd:109)
       [2] apply_actor (res://source_operators/operator_visual.gd:190)
       [3] apply_state (res://world/presentation.gd:119)
       [4] on_snapshot (res://world/session.gd:763)
       [5] on_snapshot (res://lattice/world_demo.gd:354)
       [6] deliver_snapshot (res://net/client.gd:501)
       [7] deliver_frame (res://net/client.gd:452)
       [8] decode_text (res://net/client.gd:340)
       [9] decode_text (res://lattice/transport.gd:163)
       [10] wire (res://tests/lattice/usability_contract.gd:29)
       [11] snapshot (res://tests/lattice/usability_contract.gd:35)
       [12] run (res://tests/lattice/usability_contract.gd:79)
ERROR: Condition "!is_inside_tree()" is true. Returning: Transform3D()
   at: get_global_transform (scene/3d/node_3d.cpp:621)
   GDScript backtrace (most recent call first):
       [0] configure (res://source_operators/character_rig.gd:28)
       [1] apply_identity (res://source_operators/operator_visual.gd:109)
       [2] apply_actor (res://source_operators/operator_visual.gd:190)
       [3] apply_state (res://world/presentation.gd:119)
       [4] on_snapshot (res://world/session.gd:763)
       [5] on_snapshot (res://lattice/world_demo.gd:354)
       [6] deliver_snapshot (res://net/client.gd:501)
       [7] deliver_frame (res://net/client.gd:452)
       [8] decode_text (res://net/client.gd:340)
       [9] decode_text (res://lattice/transport.gd:163)
       [10] wire (res://tests/lattice/usability_contract.gd:29)
       [11] snapshot (res://tests/lattice/usability_contract.gd:35)
       [12] run (res://tests/lattice/usability_contract.gd:79)
ERROR: Condition "!is_inside_tree()" is true. Returning: Transform3D()
   at: get_global_transform (scene/3d/node_3d.cpp:621)
   GDScript backtrace (most recent call first):
       [0] configure (res://source_operators/character_rig.gd:28)
       [1] apply_identity (res://source_operators/operator_visual.gd:109)
       [2] apply_actor (res://source_operators/operator_visual.gd:190)
       [3] apply_state (res://world/presentation.gd:119)
       [4] on_snapshot (res://world/session.gd:763)
       [5] on_snapshot (res://lattice/world_demo.gd:354)
       [6] deliver_snapshot (res://net/client.gd:501)
       [7] deliver_frame (res://net/client.gd:452)
       [8] decode_text (res://net/client.gd:340)
       [9] decode_text (res://lattice/transport.gd:163)
       [10] wire (res://tests/lattice/usability_contract.gd:29)
       [11] snapshot (res://tests/lattice/usability_contract.gd:35)
       [12] run (res://tests/lattice/usability_contract.gd:79)
ERROR: Condition "!is_inside_tree()" is true. Returning: Transform3D()
   at: get_global_transform (scene/3d/node_3d.cpp:621)
   GDScript backtrace (most recent call first):
       [0] configure (res://source_operators/character_rig.gd:28)
       [1] apply_identity (res://source_operators/operator_visual.gd:109)
       [2] apply_actor (res://source_operators/operator_visual.gd:190)
       [3] apply_state (res://world/presentation.gd:119)
       [4] on_snapshot (res://world/session.gd:763)
       [5] on_snapshot (res://lattice/world_demo.gd:354)
       [6] deliver_snapshot (res://net/client.gd:501)
       [7] deliver_frame (res://net/client.gd:452)
       [8] decode_text (res://net/client.gd:340)
       [9] decode_text (res://lattice/transport.gd:163)
       [10] wire (res://tests/lattice/usability_contract.gd:29)
       [11] snapshot (res://tests/lattice/usability_contract.gd:35)
       [12] run (res://tests/lattice/usability_contract.gd:79)
ERROR: Condition "!is_inside_tree()" is true. Returning: Transform3D()
   at: get_global_transform (scene/3d/node_3d.cpp:621)
   GDScript backtrace (most recent call first):
       [0] configure (res://source_operators/character_rig.gd:26)
       [1] apply_identity (res://source_operators/operator_visual.gd:109)
       [2] apply_actor (res://source_operators/operator_visual.gd:190)
       [3] apply_state (res://world/presentation.gd:119)
       [4] on_snapshot (res://world/session.gd:763)
       [5] on_snapshot (res://lattice/world_demo.gd:354)
       [6] deliver_snapshot (res://net/client.gd:501)
       [7] deliver_frame (res://net/client.gd:452)
       [8] decode_text (res://net/client.gd:340)
       [9] decode_text (res://lattice/transport.gd:163)
       [10] wire (res://tests/lattice/usability_contract.gd:29)
       [11] snapshot (res://tests/lattice/usability_contract.gd:35)
       [12] run (res://tests/lattice/usability_contract.gd:79)
ERROR: Condition "!is_inside_tree()" is true. Returning: Transform3D()
   at: get_global_transform (scene/3d/node_3d.cpp:621)
   GDScript backtrace (most recent call first):
       [0] configure (res://source_operators/character_rig.gd:26)
       [1] apply_identity (res://source_operators/operator_visual.gd:109)
       [2] apply_actor (res://source_operators/operator_visual.gd:190)
       [3] apply_state (res://world/presentation.gd:119)
       [4] on_snapshot (res://world/session.gd:763)
       [5] on_snapshot (res://lattice/world_demo.gd:354)
       [6] deliver_snapshot (res://net/client.gd:501)
       [7] deliver_frame (res://net/client.gd:452)
       [8] decode_text (res://net/client.gd:340)
       [9] decode_text (res://lattice/transport.gd:163)
       [10] wire (res://tests/lattice/usability_contract.gd:29)
       [11] snapshot (res://tests/lattice/usability_contract.gd:35)
       [12] run (res://tests/lattice/usability_contract.gd:79)
ERROR: Condition "!is_inside_tree()" is true. Returning: Transform3D()
   at: get_global_transform (scene/3d/node_3d.cpp:621)
   GDScript backtrace (most recent call first):
       [0] configure (res://source_operators/character_rig.gd:27)
       [1] apply_identity (res://source_operators/operator_visual.gd:109)
       [2] apply_actor (res://source_operators/operator_visual.gd:190)
       [3] apply_state (res://world/presentation.gd:119)
       [4] on_snapshot (res://world/session.gd:763)
       [5] on_snapshot (res://lattice/world_demo.gd:354)
       [6] deliver_snapshot (res://net/client.gd:501)
       [7] deliver_frame (res://net/client.gd:452)
       [8] decode_text (res://net/client.gd:340)
       [9] decode_text (res://lattice/transport.gd:163)
       [10] wire (res://tests/lattice/usability_contract.gd:29)
       [11] snapshot (res://tests/lattice/usability_contract.gd:35)
       [12] run (res://tests/lattice/usability_contract.gd:79)
ERROR: Condition "!is_inside_tree()" is true. Returning: Transform3D()
   at: get_global_transform (scene/3d/node_3d.cpp:621)
   GDScript backtrace (most recent call first):
       [0] configure (res://source_operators/character_rig.gd:27)
       [1] apply_identity (res://source_operators/operator_visual.gd:109)
       [2] apply_actor (res://source_operators/operator_visual.gd:190)
       [3] apply_state (res://world/presentation.gd:119)
       [4] on_snapshot (res://world/session.gd:763)
       [5] on_snapshot (res://lattice/world_demo.gd:354)
       [6] deliver_snapshot (res://net/client.gd:501)
       [7] deliver_frame (res://net/client.gd:452)
       [8] decode_text (res://net/client.gd:340)
       [9] decode_text (res://lattice/transport.gd:163)
       [10] wire (res://tests/lattice/usability_contract.gd:29)
       [11] snapshot (res://tests/lattice/usability_contract.gd:35)
       [12] run (res://tests/lattice/usability_contract.gd:79)
ERROR: Condition "!is_inside_tree()" is true. Returning: Transform3D()
   at: get_global_transform (scene/3d/node_3d.cpp:621)
   GDScript backtrace (most recent call first):
       [0] configure (res://source_operators/character_rig.gd:28)
       [1] apply_identity (res://source_operators/operator_visual.gd:109)
       [2] apply_actor (res://source_operators/operator_visual.gd:190)
       [3] apply_state (res://world/presentation.gd:119)
       [4] on_snapshot (res://world/session.gd:763)
       [5] on_snapshot (res://lattice/world_demo.gd:354)
       [6] deliver_snapshot (res://net/client.gd:501)
       [7] deliver_frame (res://net/client.gd:452)
       [8] decode_text (res://net/client.gd:340)
       [9] decode_text (res://lattice/transport.gd:163)
       [10] wire (res://tests/lattice/usability_contract.gd:29)
       [11] snapshot (res://tests/lattice/usability_contract.gd:35)
       [12] run (res://tests/lattice/usability_contract.gd:79)
ERROR: Condition "!is_inside_tree()" is true. Returning: Transform3D()
   at: get_global_transform (scene/3d/node_3d.cpp:621)
   GDScript backtrace (most recent call first):
       [0] configure (res://source_operators/character_rig.gd:28)
       [1] apply_identity (res://source_operators/operator_visual.gd:109)
       [2] apply_actor (res://source_operators/operator_visual.gd:190)
       [3] apply_state (res://world/presentation.gd:119)
       [4] on_snapshot (res://world/session.gd:763)
       [5] on_snapshot (res://lattice/world_demo.gd:354)
       [6] deliver_snapshot (res://net/client.gd:501)
       [7] deliver_frame (res://net/client.gd:452)
       [8] decode_text (res://net/client.gd:340)
       [9] decode_text (res://lattice/transport.gd:163)
       [10] wire (res://tests/lattice/usability_contract.gd:29)
       [11] snapshot (res://tests/lattice/usability_contract.gd:35)
       [12] run (res://tests/lattice/usability_contract.gd:79)
ERROR: Condition "!is_inside_tree()" is true. Returning: Transform3D()
   at: get_global_transform (scene/3d/node_3d.cpp:621)
   GDScript backtrace (most recent call first):
       [0] configure (res://source_operators/character_rig.gd:28)
       [1] apply_identity (res://source_operators/operator_visual.gd:109)
       [2] apply_actor (res://source_operators/operator_visual.gd:190)
       [3] apply_state (res://world/presentation.gd:119)
       [4] on_snapshot (res://world/session.gd:763)
       [5] on_snapshot (res://lattice/world_demo.gd:354)
       [6] deliver_snapshot (res://net/client.gd:501)
       [7] deliver_frame (res://net/client.gd:452)
       [8] decode_text (res://net/client.gd:340)
       [9] decode_text (res://lattice/transport.gd:163)
       [10] wire (res://tests/lattice/usability_contract.gd:29)
       [11] snapshot (res://tests/lattice/usability_contract.gd:35)
       [12] run (res://tests/lattice/usability_contract.gd:79)
ERROR: Condition "!is_inside_tree()" is true. Returning: Transform3D()
   at: get_global_transform (scene/3d/node_3d.cpp:621)
   GDScript backtrace (most recent call first):
       [0] configure (res://source_operators/character_rig.gd:28)
       [1] apply_identity (res://source_operators/operator_visual.gd:109)
       [2] apply_actor (res://source_operators/operator_visual.gd:190)
       [3] apply_state (res://world/presentation.gd:119)
       [4] on_snapshot (res://world/session.gd:763)
       [5] on_snapshot (res://lattice/world_demo.gd:354)
       [6] deliver_snapshot (res://net/client.gd:501)
       [7] deliver_frame (res://net/client.gd:452)
       [8] decode_text (res://net/client.gd:340)
       [9] decode_text (res://lattice/transport.gd:163)
       [10] wire (res://tests/lattice/usability_contract.gd:29)
       [11] snapshot (res://tests/lattice/usability_contract.gd:35)
       [12] run (res://tests/lattice/usability_contract.gd:79)
USABILITY_CHECK fresh healthy wire enables click but remains released true
USABILITY_CHECK source objective and camera-relative goal use decoded public state true
USABILITY_CHECK confirmed HOLD and executor lease cannot alter goal ownership/progress true
USABILITY_CHECK focus boundary labels update without a new snapshot true
USABILITY_CHECK unfocused feedback corresponds to actual same-adapter neutral queue true
USABILITY_CHECK focus return requires release before recapture true
USABILITY_CHECK stale state cannot keep showing actionable old objective guidance true
USABILITY_CHECK decoded death shows source respawn timer and hides goals true
USABILITY_CHECK zero timer with zero health does not claim living actor true
USABILITY_CHECK healthy respawn remains released until fresh click true
USABILITY_CHECK only received ownership transition updates source node label true
USABILITY_CHECK withheld progress/activity/wallet remain unknown true
USABILITY_CHECK missing projection clears goal and control together true
ERROR: Cannot get path of node as it is not in a scene tree.
   at: get_path (scene/main/node.cpp:2374)
   GDScript backtrace (most recent call first):
       [0] _collect (res://source_operators/moth_finish/binder.gd:145)
       [1] _collect (res://source_operators/moth_finish/binder.gd:180)
       [2] _collect (res://source_operators/moth_finish/binder.gd:180)
       [3] _collect (res://source_operators/moth_finish/binder.gd:180)
       [4] _collect (res://source_operators/moth_finish/binder.gd:180)
       [5] _collect (res://source_operators/moth_finish/binder.gd:180)
       [6] _collect (res://source_operators/moth_finish/binder.gd:180)
       [7] _collect (res://source_operators/moth_finish/binder.gd:180)
       [8] bind (res://source_operators/moth_finish/binder.gd:35)
       [9] apply_identity (res://source_operators/operator_visual.gd:103)
       [10] apply_actor (res://source_operators/operator_visual.gd:190)
       [11] apply_state (res://world/presentation.gd:119)
       [12] on_snapshot (res://world/session.gd:763)
       [13] on_snapshot (res://lattice/world_demo.gd:354)
       [14] deliver_snapshot (res://net/client.gd:501)
       [15] deliver_frame (res://net/client.gd:452)
       [16] decode_text (res://net/client.gd:340)
       [17] decode_text (res://lattice/transport.gd:163)
       [18] wire (res://tests/lattice/usability_contract.gd:29)
       [19] snapshot (res://tests/lattice/usability_contract.gd:35)
       [20] run (res://tests/lattice/usability_contract.gd:122)
ERROR: Cannot get path of node as it is not in a scene tree.
   at: get_path (scene/main/node.cpp:2374)
   GDScript backtrace (most recent call first):
       [0] _collect (res://source_operators/moth_finish/binder.gd:145)
       [1] _collect (res://source_operators/moth_finish/binder.gd:180)
       [2] _collect (res://source_operators/moth_finish/binder.gd:180)
       [3] _collect (res://source_operators/moth_finish/binder.gd:180)
       [4] _collect (res://source_operators/moth_finish/binder.gd:180)
       [5] _collect (res://source_operators/moth_finish/binder.gd:180)
       [6] _collect (res://source_operators/moth_finish/binder.gd:180)
       [7] _collect (res://source_operators/moth_finish/binder.gd:180)
       [8] bind (res://source_operators/moth_finish/binder.gd:35)
       [9] apply_identity (res://source_operators/operator_visual.gd:103)
       [10] apply_actor (res://source_operators/operator_visual.gd:190)
       [11] apply_state (res://world/presentation.gd:119)
       [12] on_snapshot (res://world/session.gd:763)
       [13] on_snapshot (res://lattice/world_demo.gd:354)
       [14] deliver_snapshot (res://net/client.gd:501)
       [15] deliver_frame (res://net/client.gd:452)
       [16] decode_text (res://net/client.gd:340)
       [17] decode_text (res://lattice/transport.gd:163)
       [18] wire (res://tests/lattice/usability_contract.gd:29)
       [19] snapshot (res://tests/lattice/usability_contract.gd:35)
       [20] run (res://tests/lattice/usability_contract.gd:122)
ERROR: Cannot get path of node as it is not in a scene tree.
   at: get_path (scene/main/node.cpp:2374)
   GDScript backtrace (most recent call first):
       [0] _collect (res://source_operators/moth_finish/binder.gd:145)
       [1] _collect (res://source_operators/moth_finish/binder.gd:180)
       [2] _collect (res://source_operators/moth_finish/binder.gd:180)
       [3] _collect (res://source_operators/moth_finish/binder.gd:180)
       [4] _collect (res://source_operators/moth_finish/binder.gd:180)
       [5] _collect (res://source_operators/moth_finish/binder.gd:180)
       [6] _collect (res://source_operators/moth_finish/binder.gd:180)
       [7] _collect (res://source_operators/moth_finish/binder.gd:180)
       [8] bind (res://source_operators/moth_finish/binder.gd:35)
       [9] apply_identity (res://source_operators/operator_visual.gd:103)
       [10] apply_actor (res://source_operators/operator_visual.gd:190)
       [11] apply_state (res://world/presentation.gd:119)
       [12] on_snapshot (res://world/session.gd:763)
       [13] on_snapshot (res://lattice/world_demo.gd:354)
       [14] deliver_snapshot (res://net/client.gd:501)
       [15] deliver_frame (res://net/client.gd:452)
       [16] decode_text (res://net/client.gd:340)
       [17] decode_text (res://lattice/transport.gd:163)
       [18] wire (res://tests/lattice/usability_contract.gd:29)
       [19] snapshot (res://tests/lattice/usability_contract.gd:35)
       [20] run (res://tests/lattice/usability_contract.gd:122)
ERROR: Cannot get path of node as it is not in a scene tree.
   at: get_path (scene/main/node.cpp:2374)
   GDScript backtrace (most recent call first):
       [0] _collect (res://source_operators/moth_finish/binder.gd:145)
       [1] _collect (res://source_operators/moth_finish/binder.gd:180)
       [2] _collect (res://source_operators/moth_finish/binder.gd:180)
       [3] _collect (res://source_operators/moth_finish/binder.gd:180)
       [4] _collect (res://source_operators/moth_finish/binder.gd:180)
       [5] _collect (res://source_operators/moth_finish/binder.gd:180)
       [6] _collect (res://source_operators/moth_finish/binder.gd:180)
       [7] _collect (res://source_operators/moth_finish/binder.gd:180)
       [8] bind (res://source_operators/moth_finish/binder.gd:35)
       [9] apply_identity (res://source_operators/operator_visual.gd:103)
       [10] apply_actor (res://source_operators/operator_visual.gd:190)
       [11] apply_state (res://world/presentation.gd:119)
       [12] on_snapshot (res://world/session.gd:763)
       [13] on_snapshot (res://lattice/world_demo.gd:354)
       [14] deliver_snapshot (res://net/client.gd:501)
       [15] deliver_frame (res://net/client.gd:452)
       [16] decode_text (res://net/client.gd:340)
       [17] decode_text (res://lattice/transport.gd:163)
       [18] wire (res://tests/lattice/usability_contract.gd:29)
       [19] snapshot (res://tests/lattice/usability_contract.gd:35)
       [20] run (res://tests/lattice/usability_contract.gd:122)
ERROR: Cannot get path of node as it is not in a scene tree.
   at: get_path (scene/main/node.cpp:2374)
   GDScript backtrace (most recent call first):
       [0] _collect (res://source_operators/moth_finish/binder.gd:145)
       [1] _collect (res://source_operators/moth_finish/binder.gd:180)
       [2] _collect (res://source_operators/moth_finish/binder.gd:180)
       [3] _collect (res://source_operators/moth_finish/binder.gd:180)
       [4] _collect (res://source_operators/moth_finish/binder.gd:180)
       [5] _collect (res://source_operators/moth_finish/binder.gd:180)
       [6] _collect (res://source_operators/moth_finish/binder.gd:180)
       [7] _collect (res://source_operators/moth_finish/binder.gd:180)
       [8] bind (res://source_operators/moth_finish/binder.gd:35)
       [9] apply_identity (res://source_operators/operator_visual.gd:103)
       [10] apply_actor (res://source_operators/operator_visual.gd:190)
       [11] apply_state (res://world/presentation.gd:119)
       [12] on_snapshot (res://world/session.gd:763)
       [13] on_snapshot (res://lattice/world_demo.gd:354)
       [14] deliver_snapshot (res://net/client.gd:501)
       [15] deliver_frame (res://net/client.gd:452)
       [16] decode_text (res://net/client.gd:340)
       [17] decode_text (res://lattice/transport.gd:163)
       [18] wire (res://tests/lattice/usability_contract.gd:29)
       [19] snapshot (res://tests/lattice/usability_contract.gd:35)
       [20] run (res://tests/lattice/usability_contract.gd:122)
ERROR: Cannot get path of node as it is not in a scene tree.
   at: get_path (scene/main/node.cpp:2374)
   GDScript backtrace (most recent call first):
       [0] _collect (res://source_operators/moth_finish/binder.gd:145)
       [1] _collect (res://source_operators/moth_finish/binder.gd:180)
       [2] _collect (res://source_operators/moth_finish/binder.gd:180)
       [3] _collect (res://source_operators/moth_finish/binder.gd:180)
       [4] _collect (res://source_operators/moth_finish/binder.gd:180)
       [5] _collect (res://source_operators/moth_finish/binder.gd:180)
       [6] _collect (res://source_operators/moth_finish/binder.gd:180)
       [7] _collect (res://source_operators/moth_finish/binder.gd:180)
       [8] bind (res://source_operators/moth_finish/binder.gd:35)
       [9] apply_identity (res://source_operators/operator_visual.gd:103)
       [10] apply_actor (res://source_operators/operator_visual.gd:190)
       [11] apply_state (res://world/presentation.gd:119)
       [12] on_snapshot (res://world/session.gd:763)
       [13] on_snapshot (res://lattice/world_demo.gd:354)
       [14] deliver_snapshot (res://net/client.gd:501)
       [15] deliver_frame (res://net/client.gd:452)
       [16] decode_text (res://net/client.gd:340)
       [17] decode_text (res://lattice/transport.gd:163)
       [18] wire (res://tests/lattice/usability_contract.gd:29)
       [19] snapshot (res://tests/lattice/usability_contract.gd:35)
       [20] run (res://tests/lattice/usability_contract.gd:122)
ERROR: Cannot get path of node as it is not in a scene tree.
   at: get_path (scene/main/node.cpp:2374)
   GDScript backtrace (most recent call first):
       [0] _collect (res://source_operators/moth_finish/binder.gd:145)
       [1] _collect (res://source_operators/moth_finish/binder.gd:180)
       [2] _collect (res://source_operators/moth_finish/binder.gd:180)
       [3] _collect (res://source_operators/moth_finish/binder.gd:180)
       [4] _collect (res://source_operators/moth_finish/binder.gd:180)
       [5] _collect (res://source_operators/moth_finish/binder.gd:180)
       [6] _collect (res://source_operators/moth_finish/binder.gd:180)
       [7] _collect (res://source_operators/moth_finish/binder.gd:180)
       [8] bind (res://source_operators/moth_finish/binder.gd:35)
       [9] apply_identity (res://source_operators/operator_visual.gd:103)
       [10] apply_actor (res://source_operators/operator_visual.gd:190)
       [11] apply_state (res://world/presentation.gd:119)
       [12] on_snapshot (res://world/session.gd:763)
       [13] on_snapshot (res://lattice/world_demo.gd:354)
       [14] deliver_snapshot (res://net/client.gd:501)
       [15] deliver_frame (res://net/client.gd:452)
       [16] decode_text (res://net/client.gd:340)
       [17] decode_text (res://lattice/transport.gd:163)
       [18] wire (res://tests/lattice/usability_contract.gd:29)
       [19] snapshot (res://tests/lattice/usability_contract.gd:35)
       [20] run (res://tests/lattice/usability_contract.gd:122)
ERROR: Cannot get path of node as it is not in a scene tree.
   at: get_path (scene/main/node.cpp:2374)
   GDScript backtrace (most recent call first):
       [0] _collect (res://source_operators/moth_finish/binder.gd:145)
       [1] _collect (res://source_operators/moth_finish/binder.gd:180)
       [2] _collect (res://source_operators/moth_finish/binder.gd:180)
       [3] _collect (res://source_operators/moth_finish/binder.gd:180)
       [4] _collect (res://source_operators/moth_finish/binder.gd:180)
       [5] _collect (res://source_operators/moth_finish/binder.gd:180)
       [6] _collect (res://source_operators/moth_finish/binder.gd:180)
       [7] _collect (res://source_operators/moth_finish/binder.gd:180)
       [8] bind (res://source_operators/moth_finish/binder.gd:35)
       [9] apply_identity (res://source_operators/operator_visual.gd:103)
       [10] apply_actor (res://source_operators/operator_visual.gd:190)
       [11] apply_state (res://world/presentation.gd:119)
       [12] on_snapshot (res://world/session.gd:763)
       [13] on_snapshot (res://lattice/world_demo.gd:354)
       [14] deliver_snapshot (res://net/client.gd:501)
       [15] deliver_frame (res://net/client.gd:452)
       [16] decode_text (res://net/client.gd:340)
       [17] decode_text (res://lattice/transport.gd:163)
       [18] wire (res://tests/lattice/usability_contract.gd:29)
       [19] snapshot (res://tests/lattice/usability_contract.gd:35)
       [20] run (res://tests/lattice/usability_contract.gd:122)
ERROR: Cannot get path of node as it is not in a scene tree.
   at: get_path (scene/main/node.cpp:2374)
   GDScript backtrace (most recent call first):
       [0] _collect (res://source_operators/moth_finish/binder.gd:145)
       [1] _collect (res://source_operators/moth_finish/binder.gd:180)
       [2] _collect (res://source_operators/moth_finish/binder.gd:180)
       [3] _collect (res://source_operators/moth_finish/binder.gd:180)
       [4] _collect (res://source_operators/moth_finish/binder.gd:180)
       [5] _collect (res://source_operators/moth_finish/binder.gd:180)
       [6] _collect (res://source_operators/moth_finish/binder.gd:180)
       [7] _collect (res://source_operators/moth_finish/binder.gd:180)
       [8] bind (res://source_operators/moth_finish/binder.gd:35)
       [9] apply_identity (res://source_operators/operator_visual.gd:103)
       [10] apply_actor (res://source_operators/operator_visual.gd:190)
       [11] apply_state (res://world/presentation.gd:119)
       [12] on_snapshot (res://world/session.gd:763)
       [13] on_snapshot (res://lattice/world_demo.gd:354)
       [14] deliver_snapshot (res://net/client.gd:501)
       [15] deliver_frame (res://net/client.gd:452)
       [16] decode_text (res://net/client.gd:340)
       [17] decode_text (res://lattice/transport.gd:163)
       [18] wire (res://tests/lattice/usability_contract.gd:29)
       [19] snapshot (res://tests/lattice/usability_contract.gd:35)
       [20] run (res://tests/lattice/usability_contract.gd:122)
ERROR: Cannot get path of node as it is not in a scene tree.
   at: get_path (scene/main/node.cpp:2374)
   GDScript backtrace (most recent call first):
       [0] _collect (res://source_operators/moth_finish/binder.gd:145)
       [1] _collect (res://source_operators/moth_finish/binder.gd:180)
       [2] _collect (res://source_operators/moth_finish/binder.gd:180)
       [3] _collect (res://source_operators/moth_finish/binder.gd:180)
       [4] _collect (res://source_operators/moth_finish/binder.gd:180)
       [5] _collect (res://source_operators/moth_finish/binder.gd:180)
       [6] _collect (res://source_operators/moth_finish/binder.gd:180)
       [7] _collect (res://source_operators/moth_finish/binder.gd:180)
       [8] bind (res://source_operators/moth_finish/binder.gd:35)
       [9] apply_identity (res://source_operators/operator_visual.gd:103)
       [10] apply_actor (res://source_operators/operator_visual.gd:190)
       [11] apply_state (res://world/presentation.gd:119)
       [12] on_snapshot (res://world/session.gd:763)
       [13] on_snapshot (res://lattice/world_demo.gd:354)
       [14] deliver_snapshot (res://net/client.gd:501)
       [15] deliver_frame (res://net/client.gd:452)
       [16] decode_text (res://net/client.gd:340)
       [17] decode_text (res://lattice/transport.gd:163)
       [18] wire (res://tests/lattice/usability_contract.gd:29)
       [19] snapshot (res://tests/lattice/usability_contract.gd:35)
       [20] run (res://tests/lattice/usability_contract.gd:122)
ERROR: Cannot get path of node as it is not in a scene tree.
   at: get_path (scene/main/node.cpp:2374)
   GDScript backtrace (most recent call first):
       [0] _collect (res://source_operators/moth_finish/binder.gd:145)
       [1] _collect (res://source_operators/moth_finish/binder.gd:180)
       [2] _collect (res://source_operators/moth_finish/binder.gd:180)
       [3] _collect (res://source_operators/moth_finish/binder.gd:180)
       [4] _collect (res://source_operators/moth_finish/binder.gd:180)
       [5] _collect (res://source_operators/moth_finish/binder.gd:180)
       [6] _collect (res://source_operators/moth_finish/binder.gd:180)
       [7] _collect (res://source_operators/moth_finish/binder.gd:180)
       [8] bind (res://source_operators/moth_finish/binder.gd:35)
       [9] apply_identity (res://source_operators/operator_visual.gd:103)
       [10] apply_actor (res://source_operators/operator_visual.gd:190)
       [11] apply_state (res://world/presentation.gd:119)
       [12] on_snapshot (res://world/session.gd:763)
       [13] on_snapshot (res://lattice/world_demo.gd:354)
       [14] deliver_snapshot (res://net/client.gd:501)
       [15] deliver_frame (res://net/client.gd:452)
       [16] decode_text (res://net/client.gd:340)
       [17] decode_text (res://lattice/transport.gd:163)
       [18] wire (res://tests/lattice/usability_contract.gd:29)
       [19] snapshot (res://tests/lattice/usability_contract.gd:35)
       [20] run (res://tests/lattice/usability_contract.gd:122)
ERROR: Cannot get path of node as it is not in a scene tree.
   at: get_path (scene/main/node.cpp:2374)
   GDScript backtrace (most recent call first):
       [0] _collect (res://source_operators/moth_finish/binder.gd:145)
       [1] _collect (res://source_operators/moth_finish/binder.gd:180)
       [2] _collect (res://source_operators/moth_finish/binder.gd:180)
       [3] _collect (res://source_operators/moth_finish/binder.gd:180)
       [4] _collect (res://source_operators/moth_finish/binder.gd:180)
       [5] _collect (res://source_operators/moth_finish/binder.gd:180)
       [6] _collect (res://source_operators/moth_finish/binder.gd:180)
       [7] _collect (res://source_operators/moth_finish/binder.gd:180)
       [8] bind (res://source_operators/moth_finish/binder.gd:35)
       [9] apply_identity (res://source_operators/operator_visual.gd:103)
       [10] apply_actor (res://source_operators/operator_visual.gd:190)
       [11] apply_state (res://world/presentation.gd:119)
       [12] on_snapshot (res://world/session.gd:763)
       [13] on_snapshot (res://lattice/world_demo.gd:354)
       [14] deliver_snapshot (res://net/client.gd:501)
       [15] deliver_frame (res://net/client.gd:452)
       [16] decode_text (res://net/client.gd:340)
       [17] decode_text (res://lattice/transport.gd:163)
       [18] wire (res://tests/lattice/usability_contract.gd:29)
       [19] snapshot (res://tests/lattice/usability_contract.gd:35)
       [20] run (res://tests/lattice/usability_contract.gd:122)
ERROR: Cannot get path of node as it is not in a scene tree.
   at: get_path (scene/main/node.cpp:2374)
   GDScript backtrace (most recent call first):
       [0] _collect (res://source_operators/moth_finish/binder.gd:145)
       [1] _collect (res://source_operators/moth_finish/binder.gd:180)
       [2] _collect (res://source_operators/moth_finish/binder.gd:180)
       [3] _collect (res://source_operators/moth_finish/binder.gd:180)
       [4] _collect (res://source_operators/moth_finish/binder.gd:180)
       [5] _collect (res://source_operators/moth_finish/binder.gd:180)
       [6] _collect (res://source_operators/moth_finish/binder.gd:180)
       [7] _collect (res://source_operators/moth_finish/binder.gd:180)
       [8] bind (res://source_operators/moth_finish/binder.gd:35)
       [9] apply_identity (res://source_operators/operator_visual.gd:103)
       [10] apply_actor (res://source_operators/operator_visual.gd:190)
       [11] apply_state (res://world/presentation.gd:119)
       [12] on_snapshot (res://world/session.gd:763)
       [13] on_snapshot (res://lattice/world_demo.gd:354)
       [14] deliver_snapshot (res://net/client.gd:501)
       [15] deliver_frame (res://net/client.gd:452)
       [16] decode_text (res://net/client.gd:340)
       [17] decode_text (res://lattice/transport.gd:163)
       [18] wire (res://tests/lattice/usability_contract.gd:29)
       [19] snapshot (res://tests/lattice/usability_contract.gd:35)
       [20] run (res://tests/lattice/usability_contract.gd:122)
ERROR: Cannot get path of node as it is not in a scene tree.
   at: get_path (scene/main/node.cpp:2374)
   GDScript backtrace (most recent call first):
       [0] _collect (res://source_operators/moth_finish/binder.gd:145)
       [1] _collect (res://source_operators/moth_finish/binder.gd:180)
       [2] _collect (res://source_operators/moth_finish/binder.gd:180)
       [3] _collect (res://source_operators/moth_finish/binder.gd:180)
       [4] _collect (res://source_operators/moth_finish/binder.gd:180)
       [5] _collect (res://source_operators/moth_finish/binder.gd:180)
       [6] _collect (res://source_operators/moth_finish/binder.gd:180)
       [7] _collect (res://source_operators/moth_finish/binder.gd:180)
       [8] bind (res://source_operators/moth_finish/binder.gd:35)
       [9] apply_identity (res://source_operators/operator_visual.gd:103)
       [10] apply_actor (res://source_operators/operator_visual.gd:190)
       [11] apply_state (res://world/presentation.gd:119)
       [12] on_snapshot (res://world/session.gd:763)
       [13] on_snapshot (res://lattice/world_demo.gd:354)
       [14] deliver_snapshot (res://net/client.gd:501)
       [15] deliver_frame (res://net/client.gd:452)
       [16] decode_text (res://net/client.gd:340)
       [17] decode_text (res://lattice/transport.gd:163)
       [18] wire (res://tests/lattice/usability_contract.gd:29)
       [19] snapshot (res://tests/lattice/usability_contract.gd:35)
       [20] run (res://tests/lattice/usability_contract.gd:122)
ERROR: Cannot get path of node as it is not in a scene tree.
   at: get_path (scene/main/node.cpp:2374)
   GDScript backtrace (most recent call first):
       [0] _collect (res://source_operators/moth_finish/binder.gd:145)
       [1] _collect (res://source_operators/moth_finish/binder.gd:180)
       [2] _collect (res://source_operators/moth_finish/binder.gd:180)
       [3] _collect (res://source_operators/moth_finish/binder.gd:180)
       [4] _collect (res://source_operators/moth_finish/binder.gd:180)
       [5] _collect (res://source_operators/moth_finish/binder.gd:180)
       [6] _collect (res://source_operators/moth_finish/binder.gd:180)
       [7] _collect (res://source_operators/moth_finish/binder.gd:180)
       [8] bind (res://source_operators/moth_finish/binder.gd:35)
       [9] apply_identity (res://source_operators/operator_visual.gd:103)
       [10] apply_actor (res://source_operators/operator_visual.gd:190)
       [11] apply_state (res://world/presentation.gd:119)
       [12] on_snapshot (res://world/session.gd:763)
       [13] on_snapshot (res://lattice/world_demo.gd:354)
       [14] deliver_snapshot (res://net/client.gd:501)
       [15] deliver_frame (res://net/client.gd:452)
       [16] decode_text (res://net/client.gd:340)
       [17] decode_text (res://lattice/transport.gd:163)
       [18] wire (res://tests/lattice/usability_contract.gd:29)
       [19] snapshot (res://tests/lattice/usability_contract.gd:35)
       [20] run (res://tests/lattice/usability_contract.gd:122)
ERROR: Cannot get path of node as it is not in a scene tree.
   at: get_path (scene/main/node.cpp:2374)
   GDScript backtrace (most recent call first):
       [0] _collect (res://source_operators/moth_finish/binder.gd:145)
       [1] _collect (res://source_operators/moth_finish/binder.gd:180)
       [2] _collect (res://source_operators/moth_finish/binder.gd:180)
       [3] _collect (res://source_operators/moth_finish/binder.gd:180)
       [4] _collect (res://source_operators/moth_finish/binder.gd:180)
       [5] _collect (res://source_operators/moth_finish/binder.gd:180)
       [6] _collect (res://source_operators/moth_finish/binder.gd:180)
       [7] _collect (res://source_operators/moth_finish/binder.gd:180)
       [8] bind (res://source_operators/moth_finish/binder.gd:35)
       [9] apply_identity (res://source_operators/operator_visual.gd:103)
       [10] apply_actor (res://source_operators/operator_visual.gd:190)
       [11] apply_state (res://world/presentation.gd:119)
       [12] on_snapshot (res://world/session.gd:763)
       [13] on_snapshot (res://lattice/world_demo.gd:354)
       [14] deliver_snapshot (res://net/client.gd:501)
       [15] deliver_frame (res://net/client.gd:452)
       [16] decode_text (res://net/client.gd:340)
       [17] decode_text (res://lattice/transport.gd:163)
       [18] wire (res://tests/lattice/usability_contract.gd:29)
       [19] snapshot (res://tests/lattice/usability_contract.gd:35)
       [20] run (res://tests/lattice/usability_contract.gd:122)
ERROR: Cannot get path of node as it is not in a scene tree.
   at: get_path (scene/main/node.cpp:2374)
   GDScript backtrace (most recent call first):
       [0] _collect (res://source_operators/moth_finish/binder.gd:145)
       [1] _collect (res://source_operators/moth_finish/binder.gd:180)
       [2] _collect (res://source_operators/moth_finish/binder.gd:180)
       [3] _collect (res://source_operators/moth_finish/binder.gd:180)
       [4] _collect (res://source_operators/moth_finish/binder.gd:180)
       [5] _collect (res://source_operators/moth_finish/binder.gd:180)
       [6] _collect (res://source_operators/moth_finish/binder.gd:180)
       [7] _collect (res://source_operators/moth_finish/binder.gd:180)
       [8] bind (res://source_operators/moth_finish/binder.gd:35)
       [9] apply_identity (res://source_operators/operator_visual.gd:103)
       [10] apply_actor (res://source_operators/operator_visual.gd:190)
       [11] apply_state (res://world/presentation.gd:119)
       [12] on_snapshot (res://world/session.gd:763)
       [13] on_snapshot (res://lattice/world_demo.gd:354)
       [14] deliver_snapshot (res://net/client.gd:501)
       [15] deliver_frame (res://net/client.gd:452)
       [16] decode_text (res://net/client.gd:340)
       [17] decode_text (res://lattice/transport.gd:163)
       [18] wire (res://tests/lattice/usability_contract.gd:29)
       [19] snapshot (res://tests/lattice/usability_contract.gd:35)
       [20] run (res://tests/lattice/usability_contract.gd:122)
ERROR: Cannot get path of node as it is not in a scene tree.
   at: get_path (scene/main/node.cpp:2374)
   GDScript backtrace (most recent call first):
       [0] _collect (res://source_operators/moth_finish/binder.gd:145)
       [1] _collect (res://source_operators/moth_finish/binder.gd:180)
       [2] _collect (res://source_operators/moth_finish/binder.gd:180)
       [3] _collect (res://source_operators/moth_finish/binder.gd:180)
       [4] _collect (res://source_operators/moth_finish/binder.gd:180)
       [5] _collect (res://source_operators/moth_finish/binder.gd:180)
       [6] _collect (res://source_operators/moth_finish/binder.gd:180)
       [7] _collect (res://source_operators/moth_finish/binder.gd:180)
       [8] bind (res://source_operators/moth_finish/binder.gd:35)
       [9] apply_identity (res://source_operators/operator_visual.gd:103)
       [10] apply_actor (res://source_operators/operator_visual.gd:190)
       [11] apply_state (res://world/presentation.gd:119)
       [12] on_snapshot (res://world/session.gd:763)
       [13] on_snapshot (res://lattice/world_demo.gd:354)
       [14] deliver_snapshot (res://net/client.gd:501)
       [15] deliver_frame (res://net/client.gd:452)
       [16] decode_text (res://net/client.gd:340)
       [17] decode_text (res://lattice/transport.gd:163)
       [18] wire (res://tests/lattice/usability_contract.gd:29)
       [19] snapshot (res://tests/lattice/usability_contract.gd:35)
       [20] run (res://tests/lattice/usability_contract.gd:122)
ERROR: Cannot get path of node as it is not in a scene tree.
   at: get_path (scene/main/node.cpp:2374)
   GDScript backtrace (most recent call first):
       [0] _collect (res://source_operators/moth_finish/binder.gd:145)
       [1] _collect (res://source_operators/moth_finish/binder.gd:180)
       [2] _collect (res://source_operators/moth_finish/binder.gd:180)
       [3] _collect (res://source_operators/moth_finish/binder.gd:180)
       [4] _collect (res://source_operators/moth_finish/binder.gd:180)
       [5] _collect (res://source_operators/moth_finish/binder.gd:180)
       [6] _collect (res://source_operators/moth_finish/binder.gd:180)
       [7] _collect (res://source_operators/moth_finish/binder.gd:180)
       [8] _collect (res://source_operators/moth_finish/binder.gd:180)
       [9] _collect (res://source_operators/moth_finish/binder.gd:180)
       [10] _collect (res://source_operators/moth_finish/binder.gd:180)
       [11] _collect (res://source_operators/moth_finish/binder.gd:180)
       [12] bind (res://source_operators/moth_finish/binder.gd:35)
       [13] apply_identity (res://source_operators/operator_visual.gd:103)
       [14] apply_actor (res://source_operators/operator_visual.gd:190)
       [15] apply_state (res://world/presentation.gd:119)
       [16] on_snapshot (res://world/session.gd:763)
       [17] on_snapshot (res://lattice/world_demo.gd:354)
       [18] deliver_snapshot (res://net/client.gd:501)
       [19] deliver_frame (res://net/client.gd:452)
       [20] decode_text (res://net/client.gd:340)
       [21] decode_text (res://lattice/transport.gd:163)
       [22] wire (res://tests/lattice/usability_contract.gd:29)
       [23] snapshot (res://tests/lattice/usability_contract.gd:35)
       [24] run (res://tests/lattice/usability_contract.gd:122)
ERROR: Cannot get path of node as it is not in a scene tree.
   at: get_path (scene/main/node.cpp:2374)
   GDScript backtrace (most recent call first):
       [0] _collect (res://source_operators/moth_finish/binder.gd:145)
       [1] _collect (res://source_operators/moth_finish/binder.gd:180)
       [2] _collect (res://source_operators/moth_finish/binder.gd:180)
       [3] _collect (res://source_operators/moth_finish/binder.gd:180)
       [4] _collect (res://source_operators/moth_finish/binder.gd:180)
       [5] _collect (res://source_operators/moth_finish/binder.gd:180)
       [6] _collect (res://source_operators/moth_finish/binder.gd:180)
       [7] _collect (res://source_operators/moth_finish/binder.gd:180)
       [8] _collect (res://source_operators/moth_finish/binder.gd:180)
       [9] _collect (res://source_operators/moth_finish/binder.gd:180)
       [10] _collect (res://source_operators/moth_finish/binder.gd:180)
       [11] _collect (res://source_operators/moth_finish/binder.gd:180)
       [12] bind (res://source_operators/moth_finish/binder.gd:35)
       [13] apply_identity (res://source_operators/operator_visual.gd:103)
       [14] apply_actor (res://source_operators/operator_visual.gd:190)
       [15] apply_state (res://world/presentation.gd:119)
       [16] on_snapshot (res://world/session.gd:763)
       [17] on_snapshot (res://lattice/world_demo.gd:354)
       [18] deliver_snapshot (res://net/client.gd:501)
       [19] deliver_frame (res://net/client.gd:452)
       [20] decode_text (res://net/client.gd:340)
       [21] decode_text (res://lattice/transport.gd:163)
       [22] wire (res://tests/lattice/usability_contract.gd:29)
       [23] snapshot (res://tests/lattice/usability_contract.gd:35)
       [24] run (res://tests/lattice/usability_contract.gd:122)
ERROR: Cannot get path of node as it is not in a scene tree.
   at: get_path (scene/main/node.cpp:2374)
   GDScript backtrace (most recent call first):
       [0] _collect (res://source_operators/moth_finish/binder.gd:145)
       [1] _collect (res://source_operators/moth_finish/binder.gd:180)
       [2] _collect (res://source_operators/moth_finish/binder.gd:180)
       [3] _collect (res://source_operators/moth_finish/binder.gd:180)
       [4] _collect (res://source_operators/moth_finish/binder.gd:180)
       [5] _collect (res://source_operators/moth_finish/binder.gd:180)
       [6] _collect (res://source_operators/moth_finish/binder.gd:180)
       [7] _collect (res://source_operators/moth_finish/binder.gd:180)
       [8] _collect (res://source_operators/moth_finish/binder.gd:180)
       [9] _collect (res://source_operators/moth_finish/binder.gd:180)
       [10] _collect (res://source_operators/moth_finish/binder.gd:180)
       [11] _collect (res://source_operators/moth_finish/binder.gd:180)
       [12] bind (res://source_operators/moth_finish/binder.gd:35)
       [13] apply_identity (res://source_operators/operator_visual.gd:103)
       [14] apply_actor (res://source_operators/operator_visual.gd:190)
       [15] apply_state (res://world/presentation.gd:119)
       [16] on_snapshot (res://world/session.gd:763)
       [17] on_snapshot (res://lattice/world_demo.gd:354)
       [18] deliver_snapshot (res://net/client.gd:501)
       [19] deliver_frame (res://net/client.gd:452)
       [20] decode_text (res://net/client.gd:340)
       [21] decode_text (res://lattice/transport.gd:163)
       [22] wire (res://tests/lattice/usability_contract.gd:29)
       [23] snapshot (res://tests/lattice/usability_contract.gd:35)
       [24] run (res://tests/lattice/usability_contract.gd:122)
ERROR: Cannot get path of node as it is not in a scene tree.
   at: get_path (scene/main/node.cpp:2374)
   GDScript backtrace (most recent call first):
       [0] _collect (res://source_operators/moth_finish/binder.gd:145)
       [1] _collect (res://source_operators/moth_finish/binder.gd:180)
       [2] _collect (res://source_operators/moth_finish/binder.gd:180)
       [3] _collect (res://source_operators/moth_finish/binder.gd:180)
       [4] _collect (res://source_operators/moth_finish/binder.gd:180)
       [5] _collect (res://source_operators/moth_finish/binder.gd:180)
       [6] _collect (res://source_operators/moth_finish/binder.gd:180)
       [7] _collect (res://source_operators/moth_finish/binder.gd:180)
       [8] _collect (res://source_operators/moth_finish/binder.gd:180)
       [9] _collect (res://source_operators/moth_finish/binder.gd:180)
       [10] _collect (res://source_operators/moth_finish/binder.gd:180)
       [11] bind (res://source_operators/moth_finish/binder.gd:35)
       [12] apply_identity (res://source_operators/operator_visual.gd:103)
       [13] apply_actor (res://source_operators/operator_visual.gd:190)
       [14] apply_state (res://world/presentation.gd:119)
       [15] on_snapshot (res://world/session.gd:763)
       [16] on_snapshot (res://lattice/world_demo.gd:354)
       [17] deliver_snapshot (res://net/client.gd:501)
       [18] deliver_frame (res://net/client.gd:452)
       [19] decode_text (res://net/client.gd:340)
       [20] decode_text (res://lattice/transport.gd:163)
       [21] wire (res://tests/lattice/usability_contract.gd:29)
       [22] snapshot (res://tests/lattice/usability_contract.gd:35)
       [23] run (res://tests/lattice/usability_contract.gd:122)
ERROR: Cannot get path of node as it is not in a scene tree.
   at: get_path (scene/main/node.cpp:2374)
   GDScript backtrace (most recent call first):
       [0] _collect (res://source_operators/moth_finish/binder.gd:145)
       [1] _collect (res://source_operators/moth_finish/binder.gd:180)
       [2] _collect (res://source_operators/moth_finish/binder.gd:180)
       [3] _collect (res://source_operators/moth_finish/binder.gd:180)
       [4] _collect (res://source_operators/moth_finish/binder.gd:180)
       [5] _collect (res://source_operators/moth_finish/binder.gd:180)
       [6] _collect (res://source_operators/moth_finish/binder.gd:180)
       [7] _collect (res://source_operators/moth_finish/binder.gd:180)
       [8] _collect (res://source_operators/moth_finish/binder.gd:180)
       [9] _collect (res://source_operators/moth_finish/binder.gd:180)
       [10] _collect (res://source_operators/moth_finish/binder.gd:180)
       [11] bind (res://source_operators/moth_finish/binder.gd:35)
       [12] apply_identity (res://source_operators/operator_visual.gd:103)
       [13] apply_actor (res://source_operators/operator_visual.gd:190)
       [14] apply_state (res://world/presentation.gd:119)
       [15] on_snapshot (res://world/session.gd:763)
       [16] on_snapshot (res://lattice/world_demo.gd:354)
       [17] deliver_snapshot (res://net/client.gd:501)
       [18] deliver_frame (res://net/client.gd:452)
       [19] decode_text (res://net/client.gd:340)
       [20] decode_text (res://lattice/transport.gd:163)
       [21] wire (res://tests/lattice/usability_contract.gd:29)
       [22] snapshot (res://tests/lattice/usability_contract.gd:35)
       [23] run (res://tests/lattice/usability_contract.gd:122)
ERROR: Cannot get path of node as it is not in a scene tree.
   at: get_path (scene/main/node.cpp:2374)
   GDScript backtrace (most recent call first):
       [0] _collect (res://source_operators/moth_finish/binder.gd:145)
       [1] _collect (res://source_operators/moth_finish/binder.gd:180)
       [2] _collect (res://source_operators/moth_finish/binder.gd:180)
       [3] _collect (res://source_operators/moth_finish/binder.gd:180)
       [4] _collect (res://source_operators/moth_finish/binder.gd:180)
       [5] _collect (res://source_operators/moth_finish/binder.gd:180)
       [6] _collect (res://source_operators/moth_finish/binder.gd:180)
       [7] _collect (res://source_operators/moth_finish/binder.gd:180)
       [8] _collect (res://source_operators/moth_finish/binder.gd:180)
       [9] _collect (res://source_operators/moth_finish/binder.gd:180)
       [10] _collect (res://source_operators/moth_finish/binder.gd:180)
       [11] bind (res://source_operators/moth_finish/binder.gd:35)
       [12] apply_identity (res://source_operators/operator_visual.gd:103)
       [13] apply_actor (res://source_operators/operator_visual.gd:190)
       [14] apply_state (res://world/presentation.gd:119)
       [15] on_snapshot (res://world/session.gd:763)
       [16] on_snapshot (res://lattice/world_demo.gd:354)
       [17] deliver_snapshot (res://net/client.gd:501)
       [18] deliver_frame (res://net/client.gd:452)
       [19] decode_text (res://net/client.gd:340)
       [20] decode_text (res://lattice/transport.gd:163)
       [21] wire (res://tests/lattice/usability_contract.gd:29)
       [22] snapshot (res://tests/lattice/usability_contract.gd:35)
       [23] run (res://tests/lattice/usability_contract.gd:122)
ERROR: Cannot get path of node as it is not in a scene tree.
   at: get_path (scene/main/node.cpp:2374)
   GDScript backtrace (most recent call first):
       [0] _collect (res://source_operators/moth_finish/binder.gd:145)
       [1] _collect (res://source_operators/moth_finish/binder.gd:180)
       [2] _collect (res://source_operators/moth_finish/binder.gd:180)
       [3] _collect (res://source_operators/moth_finish/binder.gd:180)
       [4] _collect (res://source_operators/moth_finish/binder.gd:180)
       [5] _collect (res://source_operators/moth_finish/binder.gd:180)
       [6] _collect (res://source_operators/moth_finish/binder.gd:180)
       [7] _collect (res://source_operators/moth_finish/binder.gd:180)
       [8] _collect (res://source_operators/moth_finish/binder.gd:180)
       [9] _collect (res://source_operators/moth_finish/binder.gd:180)
       [10] _collect (res://source_operators/moth_finish/binder.gd:180)
       [11] bind (res://source_operators/moth_finish/binder.gd:35)
       [12] apply_identity (res://source_operators/operator_visual.gd:103)
       [13] apply_actor (res://source_operators/operator_visual.gd:190)
       [14] apply_state (res://world/presentation.gd:119)
       [15] on_snapshot (res://world/session.gd:763)
       [16] on_snapshot (res://lattice/world_demo.gd:354)
       [17] deliver_snapshot (res://net/client.gd:501)
       [18] deliver_frame (res://net/client.gd:452)
       [19] decode_text (res://net/client.gd:340)
       [20] decode_text (res://lattice/transport.gd:163)
       [21] wire (res://tests/lattice/usability_contract.gd:29)
       [22] snapshot (res://tests/lattice/usability_contract.gd:35)
       [23] run (res://tests/lattice/usability_contract.gd:122)
ERROR: Cannot get path of node as it is not in a scene tree.
   at: get_path (scene/main/node.cpp:2374)
   GDScript backtrace (most recent call first):
       [0] _collect (res://source_operators/moth_finish/binder.gd:145)
       [1] _collect (res://source_operators/moth_finish/binder.gd:180)
       [2] _collect (res://source_operators/moth_finish/binder.gd:180)
       [3] _collect (res://source_operators/moth_finish/binder.gd:180)
       [4] _collect (res://source_operators/moth_finish/binder.gd:180)
       [5] _collect (res://source_operators/moth_finish/binder.gd:180)
       [6] _collect (res://source_operators/moth_finish/binder.gd:180)
       [7] _collect (res://source_operators/moth_finish/binder.gd:180)
       [8] _collect (res://source_operators/moth_finish/binder.gd:180)
       [9] _collect (res://source_operators/moth_finish/binder.gd:180)
       [10] _collect (res://source_operators/moth_finish/binder.gd:180)
       [11] bind (res://source_operators/moth_finish/binder.gd:35)
       [12] apply_identity (res://source_operators/operator_visual.gd:103)
       [13] apply_actor (res://source_operators/operator_visual.gd:190)
       [14] apply_state (res://world/presentation.gd:119)
       [15] on_snapshot (res://world/session.gd:763)
       [16] on_snapshot (res://lattice/world_demo.gd:354)
       [17] deliver_snapshot (res://net/client.gd:501)
       [18] deliver_frame (res://net/client.gd:452)
       [19] decode_text (res://net/client.gd:340)
       [20] decode_text (res://lattice/transport.gd:163)
       [21] wire (res://tests/lattice/usability_contract.gd:29)
       [22] snapshot (res://tests/lattice/usability_contract.gd:35)
       [23] run (res://tests/lattice/usability_contract.gd:122)
ERROR: Cannot get path of node as it is not in a scene tree.
   at: get_path (scene/main/node.cpp:2374)
   GDScript backtrace (most recent call first):
       [0] _collect (res://source_operators/moth_finish/binder.gd:145)
       [1] _collect (res://source_operators/moth_finish/binder.gd:180)
       [2] _collect (res://source_operators/moth_finish/binder.gd:180)
       [3] _collect (res://source_operators/moth_finish/binder.gd:180)
       [4] _collect (res://source_operators/moth_finish/binder.gd:180)
       [5] _collect (res://source_operators/moth_finish/binder.gd:180)
       [6] _collect (res://source_operators/moth_finish/binder.gd:180)
       [7] _collect (res://source_operators/moth_finish/binder.gd:180)
       [8] _collect (res://source_operators/moth_finish/binder.gd:180)
       [9] _collect (res://source_operators/moth_finish/binder.gd:180)
       [10] _collect (res://source_operators/moth_finish/binder.gd:180)
       [11] bind (res://source_operators/moth_finish/binder.gd:35)
       [12] apply_identity (res://source_operators/operator_visual.gd:103)
       [13] apply_actor (res://source_operators/operator_visual.gd:190)
       [14] apply_state (res://world/presentation.gd:119)
       [15] on_snapshot (res://world/session.gd:763)
       [16] on_snapshot (res://lattice/world_demo.gd:354)
       [17] deliver_snapshot (res://net/client.gd:501)
       [18] deliver_frame (res://net/client.gd:452)
       [19] decode_text (res://net/client.gd:340)
       [20] decode_text (res://lattice/transport.gd:163)
       [21] wire (res://tests/lattice/usability_contract.gd:29)
       [22] snapshot (res://tests/lattice/usability_contract.gd:35)
       [23] run (res://tests/lattice/usability_contract.gd:122)
ERROR: Cannot get path of node as it is not in a scene tree.
   at: get_path (scene/main/node.cpp:2374)
   GDScript backtrace (most recent call first):
       [0] _collect (res://source_operators/moth_finish/binder.gd:145)
       [1] _collect (res://source_operators/moth_finish/binder.gd:180)
       [2] _collect (res://source_operators/moth_finish/binder.gd:180)
       [3] _collect (res://source_operators/moth_finish/binder.gd:180)
       [4] _collect (res://source_operators/moth_finish/binder.gd:180)
       [5] _collect (res://source_operators/moth_finish/binder.gd:180)
       [6] _collect (res://source_operators/moth_finish/binder.gd:180)
       [7] _collect (res://source_operators/moth_finish/binder.gd:180)
       [8] _collect (res://source_operators/moth_finish/binder.gd:180)
       [9] _collect (res://source_operators/moth_finish/binder.gd:180)
       [10] bind (res://source_operators/moth_finish/binder.gd:35)
       [11] apply_identity (res://source_operators/operator_visual.gd:103)
       [12] apply_actor (res://source_operators/operator_visual.gd:190)
       [13] apply_state (res://world/presentation.gd:119)
       [14] on_snapshot (res://world/session.gd:763)
       [15] on_snapshot (res://lattice/world_demo.gd:354)
       [16] deliver_snapshot (res://net/client.gd:501)
       [17] deliver_frame (res://net/client.gd:452)
       [18] decode_text (res://net/client.gd:340)
       [19] decode_text (res://lattice/transport.gd:163)
       [20] wire (res://tests/lattice/usability_contract.gd:29)
       [21] snapshot (res://tests/lattice/usability_contract.gd:35)
       [22] run (res://tests/lattice/usability_contract.gd:122)
ERROR: Cannot get path of node as it is not in a scene tree.
   at: get_path (scene/main/node.cpp:2374)
   GDScript backtrace (most recent call first):
       [0] _collect (res://source_operators/moth_finish/binder.gd:145)
       [1] _collect (res://source_operators/moth_finish/binder.gd:180)
       [2] _collect (res://source_operators/moth_finish/binder.gd:180)
       [3] _collect (res://source_operators/moth_finish/binder.gd:180)
       [4] _collect (res://source_operators/moth_finish/binder.gd:180)
       [5] _collect (res://source_operators/moth_finish/binder.gd:180)
       [6] _collect (res://source_operators/moth_finish/binder.gd:180)
       [7] _collect (res://source_operators/moth_finish/binder.gd:180)
       [8] _collect (res://source_operators/moth_finish/binder.gd:180)
       [9] _collect (res://source_operators/moth_finish/binder.gd:180)
       [10] bind (res://source_operators/moth_finish/binder.gd:35)
       [11] apply_identity (res://source_operators/operator_visual.gd:103)
       [12] apply_actor (res://source_operators/operator_visual.gd:190)
       [13] apply_state (res://world/presentation.gd:119)
       [14] on_snapshot (res://world/session.gd:763)
       [15] on_snapshot (res://lattice/world_demo.gd:354)
       [16] deliver_snapshot (res://net/client.gd:501)
       [17] deliver_frame (res://net/client.gd:452)
       [18] decode_text (res://net/client.gd:340)
       [19] decode_text (res://lattice/transport.gd:163)
       [20] wire (res://tests/lattice/usability_contract.gd:29)
       [21] snapshot (res://tests/lattice/usability_contract.gd:35)
       [22] run (res://tests/lattice/usability_contract.gd:122)
ERROR: Cannot get path of node as it is not in a scene tree.
   at: get_path (scene/main/node.cpp:2374)
   GDScript backtrace (most recent call first):
       [0] _collect (res://source_operators/moth_finish/binder.gd:145)
       [1] _collect (res://source_operators/moth_finish/binder.gd:180)
       [2] _collect (res://source_operators/moth_finish/binder.gd:180)
       [3] _collect (res://source_operators/moth_finish/binder.gd:180)
       [4] _collect (res://source_operators/moth_finish/binder.gd:180)
       [5] _collect (res://source_operators/moth_finish/binder.gd:180)
       [6] _collect (res://source_operators/moth_finish/binder.gd:180)
       [7] _collect (res://source_operators/moth_finish/binder.gd:180)
       [8] _collect (res://source_operators/moth_finish/binder.gd:180)
       [9] bind (res://source_operators/moth_finish/binder.gd:35)
       [10] apply_identity (res://source_operators/operator_visual.gd:103)
       [11] apply_actor (res://source_operators/operator_visual.gd:190)
       [12] apply_state (res://world/presentation.gd:119)
       [13] on_snapshot (res://world/session.gd:763)
       [14] on_snapshot (res://lattice/world_demo.gd:354)
       [15] deliver_snapshot (res://net/client.gd:501)
       [16] deliver_frame (res://net/client.gd:452)
       [17] decode_text (res://net/client.gd:340)
       [18] decode_text (res://lattice/transport.gd:163)
       [19] wire (res://tests/lattice/usability_contract.gd:29)
       [20] snapshot (res://tests/lattice/usability_contract.gd:35)
       [21] run (res://tests/lattice/usability_contract.gd:122)
ERROR: Cannot get path of node as it is not in a scene tree.
   at: get_path (scene/main/node.cpp:2374)
   GDScript backtrace (most recent call first):
       [0] _collect (res://source_operators/moth_finish/binder.gd:145)
       [1] _collect (res://source_operators/moth_finish/binder.gd:180)
       [2] _collect (res://source_operators/moth_finish/binder.gd:180)
       [3] _collect (res://source_operators/moth_finish/binder.gd:180)
       [4] _collect (res://source_operators/moth_finish/binder.gd:180)
       [5] _collect (res://source_operators/moth_finish/binder.gd:180)
       [6] _collect (res://source_operators/moth_finish/binder.gd:180)
       [7] _collect (res://source_operators/moth_finish/binder.gd:180)
       [8] _collect (res://source_operators/moth_finish/binder.gd:180)
       [9] bind (res://source_operators/moth_finish/binder.gd:35)
       [10] apply_identity (res://source_operators/operator_visual.gd:103)
       [11] apply_actor (res://source_operators/operator_visual.gd:190)
       [12] apply_state (res://world/presentation.gd:119)
       [13] on_snapshot (res://world/session.gd:763)
       [14] on_snapshot (res://lattice/world_demo.gd:354)
       [15] deliver_snapshot (res://net/client.gd:501)
       [16] deliver_frame (res://net/client.gd:452)
       [17] decode_text (res://net/client.gd:340)
       [18] decode_text (res://lattice/transport.gd:163)
       [19] wire (res://tests/lattice/usability_contract.gd:29)
       [20] snapshot (res://tests/lattice/usability_contract.gd:35)
       [21] run (res://tests/lattice/usability_contract.gd:122)
ERROR: Cannot get path of node as it is not in a scene tree.
   at: get_path (scene/main/node.cpp:2374)
   GDScript backtrace (most recent call first):
       [0] _collect (res://source_operators/moth_finish/binder.gd:145)
       [1] _collect (res://source_operators/moth_finish/binder.gd:180)
       [2] _collect (res://source_operators/moth_finish/binder.gd:180)
       [3] _collect (res://source_operators/moth_finish/binder.gd:180)
       [4] _collect (res://source_operators/moth_finish/binder.gd:180)
       [5] _collect (res://source_operators/moth_finish/binder.gd:180)
       [6] _collect (res://source_operators/moth_finish/binder.gd:180)
       [7] _collect (res://source_operators/moth_finish/binder.gd:180)
       [8] _collect (res://source_operators/moth_finish/binder.gd:180)
       [9] bind (res://source_operators/moth_finish/binder.gd:35)
       [10] apply_identity (res://source_operators/operator_visual.gd:103)
       [11] apply_actor (res://source_operators/operator_visual.gd:190)
       [12] apply_state (res://world/presentation.gd:119)
       [13] on_snapshot (res://world/session.gd:763)
       [14] on_snapshot (res://lattice/world_demo.gd:354)
       [15] deliver_snapshot (res://net/client.gd:501)
       [16] deliver_frame (res://net/client.gd:452)
       [17] decode_text (res://net/client.gd:340)
       [18] decode_text (res://lattice/transport.gd:163)
       [19] wire (res://tests/lattice/usability_contract.gd:29)
       [20] snapshot (res://tests/lattice/usability_contract.gd:35)
       [21] run (res://tests/lattice/usability_contract.gd:122)
ERROR: Cannot get path of node as it is not in a scene tree.
   at: get_path (scene/main/node.cpp:2374)
   GDScript backtrace (most recent call first):
       [0] _collect (res://source_operators/moth_finish/binder.gd:145)
       [1] _collect (res://source_operators/moth_finish/binder.gd:180)
       [2] _collect (res://source_operators/moth_finish/binder.gd:180)
       [3] _collect (res://source_operators/moth_finish/binder.gd:180)
       [4] _collect (res://source_operators/moth_finish/binder.gd:180)
       [5] _collect (res://source_operators/moth_finish/binder.gd:180)
       [6] _collect (res://source_operators/moth_finish/binder.gd:180)
       [7] _collect (res://source_operators/moth_finish/binder.gd:180)
       [8] _collect (res://source_operators/moth_finish/binder.gd:180)
       [9] bind (res://source_operators/moth_finish/binder.gd:35)
       [10] apply_identity (res://source_operators/operator_visual.gd:103)
       [11] apply_actor (res://source_operators/operator_visual.gd:190)
       [12] apply_state (res://world/presentation.gd:119)
       [13] on_snapshot (res://world/session.gd:763)
       [14] on_snapshot (res://lattice/world_demo.gd:354)
       [15] deliver_snapshot (res://net/client.gd:501)
       [16] deliver_frame (res://net/client.gd:452)
       [17] decode_text (res://net/client.gd:340)
       [18] decode_text (res://lattice/transport.gd:163)
       [19] wire (res://tests/lattice/usability_contract.gd:29)
       [20] snapshot (res://tests/lattice/usability_contract.gd:35)
       [21] run (res://tests/lattice/usability_contract.gd:122)
ERROR: Cannot get path of node as it is not in a scene tree.
   at: get_path (scene/main/node.cpp:2374)
   GDScript backtrace (most recent call first):
       [0] _collect (res://source_operators/moth_finish/binder.gd:145)
       [1] _collect (res://source_operators/moth_finish/binder.gd:180)
       [2] _collect (res://source_operators/moth_finish/binder.gd:180)
       [3] _collect (res://source_operators/moth_finish/binder.gd:180)
       [4] _collect (res://source_operators/moth_finish/binder.gd:180)
       [5] _collect (res://source_operators/moth_finish/binder.gd:180)
       [6] _collect (res://source_operators/moth_finish/binder.gd:180)
       [7] _collect (res://source_operators/moth_finish/binder.gd:180)
       [8] _collect (res://source_operators/moth_finish/binder.gd:180)
       [9] bind (res://source_operators/moth_finish/binder.gd:35)
       [10] apply_identity (res://source_operators/operator_visual.gd:103)
       [11] apply_actor (res://source_operators/operator_visual.gd:190)
       [12] apply_state (res://world/presentation.gd:119)
       [13] on_snapshot (res://world/session.gd:763)
       [14] on_snapshot (res://lattice/world_demo.gd:354)
       [15] deliver_snapshot (res://net/client.gd:501)
       [16] deliver_frame (res://net/client.gd:452)
       [17] decode_text (res://net/client.gd:340)
       [18] decode_text (res://lattice/transport.gd:163)
       [19] wire (res://tests/lattice/usability_contract.gd:29)
       [20] snapshot (res://tests/lattice/usability_contract.gd:35)
       [21] run (res://tests/lattice/usability_contract.gd:122)
ERROR: Cannot get path of node as it is not in a scene tree.
   at: get_path (scene/main/node.cpp:2374)
   GDScript backtrace (most recent call first):
       [0] _collect (res://source_operators/moth_finish/binder.gd:145)
       [1] _collect (res://source_operators/moth_finish/binder.gd:180)
       [2] _collect (res://source_operators/moth_finish/binder.gd:180)
       [3] _collect (res://source_operators/moth_finish/binder.gd:180)
       [4] _collect (res://source_operators/moth_finish/binder.gd:180)
       [5] _collect (res://source_operators/moth_finish/binder.gd:180)
       [6] _collect (res://source_operators/moth_finish/binder.gd:180)
       [7] _collect (res://source_operators/moth_finish/binder.gd:180)
       [8] bind (res://source_operators/moth_finish/binder.gd:35)
       [9] apply_identity (res://source_operators/operator_visual.gd:103)
       [10] apply_actor (res://source_operators/operator_visual.gd:190)
       [11] apply_state (res://world/presentation.gd:119)
       [12] on_snapshot (res://world/session.gd:763)
       [13] on_snapshot (res://lattice/world_demo.gd:354)
       [14] deliver_snapshot (res://net/client.gd:501)
       [15] deliver_frame (res://net/client.gd:452)
       [16] decode_text (res://net/client.gd:340)
       [17] decode_text (res://lattice/transport.gd:163)
       [18] wire (res://tests/lattice/usability_contract.gd:29)
       [19] snapshot (res://tests/lattice/usability_contract.gd:35)
       [20] run (res://tests/lattice/usability_contract.gd:122)
ERROR: Cannot get path of node as it is not in a scene tree.
   at: get_path (scene/main/node.cpp:2374)
   GDScript backtrace (most recent call first):
       [0] _collect (res://source_operators/moth_finish/binder.gd:145)
       [1] _collect (res://source_operators/moth_finish/binder.gd:180)
       [2] _collect (res://source_operators/moth_finish/binder.gd:180)
       [3] _collect (res://source_operators/moth_finish/binder.gd:180)
       [4] _collect (res://source_operators/moth_finish/binder.gd:180)
       [5] _collect (res://source_operators/moth_finish/binder.gd:180)
       [6] _collect (res://source_operators/moth_finish/binder.gd:180)
       [7] _collect (res://source_operators/moth_finish/binder.gd:180)
       [8] bind (res://source_operators/moth_finish/binder.gd:35)
       [9] apply_identity (res://source_operators/operator_visual.gd:103)
       [10] apply_actor (res://source_operators/operator_visual.gd:190)
       [11] apply_state (res://world/presentation.gd:119)
       [12] on_snapshot (res://world/session.gd:763)
       [13] on_snapshot (res://lattice/world_demo.gd:354)
       [14] deliver_snapshot (res://net/client.gd:501)
       [15] deliver_frame (res://net/client.gd:452)
       [16] decode_text (res://net/client.gd:340)
       [17] decode_text (res://lattice/transport.gd:163)
       [18] wire (res://tests/lattice/usability_contract.gd:29)
       [19] snapshot (res://tests/lattice/usability_contract.gd:35)
       [20] run (res://tests/lattice/usability_contract.gd:122)
ERROR: Cannot get path of node as it is not in a scene tree.
   at: get_path (scene/main/node.cpp:2374)
   GDScript backtrace (most recent call first):
       [0] _collect (res://source_operators/moth_finish/binder.gd:145)
       [1] _collect (res://source_operators/moth_finish/binder.gd:180)
       [2] _collect (res://source_operators/moth_finish/binder.gd:180)
       [3] _collect (res://source_operators/moth_finish/binder.gd:180)
       [4] _collect (res://source_operators/moth_finish/binder.gd:180)
       [5] _collect (res://source_operators/moth_finish/binder.gd:180)
       [6] _collect (res://source_operators/moth_finish/binder.gd:180)
       [7] _collect (res://source_operators/moth_finish/binder.gd:180)
       [8] bind (res://source_operators/moth_finish/binder.gd:35)
       [9] apply_identity (res://source_operators/operator_visual.gd:103)
       [10] apply_actor (res://source_operators/operator_visual.gd:190)
       [11] apply_state (res://world/presentation.gd:119)
       [12] on_snapshot (res://world/session.gd:763)
       [13] on_snapshot (res://lattice/world_demo.gd:354)
       [14] deliver_snapshot (res://net/client.gd:501)
       [15] deliver_frame (res://net/client.gd:452)
       [16] decode_text (res://net/client.gd:340)
       [17] decode_text (res://lattice/transport.gd:163)
       [18] wire (res://tests/lattice/usability_contract.gd:29)
       [19] snapshot (res://tests/lattice/usability_contract.gd:35)
       [20] run (res://tests/lattice/usability_contract.gd:122)
ERROR: Cannot get path of node as it is not in a scene tree.
   at: get_path (scene/main/node.cpp:2374)
   GDScript backtrace (most recent call first):
       [0] _collect (res://source_operators/moth_finish/binder.gd:145)
       [1] _collect (res://source_operators/moth_finish/binder.gd:180)
       [2] _collect (res://source_operators/moth_finish/binder.gd:180)
       [3] _collect (res://source_operators/moth_finish/binder.gd:180)
       [4] _collect (res://source_operators/moth_finish/binder.gd:180)
       [5] _collect (res://source_operators/moth_finish/binder.gd:180)
       [6] _collect (res://source_operators/moth_finish/binder.gd:180)
       [7] _collect (res://source_operators/moth_finish/binder.gd:180)
       [8] bind (res://source_operators/moth_finish/binder.gd:35)
       [9] apply_identity (res://source_operators/operator_visual.gd:103)
       [10] apply_actor (res://source_operators/operator_visual.gd:190)
       [11] apply_state (res://world/presentation.gd:119)
       [12] on_snapshot (res://world/session.gd:763)
       [13] on_snapshot (res://lattice/world_demo.gd:354)
       [14] deliver_snapshot (res://net/client.gd:501)
       [15] deliver_frame (res://net/client.gd:452)
       [16] decode_text (res://net/client.gd:340)
       [17] decode_text (res://lattice/transport.gd:163)
       [18] wire (res://tests/lattice/usability_contract.gd:29)
       [19] snapshot (res://tests/lattice/usability_contract.gd:35)
       [20] run (res://tests/lattice/usability_contract.gd:122)
ERROR: Cannot get path of node as it is not in a scene tree.
   at: get_path (scene/main/node.cpp:2374)
   GDScript backtrace (most recent call first):
       [0] _collect (res://source_operators/moth_finish/binder.gd:145)
       [1] _collect (res://source_operators/moth_finish/binder.gd:180)
       [2] _collect (res://source_operators/moth_finish/binder.gd:180)
       [3] _collect (res://source_operators/moth_finish/binder.gd:180)
       [4] _collect (res://source_operators/moth_finish/binder.gd:180)
       [5] _collect (res://source_operators/moth_finish/binder.gd:180)
       [6] _collect (res://source_operators/moth_finish/binder.gd:180)
       [7] _collect (res://source_operators/moth_finish/binder.gd:180)
       [8] bind (res://source_operators/moth_finish/binder.gd:35)
       [9] apply_identity (res://source_operators/operator_visual.gd:103)
       [10] apply_actor (res://source_operators/operator_visual.gd:190)
       [11] apply_state (res://world/presentation.gd:119)
       [12] on_snapshot (res://world/session.gd:763)
       [13] on_snapshot (res://lattice/world_demo.gd:354)
       [14] deliver_snapshot (res://net/client.gd:501)
       [15] deliver_frame (res://net/client.gd:452)
       [16] decode_text (res://net/client.gd:340)
       [17] decode_text (res://lattice/transport.gd:163)
       [18] wire (res://tests/lattice/usability_contract.gd:29)
       [19] snapshot (res://tests/lattice/usability_contract.gd:35)
       [20] run (res://tests/lattice/usability_contract.gd:122)
ERROR: Cannot get path of node as it is not in a scene tree.
   at: get_path (scene/main/node.cpp:2374)
   GDScript backtrace (most recent call first):
       [0] _collect (res://source_operators/moth_finish/binder.gd:145)
       [1] _collect (res://source_operators/moth_finish/binder.gd:180)
       [2] _collect (res://source_operators/moth_finish/binder.gd:180)
       [3] _collect (res://source_operators/moth_finish/binder.gd:180)
       [4] _collect (res://source_operators/moth_finish/binder.gd:180)
       [5] _collect (res://source_operators/moth_finish/binder.gd:180)
       [6] _collect (res://source_operators/moth_finish/binder.gd:180)
       [7] _collect (res://source_operators/moth_finish/binder.gd:180)
       [8] bind (res://source_operators/moth_finish/binder.gd:35)
       [9] apply_identity (res://source_operators/operator_visual.gd:103)
       [10] apply_actor (res://source_operators/operator_visual.gd:190)
       [11] apply_state (res://world/presentation.gd:119)
       [12] on_snapshot (res://world/session.gd:763)
       [13] on_snapshot (res://lattice/world_demo.gd:354)
       [14] deliver_snapshot (res://net/client.gd:501)
       [15] deliver_frame (res://net/client.gd:452)
       [16] decode_text (res://net/client.gd:340)
       [17] decode_text (res://lattice/transport.gd:163)
       [18] wire (res://tests/lattice/usability_contract.gd:29)
       [19] snapshot (res://tests/lattice/usability_contract.gd:35)
       [20] run (res://tests/lattice/usability_contract.gd:122)
ERROR: Cannot get path of node as it is not in a scene tree.
   at: get_path (scene/main/node.cpp:2374)
   GDScript backtrace (most recent call first):
       [0] _collect (res://source_operators/moth_finish/binder.gd:145)
       [1] _collect (res://source_operators/moth_finish/binder.gd:180)
       [2] _collect (res://source_operators/moth_finish/binder.gd:180)
       [3] _collect (res://source_operators/moth_finish/binder.gd:180)
       [4] _collect (res://source_operators/moth_finish/binder.gd:180)
       [5] _collect (res://source_operators/moth_finish/binder.gd:180)
       [6] _collect (res://source_operators/moth_finish/binder.gd:180)
       [7] _collect (res://source_operators/moth_finish/binder.gd:180)
       [8] bind (res://source_operators/moth_finish/binder.gd:35)
       [9] apply_identity (res://source_operators/operator_visual.gd:103)
       [10] apply_actor (res://source_operators/operator_visual.gd:190)
       [11] apply_state (res://world/presentation.gd:119)
       [12] on_snapshot (res://world/session.gd:763)
       [13] on_snapshot (res://lattice/world_demo.gd:354)
       [14] deliver_snapshot (res://net/client.gd:501)
       [15] deliver_frame (res://net/client.gd:452)
       [16] decode_text (res://net/client.gd:340)
       [17] decode_text (res://lattice/transport.gd:163)
       [18] wire (res://tests/lattice/usability_contract.gd:29)
       [19] snapshot (res://tests/lattice/usability_contract.gd:35)
       [20] run (res://tests/lattice/usability_contract.gd:122)
ERROR: Cannot get path of node as it is not in a scene tree.
   at: get_path (scene/main/node.cpp:2374)
   GDScript backtrace (most recent call first):
       [0] _collect (res://source_operators/moth_finish/binder.gd:145)
       [1] _collect (res://source_operators/moth_finish/binder.gd:180)
       [2] _collect (res://source_operators/moth_finish/binder.gd:180)
       [3] _collect (res://source_operators/moth_finish/binder.gd:180)
       [4] _collect (res://source_operators/moth_finish/binder.gd:180)
       [5] _collect (res://source_operators/moth_finish/binder.gd:180)
       [6] _collect (res://source_operators/moth_finish/binder.gd:180)
       [7] _collect (res://source_operators/moth_finish/binder.gd:180)
       [8] bind (res://source_operators/moth_finish/binder.gd:35)
       [9] apply_identity (res://source_operators/operator_visual.gd:103)
       [10] apply_actor (res://source_operators/operator_visual.gd:190)
       [11] apply_state (res://world/presentation.gd:119)
       [12] on_snapshot (res://world/session.gd:763)
       [13] on_snapshot (res://lattice/world_demo.gd:354)
       [14] deliver_snapshot (res://net/client.gd:501)
       [15] deliver_frame (res://net/client.gd:452)
       [16] decode_text (res://net/client.gd:340)
       [17] decode_text (res://lattice/transport.gd:163)
       [18] wire (res://tests/lattice/usability_contract.gd:29)
       [19] snapshot (res://tests/lattice/usability_contract.gd:35)
       [20] run (res://tests/lattice/usability_contract.gd:122)
ERROR: Cannot get path of node as it is not in a scene tree.
   at: get_path (scene/main/node.cpp:2374)
   GDScript backtrace (most recent call first):
       [0] _collect (res://source_operators/moth_finish/binder.gd:145)
       [1] _collect (res://source_operators/moth_finish/binder.gd:180)
       [2] _collect (res://source_operators/moth_finish/binder.gd:180)
       [3] _collect (res://source_operators/moth_finish/binder.gd:180)
       [4] _collect (res://source_operators/moth_finish/binder.gd:180)
       [5] _collect (res://source_operators/moth_finish/binder.gd:180)
       [6] _collect (res://source_operators/moth_finish/binder.gd:180)
       [7] _collect (res://source_operators/moth_finish/binder.gd:180)
       [8] _collect (res://source_operators/moth_finish/binder.gd:180)
       [9] _collect (res://source_operators/moth_finish/binder.gd:180)
       [10] _collect (res://source_operators/moth_finish/binder.gd:180)
       [11] _collect (res://source_operators/moth_finish/binder.gd:180)
       [12] bind (res://source_operators/moth_finish/binder.gd:35)
       [13] apply_identity (res://source_operators/operator_visual.gd:103)
       [14] apply_actor (res://source_operators/operator_visual.gd:190)
       [15] apply_state (res://world/presentation.gd:119)
       [16] on_snapshot (res://world/session.gd:763)
       [17] on_snapshot (res://lattice/world_demo.gd:354)
       [18] deliver_snapshot (res://net/client.gd:501)
       [19] deliver_frame (res://net/client.gd:452)
       [20] decode_text (res://net/client.gd:340)
       [21] decode_text (res://lattice/transport.gd:163)
       [22] wire (res://tests/lattice/usability_contract.gd:29)
       [23] snapshot (res://tests/lattice/usability_contract.gd:35)
       [24] run (res://tests/lattice/usability_contract.gd:122)
ERROR: Cannot get path of node as it is not in a scene tree.
   at: get_path (scene/main/node.cpp:2374)
   GDScript backtrace (most recent call first):
       [0] _collect (res://source_operators/moth_finish/binder.gd:145)
       [1] _collect (res://source_operators/moth_finish/binder.gd:180)
       [2] _collect (res://source_operators/moth_finish/binder.gd:180)
       [3] _collect (res://source_operators/moth_finish/binder.gd:180)
       [4] _collect (res://source_operators/moth_finish/binder.gd:180)
       [5] _collect (res://source_operators/moth_finish/binder.gd:180)
       [6] _collect (res://source_operators/moth_finish/binder.gd:180)
       [7] _collect (res://source_operators/moth_finish/binder.gd:180)
       [8] _collect (res://source_operators/moth_finish/binder.gd:180)
       [9] _collect (res://source_operators/moth_finish/binder.gd:180)
       [10] _collect (res://source_operators/moth_finish/binder.gd:180)
       [11] _collect (res://source_operators/moth_finish/binder.gd:180)
       [12] bind (res://source_operators/moth_finish/binder.gd:35)
       [13] apply_identity (res://source_operators/operator_visual.gd:103)
       [14] apply_actor (res://source_operators/operator_visual.gd:190)
       [15] apply_state (res://world/presentation.gd:119)
       [16] on_snapshot (res://world/session.gd:763)
       [17] on_snapshot (res://lattice/world_demo.gd:354)
       [18] deliver_snapshot (res://net/client.gd:501)
       [19] deliver_frame (res://net/client.gd:452)
       [20] decode_text (res://net/client.gd:340)
       [21] decode_text (res://lattice/transport.gd:163)
       [22] wire (res://tests/lattice/usability_contract.gd:29)
       [23] snapshot (res://tests/lattice/usability_contract.gd:35)
       [24] run (res://tests/lattice/usability_contract.gd:122)
ERROR: Cannot get path of node as it is not in a scene tree.
   at: get_path (scene/main/node.cpp:2374)
   GDScript backtrace (most recent call first):
       [0] _collect (res://source_operators/moth_finish/binder.gd:145)
       [1] _collect (res://source_operators/moth_finish/binder.gd:180)
       [2] _collect (res://source_operators/moth_finish/binder.gd:180)
       [3] _collect (res://source_operators/moth_finish/binder.gd:180)
       [4] _collect (res://source_operators/moth_finish/binder.gd:180)
       [5] _collect (res://source_operators/moth_finish/binder.gd:180)
       [6] _collect (res://source_operators/moth_finish/binder.gd:180)
       [7] _collect (res://source_operators/moth_finish/binder.gd:180)
       [8] _collect (res://source_operators/moth_finish/binder.gd:180)
       [9] _collect (res://source_operators/moth_finish/binder.gd:180)
       [10] _collect (res://source_operators/moth_finish/binder.gd:180)
       [11] _collect (res://source_operators/moth_finish/binder.gd:180)
       [12] bind (res://source_operators/moth_finish/binder.gd:35)
       [13] apply_identity (res://source_operators/operator_visual.gd:103)
       [14] apply_actor (res://source_operators/operator_visual.gd:190)
       [15] apply_state (res://world/presentation.gd:119)
       [16] on_snapshot (res://world/session.gd:763)
       [17] on_snapshot (res://lattice/world_demo.gd:354)
       [18] deliver_snapshot (res://net/client.gd:501)
       [19] deliver_frame (res://net/client.gd:452)
       [20] decode_text (res://net/client.gd:340)
       [21] decode_text (res://lattice/transport.gd:163)
       [22] wire (res://tests/lattice/usability_contract.gd:29)
       [23] snapshot (res://tests/lattice/usability_contract.gd:35)
       [24] run (res://tests/lattice/usability_contract.gd:122)
ERROR: Cannot get path of node as it is not in a scene tree.
   at: get_path (scene/main/node.cpp:2374)
   GDScript backtrace (most recent call first):
       [0] _collect (res://source_operators/moth_finish/binder.gd:145)
       [1] _collect (res://source_operators/moth_finish/binder.gd:180)
       [2] _collect (res://source_operators/moth_finish/binder.gd:180)
       [3] _collect (res://source_operators/moth_finish/binder.gd:180)
       [4] _collect (res://source_operators/moth_finish/binder.gd:180)
       [5] _collect (res://source_operators/moth_finish/binder.gd:180)
       [6] _collect (res://source_operators/moth_finish/binder.gd:180)
       [7] _collect (res://source_operators/moth_finish/binder.gd:180)
       [8] _collect (res://source_operators/moth_finish/binder.gd:180)
       [9] _collect (res://source_operators/moth_finish/binder.gd:180)
       [10] _collect (res://source_operators/moth_finish/binder.gd:180)
       [11] bind (res://source_operators/moth_finish/binder.gd:35)
       [12] apply_identity (res://source_operators/operator_visual.gd:103)
       [13] apply_actor (res://source_operators/operator_visual.gd:190)
       [14] apply_state (res://world/presentation.gd:119)
       [15] on_snapshot (res://world/session.gd:763)
       [16] on_snapshot (res://lattice/world_demo.gd:354)
       [17] deliver_snapshot (res://net/client.gd:501)
       [18] deliver_frame (res://net/client.gd:452)
       [19] decode_text (res://net/client.gd:340)
       [20] decode_text (res://lattice/transport.gd:163)
       [21] wire (res://tests/lattice/usability_contract.gd:29)
       [22] snapshot (res://tests/lattice/usability_contract.gd:35)
       [23] run (res://tests/lattice/usability_contract.gd:122)
ERROR: Cannot get path of node as it is not in a scene tree.
   at: get_path (scene/main/node.cpp:2374)
   GDScript backtrace (most recent call first):
       [0] _collect (res://source_operators/moth_finish/binder.gd:145)
       [1] _collect (res://source_operators/moth_finish/binder.gd:180)
       [2] _collect (res://source_operators/moth_finish/binder.gd:180)
       [3] _collect (res://source_operators/moth_finish/binder.gd:180)
       [4] _collect (res://source_operators/moth_finish/binder.gd:180)
       [5] _collect (res://source_operators/moth_finish/binder.gd:180)
       [6] _collect (res://source_operators/moth_finish/binder.gd:180)
       [7] _collect (res://source_operators/moth_finish/binder.gd:180)
       [8] _collect (res://source_operators/moth_finish/binder.gd:180)
       [9] _collect (res://source_operators/moth_finish/binder.gd:180)
       [10] _collect (res://source_operators/moth_finish/binder.gd:180)
       [11] bind (res://source_operators/moth_finish/binder.gd:35)
       [12] apply_identity (res://source_operators/operator_visual.gd:103)
       [13] apply_actor (res://source_operators/operator_visual.gd:190)
       [14] apply_state (res://world/presentation.gd:119)
       [15] on_snapshot (res://world/session.gd:763)
       [16] on_snapshot (res://lattice/world_demo.gd:354)
       [17] deliver_snapshot (res://net/client.gd:501)
       [18] deliver_frame (res://net/client.gd:452)
       [19] decode_text (res://net/client.gd:340)
       [20] decode_text (res://lattice/transport.gd:163)
       [21] wire (res://tests/lattice/usability_contract.gd:29)
       [22] snapshot (res://tests/lattice/usability_contract.gd:35)
       [23] run (res://tests/lattice/usability_contract.gd:122)
ERROR: Cannot get path of node as it is not in a scene tree.
   at: get_path (scene/main/node.cpp:2374)
   GDScript backtrace (most recent call first):
       [0] _collect (res://source_operators/moth_finish/binder.gd:145)
       [1] _collect (res://source_operators/moth_finish/binder.gd:180)
       [2] _collect (res://source_operators/moth_finish/binder.gd:180)
       [3] _collect (res://source_operators/moth_finish/binder.gd:180)
       [4] _collect (res://source_operators/moth_finish/binder.gd:180)
       [5] _collect (res://source_operators/moth_finish/binder.gd:180)
       [6] _collect (res://source_operators/moth_finish/binder.gd:180)
       [7] _collect (res://source_operators/moth_finish/binder.gd:180)
       [8] _collect (res://source_operators/moth_finish/binder.gd:180)
       [9] _collect (res://source_operators/moth_finish/binder.gd:180)
       [10] _collect (res://source_operators/moth_finish/binder.gd:180)
       [11] bind (res://source_operators/moth_finish/binder.gd:35)
       [12] apply_identity (res://source_operators/operator_visual.gd:103)
       [13] apply_actor (res://source_operators/operator_visual.gd:190)
       [14] apply_state (res://world/presentation.gd:119)
       [15] on_snapshot (res://world/session.gd:763)
       [16] on_snapshot (res://lattice/world_demo.gd:354)
       [17] deliver_snapshot (res://net/client.gd:501)
       [18] deliver_frame (res://net/client.gd:452)
       [19] decode_text (res://net/client.gd:340)
       [20] decode_text (res://lattice/transport.gd:163)
       [21] wire (res://tests/lattice/usability_contract.gd:29)
       [22] snapshot (res://tests/lattice/usability_contract.gd:35)
       [23] run (res://tests/lattice/usability_contract.gd:122)
ERROR: Cannot get path of node as it is not in a scene tree.
   at: get_path (scene/main/node.cpp:2374)
   GDScript backtrace (most recent call first):
       [0] _collect (res://source_operators/moth_finish/binder.gd:145)
       [1] _collect (res://source_operators/moth_finish/binder.gd:180)
       [2] _collect (res://source_operators/moth_finish/binder.gd:180)
       [3] _collect (res://source_operators/moth_finish/binder.gd:180)
       [4] _collect (res://source_operators/moth_finish/binder.gd:180)
       [5] _collect (res://source_operators/moth_finish/binder.gd:180)
       [6] _collect (res://source_operators/moth_finish/binder.gd:180)
       [7] _collect (res://source_operators/moth_finish/binder.gd:180)
       [8] _collect (res://source_operators/moth_finish/binder.gd:180)
       [9] _collect (res://source_operators/moth_finish/binder.gd:180)
       [10] _collect (res://source_operators/moth_finish/binder.gd:180)
       [11] bind (res://source_operators/moth_finish/binder.gd:35)
       [12] apply_identity (res://source_operators/operator_visual.gd:103)
       [13] apply_actor (res://source_operators/operator_visual.gd:190)
       [14] apply_state (res://world/presentation.gd:119)
       [15] on_snapshot (res://world/session.gd:763)
       [16] on_snapshot (res://lattice/world_demo.gd:354)
       [17] deliver_snapshot (res://net/client.gd:501)
       [18] deliver_frame (res://net/client.gd:452)
       [19] decode_text (res://net/client.gd:340)
       [20] decode_text (res://lattice/transport.gd:163)
       [21] wire (res://tests/lattice/usability_contract.gd:29)
       [22] snapshot (res://tests/lattice/usability_contract.gd:35)
       [23] run (res://tests/lattice/usability_contract.gd:122)
ERROR: Cannot get path of node as it is not in a scene tree.
   at: get_path (scene/main/node.cpp:2374)
   GDScript backtrace (most recent call first):
       [0] _collect (res://source_operators/moth_finish/binder.gd:145)
       [1] _collect (res://source_operators/moth_finish/binder.gd:180)
       [2] _collect (res://source_operators/moth_finish/binder.gd:180)
       [3] _collect (res://source_operators/moth_finish/binder.gd:180)
       [4] _collect (res://source_operators/moth_finish/binder.gd:180)
       [5] _collect (res://source_operators/moth_finish/binder.gd:180)
       [6] _collect (res://source_operators/moth_finish/binder.gd:180)
       [7] _collect (res://source_operators/moth_finish/binder.gd:180)
       [8] _collect (res://source_operators/moth_finish/binder.gd:180)
       [9] _collect (res://source_operators/moth_finish/binder.gd:180)
       [10] _collect (res://source_operators/moth_finish/binder.gd:180)
       [11] bind (res://source_operators/moth_finish/binder.gd:35)
       [12] apply_identity (res://source_operators/operator_visual.gd:103)
       [13] apply_actor (res://source_operators/operator_visual.gd:190)
       [14] apply_state (res://world/presentation.gd:119)
       [15] on_snapshot (res://world/session.gd:763)
       [16] on_snapshot (res://lattice/world_demo.gd:354)
       [17] deliver_snapshot (res://net/client.gd:501)
       [18] deliver_frame (res://net/client.gd:452)
       [19] decode_text (res://net/client.gd:340)
       [20] decode_text (res://lattice/transport.gd:163)
       [21] wire (res://tests/lattice/usability_contract.gd:29)
       [22] snapshot (res://tests/lattice/usability_contract.gd:35)
       [23] run (res://tests/lattice/usability_contract.gd:122)
ERROR: Cannot get path of node as it is not in a scene tree.
   at: get_path (scene/main/node.cpp:2374)
   GDScript backtrace (most recent call first):
       [0] _collect (res://source_operators/moth_finish/binder.gd:145)
       [1] _collect (res://source_operators/moth_finish/binder.gd:180)
       [2] _collect (res://source_operators/moth_finish/binder.gd:180)
       [3] _collect (res://source_operators/moth_finish/binder.gd:180)
       [4] _collect (res://source_operators/moth_finish/binder.gd:180)
       [5] _collect (res://source_operators/moth_finish/binder.gd:180)
       [6] _collect (res://source_operators/moth_finish/binder.gd:180)
       [7] _collect (res://source_operators/moth_finish/binder.gd:180)
       [8] _collect (res://source_operators/moth_finish/binder.gd:180)
       [9] _collect (res://source_operators/moth_finish/binder.gd:180)
       [10] _collect (res://source_operators/moth_finish/binder.gd:180)
       [11] bind (res://source_operators/moth_finish/binder.gd:35)
       [12] apply_identity (res://source_operators/operator_visual.gd:103)
       [13] apply_actor (res://source_operators/operator_visual.gd:190)
       [14] apply_state (res://world/presentation.gd:119)
       [15] on_snapshot (res://world/session.gd:763)
       [16] on_snapshot (res://lattice/world_demo.gd:354)
       [17] deliver_snapshot (res://net/client.gd:501)
       [18] deliver_frame (res://net/client.gd:452)
       [19] decode_text (res://net/client.gd:340)
       [20] decode_text (res://lattice/transport.gd:163)
       [21] wire (res://tests/lattice/usability_contract.gd:29)
       [22] snapshot (res://tests/lattice/usability_contract.gd:35)
       [23] run (res://tests/lattice/usability_contract.gd:122)
ERROR: Cannot get path of node as it is not in a scene tree.
   at: get_path (scene/main/node.cpp:2374)
   GDScript backtrace (most recent call first):
       [0] _collect (res://source_operators/moth_finish/binder.gd:145)
       [1] _collect (res://source_operators/moth_finish/binder.gd:180)
       [2] _collect (res://source_operators/moth_finish/binder.gd:180)
       [3] _collect (res://source_operators/moth_finish/binder.gd:180)
       [4] _collect (res://source_operators/moth_finish/binder.gd:180)
       [5] _collect (res://source_operators/moth_finish/binder.gd:180)
       [6] _collect (res://source_operators/moth_finish/binder.gd:180)
       [7] _collect (res://source_operators/moth_finish/binder.gd:180)
       [8] _collect (res://source_operators/moth_finish/binder.gd:180)
       [9] _collect (res://source_operators/moth_finish/binder.gd:180)
       [10] bind (res://source_operators/moth_finish/binder.gd:35)
       [11] apply_identity (res://source_operators/operator_visual.gd:103)
       [12] apply_actor (res://source_operators/operator_visual.gd:190)
       [13] apply_state (res://world/presentation.gd:119)
       [14] on_snapshot (res://world/session.gd:763)
       [15] on_snapshot (res://lattice/world_demo.gd:354)
       [16] deliver_snapshot (res://net/client.gd:501)
       [17] deliver_frame (res://net/client.gd:452)
       [18] decode_text (res://net/client.gd:340)
       [19] decode_text (res://lattice/transport.gd:163)
       [20] wire (res://tests/lattice/usability_contract.gd:29)
       [21] snapshot (res://tests/lattice/usability_contract.gd:35)
       [22] run (res://tests/lattice/usability_contract.gd:122)
ERROR: Cannot get path of node as it is not in a scene tree.
   at: get_path (scene/main/node.cpp:2374)
   GDScript backtrace (most recent call first):
       [0] _collect (res://source_operators/moth_finish/binder.gd:145)
       [1] _collect (res://source_operators/moth_finish/binder.gd:180)
       [2] _collect (res://source_operators/moth_finish/binder.gd:180)
       [3] _collect (res://source_operators/moth_finish/binder.gd:180)
       [4] _collect (res://source_operators/moth_finish/binder.gd:180)
       [5] _collect (res://source_operators/moth_finish/binder.gd:180)
       [6] _collect (res://source_operators/moth_finish/binder.gd:180)
       [7] _collect (res://source_operators/moth_finish/binder.gd:180)
       [8] _collect (res://source_operators/moth_finish/binder.gd:180)
       [9] _collect (res://source_operators/moth_finish/binder.gd:180)
       [10] bind (res://source_operators/moth_finish/binder.gd:35)
       [11] apply_identity (res://source_operators/operator_visual.gd:103)
       [12] apply_actor (res://source_operators/operator_visual.gd:190)
       [13] apply_state (res://world/presentation.gd:119)
       [14] on_snapshot (res://world/session.gd:763)
       [15] on_snapshot (res://lattice/world_demo.gd:354)
       [16] deliver_snapshot (res://net/client.gd:501)
       [17] deliver_frame (res://net/client.gd:452)
       [18] decode_text (res://net/client.gd:340)
       [19] decode_text (res://lattice/transport.gd:163)
       [20] wire (res://tests/lattice/usability_contract.gd:29)
       [21] snapshot (res://tests/lattice/usability_contract.gd:35)
       [22] run (res://tests/lattice/usability_contract.gd:122)
ERROR: Cannot get path of node as it is not in a scene tree.
   at: get_path (scene/main/node.cpp:2374)
   GDScript backtrace (most recent call first):
       [0] _collect (res://source_operators/moth_finish/binder.gd:145)
       [1] _collect (res://source_operators/moth_finish/binder.gd:180)
       [2] _collect (res://source_operators/moth_finish/binder.gd:180)
       [3] _collect (res://source_operators/moth_finish/binder.gd:180)
       [4] _collect (res://source_operators/moth_finish/binder.gd:180)
       [5] _collect (res://source_operators/moth_finish/binder.gd:180)
       [6] _collect (res://source_operators/moth_finish/binder.gd:180)
       [7] _collect (res://source_operators/moth_finish/binder.gd:180)
       [8] _collect (res://source_operators/moth_finish/binder.gd:180)
       [9] bind (res://source_operators/moth_finish/binder.gd:35)
       [10] apply_identity (res://source_operators/operator_visual.gd:103)
       [11] apply_actor (res://source_operators/operator_visual.gd:190)
       [12] apply_state (res://world/presentation.gd:119)
       [13] on_snapshot (res://world/session.gd:763)
       [14] on_snapshot (res://lattice/world_demo.gd:354)
       [15] deliver_snapshot (res://net/client.gd:501)
       [16] deliver_frame (res://net/client.gd:452)
       [17] decode_text (res://net/client.gd:340)
       [18] decode_text (res://lattice/transport.gd:163)
       [19] wire (res://tests/lattice/usability_contract.gd:29)
       [20] snapshot (res://tests/lattice/usability_contract.gd:35)
       [21] run (res://tests/lattice/usability_contract.gd:122)
ERROR: Cannot get path of node as it is not in a scene tree.
   at: get_path (scene/main/node.cpp:2374)
   GDScript backtrace (most recent call first):
       [0] _collect (res://source_operators/moth_finish/binder.gd:145)
       [1] _collect (res://source_operators/moth_finish/binder.gd:180)
       [2] _collect (res://source_operators/moth_finish/binder.gd:180)
       [3] _collect (res://source_operators/moth_finish/binder.gd:180)
       [4] _collect (res://source_operators/moth_finish/binder.gd:180)
       [5] _collect (res://source_operators/moth_finish/binder.gd:180)
       [6] _collect (res://source_operators/moth_finish/binder.gd:180)
       [7] _collect (res://source_operators/moth_finish/binder.gd:180)
       [8] _collect (res://source_operators/moth_finish/binder.gd:180)
       [9] bind (res://source_operators/moth_finish/binder.gd:35)
       [10] apply_identity (res://source_operators/operator_visual.gd:103)
       [11] apply_actor (res://source_operators/operator_visual.gd:190)
       [12] apply_state (res://world/presentation.gd:119)
       [13] on_snapshot (res://world/session.gd:763)
       [14] on_snapshot (res://lattice/world_demo.gd:354)
       [15] deliver_snapshot (res://net/client.gd:501)
       [16] deliver_frame (res://net/client.gd:452)
       [17] decode_text (res://net/client.gd:340)
       [18] decode_text (res://lattice/transport.gd:163)
       [19] wire (res://tests/lattice/usability_contract.gd:29)
       [20] snapshot (res://tests/lattice/usability_contract.gd:35)
       [21] run (res://tests/lattice/usability_contract.gd:122)
ERROR: Cannot get path of node as it is not in a scene tree.
   at: get_path (scene/main/node.cpp:2374)
   GDScript backtrace (most recent call first):
       [0] _collect (res://source_operators/moth_finish/binder.gd:145)
       [1] _collect (res://source_operators/moth_finish/binder.gd:180)
       [2] _collect (res://source_operators/moth_finish/binder.gd:180)
       [3] _collect (res://source_operators/moth_finish/binder.gd:180)
       [4] _collect (res://source_operators/moth_finish/binder.gd:180)
       [5] _collect (res://source_operators/moth_finish/binder.gd:180)
       [6] _collect (res://source_operators/moth_finish/binder.gd:180)
       [7] _collect (res://source_operators/moth_finish/binder.gd:180)
       [8] _collect (res://source_operators/moth_finish/binder.gd:180)
       [9] bind (res://source_operators/moth_finish/binder.gd:35)
       [10] apply_identity (res://source_operators/operator_visual.gd:103)
       [11] apply_actor (res://source_operators/operator_visual.gd:190)
       [12] apply_state (res://world/presentation.gd:119)
       [13] on_snapshot (res://world/session.gd:763)
       [14] on_snapshot (res://lattice/world_demo.gd:354)
       [15] deliver_snapshot (res://net/client.gd:501)
       [16] deliver_frame (res://net/client.gd:452)
       [17] decode_text (res://net/client.gd:340)
       [18] decode_text (res://lattice/transport.gd:163)
       [19] wire (res://tests/lattice/usability_contract.gd:29)
       [20] snapshot (res://tests/lattice/usability_contract.gd:35)
       [21] run (res://tests/lattice/usability_contract.gd:122)
ERROR: Cannot get path of node as it is not in a scene tree.
   at: get_path (scene/main/node.cpp:2374)
   GDScript backtrace (most recent call first):
       [0] _collect (res://source_operators/moth_finish/binder.gd:145)
       [1] _collect (res://source_operators/moth_finish/binder.gd:180)
       [2] _collect (res://source_operators/moth_finish/binder.gd:180)
       [3] _collect (res://source_operators/moth_finish/binder.gd:180)
       [4] _collect (res://source_operators/moth_finish/binder.gd:180)
       [5] _collect (res://source_operators/moth_finish/binder.gd:180)
       [6] _collect (res://source_operators/moth_finish/binder.gd:180)
       [7] _collect (res://source_operators/moth_finish/binder.gd:180)
       [8] _collect (res://source_operators/moth_finish/binder.gd:180)
       [9] bind (res://source_operators/moth_finish/binder.gd:35)
       [10] apply_identity (res://source_operators/operator_visual.gd:103)
       [11] apply_actor (res://source_operators/operator_visual.gd:190)
       [12] apply_state (res://world/presentation.gd:119)
       [13] on_snapshot (res://world/session.gd:763)
       [14] on_snapshot (res://lattice/world_demo.gd:354)
       [15] deliver_snapshot (res://net/client.gd:501)
       [16] deliver_frame (res://net/client.gd:452)
       [17] decode_text (res://net/client.gd:340)
       [18] decode_text (res://lattice/transport.gd:163)
       [19] wire (res://tests/lattice/usability_contract.gd:29)
       [20] snapshot (res://tests/lattice/usability_contract.gd:35)
       [21] run (res://tests/lattice/usability_contract.gd:122)
ERROR: Cannot get path of node as it is not in a scene tree.
   at: get_path (scene/main/node.cpp:2374)
   GDScript backtrace (most recent call first):
       [0] _collect (res://source_operators/moth_finish/binder.gd:145)
       [1] _collect (res://source_operators/moth_finish/binder.gd:180)
       [2] _collect (res://source_operators/moth_finish/binder.gd:180)
       [3] _collect (res://source_operators/moth_finish/binder.gd:180)
       [4] _collect (res://source_operators/moth_finish/binder.gd:180)
       [5] _collect (res://source_operators/moth_finish/binder.gd:180)
       [6] _collect (res://source_operators/moth_finish/binder.gd:180)
       [7] _collect (res://source_operators/moth_finish/binder.gd:180)
       [8] _collect (res://source_operators/moth_finish/binder.gd:180)
       [9] bind (res://source_operators/moth_finish/binder.gd:35)
       [10] apply_identity (res://source_operators/operator_visual.gd:103)
       [11] apply_actor (res://source_operators/operator_visual.gd:190)
       [12] apply_state (res://world/presentation.gd:119)
       [13] on_snapshot (res://world/session.gd:763)
       [14] on_snapshot (res://lattice/world_demo.gd:354)
       [15] deliver_snapshot (res://net/client.gd:501)
       [16] deliver_frame (res://net/client.gd:452)
       [17] decode_text (res://net/client.gd:340)
       [18] decode_text (res://lattice/transport.gd:163)
       [19] wire (res://tests/lattice/usability_contract.gd:29)
       [20] snapshot (res://tests/lattice/usability_contract.gd:35)
       [21] run (res://tests/lattice/usability_contract.gd:122)
ERROR: Cannot get path of node as it is not in a scene tree.
   at: get_path (scene/main/node.cpp:2374)
   GDScript backtrace (most recent call first):
       [0] _collect (res://source_operators/moth_finish/binder.gd:145)
       [1] _collect (res://source_operators/moth_finish/binder.gd:180)
       [2] _collect (res://source_operators/moth_finish/binder.gd:180)
       [3] _collect (res://source_operators/moth_finish/binder.gd:180)
       [4] _collect (res://source_operators/moth_finish/binder.gd:180)
       [5] _collect (res://source_operators/moth_finish/binder.gd:180)
       [6] _collect (res://source_operators/moth_finish/binder.gd:180)
       [7] _collect (res://source_operators/moth_finish/binder.gd:180)
       [8] bind (res://source_operators/moth_finish/binder.gd:35)
       [9] apply_identity (res://source_operators/operator_visual.gd:103)
       [10] apply_actor (res://source_operators/operator_visual.gd:190)
       [11] apply_state (res://world/presentation.gd:119)
       [12] on_snapshot (res://world/session.gd:763)
       [13] on_snapshot (res://lattice/world_demo.gd:354)
       [14] deliver_snapshot (res://net/client.gd:501)
       [15] deliver_frame (res://net/client.gd:452)
       [16] decode_text (res://net/client.gd:340)
       [17] decode_text (res://lattice/transport.gd:163)
       [18] wire (res://tests/lattice/usability_contract.gd:29)
       [19] snapshot (res://tests/lattice/usability_contract.gd:35)
       [20] run (res://tests/lattice/usability_contract.gd:122)
ERROR: Cannot get path of node as it is not in a scene tree.
   at: get_path (scene/main/node.cpp:2374)
   GDScript backtrace (most recent call first):
       [0] _collect (res://source_operators/moth_finish/binder.gd:145)
       [1] _collect (res://source_operators/moth_finish/binder.gd:180)
       [2] _collect (res://source_operators/moth_finish/binder.gd:180)
       [3] _collect (res://source_operators/moth_finish/binder.gd:180)
       [4] _collect (res://source_operators/moth_finish/binder.gd:180)
       [5] _collect (res://source_operators/moth_finish/binder.gd:180)
       [6] _collect (res://source_operators/moth_finish/binder.gd:180)
       [7] _collect (res://source_operators/moth_finish/binder.gd:180)
       [8] bind (res://source_operators/moth_finish/binder.gd:35)
       [9] apply_identity (res://source_operators/operator_visual.gd:103)
       [10] apply_actor (res://source_operators/operator_visual.gd:190)
       [11] apply_state (res://world/presentation.gd:119)
       [12] on_snapshot (res://world/session.gd:763)
       [13] on_snapshot (res://lattice/world_demo.gd:354)
       [14] deliver_snapshot (res://net/client.gd:501)
       [15] deliver_frame (res://net/client.gd:452)
       [16] decode_text (res://net/client.gd:340)
       [17] decode_text (res://lattice/transport.gd:163)
       [18] wire (res://tests/lattice/usability_contract.gd:29)
       [19] snapshot (res://tests/lattice/usability_contract.gd:35)
       [20] run (res://tests/lattice/usability_contract.gd:122)
ERROR: Cannot get path of node as it is not in a scene tree.
   at: get_path (scene/main/node.cpp:2374)
   GDScript backtrace (most recent call first):
       [0] _collect (res://source_operators/moth_finish/binder.gd:145)
       [1] _collect (res://source_operators/moth_finish/binder.gd:180)
       [2] _collect (res://source_operators/moth_finish/binder.gd:180)
       [3] _collect (res://source_operators/moth_finish/binder.gd:180)
       [4] _collect (res://source_operators/moth_finish/binder.gd:180)
       [5] _collect (res://source_operators/moth_finish/binder.gd:180)
       [6] _collect (res://source_operators/moth_finish/binder.gd:180)
       [7] _collect (res://source_operators/moth_finish/binder.gd:180)
       [8] bind (res://source_operators/moth_finish/binder.gd:35)
       [9] apply_identity (res://source_operators/operator_visual.gd:103)
       [10] apply_actor (res://source_operators/operator_visual.gd:190)
       [11] apply_state (res://world/presentation.gd:119)
       [12] on_snapshot (res://world/session.gd:763)
       [13] on_snapshot (res://lattice/world_demo.gd:354)
       [14] deliver_snapshot (res://net/client.gd:501)
       [15] deliver_frame (res://net/client.gd:452)
       [16] decode_text (res://net/client.gd:340)
       [17] decode_text (res://lattice/transport.gd:163)
       [18] wire (res://tests/lattice/usability_contract.gd:29)
       [19] snapshot (res://tests/lattice/usability_contract.gd:35)
       [20] run (res://tests/lattice/usability_contract.gd:122)
ERROR: Cannot get path of node as it is not in a scene tree.
   at: get_path (scene/main/node.cpp:2374)
   GDScript backtrace (most recent call first):
       [0] _collect (res://source_operators/moth_finish/binder.gd:145)
       [1] _collect (res://source_operators/moth_finish/binder.gd:180)
       [2] _collect (res://source_operators/moth_finish/binder.gd:180)
       [3] _collect (res://source_operators/moth_finish/binder.gd:180)
       [4] _collect (res://source_operators/moth_finish/binder.gd:180)
       [5] _collect (res://source_operators/moth_finish/binder.gd:180)
       [6] _collect (res://source_operators/moth_finish/binder.gd:180)
       [7] _collect (res://source_operators/moth_finish/binder.gd:180)
       [8] bind (res://source_operators/moth_finish/binder.gd:35)
       [9] apply_identity (res://source_operators/operator_visual.gd:103)
       [10] apply_actor (res://source_operators/operator_visual.gd:190)
       [11] apply_state (res://world/presentation.gd:119)
       [12] on_snapshot (res://world/session.gd:763)
       [13] on_snapshot (res://lattice/world_demo.gd:354)
       [14] deliver_snapshot (res://net/client.gd:501)
       [15] deliver_frame (res://net/client.gd:452)
       [16] decode_text (res://net/client.gd:340)
       [17] decode_text (res://lattice/transport.gd:163)
       [18] wire (res://tests/lattice/usability_contract.gd:29)
       [19] snapshot (res://tests/lattice/usability_contract.gd:35)
       [20] run (res://tests/lattice/usability_contract.gd:122)
ERROR: Cannot get path of node as it is not in a scene tree.
   at: get_path (scene/main/node.cpp:2374)
   GDScript backtrace (most recent call first):
       [0] _collect (res://source_operators/moth_finish/binder.gd:145)
       [1] _collect (res://source_operators/moth_finish/binder.gd:180)
       [2] _collect (res://source_operators/moth_finish/binder.gd:180)
       [3] _collect (res://source_operators/moth_finish/binder.gd:180)
       [4] _collect (res://source_operators/moth_finish/binder.gd:180)
       [5] _collect (res://source_operators/moth_finish/binder.gd:180)
       [6] _collect (res://source_operators/moth_finish/binder.gd:180)
       [7] _collect (res://source_operators/moth_finish/binder.gd:180)
       [8] bind (res://source_operators/moth_finish/binder.gd:35)
       [9] apply_identity (res://source_operators/operator_visual.gd:103)
       [10] apply_actor (res://source_operators/operator_visual.gd:190)
       [11] apply_state (res://world/presentation.gd:119)
       [12] on_snapshot (res://world/session.gd:763)
       [13] on_snapshot (res://lattice/world_demo.gd:354)
       [14] deliver_snapshot (res://net/client.gd:501)
       [15] deliver_frame (res://net/client.gd:452)
       [16] decode_text (res://net/client.gd:340)
       [17] decode_text (res://lattice/transport.gd:163)
       [18] wire (res://tests/lattice/usability_contract.gd:29)
       [19] snapshot (res://tests/lattice/usability_contract.gd:35)
       [20] run (res://tests/lattice/usability_contract.gd:122)
ERROR: Cannot get path of node as it is not in a scene tree.
   at: get_path (scene/main/node.cpp:2374)
   GDScript backtrace (most recent call first):
       [0] _collect (res://source_operators/moth_finish/binder.gd:145)
       [1] _collect (res://source_operators/moth_finish/binder.gd:180)
       [2] _collect (res://source_operators/moth_finish/binder.gd:180)
       [3] _collect (res://source_operators/moth_finish/binder.gd:180)
       [4] _collect (res://source_operators/moth_finish/binder.gd:180)
       [5] _collect (res://source_operators/moth_finish/binder.gd:180)
       [6] _collect (res://source_operators/moth_finish/binder.gd:180)
       [7] _collect (res://source_operators/moth_finish/binder.gd:180)
       [8] bind (res://source_operators/moth_finish/binder.gd:35)
       [9] apply_identity (res://source_operators/operator_visual.gd:103)
       [10] apply_actor (res://source_operators/operator_visual.gd:190)
       [11] apply_state (res://world/presentation.gd:119)
       [12] on_snapshot (res://world/session.gd:763)
       [13] on_snapshot (res://lattice/world_demo.gd:354)
       [14] deliver_snapshot (res://net/client.gd:501)
       [15] deliver_frame (res://net/client.gd:452)
       [16] decode_text (res://net/client.gd:340)
       [17] decode_text (res://lattice/transport.gd:163)
       [18] wire (res://tests/lattice/usability_contract.gd:29)
       [19] snapshot (res://tests/lattice/usability_contract.gd:35)
       [20] run (res://tests/lattice/usability_contract.gd:122)
ERROR: Cannot get path of node as it is not in a scene tree.
   at: get_path (scene/main/node.cpp:2374)
   GDScript backtrace (most recent call first):
       [0] _collect (res://source_operators/moth_finish/binder.gd:145)
       [1] _collect (res://source_operators/moth_finish/binder.gd:180)
       [2] _collect (res://source_operators/moth_finish/binder.gd:180)
       [3] _collect (res://source_operators/moth_finish/binder.gd:180)
       [4] _collect (res://source_operators/moth_finish/binder.gd:180)
       [5] _collect (res://source_operators/moth_finish/binder.gd:180)
       [6] _collect (res://source_operators/moth_finish/binder.gd:180)
       [7] _collect (res://source_operators/moth_finish/binder.gd:180)
       [8] bind (res://source_operators/moth_finish/binder.gd:35)
       [9] apply_identity (res://source_operators/operator_visual.gd:103)
       [10] apply_actor (res://source_operators/operator_visual.gd:190)
       [11] apply_state (res://world/presentation.gd:119)
       [12] on_snapshot (res://world/session.gd:763)
       [13] on_snapshot (res://lattice/world_demo.gd:354)
       [14] deliver_snapshot (res://net/client.gd:501)
       [15] deliver_frame (res://net/client.gd:452)
       [16] decode_text (res://net/client.gd:340)
       [17] decode_text (res://lattice/transport.gd:163)
       [18] wire (res://tests/lattice/usability_contract.gd:29)
       [19] snapshot (res://tests/lattice/usability_contract.gd:35)
       [20] run (res://tests/lattice/usability_contract.gd:122)
ERROR: Cannot get path of node as it is not in a scene tree.
   at: get_path (scene/main/node.cpp:2374)
   GDScript backtrace (most recent call first):
       [0] _collect (res://source_operators/moth_finish/binder.gd:145)
       [1] _collect (res://source_operators/moth_finish/binder.gd:180)
       [2] _collect (res://source_operators/moth_finish/binder.gd:180)
       [3] _collect (res://source_operators/moth_finish/binder.gd:180)
       [4] _collect (res://source_operators/moth_finish/binder.gd:180)
       [5] _collect (res://source_operators/moth_finish/binder.gd:180)
       [6] _collect (res://source_operators/moth_finish/binder.gd:180)
       [7] _collect (res://source_operators/moth_finish/binder.gd:180)
       [8] bind (res://source_operators/moth_finish/binder.gd:35)
       [9] apply_identity (res://source_operators/operator_visual.gd:103)
       [10] apply_actor (res://source_operators/operator_visual.gd:190)
       [11] apply_state (res://world/presentation.gd:119)
       [12] on_snapshot (res://world/session.gd:763)
       [13] on_snapshot (res://lattice/world_demo.gd:354)
       [14] deliver_snapshot (res://net/client.gd:501)
       [15] deliver_frame (res://net/client.gd:452)
       [16] decode_text (res://net/client.gd:340)
       [17] decode_text (res://lattice/transport.gd:163)
       [18] wire (res://tests/lattice/usability_contract.gd:29)
       [19] snapshot (res://tests/lattice/usability_contract.gd:35)
       [20] run (res://tests/lattice/usability_contract.gd:122)
ERROR: Cannot get path of node as it is not in a scene tree.
   at: get_path (scene/main/node.cpp:2374)
   GDScript backtrace (most recent call first):
       [0] _collect (res://source_operators/moth_finish/binder.gd:136)
       [1] _collect (res://source_operators/moth_finish/binder.gd:180)
       [2] _collect (res://source_operators/moth_finish/binder.gd:180)
       [3] _collect (res://source_operators/moth_finish/binder.gd:180)
       [4] _collect (res://source_operators/moth_finish/binder.gd:180)
       [5] _collect (res://source_operators/moth_finish/binder.gd:180)
       [6] _collect (res://source_operators/moth_finish/binder.gd:180)
       [7] bind (res://source_operators/moth_finish/binder.gd:35)
       [8] apply_identity (res://source_operators/operator_visual.gd:103)
       [9] apply_actor (res://source_operators/operator_visual.gd:190)
       [10] apply_state (res://world/presentation.gd:119)
       [11] on_snapshot (res://world/session.gd:763)
       [12] on_snapshot (res://lattice/world_demo.gd:354)
       [13] deliver_snapshot (res://net/client.gd:501)
       [14] deliver_frame (res://net/client.gd:452)
       [15] decode_text (res://net/client.gd:340)
       [16] decode_text (res://lattice/transport.gd:163)
       [17] wire (res://tests/lattice/usability_contract.gd:29)
       [18] snapshot (res://tests/lattice/usability_contract.gd:35)
       [19] run (res://tests/lattice/usability_contract.gd:122)
ERROR: Cannot get path of node as it is not in a scene tree.
   at: get_path (scene/main/node.cpp:2374)
   GDScript backtrace (most recent call first):
       [0] _collect (res://source_operators/moth_finish/binder.gd:145)
       [1] _collect (res://source_operators/moth_finish/binder.gd:180)
       [2] _collect (res://source_operators/moth_finish/binder.gd:180)
       [3] _collect (res://source_operators/moth_finish/binder.gd:180)
       [4] _collect (res://source_operators/moth_finish/binder.gd:180)
       [5] _collect (res://source_operators/moth_finish/binder.gd:180)
       [6] _collect (res://source_operators/moth_finish/binder.gd:180)
       [7] _collect (res://source_operators/moth_finish/binder.gd:180)
       [8] bind (res://source_operators/moth_finish/binder.gd:35)
       [9] apply_identity (res://source_operators/operator_visual.gd:103)
       [10] apply_actor (res://source_operators/operator_visual.gd:190)
       [11] apply_state (res://world/presentation.gd:119)
       [12] on_snapshot (res://world/session.gd:763)
       [13] on_snapshot (res://lattice/world_demo.gd:354)
       [14] deliver_snapshot (res://net/client.gd:501)
       [15] deliver_frame (res://net/client.gd:452)
       [16] decode_text (res://net/client.gd:340)
       [17] decode_text (res://lattice/transport.gd:163)
       [18] wire (res://tests/lattice/usability_contract.gd:29)
       [19] snapshot (res://tests/lattice/usability_contract.gd:35)
       [20] run (res://tests/lattice/usability_contract.gd:122)
ERROR: Cannot get path of node as it is not in a scene tree.
   at: get_path (scene/main/node.cpp:2374)
   GDScript backtrace (most recent call first):
       [0] _collect (res://source_operators/moth_finish/binder.gd:145)
       [1] _collect (res://source_operators/moth_finish/binder.gd:180)
       [2] _collect (res://source_operators/moth_finish/binder.gd:180)
       [3] _collect (res://source_operators/moth_finish/binder.gd:180)
       [4] _collect (res://source_operators/moth_finish/binder.gd:180)
       [5] _collect (res://source_operators/moth_finish/binder.gd:180)
       [6] _collect (res://source_operators/moth_finish/binder.gd:180)
       [7] _collect (res://source_operators/moth_finish/binder.gd:180)
       [8] bind (res://source_operators/moth_finish/binder.gd:35)
       [9] apply_identity (res://source_operators/operator_visual.gd:103)
       [10] apply_actor (res://source_operators/operator_visual.gd:190)
       [11] apply_state (res://world/presentation.gd:119)
       [12] on_snapshot (res://world/session.gd:763)
       [13] on_snapshot (res://lattice/world_demo.gd:354)
       [14] deliver_snapshot (res://net/client.gd:501)
       [15] deliver_frame (res://net/client.gd:452)
       [16] decode_text (res://net/client.gd:340)
       [17] decode_text (res://lattice/transport.gd:163)
       [18] wire (res://tests/lattice/usability_contract.gd:29)
       [19] snapshot (res://tests/lattice/usability_contract.gd:35)
       [20] run (res://tests/lattice/usability_contract.gd:122)
ERROR: Cannot get path of node as it is not in a scene tree.
   at: get_path (scene/main/node.cpp:2374)
   GDScript backtrace (most recent call first):
       [0] _collect (res://source_operators/moth_finish/binder.gd:145)
       [1] _collect (res://source_operators/moth_finish/binder.gd:180)
       [2] _collect (res://source_operators/moth_finish/binder.gd:180)
       [3] _collect (res://source_operators/moth_finish/binder.gd:180)
       [4] _collect (res://source_operators/moth_finish/binder.gd:180)
       [5] _collect (res://source_operators/moth_finish/binder.gd:180)
       [6] _collect (res://source_operators/moth_finish/binder.gd:180)
       [7] _collect (res://source_operators/moth_finish/binder.gd:180)
       [8] bind (res://source_operators/moth_finish/binder.gd:35)
       [9] apply_identity (res://source_operators/operator_visual.gd:103)
       [10] apply_actor (res://source_operators/operator_visual.gd:190)
       [11] apply_state (res://world/presentation.gd:119)
       [12] on_snapshot (res://world/session.gd:763)
       [13] on_snapshot (res://lattice/world_demo.gd:354)
       [14] deliver_snapshot (res://net/client.gd:501)
       [15] deliver_frame (res://net/client.gd:452)
       [16] decode_text (res://net/client.gd:340)
       [17] decode_text (res://lattice/transport.gd:163)
       [18] wire (res://tests/lattice/usability_contract.gd:29)
       [19] snapshot (res://tests/lattice/usability_contract.gd:35)
       [20] run (res://tests/lattice/usability_contract.gd:122)
ERROR: Cannot get path of node as it is not in a scene tree.
   at: get_path (scene/main/node.cpp:2374)
   GDScript backtrace (most recent call first):
       [0] _collect (res://source_operators/moth_finish/binder.gd:145)
       [1] _collect (res://source_operators/moth_finish/binder.gd:180)
       [2] _collect (res://source_operators/moth_finish/binder.gd:180)
       [3] _collect (res://source_operators/moth_finish/binder.gd:180)
       [4] _collect (res://source_operators/moth_finish/binder.gd:180)
       [5] _collect (res://source_operators/moth_finish/binder.gd:180)
       [6] _collect (res://source_operators/moth_finish/binder.gd:180)
       [7] _collect (res://source_operators/moth_finish/binder.gd:180)
       [8] bind (res://source_operators/moth_finish/binder.gd:35)
       [9] apply_identity (res://source_operators/operator_visual.gd:103)
       [10] apply_actor (res://source_operators/operator_visual.gd:190)
       [11] apply_state (res://world/presentation.gd:119)
       [12] on_snapshot (res://world/session.gd:763)
       [13] on_snapshot (res://lattice/world_demo.gd:354)
       [14] deliver_snapshot (res://net/client.gd:501)
       [15] deliver_frame (res://net/client.gd:452)
       [16] decode_text (res://net/client.gd:340)
       [17] decode_text (res://lattice/transport.gd:163)
       [18] wire (res://tests/lattice/usability_contract.gd:29)
       [19] snapshot (res://tests/lattice/usability_contract.gd:35)
       [20] run (res://tests/lattice/usability_contract.gd:122)
ERROR: Cannot get path of node as it is not in a scene tree.
   at: get_path (scene/main/node.cpp:2374)
   GDScript backtrace (most recent call first):
       [0] _collect (res://source_operators/moth_finish/binder.gd:145)
       [1] _collect (res://source_operators/moth_finish/binder.gd:180)
       [2] _collect (res://source_operators/moth_finish/binder.gd:180)
       [3] _collect (res://source_operators/moth_finish/binder.gd:180)
       [4] _collect (res://source_operators/moth_finish/binder.gd:180)
       [5] _collect (res://source_operators/moth_finish/binder.gd:180)
       [6] _collect (res://source_operators/moth_finish/binder.gd:180)
       [7] _collect (res://source_operators/moth_finish/binder.gd:180)
       [8] bind (res://source_operators/moth_finish/binder.gd:35)
       [9] apply_identity (res://source_operators/operator_visual.gd:103)
       [10] apply_actor (res://source_operators/operator_visual.gd:190)
       [11] apply_state (res://world/presentation.gd:119)
       [12] on_snapshot (res://world/session.gd:763)
       [13] on_snapshot (res://lattice/world_demo.gd:354)
       [14] deliver_snapshot (res://net/client.gd:501)
       [15] deliver_frame (res://net/client.gd:452)
       [16] decode_text (res://net/client.gd:340)
       [17] decode_text (res://lattice/transport.gd:163)
       [18] wire (res://tests/lattice/usability_contract.gd:29)
       [19] snapshot (res://tests/lattice/usability_contract.gd:35)
       [20] run (res://tests/lattice/usability_contract.gd:122)
ERROR: Cannot get path of node as it is not in a scene tree.
   at: get_path (scene/main/node.cpp:2374)
   GDScript backtrace (most recent call first):
       [0] _collect (res://source_operators/moth_finish/binder.gd:145)
       [1] _collect (res://source_operators/moth_finish/binder.gd:180)
       [2] _collect (res://source_operators/moth_finish/binder.gd:180)
       [3] _collect (res://source_operators/moth_finish/binder.gd:180)
       [4] _collect (res://source_operators/moth_finish/binder.gd:180)
       [5] _collect (res://source_operators/moth_finish/binder.gd:180)
       [6] _collect (res://source_operators/moth_finish/binder.gd:180)
       [7] _collect (res://source_operators/moth_finish/binder.gd:180)
       [8] bind (res://source_operators/moth_finish/binder.gd:35)
       [9] apply_identity (res://source_operators/operator_visual.gd:103)
       [10] apply_actor (res://source_operators/operator_visual.gd:190)
       [11] apply_state (res://world/presentation.gd:119)
       [12] on_snapshot (res://world/session.gd:763)
       [13] on_snapshot (res://lattice/world_demo.gd:354)
       [14] deliver_snapshot (res://net/client.gd:501)
       [15] deliver_frame (res://net/client.gd:452)
       [16] decode_text (res://net/client.gd:340)
       [17] decode_text (res://lattice/transport.gd:163)
       [18] wire (res://tests/lattice/usability_contract.gd:29)
       [19] snapshot (res://tests/lattice/usability_contract.gd:35)
       [20] run (res://tests/lattice/usability_contract.gd:122)
ERROR: Cannot get path of node as it is not in a scene tree.
   at: get_path (scene/main/node.cpp:2374)
   GDScript backtrace (most recent call first):
       [0] _collect (res://source_operators/moth_finish/binder.gd:145)
       [1] _collect (res://source_operators/moth_finish/binder.gd:180)
       [2] _collect (res://source_operators/moth_finish/binder.gd:180)
       [3] _collect (res://source_operators/moth_finish/binder.gd:180)
       [4] _collect (res://source_operators/moth_finish/binder.gd:180)
       [5] _collect (res://source_operators/moth_finish/binder.gd:180)
       [6] _collect (res://source_operators/moth_finish/binder.gd:180)
       [7] _collect (res://source_operators/moth_finish/binder.gd:180)
       [8] bind (res://source_operators/moth_finish/binder.gd:35)
       [9] apply_identity (res://source_operators/operator_visual.gd:103)
       [10] apply_actor (res://source_operators/operator_visual.gd:190)
       [11] apply_state (res://world/presentation.gd:119)
       [12] on_snapshot (res://world/session.gd:763)
       [13] on_snapshot (res://lattice/world_demo.gd:354)
       [14] deliver_snapshot (res://net/client.gd:501)
       [15] deliver_frame (res://net/client.gd:452)
       [16] decode_text (res://net/client.gd:340)
       [17] decode_text (res://lattice/transport.gd:163)
       [18] wire (res://tests/lattice/usability_contract.gd:29)
       [19] snapshot (res://tests/lattice/usability_contract.gd:35)
       [20] run (res://tests/lattice/usability_contract.gd:122)
ERROR: Cannot get path of node as it is not in a scene tree.
   at: get_path (scene/main/node.cpp:2374)
   GDScript backtrace (most recent call first):
       [0] _collect (res://source_operators/moth_finish/binder.gd:145)
       [1] _collect (res://source_operators/moth_finish/binder.gd:180)
       [2] _collect (res://source_operators/moth_finish/binder.gd:180)
       [3] _collect (res://source_operators/moth_finish/binder.gd:180)
       [4] _collect (res://source_operators/moth_finish/binder.gd:180)
       [5] _collect (res://source_operators/moth_finish/binder.gd:180)
       [6] _collect (res://source_operators/moth_finish/binder.gd:180)
       [7] _collect (res://source_operators/moth_finish/binder.gd:180)
       [8] bind (res://source_operators/moth_finish/binder.gd:35)
       [9] apply_identity (res://source_operators/operator_visual.gd:103)
       [10] apply_actor (res://source_operators/operator_visual.gd:190)
       [11] apply_state (res://world/presentation.gd:119)
       [12] on_snapshot (res://world/session.gd:763)
       [13] on_snapshot (res://lattice/world_demo.gd:354)
       [14] deliver_snapshot (res://net/client.gd:501)
       [15] deliver_frame (res://net/client.gd:452)
       [16] decode_text (res://net/client.gd:340)
       [17] decode_text (res://lattice/transport.gd:163)
       [18] wire (res://tests/lattice/usability_contract.gd:29)
       [19] snapshot (res://tests/lattice/usability_contract.gd:35)
       [20] run (res://tests/lattice/usability_contract.gd:122)
ERROR: Cannot get path of node as it is not in a scene tree.
   at: get_path (scene/main/node.cpp:2374)
   GDScript backtrace (most recent call first):
       [0] _collect (res://source_operators/moth_finish/binder.gd:145)
       [1] _collect (res://source_operators/moth_finish/binder.gd:180)
       [2] _collect (res://source_operators/moth_finish/binder.gd:180)
       [3] _collect (res://source_operators/moth_finish/binder.gd:180)
       [4] _collect (res://source_operators/moth_finish/binder.gd:180)
       [5] _collect (res://source_operators/moth_finish/binder.gd:180)
       [6] _collect (res://source_operators/moth_finish/binder.gd:180)
       [7] _collect (res://source_operators/moth_finish/binder.gd:180)
       [8] bind (res://source_operators/moth_finish/binder.gd:35)
       [9] apply_identity (res://source_operators/operator_visual.gd:103)
       [10] apply_actor (res://source_operators/operator_visual.gd:190)
       [11] apply_state (res://world/presentation.gd:119)
       [12] on_snapshot (res://world/session.gd:763)
       [13] on_snapshot (res://lattice/world_demo.gd:354)
       [14] deliver_snapshot (res://net/client.gd:501)
       [15] deliver_frame (res://net/client.gd:452)
       [16] decode_text (res://net/client.gd:340)
       [17] decode_text (res://lattice/transport.gd:163)
       [18] wire (res://tests/lattice/usability_contract.gd:29)
       [19] snapshot (res://tests/lattice/usability_contract.gd:35)
       [20] run (res://tests/lattice/usability_contract.gd:122)
ERROR: Cannot get path of node as it is not in a scene tree.
   at: get_path (scene/main/node.cpp:2374)
   GDScript backtrace (most recent call first):
       [0] _collect (res://source_operators/moth_finish/binder.gd:145)
       [1] _collect (res://source_operators/moth_finish/binder.gd:180)
       [2] _collect (res://source_operators/moth_finish/binder.gd:180)
       [3] _collect (res://source_operators/moth_finish/binder.gd:180)
       [4] _collect (res://source_operators/moth_finish/binder.gd:180)
       [5] _collect (res://source_operators/moth_finish/binder.gd:180)
       [6] _collect (res://source_operators/moth_finish/binder.gd:180)
       [7] _collect (res://source_operators/moth_finish/binder.gd:180)
       [8] bind (res://source_operators/moth_finish/binder.gd:35)
       [9] apply_identity (res://source_operators/operator_visual.gd:103)
       [10] apply_actor (res://source_operators/operator_visual.gd:190)
       [11] apply_state (res://world/presentation.gd:119)
       [12] on_snapshot (res://world/session.gd:763)
       [13] on_snapshot (res://lattice/world_demo.gd:354)
       [14] deliver_snapshot (res://net/client.gd:501)
       [15] deliver_frame (res://net/client.gd:452)
       [16] decode_text (res://net/client.gd:340)
       [17] decode_text (res://lattice/transport.gd:163)
       [18] wire (res://tests/lattice/usability_contract.gd:29)
       [19] snapshot (res://tests/lattice/usability_contract.gd:35)
       [20] run (res://tests/lattice/usability_contract.gd:122)
ERROR: Cannot get path of node as it is not in a scene tree.
   at: get_path (scene/main/node.cpp:2374)
   GDScript backtrace (most recent call first):
       [0] _collect (res://source_operators/moth_finish/binder.gd:145)
       [1] _collect (res://source_operators/moth_finish/binder.gd:180)
       [2] _collect (res://source_operators/moth_finish/binder.gd:180)
       [3] _collect (res://source_operators/moth_finish/binder.gd:180)
       [4] _collect (res://source_operators/moth_finish/binder.gd:180)
       [5] _collect (res://source_operators/moth_finish/binder.gd:180)
       [6] _collect (res://source_operators/moth_finish/binder.gd:180)
       [7] _collect (res://source_operators/moth_finish/binder.gd:180)
       [8] bind (res://source_operators/moth_finish/binder.gd:35)
       [9] apply_identity (res://source_operators/operator_visual.gd:103)
       [10] apply_actor (res://source_operators/operator_visual.gd:190)
       [11] apply_state (res://world/presentation.gd:119)
       [12] on_snapshot (res://world/session.gd:763)
       [13] on_snapshot (res://lattice/world_demo.gd:354)
       [14] deliver_snapshot (res://net/client.gd:501)
       [15] deliver_frame (res://net/client.gd:452)
       [16] decode_text (res://net/client.gd:340)
       [17] decode_text (res://lattice/transport.gd:163)
       [18] wire (res://tests/lattice/usability_contract.gd:29)
       [19] snapshot (res://tests/lattice/usability_contract.gd:35)
       [20] run (res://tests/lattice/usability_contract.gd:122)
ERROR: Cannot get path of node as it is not in a scene tree.
   at: get_path (scene/main/node.cpp:2374)
   GDScript backtrace (most recent call first):
       [0] _collect (res://source_operators/moth_finish/binder.gd:145)
       [1] _collect (res://source_operators/moth_finish/binder.gd:180)
       [2] _collect (res://source_operators/moth_finish/binder.gd:180)
       [3] _collect (res://source_operators/moth_finish/binder.gd:180)
       [4] _collect (res://source_operators/moth_finish/binder.gd:180)
       [5] _collect (res://source_operators/moth_finish/binder.gd:180)
       [6] _collect (res://source_operators/moth_finish/binder.gd:180)
       [7] bind (res://source_operators/moth_finish/binder.gd:35)
       [8] apply_identity (res://source_operators/operator_visual.gd:103)
       [9] apply_actor (res://source_operators/operator_visual.gd:190)
       [10] apply_state (res://world/presentation.gd:119)
       [11] on_snapshot (res://world/session.gd:763)
       [12] on_snapshot (res://lattice/world_demo.gd:354)
       [13] deliver_snapshot (res://net/client.gd:501)
       [14] deliver_frame (res://net/client.gd:452)
       [15] decode_text (res://net/client.gd:340)
       [16] decode_text (res://lattice/transport.gd:163)
       [17] wire (res://tests/lattice/usability_contract.gd:29)
       [18] snapshot (res://tests/lattice/usability_contract.gd:35)
       [19] run (res://tests/lattice/usability_contract.gd:122)
ERROR: Cannot get path of node as it is not in a scene tree.
   at: get_path (scene/main/node.cpp:2374)
   GDScript backtrace (most recent call first):
       [0] _collect (res://source_operators/moth_finish/binder.gd:145)
       [1] _collect (res://source_operators/moth_finish/binder.gd:180)
       [2] _collect (res://source_operators/moth_finish/binder.gd:180)
       [3] _collect (res://source_operators/moth_finish/binder.gd:180)
       [4] _collect (res://source_operators/moth_finish/binder.gd:180)
       [5] _collect (res://source_operators/moth_finish/binder.gd:180)
       [6] _collect (res://source_operators/moth_finish/binder.gd:180)
       [7] bind (res://source_operators/moth_finish/binder.gd:35)
       [8] apply_identity (res://source_operators/operator_visual.gd:103)
       [9] apply_actor (res://source_operators/operator_visual.gd:190)
       [10] apply_state (res://world/presentation.gd:119)
       [11] on_snapshot (res://world/session.gd:763)
       [12] on_snapshot (res://lattice/world_demo.gd:354)
       [13] deliver_snapshot (res://net/client.gd:501)
       [14] deliver_frame (res://net/client.gd:452)
       [15] decode_text (res://net/client.gd:340)
       [16] decode_text (res://lattice/transport.gd:163)
       [17] wire (res://tests/lattice/usability_contract.gd:29)
       [18] snapshot (res://tests/lattice/usability_contract.gd:35)
       [19] run (res://tests/lattice/usability_contract.gd:122)
ERROR: Cannot get path of node as it is not in a scene tree.
   at: get_path (scene/main/node.cpp:2374)
   GDScript backtrace (most recent call first):
       [0] _collect (res://source_operators/moth_finish/binder.gd:145)
       [1] _collect (res://source_operators/moth_finish/binder.gd:180)
       [2] _collect (res://source_operators/moth_finish/binder.gd:180)
       [3] _collect (res://source_operators/moth_finish/binder.gd:180)
       [4] _collect (res://source_operators/moth_finish/binder.gd:180)
       [5] _collect (res://source_operators/moth_finish/binder.gd:180)
       [6] _collect (res://source_operators/moth_finish/binder.gd:180)
       [7] bind (res://source_operators/moth_finish/binder.gd:35)
       [8] apply_identity (res://source_operators/operator_visual.gd:103)
       [9] apply_actor (res://source_operators/operator_visual.gd:190)
       [10] apply_state (res://world/presentation.gd:119)
       [11] on_snapshot (res://world/session.gd:763)
       [12] on_snapshot (res://lattice/world_demo.gd:354)
       [13] deliver_snapshot (res://net/client.gd:501)
       [14] deliver_frame (res://net/client.gd:452)
       [15] decode_text (res://net/client.gd:340)
       [16] decode_text (res://lattice/transport.gd:163)
       [17] wire (res://tests/lattice/usability_contract.gd:29)
       [18] snapshot (res://tests/lattice/usability_contract.gd:35)
       [19] run (res://tests/lattice/usability_contract.gd:122)
ERROR: Cannot get path of node as it is not in a scene tree.
   at: get_path (scene/main/node.cpp:2374)
   GDScript backtrace (most recent call first):
       [0] _collect (res://source_operators/moth_finish/binder.gd:145)
       [1] _collect (res://source_operators/moth_finish/binder.gd:180)
       [2] _collect (res://source_operators/moth_finish/binder.gd:180)
       [3] _collect (res://source_operators/moth_finish/binder.gd:180)
       [4] _collect (res://source_operators/moth_finish/binder.gd:180)
       [5] _collect (res://source_operators/moth_finish/binder.gd:180)
       [6] _collect (res://source_operators/moth_finish/binder.gd:180)
       [7] bind (res://source_operators/moth_finish/binder.gd:35)
       [8] apply_identity (res://source_operators/operator_visual.gd:103)
       [9] apply_actor (res://source_operators/operator_visual.gd:190)
       [10] apply_state (res://world/presentation.gd:119)
       [11] on_snapshot (res://world/session.gd:763)
       [12] on_snapshot (res://lattice/world_demo.gd:354)
       [13] deliver_snapshot (res://net/client.gd:501)
       [14] deliver_frame (res://net/client.gd:452)
       [15] decode_text (res://net/client.gd:340)
       [16] decode_text (res://lattice/transport.gd:163)
       [17] wire (res://tests/lattice/usability_contract.gd:29)
       [18] snapshot (res://tests/lattice/usability_contract.gd:35)
       [19] run (res://tests/lattice/usability_contract.gd:122)
ERROR: Cannot get path of node as it is not in a scene tree.
   at: get_path (scene/main/node.cpp:2374)
   GDScript backtrace (most recent call first):
       [0] _collect (res://source_operators/moth_finish/binder.gd:145)
       [1] _collect (res://source_operators/moth_finish/binder.gd:180)
       [2] _collect (res://source_operators/moth_finish/binder.gd:180)
       [3] _collect (res://source_operators/moth_finish/binder.gd:180)
       [4] _collect (res://source_operators/moth_finish/binder.gd:180)
       [5] _collect (res://source_operators/moth_finish/binder.gd:180)
       [6] _collect (res://source_operators/moth_finish/binder.gd:180)
       [7] bind (res://source_operators/moth_finish/binder.gd:35)
       [8] apply_identity (res://source_operators/operator_visual.gd:103)
       [9] apply_actor (res://source_operators/operator_visual.gd:190)
       [10] apply_state (res://world/presentation.gd:119)
       [11] on_snapshot (res://world/session.gd:763)
       [12] on_snapshot (res://lattice/world_demo.gd:354)
       [13] deliver_snapshot (res://net/client.gd:501)
       [14] deliver_frame (res://net/client.gd:452)
       [15] decode_text (res://net/client.gd:340)
       [16] decode_text (res://lattice/transport.gd:163)
       [17] wire (res://tests/lattice/usability_contract.gd:29)
       [18] snapshot (res://tests/lattice/usability_contract.gd:35)
       [19] run (res://tests/lattice/usability_contract.gd:122)
ERROR: Cannot get path of node as it is not in a scene tree.
   at: get_path (scene/main/node.cpp:2374)
   GDScript backtrace (most recent call first):
       [0] _collect (res://source_operators/moth_finish/binder.gd:145)
       [1] _collect (res://source_operators/moth_finish/binder.gd:180)
       [2] _collect (res://source_operators/moth_finish/binder.gd:180)
       [3] _collect (res://source_operators/moth_finish/binder.gd:180)
       [4] _collect (res://source_operators/moth_finish/binder.gd:180)
       [5] _collect (res://source_operators/moth_finish/binder.gd:180)
       [6] _collect (res://source_operators/moth_finish/binder.gd:180)
       [7] bind (res://source_operators/moth_finish/binder.gd:35)
       [8] apply_identity (res://source_operators/operator_visual.gd:103)
       [9] apply_actor (res://source_operators/operator_visual.gd:190)
       [10] apply_state (res://world/presentation.gd:119)
       [11] on_snapshot (res://world/session.gd:763)
       [12] on_snapshot (res://lattice/world_demo.gd:354)
       [13] deliver_snapshot (res://net/client.gd:501)
       [14] deliver_frame (res://net/client.gd:452)
       [15] decode_text (res://net/client.gd:340)
       [16] decode_text (res://lattice/transport.gd:163)
       [17] wire (res://tests/lattice/usability_contract.gd:29)
       [18] snapshot (res://tests/lattice/usability_contract.gd:35)
       [19] run (res://tests/lattice/usability_contract.gd:122)
ERROR: Cannot get path of node as it is not in a scene tree.
   at: get_path (scene/main/node.cpp:2374)
   GDScript backtrace (most recent call first):
       [0] _collect (res://source_operators/moth_finish/binder.gd:145)
       [1] _collect (res://source_operators/moth_finish/binder.gd:180)
       [2] _collect (res://source_operators/moth_finish/binder.gd:180)
       [3] _collect (res://source_operators/moth_finish/binder.gd:180)
       [4] _collect (res://source_operators/moth_finish/binder.gd:180)
       [5] _collect (res://source_operators/moth_finish/binder.gd:180)
       [6] _collect (res://source_operators/moth_finish/binder.gd:180)
       [7] bind (res://source_operators/moth_finish/binder.gd:35)
       [8] apply_identity (res://source_operators/operator_visual.gd:103)
       [9] apply_actor (res://source_operators/operator_visual.gd:190)
       [10] apply_state (res://world/presentation.gd:119)
       [11] on_snapshot (res://world/session.gd:763)
       [12] on_snapshot (res://lattice/world_demo.gd:354)
       [13] deliver_snapshot (res://net/client.gd:501)
       [14] deliver_frame (res://net/client.gd:452)
       [15] decode_text (res://net/client.gd:340)
       [16] decode_text (res://lattice/transport.gd:163)
       [17] wire (res://tests/lattice/usability_contract.gd:29)
       [18] snapshot (res://tests/lattice/usability_contract.gd:35)
       [19] run (res://tests/lattice/usability_contract.gd:122)
ERROR: Cannot get path of node as it is not in a scene tree.
   at: get_path (scene/main/node.cpp:2374)
   GDScript backtrace (most recent call first):
       [0] _collect (res://source_operators/moth_finish/binder.gd:145)
       [1] _collect (res://source_operators/moth_finish/binder.gd:180)
       [2] _collect (res://source_operators/moth_finish/binder.gd:180)
       [3] _collect (res://source_operators/moth_finish/binder.gd:180)
       [4] _collect (res://source_operators/moth_finish/binder.gd:180)
       [5] _collect (res://source_operators/moth_finish/binder.gd:180)
       [6] _collect (res://source_operators/moth_finish/binder.gd:180)
       [7] bind (res://source_operators/moth_finish/binder.gd:35)
       [8] apply_identity (res://source_operators/operator_visual.gd:103)
       [9] apply_actor (res://source_operators/operator_visual.gd:190)
       [10] apply_state (res://world/presentation.gd:119)
       [11] on_snapshot (res://world/session.gd:763)
       [12] on_snapshot (res://lattice/world_demo.gd:354)
       [13] deliver_snapshot (res://net/client.gd:501)
       [14] deliver_frame (res://net/client.gd:452)
       [15] decode_text (res://net/client.gd:340)
       [16] decode_text (res://lattice/transport.gd:163)
       [17] wire (res://tests/lattice/usability_contract.gd:29)
       [18] snapshot (res://tests/lattice/usability_contract.gd:35)
       [19] run (res://tests/lattice/usability_contract.gd:122)
ERROR: Cannot get path of node as it is not in a scene tree.
   at: get_path (scene/main/node.cpp:2374)
   GDScript backtrace (most recent call first):
       [0] _collect (res://source_operators/moth_finish/binder.gd:145)
       [1] _collect (res://source_operators/moth_finish/binder.gd:180)
       [2] _collect (res://source_operators/moth_finish/binder.gd:180)
       [3] _collect (res://source_operators/moth_finish/binder.gd:180)
       [4] _collect (res://source_operators/moth_finish/binder.gd:180)
       [5] _collect (res://source_operators/moth_finish/binder.gd:180)
       [6] _collect (res://source_operators/moth_finish/binder.gd:180)
       [7] bind (res://source_operators/moth_finish/binder.gd:35)
       [8] apply_identity (res://source_operators/operator_visual.gd:103)
       [9] apply_actor (res://source_operators/operator_visual.gd:190)
       [10] apply_state (res://world/presentation.gd:119)
       [11] on_snapshot (res://world/session.gd:763)
       [12] on_snapshot (res://lattice/world_demo.gd:354)
       [13] deliver_snapshot (res://net/client.gd:501)
       [14] deliver_frame (res://net/client.gd:452)
       [15] decode_text (res://net/client.gd:340)
       [16] decode_text (res://lattice/transport.gd:163)
       [17] wire (res://tests/lattice/usability_contract.gd:29)
       [18] snapshot (res://tests/lattice/usability_contract.gd:35)
       [19] run (res://tests/lattice/usability_contract.gd:122)
ERROR: Cannot get path of node as it is not in a scene tree.
   at: get_path (scene/main/node.cpp:2374)
   GDScript backtrace (most recent call first):
       [0] _collect (res://source_operators/moth_finish/binder.gd:145)
       [1] _collect (res://source_operators/moth_finish/binder.gd:180)
       [2] _collect (res://source_operators/moth_finish/binder.gd:180)
       [3] _collect (res://source_operators/moth_finish/binder.gd:180)
       [4] _collect (res://source_operators/moth_finish/binder.gd:180)
       [5] _collect (res://source_operators/moth_finish/binder.gd:180)
       [6] _collect (res://source_operators/moth_finish/binder.gd:180)
       [7] bind (res://source_operators/moth_finish/binder.gd:35)
       [8] apply_identity (res://source_operators/operator_visual.gd:103)
       [9] apply_actor (res://source_operators/operator_visual.gd:190)
       [10] apply_state (res://world/presentation.gd:119)
       [11] on_snapshot (res://world/session.gd:763)
       [12] on_snapshot (res://lattice/world_demo.gd:354)
       [13] deliver_snapshot (res://net/client.gd:501)
       [14] deliver_frame (res://net/client.gd:452)
       [15] decode_text (res://net/client.gd:340)
       [16] decode_text (res://lattice/transport.gd:163)
       [17] wire (res://tests/lattice/usability_contract.gd:29)
       [18] snapshot (res://tests/lattice/usability_contract.gd:35)
       [19] run (res://tests/lattice/usability_contract.gd:122)
ERROR: Cannot get path of node as it is not in a scene tree.
   at: get_path (scene/main/node.cpp:2374)
   GDScript backtrace (most recent call first):
       [0] _collect (res://source_operators/moth_finish/binder.gd:145)
       [1] _collect (res://source_operators/moth_finish/binder.gd:180)
       [2] _collect (res://source_operators/moth_finish/binder.gd:180)
       [3] _collect (res://source_operators/moth_finish/binder.gd:180)
       [4] _collect (res://source_operators/moth_finish/binder.gd:180)
       [5] _collect (res://source_operators/moth_finish/binder.gd:180)
       [6] _collect (res://source_operators/moth_finish/binder.gd:180)
       [7] bind (res://source_operators/moth_finish/binder.gd:35)
       [8] apply_identity (res://source_operators/operator_visual.gd:103)
       [9] apply_actor (res://source_operators/operator_visual.gd:190)
       [10] apply_state (res://world/presentation.gd:119)
       [11] on_snapshot (res://world/session.gd:763)
       [12] on_snapshot (res://lattice/world_demo.gd:354)
       [13] deliver_snapshot (res://net/client.gd:501)
       [14] deliver_frame (res://net/client.gd:452)
       [15] decode_text (res://net/client.gd:340)
       [16] decode_text (res://lattice/transport.gd:163)
       [17] wire (res://tests/lattice/usability_contract.gd:29)
       [18] snapshot (res://tests/lattice/usability_contract.gd:35)
       [19] run (res://tests/lattice/usability_contract.gd:122)
ERROR: Cannot get path of node as it is not in a scene tree.
   at: get_path (scene/main/node.cpp:2374)
   GDScript backtrace (most recent call first):
       [0] _collect (res://source_operators/moth_finish/binder.gd:145)
       [1] _collect (res://source_operators/moth_finish/binder.gd:180)
       [2] _collect (res://source_operators/moth_finish/binder.gd:180)
       [3] _collect (res://source_operators/moth_finish/binder.gd:180)
       [4] _collect (res://source_operators/moth_finish/binder.gd:180)
       [5] _collect (res://source_operators/moth_finish/binder.gd:180)
       [6] _collect (res://source_operators/moth_finish/binder.gd:180)
       [7] bind (res://source_operators/moth_finish/binder.gd:35)
       [8] apply_identity (res://source_operators/operator_visual.gd:103)
       [9] apply_actor (res://source_operators/operator_visual.gd:190)
       [10] apply_state (res://world/presentation.gd:119)
       [11] on_snapshot (res://world/session.gd:763)
       [12] on_snapshot (res://lattice/world_demo.gd:354)
       [13] deliver_snapshot (res://net/client.gd:501)
       [14] deliver_frame (res://net/client.gd:452)
       [15] decode_text (res://net/client.gd:340)
       [16] decode_text (res://lattice/transport.gd:163)
       [17] wire (res://tests/lattice/usability_contract.gd:29)
       [18] snapshot (res://tests/lattice/usability_contract.gd:35)
       [19] run (res://tests/lattice/usability_contract.gd:122)
ERROR: Cannot get path of node as it is not in a scene tree.
   at: get_path (scene/main/node.cpp:2374)
   GDScript backtrace (most recent call first):
       [0] _collect (res://source_operators/moth_finish/binder.gd:145)
       [1] _collect (res://source_operators/moth_finish/binder.gd:180)
       [2] _collect (res://source_operators/moth_finish/binder.gd:180)
       [3] _collect (res://source_operators/moth_finish/binder.gd:180)
       [4] _collect (res://source_operators/moth_finish/binder.gd:180)
       [5] _collect (res://source_operators/moth_finish/binder.gd:180)
       [6] bind (res://source_operators/moth_finish/binder.gd:35)
       [7] apply_identity (res://source_operators/operator_visual.gd:103)
       [8] apply_actor (res://source_operators/operator_visual.gd:190)
       [9] apply_state (res://world/presentation.gd:119)
       [10] on_snapshot (res://world/session.gd:763)
       [11] on_snapshot (res://lattice/world_demo.gd:354)
       [12] deliver_snapshot (res://net/client.gd:501)
       [13] deliver_frame (res://net/client.gd:452)
       [14] decode_text (res://net/client.gd:340)
       [15] decode_text (res://lattice/transport.gd:163)
       [16] wire (res://tests/lattice/usability_contract.gd:29)
       [17] snapshot (res://tests/lattice/usability_contract.gd:35)
       [18] run (res://tests/lattice/usability_contract.gd:122)
ERROR: Cannot get path of node as it is not in a scene tree.
   at: get_path (scene/main/node.cpp:2374)
   GDScript backtrace (most recent call first):
       [0] _collect (res://source_operators/moth_finish/binder.gd:145)
       [1] _collect (res://source_operators/moth_finish/binder.gd:180)
       [2] _collect (res://source_operators/moth_finish/binder.gd:180)
       [3] _collect (res://source_operators/moth_finish/binder.gd:180)
       [4] _collect (res://source_operators/moth_finish/binder.gd:180)
       [5] _collect (res://source_operators/moth_finish/binder.gd:180)
       [6] bind (res://source_operators/moth_finish/binder.gd:35)
       [7] apply_identity (res://source_operators/operator_visual.gd:103)
       [8] apply_actor (res://source_operators/operator_visual.gd:190)
       [9] apply_state (res://world/presentation.gd:119)
       [10] on_snapshot (res://world/session.gd:763)
       [11] on_snapshot (res://lattice/world_demo.gd:354)
       [12] deliver_snapshot (res://net/client.gd:501)
       [13] deliver_frame (res://net/client.gd:452)
       [14] decode_text (res://net/client.gd:340)
       [15] decode_text (res://lattice/transport.gd:163)
       [16] wire (res://tests/lattice/usability_contract.gd:29)
       [17] snapshot (res://tests/lattice/usability_contract.gd:35)
       [18] run (res://tests/lattice/usability_contract.gd:122)
ERROR: Cannot get path of node as it is not in a scene tree.
   at: get_path (scene/main/node.cpp:2374)
   GDScript backtrace (most recent call first):
       [0] _collect (res://source_operators/moth_finish/binder.gd:145)
       [1] _collect (res://source_operators/moth_finish/binder.gd:180)
       [2] _collect (res://source_operators/moth_finish/binder.gd:180)
       [3] _collect (res://source_operators/moth_finish/binder.gd:180)
       [4] _collect (res://source_operators/moth_finish/binder.gd:180)
       [5] _collect (res://source_operators/moth_finish/binder.gd:180)
       [6] bind (res://source_operators/moth_finish/binder.gd:35)
       [7] apply_identity (res://source_operators/operator_visual.gd:103)
       [8] apply_actor (res://source_operators/operator_visual.gd:190)
       [9] apply_state (res://world/presentation.gd:119)
       [10] on_snapshot (res://world/session.gd:763)
       [11] on_snapshot (res://lattice/world_demo.gd:354)
       [12] deliver_snapshot (res://net/client.gd:501)
       [13] deliver_frame (res://net/client.gd:452)
       [14] decode_text (res://net/client.gd:340)
       [15] decode_text (res://lattice/transport.gd:163)
       [16] wire (res://tests/lattice/usability_contract.gd:29)
       [17] snapshot (res://tests/lattice/usability_contract.gd:35)
       [18] run (res://tests/lattice/usability_contract.gd:122)
ERROR: Cannot get path of node as it is not in a scene tree.
   at: get_path (scene/main/node.cpp:2374)
   GDScript backtrace (most recent call first):
       [0] _collect (res://source_operators/moth_finish/binder.gd:145)
       [1] _collect (res://source_operators/moth_finish/binder.gd:180)
       [2] _collect (res://source_operators/moth_finish/binder.gd:180)
       [3] _collect (res://source_operators/moth_finish/binder.gd:180)
       [4] _collect (res://source_operators/moth_finish/binder.gd:180)
       [5] _collect (res://source_operators/moth_finish/binder.gd:180)
       [6] bind (res://source_operators/moth_finish/binder.gd:35)
       [7] apply_identity (res://source_operators/operator_visual.gd:103)
       [8] apply_actor (res://source_operators/operator_visual.gd:190)
       [9] apply_state (res://world/presentation.gd:119)
       [10] on_snapshot (res://world/session.gd:763)
       [11] on_snapshot (res://lattice/world_demo.gd:354)
       [12] deliver_snapshot (res://net/client.gd:501)
       [13] deliver_frame (res://net/client.gd:452)
       [14] decode_text (res://net/client.gd:340)
       [15] decode_text (res://lattice/transport.gd:163)
       [16] wire (res://tests/lattice/usability_contract.gd:29)
       [17] snapshot (res://tests/lattice/usability_contract.gd:35)
       [18] run (res://tests/lattice/usability_contract.gd:122)
ERROR: Cannot get path of node as it is not in a scene tree.
   at: get_path (scene/main/node.cpp:2374)
   GDScript backtrace (most recent call first):
       [0] _collect (res://source_operators/moth_finish/binder.gd:145)
       [1] _collect (res://source_operators/moth_finish/binder.gd:180)
       [2] _collect (res://source_operators/moth_finish/binder.gd:180)
       [3] _collect (res://source_operators/moth_finish/binder.gd:180)
       [4] _collect (res://source_operators/moth_finish/binder.gd:180)
       [5] _collect (res://source_operators/moth_finish/binder.gd:180)
       [6] bind (res://source_operators/moth_finish/binder.gd:35)
       [7] apply_identity (res://source_operators/operator_visual.gd:103)
       [8] apply_actor (res://source_operators/operator_visual.gd:190)
       [9] apply_state (res://world/presentation.gd:119)
       [10] on_snapshot (res://world/session.gd:763)
       [11] on_snapshot (res://lattice/world_demo.gd:354)
       [12] deliver_snapshot (res://net/client.gd:501)
       [13] deliver_frame (res://net/client.gd:452)
       [14] decode_text (res://net/client.gd:340)
       [15] decode_text (res://lattice/transport.gd:163)
       [16] wire (res://tests/lattice/usability_contract.gd:29)
       [17] snapshot (res://tests/lattice/usability_contract.gd:35)
       [18] run (res://tests/lattice/usability_contract.gd:122)
ERROR: Cannot get path of node as it is not in a scene tree.
   at: get_path (scene/main/node.cpp:2374)
   GDScript backtrace (most recent call first):
       [0] _collect (res://source_operators/moth_finish/binder.gd:145)
       [1] _collect (res://source_operators/moth_finish/binder.gd:180)
       [2] _collect (res://source_operators/moth_finish/binder.gd:180)
       [3] _collect (res://source_operators/moth_finish/binder.gd:180)
       [4] _collect (res://source_operators/moth_finish/binder.gd:180)
       [5] _collect (res://source_operators/moth_finish/binder.gd:180)
       [6] _collect (res://source_operators/moth_finish/binder.gd:180)
       [7] _collect (res://source_operators/moth_finish/binder.gd:180)
       [8] _collect (res://source_operators/moth_finish/binder.gd:180)
       [9] _collect (res://source_operators/moth_finish/binder.gd:180)
       [10] bind (res://source_operators/moth_finish/binder.gd:35)
       [11] apply_identity (res://source_operators/operator_visual.gd:103)
       [12] apply_actor (res://source_operators/operator_visual.gd:190)
       [13] apply_state (res://world/presentation.gd:119)
       [14] on_snapshot (res://world/session.gd:763)
       [15] on_snapshot (res://lattice/world_demo.gd:354)
       [16] deliver_snapshot (res://net/client.gd:501)
       [17] deliver_frame (res://net/client.gd:452)
       [18] decode_text (res://net/client.gd:340)
       [19] decode_text (res://lattice/transport.gd:163)
       [20] wire (res://tests/lattice/usability_contract.gd:29)
       [21] snapshot (res://tests/lattice/usability_contract.gd:35)
       [22] run (res://tests/lattice/usability_contract.gd:122)
ERROR: Cannot get path of node as it is not in a scene tree.
   at: get_path (scene/main/node.cpp:2374)
   GDScript backtrace (most recent call first):
       [0] _collect (res://source_operators/moth_finish/binder.gd:145)
       [1] _collect (res://source_operators/moth_finish/binder.gd:180)
       [2] _collect (res://source_operators/moth_finish/binder.gd:180)
       [3] _collect (res://source_operators/moth_finish/binder.gd:180)
       [4] _collect (res://source_operators/moth_finish/binder.gd:180)
       [5] _collect (res://source_operators/moth_finish/binder.gd:180)
       [6] _collect (res://source_operators/moth_finish/binder.gd:180)
       [7] _collect (res://source_operators/moth_finish/binder.gd:180)
       [8] _collect (res://source_operators/moth_finish/binder.gd:180)
       [9] _collect (res://source_operators/moth_finish/binder.gd:180)
       [10] bind (res://source_operators/moth_finish/binder.gd:35)
       [11] apply_identity (res://source_operators/operator_visual.gd:103)
       [12] apply_actor (res://source_operators/operator_visual.gd:190)
       [13] apply_state (res://world/presentation.gd:119)
       [14] on_snapshot (res://world/session.gd:763)
       [15] on_snapshot (res://lattice/world_demo.gd:354)
       [16] deliver_snapshot (res://net/client.gd:501)
       [17] deliver_frame (res://net/client.gd:452)
       [18] decode_text (res://net/client.gd:340)
       [19] decode_text (res://lattice/transport.gd:163)
       [20] wire (res://tests/lattice/usability_contract.gd:29)
       [21] snapshot (res://tests/lattice/usability_contract.gd:35)
       [22] run (res://tests/lattice/usability_contract.gd:122)
ERROR: Cannot get path of node as it is not in a scene tree.
   at: get_path (scene/main/node.cpp:2374)
   GDScript backtrace (most recent call first):
       [0] _collect (res://source_operators/moth_finish/binder.gd:145)
       [1] _collect (res://source_operators/moth_finish/binder.gd:180)
       [2] _collect (res://source_operators/moth_finish/binder.gd:180)
       [3] _collect (res://source_operators/moth_finish/binder.gd:180)
       [4] _collect (res://source_operators/moth_finish/binder.gd:180)
       [5] _collect (res://source_operators/moth_finish/binder.gd:180)
       [6] _collect (res://source_operators/moth_finish/binder.gd:180)
       [7] _collect (res://source_operators/moth_finish/binder.gd:180)
       [8] _collect (res://source_operators/moth_finish/binder.gd:180)
       [9] _collect (res://source_operators/moth_finish/binder.gd:180)
       [10] bind (res://source_operators/moth_finish/binder.gd:35)
       [11] apply_identity (res://source_operators/operator_visual.gd:103)
       [12] apply_actor (res://source_operators/operator_visual.gd:190)
       [13] apply_state (res://world/presentation.gd:119)
       [14] on_snapshot (res://world/session.gd:763)
       [15] on_snapshot (res://lattice/world_demo.gd:354)
       [16] deliver_snapshot (res://net/client.gd:501)
       [17] deliver_frame (res://net/client.gd:452)
       [18] decode_text (res://net/client.gd:340)
       [19] decode_text (res://lattice/transport.gd:163)
       [20] wire (res://tests/lattice/usability_contract.gd:29)
       [21] snapshot (res://tests/lattice/usability_contract.gd:35)
       [22] run (res://tests/lattice/usability_contract.gd:122)
ERROR: Cannot get path of node as it is not in a scene tree.
   at: get_path (scene/main/node.cpp:2374)
   GDScript backtrace (most recent call first):
       [0] _collect (res://source_operators/moth_finish/binder.gd:145)
       [1] _collect (res://source_operators/moth_finish/binder.gd:180)
       [2] _collect (res://source_operators/moth_finish/binder.gd:180)
       [3] _collect (res://source_operators/moth_finish/binder.gd:180)
       [4] _collect (res://source_operators/moth_finish/binder.gd:180)
       [5] _collect (res://source_operators/moth_finish/binder.gd:180)
       [6] _collect (res://source_operators/moth_finish/binder.gd:180)
       [7] _collect (res://source_operators/moth_finish/binder.gd:180)
       [8] _collect (res://source_operators/moth_finish/binder.gd:180)
       [9] _collect (res://source_operators/moth_finish/binder.gd:180)
       [10] bind (res://source_operators/moth_finish/binder.gd:35)
       [11] apply_identity (res://source_operators/operator_visual.gd:103)
       [12] apply_actor (res://source_operators/operator_visual.gd:190)
       [13] apply_state (res://world/presentation.gd:119)
       [14] on_snapshot (res://world/session.gd:763)
       [15] on_snapshot (res://lattice/world_demo.gd:354)
       [16] deliver_snapshot (res://net/client.gd:501)
       [17] deliver_frame (res://net/client.gd:452)
       [18] decode_text (res://net/client.gd:340)
       [19] decode_text (res://lattice/transport.gd:163)
       [20] wire (res://tests/lattice/usability_contract.gd:29)
       [21] snapshot (res://tests/lattice/usability_contract.gd:35)
       [22] run (res://tests/lattice/usability_contract.gd:122)
ERROR: Cannot get path of node as it is not in a scene tree.
   at: get_path (scene/main/node.cpp:2374)
   GDScript backtrace (most recent call first):
       [0] _collect (res://source_operators/moth_finish/binder.gd:145)
       [1] _collect (res://source_operators/moth_finish/binder.gd:180)
       [2] _collect (res://source_operators/moth_finish/binder.gd:180)
       [3] _collect (res://source_operators/moth_finish/binder.gd:180)
       [4] _collect (res://source_operators/moth_finish/binder.gd:180)
       [5] _collect (res://source_operators/moth_finish/binder.gd:180)
       [6] _collect (res://source_operators/moth_finish/binder.gd:180)
       [7] _collect (res://source_operators/moth_finish/binder.gd:180)
       [8] _collect (res://source_operators/moth_finish/binder.gd:180)
       [9] bind (res://source_operators/moth_finish/binder.gd:35)
       [10] apply_identity (res://source_operators/operator_visual.gd:103)
       [11] apply_actor (res://source_operators/operator_visual.gd:190)
       [12] apply_state (res://world/presentation.gd:119)
       [13] on_snapshot (res://world/session.gd:763)
       [14] on_snapshot (res://lattice/world_demo.gd:354)
       [15] deliver_snapshot (res://net/client.gd:501)
       [16] deliver_frame (res://net/client.gd:452)
       [17] decode_text (res://net/client.gd:340)
       [18] decode_text (res://lattice/transport.gd:163)
       [19] wire (res://tests/lattice/usability_contract.gd:29)
       [20] snapshot (res://tests/lattice/usability_contract.gd:35)
       [21] run (res://tests/lattice/usability_contract.gd:122)
ERROR: Cannot get path of node as it is not in a scene tree.
   at: get_path (scene/main/node.cpp:2374)
   GDScript backtrace (most recent call first):
       [0] _collect (res://source_operators/moth_finish/binder.gd:145)
       [1] _collect (res://source_operators/moth_finish/binder.gd:180)
       [2] _collect (res://source_operators/moth_finish/binder.gd:180)
       [3] _collect (res://source_operators/moth_finish/binder.gd:180)
       [4] _collect (res://source_operators/moth_finish/binder.gd:180)
       [5] _collect (res://source_operators/moth_finish/binder.gd:180)
       [6] _collect (res://source_operators/moth_finish/binder.gd:180)
       [7] _collect (res://source_operators/moth_finish/binder.gd:180)
       [8] _collect (res://source_operators/moth_finish/binder.gd:180)
       [9] bind (res://source_operators/moth_finish/binder.gd:35)
       [10] apply_identity (res://source_operators/operator_visual.gd:103)
       [11] apply_actor (res://source_operators/operator_visual.gd:190)
       [12] apply_state (res://world/presentation.gd:119)
       [13] on_snapshot (res://world/session.gd:763)
       [14] on_snapshot (res://lattice/world_demo.gd:354)
       [15] deliver_snapshot (res://net/client.gd:501)
       [16] deliver_frame (res://net/client.gd:452)
       [17] decode_text (res://net/client.gd:340)
       [18] decode_text (res://lattice/transport.gd:163)
       [19] wire (res://tests/lattice/usability_contract.gd:29)
       [20] snapshot (res://tests/lattice/usability_contract.gd:35)
       [21] run (res://tests/lattice/usability_contract.gd:122)
ERROR: Cannot get path of node as it is not in a scene tree.
   at: get_path (scene/main/node.cpp:2374)
   GDScript backtrace (most recent call first):
       [0] _collect (res://source_operators/moth_finish/binder.gd:145)
       [1] _collect (res://source_operators/moth_finish/binder.gd:180)
       [2] _collect (res://source_operators/moth_finish/binder.gd:180)
       [3] _collect (res://source_operators/moth_finish/binder.gd:180)
       [4] _collect (res://source_operators/moth_finish/binder.gd:180)
       [5] _collect (res://source_operators/moth_finish/binder.gd:180)
       [6] _collect (res://source_operators/moth_finish/binder.gd:180)
       [7] _collect (res://source_operators/moth_finish/binder.gd:180)
       [8] _collect (res://source_operators/moth_finish/binder.gd:180)
       [9] bind (res://source_operators/moth_finish/binder.gd:35)
       [10] apply_identity (res://source_operators/operator_visual.gd:103)
       [11] apply_actor (res://source_operators/operator_visual.gd:190)
       [12] apply_state (res://world/presentation.gd:119)
       [13] on_snapshot (res://world/session.gd:763)
       [14] on_snapshot (res://lattice/world_demo.gd:354)
       [15] deliver_snapshot (res://net/client.gd:501)
       [16] deliver_frame (res://net/client.gd:452)
       [17] decode_text (res://net/client.gd:340)
       [18] decode_text (res://lattice/transport.gd:163)
       [19] wire (res://tests/lattice/usability_contract.gd:29)
       [20] snapshot (res://tests/lattice/usability_contract.gd:35)
       [21] run (res://tests/lattice/usability_contract.gd:122)
ERROR: Cannot get path of node as it is not in a scene tree.
   at: get_path (scene/main/node.cpp:2374)
   GDScript backtrace (most recent call first):
       [0] _collect (res://source_operators/moth_finish/binder.gd:145)
       [1] _collect (res://source_operators/moth_finish/binder.gd:180)
       [2] _collect (res://source_operators/moth_finish/binder.gd:180)
       [3] _collect (res://source_operators/moth_finish/binder.gd:180)
       [4] _collect (res://source_operators/moth_finish/binder.gd:180)
       [5] _collect (res://source_operators/moth_finish/binder.gd:180)
       [6] _collect (res://source_operators/moth_finish/binder.gd:180)
       [7] _collect (res://source_operators/moth_finish/binder.gd:180)
       [8] _collect (res://source_operators/moth_finish/binder.gd:180)
       [9] bind (res://source_operators/moth_finish/binder.gd:35)
       [10] apply_identity (res://source_operators/operator_visual.gd:103)
       [11] apply_actor (res://source_operators/operator_visual.gd:190)
       [12] apply_state (res://world/presentation.gd:119)
       [13] on_snapshot (res://world/session.gd:763)
       [14] on_snapshot (res://lattice/world_demo.gd:354)
       [15] deliver_snapshot (res://net/client.gd:501)
       [16] deliver_frame (res://net/client.gd:452)
       [17] decode_text (res://net/client.gd:340)
       [18] decode_text (res://lattice/transport.gd:163)
       [19] wire (res://tests/lattice/usability_contract.gd:29)
       [20] snapshot (res://tests/lattice/usability_contract.gd:35)
       [21] run (res://tests/lattice/usability_contract.gd:122)
ERROR: Cannot get path of node as it is not in a scene tree.
   at: get_path (scene/main/node.cpp:2374)
   GDScript backtrace (most recent call first):
       [0] _collect (res://source_operators/moth_finish/binder.gd:145)
       [1] _collect (res://source_operators/moth_finish/binder.gd:180)
       [2] _collect (res://source_operators/moth_finish/binder.gd:180)
       [3] _collect (res://source_operators/moth_finish/binder.gd:180)
       [4] _collect (res://source_operators/moth_finish/binder.gd:180)
       [5] _collect (res://source_operators/moth_finish/binder.gd:180)
       [6] _collect (res://source_operators/moth_finish/binder.gd:180)
       [7] _collect (res://source_operators/moth_finish/binder.gd:180)
       [8] _collect (res://source_operators/moth_finish/binder.gd:180)
       [9] bind (res://source_operators/moth_finish/binder.gd:35)
       [10] apply_identity (res://source_operators/operator_visual.gd:103)
       [11] apply_actor (res://source_operators/operator_visual.gd:190)
       [12] apply_state (res://world/presentation.gd:119)
       [13] on_snapshot (res://world/session.gd:763)
       [14] on_snapshot (res://lattice/world_demo.gd:354)
       [15] deliver_snapshot (res://net/client.gd:501)
       [16] deliver_frame (res://net/client.gd:452)
       [17] decode_text (res://net/client.gd:340)
       [18] decode_text (res://lattice/transport.gd:163)
       [19] wire (res://tests/lattice/usability_contract.gd:29)
       [20] snapshot (res://tests/lattice/usability_contract.gd:35)
       [21] run (res://tests/lattice/usability_contract.gd:122)
ERROR: Cannot get path of node as it is not in a scene tree.
   at: get_path (scene/main/node.cpp:2374)
   GDScript backtrace (most recent call first):
       [0] _collect (res://source_operators/moth_finish/binder.gd:145)
       [1] _collect (res://source_operators/moth_finish/binder.gd:180)
       [2] _collect (res://source_operators/moth_finish/binder.gd:180)
       [3] _collect (res://source_operators/moth_finish/binder.gd:180)
       [4] _collect (res://source_operators/moth_finish/binder.gd:180)
       [5] _collect (res://source_operators/moth_finish/binder.gd:180)
       [6] _collect (res://source_operators/moth_finish/binder.gd:180)
       [7] _collect (res://source_operators/moth_finish/binder.gd:180)
       [8] _collect (res://source_operators/moth_finish/binder.gd:180)
       [9] bind (res://source_operators/moth_finish/binder.gd:35)
       [10] apply_identity (res://source_operators/operator_visual.gd:103)
       [11] apply_actor (res://source_operators/operator_visual.gd:190)
       [12] apply_state (res://world/presentation.gd:119)
       [13] on_snapshot (res://world/session.gd:763)
       [14] on_snapshot (res://lattice/world_demo.gd:354)
       [15] deliver_snapshot (res://net/client.gd:501)
       [16] deliver_frame (res://net/client.gd:452)
       [17] decode_text (res://net/client.gd:340)
       [18] decode_text (res://lattice/transport.gd:163)
       [19] wire (res://tests/lattice/usability_contract.gd:29)
       [20] snapshot (res://tests/lattice/usability_contract.gd:35)
       [21] run (res://tests/lattice/usability_contract.gd:122)
ERROR: Cannot get path of node as it is not in a scene tree.
   at: get_path (scene/main/node.cpp:2374)
   GDScript backtrace (most recent call first):
       [0] _collect (res://source_operators/moth_finish/binder.gd:145)
       [1] _collect (res://source_operators/moth_finish/binder.gd:180)
       [2] _collect (res://source_operators/moth_finish/binder.gd:180)
       [3] _collect (res://source_operators/moth_finish/binder.gd:180)
       [4] _collect (res://source_operators/moth_finish/binder.gd:180)
       [5] _collect (res://source_operators/moth_finish/binder.gd:180)
       [6] _collect (res://source_operators/moth_finish/binder.gd:180)
       [7] _collect (res://source_operators/moth_finish/binder.gd:180)
       [8] _collect (res://source_operators/moth_finish/binder.gd:180)
       [9] bind (res://source_operators/moth_finish/binder.gd:35)
       [10] apply_identity (res://source_operators/operator_visual.gd:103)
       [11] apply_actor (res://source_operators/operator_visual.gd:190)
       [12] apply_state (res://world/presentation.gd:119)
       [13] on_snapshot (res://world/session.gd:763)
       [14] on_snapshot (res://lattice/world_demo.gd:354)
       [15] deliver_snapshot (res://net/client.gd:501)
       [16] deliver_frame (res://net/client.gd:452)
       [17] decode_text (res://net/client.gd:340)
       [18] decode_text (res://lattice/transport.gd:163)
       [19] wire (res://tests/lattice/usability_contract.gd:29)
       [20] snapshot (res://tests/lattice/usability_contract.gd:35)
       [21] run (res://tests/lattice/usability_contract.gd:122)
ERROR: Cannot get path of node as it is not in a scene tree.
   at: get_path (scene/main/node.cpp:2374)
   GDScript backtrace (most recent call first):
       [0] _collect (res://source_operators/moth_finish/binder.gd:145)
       [1] _collect (res://source_operators/moth_finish/binder.gd:180)
       [2] _collect (res://source_operators/moth_finish/binder.gd:180)
       [3] _collect (res://source_operators/moth_finish/binder.gd:180)
       [4] _collect (res://source_operators/moth_finish/binder.gd:180)
       [5] _collect (res://source_operators/moth_finish/binder.gd:180)
       [6] _collect (res://source_operators/moth_finish/binder.gd:180)
       [7] _collect (res://source_operators/moth_finish/binder.gd:180)
       [8] bind (res://source_operators/moth_finish/binder.gd:35)
       [9] apply_identity (res://source_operators/operator_visual.gd:103)
       [10] apply_actor (res://source_operators/operator_visual.gd:190)
       [11] apply_state (res://world/presentation.gd:119)
       [12] on_snapshot (res://world/session.gd:763)
       [13] on_snapshot (res://lattice/world_demo.gd:354)
       [14] deliver_snapshot (res://net/client.gd:501)
       [15] deliver_frame (res://net/client.gd:452)
       [16] decode_text (res://net/client.gd:340)
       [17] decode_text (res://lattice/transport.gd:163)
       [18] wire (res://tests/lattice/usability_contract.gd:29)
       [19] snapshot (res://tests/lattice/usability_contract.gd:35)
       [20] run (res://tests/lattice/usability_contract.gd:122)
ERROR: Cannot get path of node as it is not in a scene tree.
   at: get_path (scene/main/node.cpp:2374)
   GDScript backtrace (most recent call first):
       [0] _collect (res://source_operators/moth_finish/binder.gd:145)
       [1] _collect (res://source_operators/moth_finish/binder.gd:180)
       [2] _collect (res://source_operators/moth_finish/binder.gd:180)
       [3] _collect (res://source_operators/moth_finish/binder.gd:180)
       [4] _collect (res://source_operators/moth_finish/binder.gd:180)
       [5] _collect (res://source_operators/moth_finish/binder.gd:180)
       [6] _collect (res://source_operators/moth_finish/binder.gd:180)
       [7] _collect (res://source_operators/moth_finish/binder.gd:180)
       [8] bind (res://source_operators/moth_finish/binder.gd:35)
       [9] apply_identity (res://source_operators/operator_visual.gd:103)
       [10] apply_actor (res://source_operators/operator_visual.gd:190)
       [11] apply_state (res://world/presentation.gd:119)
       [12] on_snapshot (res://world/session.gd:763)
       [13] on_snapshot (res://lattice/world_demo.gd:354)
       [14] deliver_snapshot (res://net/client.gd:501)
       [15] deliver_frame (res://net/client.gd:452)
       [16] decode_text (res://net/client.gd:340)
       [17] decode_text (res://lattice/transport.gd:163)
       [18] wire (res://tests/lattice/usability_contract.gd:29)
       [19] snapshot (res://tests/lattice/usability_contract.gd:35)
       [20] run (res://tests/lattice/usability_contract.gd:122)
ERROR: Cannot get path of node as it is not in a scene tree.
   at: get_path (scene/main/node.cpp:2374)
   GDScript backtrace (most recent call first):
       [0] _collect (res://source_operators/moth_finish/binder.gd:145)
       [1] _collect (res://source_operators/moth_finish/binder.gd:180)
       [2] _collect (res://source_operators/moth_finish/binder.gd:180)
       [3] _collect (res://source_operators/moth_finish/binder.gd:180)
       [4] _collect (res://source_operators/moth_finish/binder.gd:180)
       [5] _collect (res://source_operators/moth_finish/binder.gd:180)
       [6] _collect (res://source_operators/moth_finish/binder.gd:180)
       [7] bind (res://source_operators/moth_finish/binder.gd:35)
       [8] apply_identity (res://source_operators/operator_visual.gd:103)
       [9] apply_actor (res://source_operators/operator_visual.gd:190)
       [10] apply_state (res://world/presentation.gd:119)
       [11] on_snapshot (res://world/session.gd:763)
       [12] on_snapshot (res://lattice/world_demo.gd:354)
       [13] deliver_snapshot (res://net/client.gd:501)
       [14] deliver_frame (res://net/client.gd:452)
       [15] decode_text (res://net/client.gd:340)
       [16] decode_text (res://lattice/transport.gd:163)
       [17] wire (res://tests/lattice/usability_contract.gd:29)
       [18] snapshot (res://tests/lattice/usability_contract.gd:35)
       [19] run (res://tests/lattice/usability_contract.gd:122)
ERROR: Cannot get path of node as it is not in a scene tree.
   at: get_path (scene/main/node.cpp:2374)
   GDScript backtrace (most recent call first):
       [0] _collect (res://source_operators/moth_finish/binder.gd:145)
       [1] _collect (res://source_operators/moth_finish/binder.gd:180)
       [2] _collect (res://source_operators/moth_finish/binder.gd:180)
       [3] _collect (res://source_operators/moth_finish/binder.gd:180)
       [4] _collect (res://source_operators/moth_finish/binder.gd:180)
       [5] _collect (res://source_operators/moth_finish/binder.gd:180)
       [6] _collect (res://source_operators/moth_finish/binder.gd:180)
       [7] bind (res://source_operators/moth_finish/binder.gd:35)
       [8] apply_identity (res://source_operators/operator_visual.gd:103)
       [9] apply_actor (res://source_operators/operator_visual.gd:190)
       [10] apply_state (res://world/presentation.gd:119)
       [11] on_snapshot (res://world/session.gd:763)
       [12] on_snapshot (res://lattice/world_demo.gd:354)
       [13] deliver_snapshot (res://net/client.gd:501)
       [14] deliver_frame (res://net/client.gd:452)
       [15] decode_text (res://net/client.gd:340)
       [16] decode_text (res://lattice/transport.gd:163)
       [17] wire (res://tests/lattice/usability_contract.gd:29)
       [18] snapshot (res://tests/lattice/usability_contract.gd:35)
       [19] run (res://tests/lattice/usability_contract.gd:122)
ERROR: Cannot get path of node as it is not in a scene tree.
   at: get_path (scene/main/node.cpp:2374)
   GDScript backtrace (most recent call first):
       [0] _collect (res://source_operators/moth_finish/binder.gd:145)
       [1] _collect (res://source_operators/moth_finish/binder.gd:180)
       [2] _collect (res://source_operators/moth_finish/binder.gd:180)
       [3] _collect (res://source_operators/moth_finish/binder.gd:180)
       [4] _collect (res://source_operators/moth_finish/binder.gd:180)
       [5] _collect (res://source_operators/moth_finish/binder.gd:180)
       [6] _collect (res://source_operators/moth_finish/binder.gd:180)
       [7] bind (res://source_operators/moth_finish/binder.gd:35)
       [8] apply_identity (res://source_operators/operator_visual.gd:103)
       [9] apply_actor (res://source_operators/operator_visual.gd:190)
       [10] apply_state (res://world/presentation.gd:119)
       [11] on_snapshot (res://world/session.gd:763)
       [12] on_snapshot (res://lattice/world_demo.gd:354)
       [13] deliver_snapshot (res://net/client.gd:501)
       [14] deliver_frame (res://net/client.gd:452)
       [15] decode_text (res://net/client.gd:340)
       [16] decode_text (res://lattice/transport.gd:163)
       [17] wire (res://tests/lattice/usability_contract.gd:29)
       [18] snapshot (res://tests/lattice/usability_contract.gd:35)
       [19] run (res://tests/lattice/usability_contract.gd:122)
ERROR: Cannot get path of node as it is not in a scene tree.
   at: get_path (scene/main/node.cpp:2374)
   GDScript backtrace (most recent call first):
       [0] _collect (res://source_operators/moth_finish/binder.gd:145)
       [1] _collect (res://source_operators/moth_finish/binder.gd:180)
       [2] _collect (res://source_operators/moth_finish/binder.gd:180)
       [3] _collect (res://source_operators/moth_finish/binder.gd:180)
       [4] _collect (res://source_operators/moth_finish/binder.gd:180)
       [5] _collect (res://source_operators/moth_finish/binder.gd:180)
       [6] _collect (res://source_operators/moth_finish/binder.gd:180)
       [7] bind (res://source_operators/moth_finish/binder.gd:35)
       [8] apply_identity (res://source_operators/operator_visual.gd:103)
       [9] apply_actor (res://source_operators/operator_visual.gd:190)
       [10] apply_state (res://world/presentation.gd:119)
       [11] on_snapshot (res://world/session.gd:763)
       [12] on_snapshot (res://lattice/world_demo.gd:354)
       [13] deliver_snapshot (res://net/client.gd:501)
       [14] deliver_frame (res://net/client.gd:452)
       [15] decode_text (res://net/client.gd:340)
       [16] decode_text (res://lattice/transport.gd:163)
       [17] wire (res://tests/lattice/usability_contract.gd:29)
       [18] snapshot (res://tests/lattice/usability_contract.gd:35)
       [19] run (res://tests/lattice/usability_contract.gd:122)
ERROR: Cannot get path of node as it is not in a scene tree.
   at: get_path (scene/main/node.cpp:2374)
   GDScript backtrace (most recent call first):
       [0] _collect (res://source_operators/moth_finish/binder.gd:145)
       [1] _collect (res://source_operators/moth_finish/binder.gd:180)
       [2] _collect (res://source_operators/moth_finish/binder.gd:180)
       [3] _collect (res://source_operators/moth_finish/binder.gd:180)
       [4] _collect (res://source_operators/moth_finish/binder.gd:180)
       [5] _collect (res://source_operators/moth_finish/binder.gd:180)
       [6] bind (res://source_operators/moth_finish/binder.gd:35)
       [7] apply_identity (res://source_operators/operator_visual.gd:103)
       [8] apply_actor (res://source_operators/operator_visual.gd:190)
       [9] apply_state (res://world/presentation.gd:119)
       [10] on_snapshot (res://world/session.gd:763)
       [11] on_snapshot (res://lattice/world_demo.gd:354)
       [12] deliver_snapshot (res://net/client.gd:501)
       [13] deliver_frame (res://net/client.gd:452)
       [14] decode_text (res://net/client.gd:340)
       [15] decode_text (res://lattice/transport.gd:163)
       [16] wire (res://tests/lattice/usability_contract.gd:29)
       [17] snapshot (res://tests/lattice/usability_contract.gd:35)
       [18] run (res://tests/lattice/usability_contract.gd:122)
ERROR: Cannot get path of node as it is not in a scene tree.
   at: get_path (scene/main/node.cpp:2374)
   GDScript backtrace (most recent call first):
       [0] _collect (res://source_operators/moth_finish/binder.gd:145)
       [1] _collect (res://source_operators/moth_finish/binder.gd:180)
       [2] _collect (res://source_operators/moth_finish/binder.gd:180)
       [3] _collect (res://source_operators/moth_finish/binder.gd:180)
       [4] _collect (res://source_operators/moth_finish/binder.gd:180)
       [5] _collect (res://source_operators/moth_finish/binder.gd:180)
       [6] bind (res://source_operators/moth_finish/binder.gd:35)
       [7] apply_identity (res://source_operators/operator_visual.gd:103)
       [8] apply_actor (res://source_operators/operator_visual.gd:190)
       [9] apply_state (res://world/presentation.gd:119)
       [10] on_snapshot (res://world/session.gd:763)
       [11] on_snapshot (res://lattice/world_demo.gd:354)
       [12] deliver_snapshot (res://net/client.gd:501)
       [13] deliver_frame (res://net/client.gd:452)
       [14] decode_text (res://net/client.gd:340)
       [15] decode_text (res://lattice/transport.gd:163)
       [16] wire (res://tests/lattice/usability_contract.gd:29)
       [17] snapshot (res://tests/lattice/usability_contract.gd:35)
       [18] run (res://tests/lattice/usability_contract.gd:122)
ERROR: Cannot get path of node as it is not in a scene tree.
   at: get_path (scene/main/node.cpp:2374)
   GDScript backtrace (most recent call first):
       [0] _collect (res://source_operators/moth_finish/binder.gd:145)
       [1] _collect (res://source_operators/moth_finish/binder.gd:180)
       [2] _collect (res://source_operators/moth_finish/binder.gd:180)
       [3] _collect (res://source_operators/moth_finish/binder.gd:180)
       [4] _collect (res://source_operators/moth_finish/binder.gd:180)
       [5] _collect (res://source_operators/moth_finish/binder.gd:180)
       [6] _collect (res://source_operators/moth_finish/binder.gd:180)
       [7] _collect (res://source_operators/moth_finish/binder.gd:180)
       [8] _collect (res://source_operators/moth_finish/binder.gd:180)
       [9] _collect (res://source_operators/moth_finish/binder.gd:180)
       [10] bind (res://source_operators/moth_finish/binder.gd:35)
       [11] apply_identity (res://source_operators/operator_visual.gd:103)
       [12] apply_actor (res://source_operators/operator_visual.gd:190)
       [13] apply_state (res://world/presentation.gd:119)
       [14] on_snapshot (res://world/session.gd:763)
       [15] on_snapshot (res://lattice/world_demo.gd:354)
       [16] deliver_snapshot (res://net/client.gd:501)
       [17] deliver_frame (res://net/client.gd:452)
       [18] decode_text (res://net/client.gd:340)
       [19] decode_text (res://lattice/transport.gd:163)
       [20] wire (res://tests/lattice/usability_contract.gd:29)
       [21] snapshot (res://tests/lattice/usability_contract.gd:35)
       [22] run (res://tests/lattice/usability_contract.gd:122)
ERROR: Cannot get path of node as it is not in a scene tree.
   at: get_path (scene/main/node.cpp:2374)
   GDScript backtrace (most recent call first):
       [0] _collect (res://source_operators/moth_finish/binder.gd:145)
       [1] _collect (res://source_operators/moth_finish/binder.gd:180)
       [2] _collect (res://source_operators/moth_finish/binder.gd:180)
       [3] _collect (res://source_operators/moth_finish/binder.gd:180)
       [4] _collect (res://source_operators/moth_finish/binder.gd:180)
       [5] _collect (res://source_operators/moth_finish/binder.gd:180)
       [6] _collect (res://source_operators/moth_finish/binder.gd:180)
       [7] _collect (res://source_operators/moth_finish/binder.gd:180)
       [8] _collect (res://source_operators/moth_finish/binder.gd:180)
       [9] _collect (res://source_operators/moth_finish/binder.gd:180)
       [10] bind (res://source_operators/moth_finish/binder.gd:35)
       [11] apply_identity (res://source_operators/operator_visual.gd:103)
       [12] apply_actor (res://source_operators/operator_visual.gd:190)
       [13] apply_state (res://world/presentation.gd:119)
       [14] on_snapshot (res://world/session.gd:763)
       [15] on_snapshot (res://lattice/world_demo.gd:354)
       [16] deliver_snapshot (res://net/client.gd:501)
       [17] deliver_frame (res://net/client.gd:452)
       [18] decode_text (res://net/client.gd:340)
       [19] decode_text (res://lattice/transport.gd:163)
       [20] wire (res://tests/lattice/usability_contract.gd:29)
       [21] snapshot (res://tests/lattice/usability_contract.gd:35)
       [22] run (res://tests/lattice/usability_contract.gd:122)
ERROR: Cannot get path of node as it is not in a scene tree.
   at: get_path (scene/main/node.cpp:2374)
   GDScript backtrace (most recent call first):
       [0] _collect (res://source_operators/moth_finish/binder.gd:145)
       [1] _collect (res://source_operators/moth_finish/binder.gd:180)
       [2] _collect (res://source_operators/moth_finish/binder.gd:180)
       [3] _collect (res://source_operators/moth_finish/binder.gd:180)
       [4] _collect (res://source_operators/moth_finish/binder.gd:180)
       [5] _collect (res://source_operators/moth_finish/binder.gd:180)
       [6] _collect (res://source_operators/moth_finish/binder.gd:180)
       [7] _collect (res://source_operators/moth_finish/binder.gd:180)
       [8] _collect (res://source_operators/moth_finish/binder.gd:180)
       [9] _collect (res://source_operators/moth_finish/binder.gd:180)
       [10] bind (res://source_operators/moth_finish/binder.gd:35)
       [11] apply_identity (res://source_operators/operator_visual.gd:103)
       [12] apply_actor (res://source_operators/operator_visual.gd:190)
       [13] apply_state (res://world/presentation.gd:119)
       [14] on_snapshot (res://world/session.gd:763)
       [15] on_snapshot (res://lattice/world_demo.gd:354)
       [16] deliver_snapshot (res://net/client.gd:501)
       [17] deliver_frame (res://net/client.gd:452)
       [18] decode_text (res://net/client.gd:340)
       [19] decode_text (res://lattice/transport.gd:163)
       [20] wire (res://tests/lattice/usability_contract.gd:29)
       [21] snapshot (res://tests/lattice/usability_contract.gd:35)
       [22] run (res://tests/lattice/usability_contract.gd:122)
ERROR: Cannot get path of node as it is not in a scene tree.
   at: get_path (scene/main/node.cpp:2374)
   GDScript backtrace (most recent call first):
       [0] _collect (res://source_operators/moth_finish/binder.gd:145)
       [1] _collect (res://source_operators/moth_finish/binder.gd:180)
       [2] _collect (res://source_operators/moth_finish/binder.gd:180)
       [3] _collect (res://source_operators/moth_finish/binder.gd:180)
       [4] _collect (res://source_operators/moth_finish/binder.gd:180)
       [5] _collect (res://source_operators/moth_finish/binder.gd:180)
       [6] _collect (res://source_operators/moth_finish/binder.gd:180)
       [7] _collect (res://source_operators/moth_finish/binder.gd:180)
       [8] _collect (res://source_operators/moth_finish/binder.gd:180)
       [9] _collect (res://source_operators/moth_finish/binder.gd:180)
       [10] bind (res://source_operators/moth_finish/binder.gd:35)
       [11] apply_identity (res://source_operators/operator_visual.gd:103)
       [12] apply_actor (res://source_operators/operator_visual.gd:190)
       [13] apply_state (res://world/presentation.gd:119)
       [14] on_snapshot (res://world/session.gd:763)
       [15] on_snapshot (res://lattice/world_demo.gd:354)
       [16] deliver_snapshot (res://net/client.gd:501)
       [17] deliver_frame (res://net/client.gd:452)
       [18] decode_text (res://net/client.gd:340)
       [19] decode_text (res://lattice/transport.gd:163)
       [20] wire (res://tests/lattice/usability_contract.gd:29)
       [21] snapshot (res://tests/lattice/usability_contract.gd:35)
       [22] run (res://tests/lattice/usability_contract.gd:122)
ERROR: Cannot get path of node as it is not in a scene tree.
   at: get_path (scene/main/node.cpp:2374)
   GDScript backtrace (most recent call first):
       [0] _collect (res://source_operators/moth_finish/binder.gd:145)
       [1] _collect (res://source_operators/moth_finish/binder.gd:180)
       [2] _collect (res://source_operators/moth_finish/binder.gd:180)
       [3] _collect (res://source_operators/moth_finish/binder.gd:180)
       [4] _collect (res://source_operators/moth_finish/binder.gd:180)
       [5] _collect (res://source_operators/moth_finish/binder.gd:180)
       [6] _collect (res://source_operators/moth_finish/binder.gd:180)
       [7] _collect (res://source_operators/moth_finish/binder.gd:180)
       [8] _collect (res://source_operators/moth_finish/binder.gd:180)
       [9] bind (res://source_operators/moth_finish/binder.gd:35)
       [10] apply_identity (res://source_operators/operator_visual.gd:103)
       [11] apply_actor (res://source_operators/operator_visual.gd:190)
       [12] apply_state (res://world/presentation.gd:119)
       [13] on_snapshot (res://world/session.gd:763)
       [14] on_snapshot (res://lattice/world_demo.gd:354)
       [15] deliver_snapshot (res://net/client.gd:501)
       [16] deliver_frame (res://net/client.gd:452)
       [17] decode_text (res://net/client.gd:340)
       [18] decode_text (res://lattice/transport.gd:163)
       [19] wire (res://tests/lattice/usability_contract.gd:29)
       [20] snapshot (res://tests/lattice/usability_contract.gd:35)
       [21] run (res://tests/lattice/usability_contract.gd:122)
ERROR: Cannot get path of node as it is not in a scene tree.
   at: get_path (scene/main/node.cpp:2374)
   GDScript backtrace (most recent call first):
       [0] _collect (res://source_operators/moth_finish/binder.gd:145)
       [1] _collect (res://source_operators/moth_finish/binder.gd:180)
       [2] _collect (res://source_operators/moth_finish/binder.gd:180)
       [3] _collect (res://source_operators/moth_finish/binder.gd:180)
       [4] _collect (res://source_operators/moth_finish/binder.gd:180)
       [5] _collect (res://source_operators/moth_finish/binder.gd:180)
       [6] _collect (res://source_operators/moth_finish/binder.gd:180)
       [7] _collect (res://source_operators/moth_finish/binder.gd:180)
       [8] _collect (res://source_operators/moth_finish/binder.gd:180)
       [9] bind (res://source_operators/moth_finish/binder.gd:35)
       [10] apply_identity (res://source_operators/operator_visual.gd:103)
       [11] apply_actor (res://source_operators/operator_visual.gd:190)
       [12] apply_state (res://world/presentation.gd:119)
       [13] on_snapshot (res://world/session.gd:763)
       [14] on_snapshot (res://lattice/world_demo.gd:354)
       [15] deliver_snapshot (res://net/client.gd:501)
       [16] deliver_frame (res://net/client.gd:452)
       [17] decode_text (res://net/client.gd:340)
       [18] decode_text (res://lattice/transport.gd:163)
       [19] wire (res://tests/lattice/usability_contract.gd:29)
       [20] snapshot (res://tests/lattice/usability_contract.gd:35)
       [21] run (res://tests/lattice/usability_contract.gd:122)
ERROR: Cannot get path of node as it is not in a scene tree.
   at: get_path (scene/main/node.cpp:2374)
   GDScript backtrace (most recent call first):
       [0] _collect (res://source_operators/moth_finish/binder.gd:145)
       [1] _collect (res://source_operators/moth_finish/binder.gd:180)
       [2] _collect (res://source_operators/moth_finish/binder.gd:180)
       [3] _collect (res://source_operators/moth_finish/binder.gd:180)
       [4] _collect (res://source_operators/moth_finish/binder.gd:180)
       [5] _collect (res://source_operators/moth_finish/binder.gd:180)
       [6] _collect (res://source_operators/moth_finish/binder.gd:180)
       [7] _collect (res://source_operators/moth_finish/binder.gd:180)
       [8] _collect (res://source_operators/moth_finish/binder.gd:180)
       [9] bind (res://source_operators/moth_finish/binder.gd:35)
       [10] apply_identity (res://source_operators/operator_visual.gd:103)
       [11] apply_actor (res://source_operators/operator_visual.gd:190)
       [12] apply_state (res://world/presentation.gd:119)
       [13] on_snapshot (res://world/session.gd:763)
       [14] on_snapshot (res://lattice/world_demo.gd:354)
       [15] deliver_snapshot (res://net/client.gd:501)
       [16] deliver_frame (res://net/client.gd:452)
       [17] decode_text (res://net/client.gd:340)
       [18] decode_text (res://lattice/transport.gd:163)
       [19] wire (res://tests/lattice/usability_contract.gd:29)
       [20] snapshot (res://tests/lattice/usability_contract.gd:35)
       [21] run (res://tests/lattice/usability_contract.gd:122)
ERROR: Cannot get path of node as it is not in a scene tree.
   at: get_path (scene/main/node.cpp:2374)
   GDScript backtrace (most recent call first):
       [0] _collect (res://source_operators/moth_finish/binder.gd:145)
       [1] _collect (res://source_operators/moth_finish/binder.gd:180)
       [2] _collect (res://source_operators/moth_finish/binder.gd:180)
       [3] _collect (res://source_operators/moth_finish/binder.gd:180)
       [4] _collect (res://source_operators/moth_finish/binder.gd:180)
       [5] _collect (res://source_operators/moth_finish/binder.gd:180)
       [6] _collect (res://source_operators/moth_finish/binder.gd:180)
       [7] _collect (res://source_operators/moth_finish/binder.gd:180)
       [8] _collect (res://source_operators/moth_finish/binder.gd:180)
       [9] bind (res://source_operators/moth_finish/binder.gd:35)
       [10] apply_identity (res://source_operators/operator_visual.gd:103)
       [11] apply_actor (res://source_operators/operator_visual.gd:190)
       [12] apply_state (res://world/presentation.gd:119)
       [13] on_snapshot (res://world/session.gd:763)
       [14] on_snapshot (res://lattice/world_demo.gd:354)
       [15] deliver_snapshot (res://net/client.gd:501)
       [16] deliver_frame (res://net/client.gd:452)
       [17] decode_text (res://net/client.gd:340)
       [18] decode_text (res://lattice/transport.gd:163)
       [19] wire (res://tests/lattice/usability_contract.gd:29)
       [20] snapshot (res://tests/lattice/usability_contract.gd:35)
       [21] run (res://tests/lattice/usability_contract.gd:122)
ERROR: Cannot get path of node as it is not in a scene tree.
   at: get_path (scene/main/node.cpp:2374)
   GDScript backtrace (most recent call first):
       [0] _collect (res://source_operators/moth_finish/binder.gd:145)
       [1] _collect (res://source_operators/moth_finish/binder.gd:180)
       [2] _collect (res://source_operators/moth_finish/binder.gd:180)
       [3] _collect (res://source_operators/moth_finish/binder.gd:180)
       [4] _collect (res://source_operators/moth_finish/binder.gd:180)
       [5] _collect (res://source_operators/moth_finish/binder.gd:180)
       [6] _collect (res://source_operators/moth_finish/binder.gd:180)
       [7] _collect (res://source_operators/moth_finish/binder.gd:180)
       [8] _collect (res://source_operators/moth_finish/binder.gd:180)
       [9] bind (res://source_operators/moth_finish/binder.gd:35)
       [10] apply_identity (res://source_operators/operator_visual.gd:103)
       [11] apply_actor (res://source_operators/operator_visual.gd:190)
       [12] apply_state (res://world/presentation.gd:119)
       [13] on_snapshot (res://world/session.gd:763)
       [14] on_snapshot (res://lattice/world_demo.gd:354)
       [15] deliver_snapshot (res://net/client.gd:501)
       [16] deliver_frame (res://net/client.gd:452)
       [17] decode_text (res://net/client.gd:340)
       [18] decode_text (res://lattice/transport.gd:163)
       [19] wire (res://tests/lattice/usability_contract.gd:29)
       [20] snapshot (res://tests/lattice/usability_contract.gd:35)
       [21] run (res://tests/lattice/usability_contract.gd:122)
ERROR: Cannot get path of node as it is not in a scene tree.
   at: get_path (scene/main/node.cpp:2374)
   GDScript backtrace (most recent call first):
       [0] _collect (res://source_operators/moth_finish/binder.gd:145)
       [1] _collect (res://source_operators/moth_finish/binder.gd:180)
       [2] _collect (res://source_operators/moth_finish/binder.gd:180)
       [3] _collect (res://source_operators/moth_finish/binder.gd:180)
       [4] _collect (res://source_operators/moth_finish/binder.gd:180)
       [5] _collect (res://source_operators/moth_finish/binder.gd:180)
       [6] _collect (res://source_operators/moth_finish/binder.gd:180)
       [7] _collect (res://source_operators/moth_finish/binder.gd:180)
       [8] _collect (res://source_operators/moth_finish/binder.gd:180)
       [9] bind (res://source_operators/moth_finish/binder.gd:35)
       [10] apply_identity (res://source_operators/operator_visual.gd:103)
       [11] apply_actor (res://source_operators/operator_visual.gd:190)
       [12] apply_state (res://world/presentation.gd:119)
       [13] on_snapshot (res://world/session.gd:763)
       [14] on_snapshot (res://lattice/world_demo.gd:354)
       [15] deliver_snapshot (res://net/client.gd:501)
       [16] deliver_frame (res://net/client.gd:452)
       [17] decode_text (res://net/client.gd:340)
       [18] decode_text (res://lattice/transport.gd:163)
       [19] wire (res://tests/lattice/usability_contract.gd:29)
       [20] snapshot (res://tests/lattice/usability_contract.gd:35)
       [21] run (res://tests/lattice/usability_contract.gd:122)
ERROR: Cannot get path of node as it is not in a scene tree.
   at: get_path (scene/main/node.cpp:2374)
   GDScript backtrace (most recent call first):
       [0] _collect (res://source_operators/moth_finish/binder.gd:145)
       [1] _collect (res://source_operators/moth_finish/binder.gd:180)
       [2] _collect (res://source_operators/moth_finish/binder.gd:180)
       [3] _collect (res://source_operators/moth_finish/binder.gd:180)
       [4] _collect (res://source_operators/moth_finish/binder.gd:180)
       [5] _collect (res://source_operators/moth_finish/binder.gd:180)
       [6] _collect (res://source_operators/moth_finish/binder.gd:180)
       [7] _collect (res://source_operators/moth_finish/binder.gd:180)
       [8] _collect (res://source_operators/moth_finish/binder.gd:180)
       [9] bind (res://source_operators/moth_finish/binder.gd:35)
       [10] apply_identity (res://source_operators/operator_visual.gd:103)
       [11] apply_actor (res://source_operators/operator_visual.gd:190)
       [12] apply_state (res://world/presentation.gd:119)
       [13] on_snapshot (res://world/session.gd:763)
       [14] on_snapshot (res://lattice/world_demo.gd:354)
       [15] deliver_snapshot (res://net/client.gd:501)
       [16] deliver_frame (res://net/client.gd:452)
       [17] decode_text (res://net/client.gd:340)
       [18] decode_text (res://lattice/transport.gd:163)
       [19] wire (res://tests/lattice/usability_contract.gd:29)
       [20] snapshot (res://tests/lattice/usability_contract.gd:35)
       [21] run (res://tests/lattice/usability_contract.gd:122)
ERROR: Cannot get path of node as it is not in a scene tree.
   at: get_path (scene/main/node.cpp:2374)
   GDScript backtrace (most recent call first):
       [0] _collect (res://source_operators/moth_finish/binder.gd:145)
       [1] _collect (res://source_operators/moth_finish/binder.gd:180)
       [2] _collect (res://source_operators/moth_finish/binder.gd:180)
       [3] _collect (res://source_operators/moth_finish/binder.gd:180)
       [4] _collect (res://source_operators/moth_finish/binder.gd:180)
       [5] _collect (res://source_operators/moth_finish/binder.gd:180)
       [6] _collect (res://source_operators/moth_finish/binder.gd:180)
       [7] _collect (res://source_operators/moth_finish/binder.gd:180)
       [8] bind (res://source_operators/moth_finish/binder.gd:35)
       [9] apply_identity (res://source_operators/operator_visual.gd:103)
       [10] apply_actor (res://source_operators/operator_visual.gd:190)
       [11] apply_state (res://world/presentation.gd:119)
       [12] on_snapshot (res://world/session.gd:763)
       [13] on_snapshot (res://lattice/world_demo.gd:354)
       [14] deliver_snapshot (res://net/client.gd:501)
       [15] deliver_frame (res://net/client.gd:452)
       [16] decode_text (res://net/client.gd:340)
       [17] decode_text (res://lattice/transport.gd:163)
       [18] wire (res://tests/lattice/usability_contract.gd:29)
       [19] snapshot (res://tests/lattice/usability_contract.gd:35)
       [20] run (res://tests/lattice/usability_contract.gd:122)
ERROR: Cannot get path of node as it is not in a scene tree.
   at: get_path (scene/main/node.cpp:2374)
   GDScript backtrace (most recent call first):
       [0] _collect (res://source_operators/moth_finish/binder.gd:145)
       [1] _collect (res://source_operators/moth_finish/binder.gd:180)
       [2] _collect (res://source_operators/moth_finish/binder.gd:180)
       [3] _collect (res://source_operators/moth_finish/binder.gd:180)
       [4] _collect (res://source_operators/moth_finish/binder.gd:180)
       [5] _collect (res://source_operators/moth_finish/binder.gd:180)
       [6] _collect (res://source_operators/moth_finish/binder.gd:180)
       [7] _collect (res://source_operators/moth_finish/binder.gd:180)
       [8] bind (res://source_operators/moth_finish/binder.gd:35)
       [9] apply_identity (res://source_operators/operator_visual.gd:103)
       [10] apply_actor (res://source_operators/operator_visual.gd:190)
       [11] apply_state (res://world/presentation.gd:119)
       [12] on_snapshot (res://world/session.gd:763)
       [13] on_snapshot (res://lattice/world_demo.gd:354)
       [14] deliver_snapshot (res://net/client.gd:501)
       [15] deliver_frame (res://net/client.gd:452)
       [16] decode_text (res://net/client.gd:340)
       [17] decode_text (res://lattice/transport.gd:163)
       [18] wire (res://tests/lattice/usability_contract.gd:29)
       [19] snapshot (res://tests/lattice/usability_contract.gd:35)
       [20] run (res://tests/lattice/usability_contract.gd:122)
ERROR: Cannot get path of node as it is not in a scene tree.
   at: get_path (scene/main/node.cpp:2374)
   GDScript backtrace (most recent call first):
       [0] _collect (res://source_operators/moth_finish/binder.gd:145)
       [1] _collect (res://source_operators/moth_finish/binder.gd:180)
       [2] _collect (res://source_operators/moth_finish/binder.gd:180)
       [3] _collect (res://source_operators/moth_finish/binder.gd:180)
       [4] _collect (res://source_operators/moth_finish/binder.gd:180)
       [5] _collect (res://source_operators/moth_finish/binder.gd:180)
       [6] _collect (res://source_operators/moth_finish/binder.gd:180)
       [7] bind (res://source_operators/moth_finish/binder.gd:35)
       [8] apply_identity (res://source_operators/operator_visual.gd:103)
       [9] apply_actor (res://source_operators/operator_visual.gd:190)
       [10] apply_state (res://world/presentation.gd:119)
       [11] on_snapshot (res://world/session.gd:763)
       [12] on_snapshot (res://lattice/world_demo.gd:354)
       [13] deliver_snapshot (res://net/client.gd:501)
       [14] deliver_frame (res://net/client.gd:452)
       [15] decode_text (res://net/client.gd:340)
       [16] decode_text (res://lattice/transport.gd:163)
       [17] wire (res://tests/lattice/usability_contract.gd:29)
       [18] snapshot (res://tests/lattice/usability_contract.gd:35)
       [19] run (res://tests/lattice/usability_contract.gd:122)
ERROR: Cannot get path of node as it is not in a scene tree.
   at: get_path (scene/main/node.cpp:2374)
   GDScript backtrace (most recent call first):
       [0] _collect (res://source_operators/moth_finish/binder.gd:145)
       [1] _collect (res://source_operators/moth_finish/binder.gd:180)
       [2] _collect (res://source_operators/moth_finish/binder.gd:180)
       [3] _collect (res://source_operators/moth_finish/binder.gd:180)
       [4] _collect (res://source_operators/moth_finish/binder.gd:180)
       [5] _collect (res://source_operators/moth_finish/binder.gd:180)
       [6] _collect (res://source_operators/moth_finish/binder.gd:180)
       [7] bind (res://source_operators/moth_finish/binder.gd:35)
       [8] apply_identity (res://source_operators/operator_visual.gd:103)
       [9] apply_actor (res://source_operators/operator_visual.gd:190)
       [10] apply_state (res://world/presentation.gd:119)
       [11] on_snapshot (res://world/session.gd:763)
       [12] on_snapshot (res://lattice/world_demo.gd:354)
       [13] deliver_snapshot (res://net/client.gd:501)
       [14] deliver_frame (res://net/client.gd:452)
       [15] decode_text (res://net/client.gd:340)
       [16] decode_text (res://lattice/transport.gd:163)
       [17] wire (res://tests/lattice/usability_contract.gd:29)
       [18] snapshot (res://tests/lattice/usability_contract.gd:35)
       [19] run (res://tests/lattice/usability_contract.gd:122)
ERROR: Cannot get path of node as it is not in a scene tree.
   at: get_path (scene/main/node.cpp:2374)
   GDScript backtrace (most recent call first):
       [0] _collect (res://source_operators/moth_finish/binder.gd:145)
       [1] _collect (res://source_operators/moth_finish/binder.gd:180)
       [2] _collect (res://source_operators/moth_finish/binder.gd:180)
       [3] _collect (res://source_operators/moth_finish/binder.gd:180)
       [4] _collect (res://source_operators/moth_finish/binder.gd:180)
       [5] _collect (res://source_operators/moth_finish/binder.gd:180)
       [6] _collect (res://source_operators/moth_finish/binder.gd:180)
       [7] bind (res://source_operators/moth_finish/binder.gd:35)
       [8] apply_identity (res://source_operators/operator_visual.gd:103)
       [9] apply_actor (res://source_operators/operator_visual.gd:190)
       [10] apply_state (res://world/presentation.gd:119)
       [11] on_snapshot (res://world/session.gd:763)
       [12] on_snapshot (res://lattice/world_demo.gd:354)
       [13] deliver_snapshot (res://net/client.gd:501)
       [14] deliver_frame (res://net/client.gd:452)
       [15] decode_text (res://net/client.gd:340)
       [16] decode_text (res://lattice/transport.gd:163)
       [17] wire (res://tests/lattice/usability_contract.gd:29)
       [18] snapshot (res://tests/lattice/usability_contract.gd:35)
       [19] run (res://tests/lattice/usability_contract.gd:122)
ERROR: Cannot get path of node as it is not in a scene tree.
   at: get_path (scene/main/node.cpp:2374)
   GDScript backtrace (most recent call first):
       [0] _collect (res://source_operators/moth_finish/binder.gd:145)
       [1] _collect (res://source_operators/moth_finish/binder.gd:180)
       [2] _collect (res://source_operators/moth_finish/binder.gd:180)
       [3] _collect (res://source_operators/moth_finish/binder.gd:180)
       [4] _collect (res://source_operators/moth_finish/binder.gd:180)
       [5] _collect (res://source_operators/moth_finish/binder.gd:180)
       [6] _collect (res://source_operators/moth_finish/binder.gd:180)
       [7] bind (res://source_operators/moth_finish/binder.gd:35)
       [8] apply_identity (res://source_operators/operator_visual.gd:103)
       [9] apply_actor (res://source_operators/operator_visual.gd:190)
       [10] apply_state (res://world/presentation.gd:119)
       [11] on_snapshot (res://world/session.gd:763)
       [12] on_snapshot (res://lattice/world_demo.gd:354)
       [13] deliver_snapshot (res://net/client.gd:501)
       [14] deliver_frame (res://net/client.gd:452)
       [15] decode_text (res://net/client.gd:340)
       [16] decode_text (res://lattice/transport.gd:163)
       [17] wire (res://tests/lattice/usability_contract.gd:29)
       [18] snapshot (res://tests/lattice/usability_contract.gd:35)
       [19] run (res://tests/lattice/usability_contract.gd:122)
ERROR: Cannot get path of node as it is not in a scene tree.
   at: get_path (scene/main/node.cpp:2374)
   GDScript backtrace (most recent call first):
       [0] _collect (res://source_operators/moth_finish/binder.gd:145)
       [1] _collect (res://source_operators/moth_finish/binder.gd:180)
       [2] _collect (res://source_operators/moth_finish/binder.gd:180)
       [3] _collect (res://source_operators/moth_finish/binder.gd:180)
       [4] _collect (res://source_operators/moth_finish/binder.gd:180)
       [5] _collect (res://source_operators/moth_finish/binder.gd:180)
       [6] bind (res://source_operators/moth_finish/binder.gd:35)
       [7] apply_identity (res://source_operators/operator_visual.gd:103)
       [8] apply_actor (res://source_operators/operator_visual.gd:190)
       [9] apply_state (res://world/presentation.gd:119)
       [10] on_snapshot (res://world/session.gd:763)
       [11] on_snapshot (res://lattice/world_demo.gd:354)
       [12] deliver_snapshot (res://net/client.gd:501)
       [13] deliver_frame (res://net/client.gd:452)
       [14] decode_text (res://net/client.gd:340)
       [15] decode_text (res://lattice/transport.gd:163)
       [16] wire (res://tests/lattice/usability_contract.gd:29)
       [17] snapshot (res://tests/lattice/usability_contract.gd:35)
       [18] run (res://tests/lattice/usability_contract.gd:122)
ERROR: Cannot get path of node as it is not in a scene tree.
   at: get_path (scene/main/node.cpp:2374)
   GDScript backtrace (most recent call first):
       [0] _collect (res://source_operators/moth_finish/binder.gd:145)
       [1] _collect (res://source_operators/moth_finish/binder.gd:180)
       [2] _collect (res://source_operators/moth_finish/binder.gd:180)
       [3] _collect (res://source_operators/moth_finish/binder.gd:180)
       [4] _collect (res://source_operators/moth_finish/binder.gd:180)
       [5] _collect (res://source_operators/moth_finish/binder.gd:180)
       [6] bind (res://source_operators/moth_finish/binder.gd:35)
       [7] apply_identity (res://source_operators/operator_visual.gd:103)
       [8] apply_actor (res://source_operators/operator_visual.gd:190)
       [9] apply_state (res://world/presentation.gd:119)
       [10] on_snapshot (res://world/session.gd:763)
       [11] on_snapshot (res://lattice/world_demo.gd:354)
       [12] deliver_snapshot (res://net/client.gd:501)
       [13] deliver_frame (res://net/client.gd:452)
       [14] decode_text (res://net/client.gd:340)
       [15] decode_text (res://lattice/transport.gd:163)
       [16] wire (res://tests/lattice/usability_contract.gd:29)
       [17] snapshot (res://tests/lattice/usability_contract.gd:35)
       [18] run (res://tests/lattice/usability_contract.gd:122)
ERROR: Cannot get path of node as it is not in a scene tree.
   at: get_path (scene/main/node.cpp:2374)
   GDScript backtrace (most recent call first):
       [0] _collect (res://source_operators/moth_finish/binder.gd:145)
       [1] _collect (res://source_operators/moth_finish/binder.gd:180)
       [2] _collect (res://source_operators/moth_finish/binder.gd:180)
       [3] _collect (res://source_operators/moth_finish/binder.gd:180)
       [4] _collect (res://source_operators/moth_finish/binder.gd:180)
       [5] bind (res://source_operators/moth_finish/binder.gd:35)
       [6] apply_identity (res://source_operators/operator_visual.gd:103)
       [7] apply_actor (res://source_operators/operator_visual.gd:190)
       [8] apply_state (res://world/presentation.gd:119)
       [9] on_snapshot (res://world/session.gd:763)
       [10] on_snapshot (res://lattice/world_demo.gd:354)
       [11] deliver_snapshot (res://net/client.gd:501)
       [12] deliver_frame (res://net/client.gd:452)
       [13] decode_text (res://net/client.gd:340)
       [14] decode_text (res://lattice/transport.gd:163)
       [15] wire (res://tests/lattice/usability_contract.gd:29)
       [16] snapshot (res://tests/lattice/usability_contract.gd:35)
       [17] run (res://tests/lattice/usability_contract.gd:122)
ERROR: Cannot get path of node as it is not in a scene tree.
   at: get_path (scene/main/node.cpp:2374)
   GDScript backtrace (most recent call first):
       [0] _collect (res://source_operators/moth_finish/binder.gd:145)
       [1] _collect (res://source_operators/moth_finish/binder.gd:180)
       [2] _collect (res://source_operators/moth_finish/binder.gd:180)
       [3] _collect (res://source_operators/moth_finish/binder.gd:180)
       [4] _collect (res://source_operators/moth_finish/binder.gd:180)
       [5] bind (res://source_operators/moth_finish/binder.gd:35)
       [6] apply_identity (res://source_operators/operator_visual.gd:103)
       [7] apply_actor (res://source_operators/operator_visual.gd:190)
       [8] apply_state (res://world/presentation.gd:119)
       [9] on_snapshot (res://world/session.gd:763)
       [10] on_snapshot (res://lattice/world_demo.gd:354)
       [11] deliver_snapshot (res://net/client.gd:501)
       [12] deliver_frame (res://net/client.gd:452)
       [13] decode_text (res://net/client.gd:340)
       [14] decode_text (res://lattice/transport.gd:163)
       [15] wire (res://tests/lattice/usability_contract.gd:29)
       [16] snapshot (res://tests/lattice/usability_contract.gd:35)
       [17] run (res://tests/lattice/usability_contract.gd:122)
ERROR: Cannot get path of node as it is not in a scene tree.
   at: get_path (scene/main/node.cpp:2374)
   GDScript backtrace (most recent call first):
       [0] _collect (res://source_operators/moth_finish/binder.gd:145)
       [1] _collect (res://source_operators/moth_finish/binder.gd:180)
       [2] _collect (res://source_operators/moth_finish/binder.gd:180)
       [3] _collect (res://source_operators/moth_finish/binder.gd:180)
       [4] _collect (res://source_operators/moth_finish/binder.gd:180)
       [5] bind (res://source_operators/moth_finish/binder.gd:35)
       [6] apply_identity (res://source_operators/operator_visual.gd:103)
       [7] apply_actor (res://source_operators/operator_visual.gd:190)
       [8] apply_state (res://world/presentation.gd:119)
       [9] on_snapshot (res://world/session.gd:763)
       [10] on_snapshot (res://lattice/world_demo.gd:354)
       [11] deliver_snapshot (res://net/client.gd:501)
       [12] deliver_frame (res://net/client.gd:452)
       [13] decode_text (res://net/client.gd:340)
       [14] decode_text (res://lattice/transport.gd:163)
       [15] wire (res://tests/lattice/usability_contract.gd:29)
       [16] snapshot (res://tests/lattice/usability_contract.gd:35)
       [17] run (res://tests/lattice/usability_contract.gd:122)
ERROR: Cannot get path of node as it is not in a scene tree.
   at: get_path (scene/main/node.cpp:2374)
   GDScript backtrace (most recent call first):
       [0] _collect (res://source_operators/moth_finish/binder.gd:145)
       [1] _collect (res://source_operators/moth_finish/binder.gd:180)
       [2] _collect (res://source_operators/moth_finish/binder.gd:180)
       [3] _collect (res://source_operators/moth_finish/binder.gd:180)
       [4] _collect (res://source_operators/moth_finish/binder.gd:180)
       [5] bind (res://source_operators/moth_finish/binder.gd:35)
       [6] apply_identity (res://source_operators/operator_visual.gd:103)
       [7] apply_actor (res://source_operators/operator_visual.gd:190)
       [8] apply_state (res://world/presentation.gd:119)
       [9] on_snapshot (res://world/session.gd:763)
       [10] on_snapshot (res://lattice/world_demo.gd:354)
       [11] deliver_snapshot (res://net/client.gd:501)
       [12] deliver_frame (res://net/client.gd:452)
       [13] decode_text (res://net/client.gd:340)
       [14] decode_text (res://lattice/transport.gd:163)
       [15] wire (res://tests/lattice/usability_contract.gd:29)
       [16] snapshot (res://tests/lattice/usability_contract.gd:35)
       [17] run (res://tests/lattice/usability_contract.gd:122)
ERROR: Cannot get path of node as it is not in a scene tree.
   at: get_path (scene/main/node.cpp:2374)
   GDScript backtrace (most recent call first):
       [0] _collect (res://source_operators/moth_finish/binder.gd:145)
       [1] _collect (res://source_operators/moth_finish/binder.gd:180)
       [2] _collect (res://source_operators/moth_finish/binder.gd:180)
       [3] _collect (res://source_operators/moth_finish/binder.gd:180)
       [4] _collect (res://source_operators/moth_finish/binder.gd:180)
       [5] bind (res://source_operators/moth_finish/binder.gd:35)
       [6] apply_identity (res://source_operators/operator_visual.gd:103)
       [7] apply_actor (res://source_operators/operator_visual.gd:190)
       [8] apply_state (res://world/presentation.gd:119)
       [9] on_snapshot (res://world/session.gd:763)
       [10] on_snapshot (res://lattice/world_demo.gd:354)
       [11] deliver_snapshot (res://net/client.gd:501)
       [12] deliver_frame (res://net/client.gd:452)
       [13] decode_text (res://net/client.gd:340)
       [14] decode_text (res://lattice/transport.gd:163)
       [15] wire (res://tests/lattice/usability_contract.gd:29)
       [16] snapshot (res://tests/lattice/usability_contract.gd:35)
       [17] run (res://tests/lattice/usability_contract.gd:122)
ERROR: Cannot get path of node as it is not in a scene tree.
   at: get_path (scene/main/node.cpp:2374)
   GDScript backtrace (most recent call first):
       [0] _collect (res://source_operators/moth_finish/binder.gd:136)
       [1] _collect (res://source_operators/moth_finish/binder.gd:180)
       [2] _collect (res://source_operators/moth_finish/binder.gd:180)
       [3] _collect (res://source_operators/moth_finish/binder.gd:180)
       [4] bind (res://source_operators/moth_finish/binder.gd:35)
       [5] apply_identity (res://source_operators/operator_visual.gd:103)
       [6] apply_actor (res://source_operators/operator_visual.gd:190)
       [7] apply_state (res://world/presentation.gd:119)
       [8] on_snapshot (res://world/session.gd:763)
       [9] on_snapshot (res://lattice/world_demo.gd:354)
       [10] deliver_snapshot (res://net/client.gd:501)
       [11] deliver_frame (res://net/client.gd:452)
       [12] decode_text (res://net/client.gd:340)
       [13] decode_text (res://lattice/transport.gd:163)
       [14] wire (res://tests/lattice/usability_contract.gd:29)
       [15] snapshot (res://tests/lattice/usability_contract.gd:35)
       [16] run (res://tests/lattice/usability_contract.gd:122)
ERROR: Cannot get path of node as it is not in a scene tree.
   at: get_path (scene/main/node.cpp:2374)
   GDScript backtrace (most recent call first):
       [0] _collect (res://source_operators/moth_finish/binder.gd:136)
       [1] _collect (res://source_operators/moth_finish/binder.gd:180)
       [2] _collect (res://source_operators/moth_finish/binder.gd:180)
       [3] _collect (res://source_operators/moth_finish/binder.gd:180)
       [4] bind (res://source_operators/moth_finish/binder.gd:35)
       [5] apply_identity (res://source_operators/operator_visual.gd:103)
       [6] apply_actor (res://source_operators/operator_visual.gd:190)
       [7] apply_state (res://world/presentation.gd:119)
       [8] on_snapshot (res://world/session.gd:763)
       [9] on_snapshot (res://lattice/world_demo.gd:354)
       [10] deliver_snapshot (res://net/client.gd:501)
       [11] deliver_frame (res://net/client.gd:452)
       [12] decode_text (res://net/client.gd:340)
       [13] decode_text (res://lattice/transport.gd:163)
       [14] wire (res://tests/lattice/usability_contract.gd:29)
       [15] snapshot (res://tests/lattice/usability_contract.gd:35)
       [16] run (res://tests/lattice/usability_contract.gd:122)
ERROR: Cannot get path of node as it is not in a scene tree.
   at: get_path (scene/main/node.cpp:2374)
   GDScript backtrace (most recent call first):
       [0] _collect (res://source_operators/moth_finish/binder.gd:136)
       [1] _collect (res://source_operators/moth_finish/binder.gd:180)
       [2] _collect (res://source_operators/moth_finish/binder.gd:180)
       [3] _collect (res://source_operators/moth_finish/binder.gd:180)
       [4] bind (res://source_operators/moth_finish/binder.gd:35)
       [5] apply_identity (res://source_operators/operator_visual.gd:103)
       [6] apply_actor (res://source_operators/operator_visual.gd:190)
       [7] apply_state (res://world/presentation.gd:119)
       [8] on_snapshot (res://world/session.gd:763)
       [9] on_snapshot (res://lattice/world_demo.gd:354)
       [10] deliver_snapshot (res://net/client.gd:501)
       [11] deliver_frame (res://net/client.gd:452)
       [12] decode_text (res://net/client.gd:340)
       [13] decode_text (res://lattice/transport.gd:163)
       [14] wire (res://tests/lattice/usability_contract.gd:29)
       [15] snapshot (res://tests/lattice/usability_contract.gd:35)
       [16] run (res://tests/lattice/usability_contract.gd:122)
ERROR: Cannot get path of node as it is not in a scene tree.
   at: get_path (scene/main/node.cpp:2374)
   GDScript backtrace (most recent call first):
       [0] _collect (res://source_operators/moth_finish/binder.gd:136)
       [1] _collect (res://source_operators/moth_finish/binder.gd:180)
       [2] _collect (res://source_operators/moth_finish/binder.gd:180)
       [3] _collect (res://source_operators/moth_finish/binder.gd:180)
       [4] bind (res://source_operators/moth_finish/binder.gd:35)
       [5] apply_identity (res://source_operators/operator_visual.gd:103)
       [6] apply_actor (res://source_operators/operator_visual.gd:190)
       [7] apply_state (res://world/presentation.gd:119)
       [8] on_snapshot (res://world/session.gd:763)
       [9] on_snapshot (res://lattice/world_demo.gd:354)
       [10] deliver_snapshot (res://net/client.gd:501)
       [11] deliver_frame (res://net/client.gd:452)
       [12] decode_text (res://net/client.gd:340)
       [13] decode_text (res://lattice/transport.gd:163)
       [14] wire (res://tests/lattice/usability_contract.gd:29)
       [15] snapshot (res://tests/lattice/usability_contract.gd:35)
       [16] run (res://tests/lattice/usability_contract.gd:122)
ERROR: Condition "!is_inside_tree()" is true. Returning: Transform3D()
   at: get_global_transform (scene/3d/node_3d.cpp:621)
   GDScript backtrace (most recent call first):
       [0] configure (res://source_operators/character_rig.gd:26)
       [1] apply_identity (res://source_operators/operator_visual.gd:109)
       [2] apply_actor (res://source_operators/operator_visual.gd:190)
       [3] apply_state (res://world/presentation.gd:119)
       [4] on_snapshot (res://world/session.gd:763)
       [5] on_snapshot (res://lattice/world_demo.gd:354)
       [6] deliver_snapshot (res://net/client.gd:501)
       [7] deliver_frame (res://net/client.gd:452)
       [8] decode_text (res://net/client.gd:340)
       [9] decode_text (res://lattice/transport.gd:163)
       [10] wire (res://tests/lattice/usability_contract.gd:29)
       [11] snapshot (res://tests/lattice/usability_contract.gd:35)
       [12] run (res://tests/lattice/usability_contract.gd:122)
ERROR: Condition "!is_inside_tree()" is true. Returning: Transform3D()
   at: get_global_transform (scene/3d/node_3d.cpp:621)
   GDScript backtrace (most recent call first):
       [0] configure (res://source_operators/character_rig.gd:26)
       [1] apply_identity (res://source_operators/operator_visual.gd:109)
       [2] apply_actor (res://source_operators/operator_visual.gd:190)
       [3] apply_state (res://world/presentation.gd:119)
       [4] on_snapshot (res://world/session.gd:763)
       [5] on_snapshot (res://lattice/world_demo.gd:354)
       [6] deliver_snapshot (res://net/client.gd:501)
       [7] deliver_frame (res://net/client.gd:452)
       [8] decode_text (res://net/client.gd:340)
       [9] decode_text (res://lattice/transport.gd:163)
       [10] wire (res://tests/lattice/usability_contract.gd:29)
       [11] snapshot (res://tests/lattice/usability_contract.gd:35)
       [12] run (res://tests/lattice/usability_contract.gd:122)
ERROR: Condition "!is_inside_tree()" is true. Returning: Transform3D()
   at: get_global_transform (scene/3d/node_3d.cpp:621)
   GDScript backtrace (most recent call first):
       [0] configure (res://source_operators/character_rig.gd:27)
       [1] apply_identity (res://source_operators/operator_visual.gd:109)
       [2] apply_actor (res://source_operators/operator_visual.gd:190)
       [3] apply_state (res://world/presentation.gd:119)
       [4] on_snapshot (res://world/session.gd:763)
       [5] on_snapshot (res://lattice/world_demo.gd:354)
       [6] deliver_snapshot (res://net/client.gd:501)
       [7] deliver_frame (res://net/client.gd:452)
       [8] decode_text (res://net/client.gd:340)
       [9] decode_text (res://lattice/transport.gd:163)
       [10] wire (res://tests/lattice/usability_contract.gd:29)
       [11] snapshot (res://tests/lattice/usability_contract.gd:35)
       [12] run (res://tests/lattice/usability_contract.gd:122)
ERROR: Condition "!is_inside_tree()" is true. Returning: Transform3D()
   at: get_global_transform (scene/3d/node_3d.cpp:621)
   GDScript backtrace (most recent call first):
       [0] configure (res://source_operators/character_rig.gd:27)
       [1] apply_identity (res://source_operators/operator_visual.gd:109)
       [2] apply_actor (res://source_operators/operator_visual.gd:190)
       [3] apply_state (res://world/presentation.gd:119)
       [4] on_snapshot (res://world/session.gd:763)
       [5] on_snapshot (res://lattice/world_demo.gd:354)
       [6] deliver_snapshot (res://net/client.gd:501)
       [7] deliver_frame (res://net/client.gd:452)
       [8] decode_text (res://net/client.gd:340)
       [9] decode_text (res://lattice/transport.gd:163)
       [10] wire (res://tests/lattice/usability_contract.gd:29)
       [11] snapshot (res://tests/lattice/usability_contract.gd:35)
       [12] run (res://tests/lattice/usability_contract.gd:122)
ERROR: Condition "!is_inside_tree()" is true. Returning: Transform3D()
   at: get_global_transform (scene/3d/node_3d.cpp:621)
   GDScript backtrace (most recent call first):
       [0] configure (res://source_operators/character_rig.gd:28)
       [1] apply_identity (res://source_operators/operator_visual.gd:109)
       [2] apply_actor (res://source_operators/operator_visual.gd:190)
       [3] apply_state (res://world/presentation.gd:119)
       [4] on_snapshot (res://world/session.gd:763)
       [5] on_snapshot (res://lattice/world_demo.gd:354)
       [6] deliver_snapshot (res://net/client.gd:501)
       [7] deliver_frame (res://net/client.gd:452)
       [8] decode_text (res://net/client.gd:340)
       [9] decode_text (res://lattice/transport.gd:163)
       [10] wire (res://tests/lattice/usability_contract.gd:29)
       [11] snapshot (res://tests/lattice/usability_contract.gd:35)
       [12] run (res://tests/lattice/usability_contract.gd:122)
ERROR: Condition "!is_inside_tree()" is true. Returning: Transform3D()
   at: get_global_transform (scene/3d/node_3d.cpp:621)
   GDScript backtrace (most recent call first):
       [0] configure (res://source_operators/character_rig.gd:28)
       [1] apply_identity (res://source_operators/operator_visual.gd:109)
       [2] apply_actor (res://source_operators/operator_visual.gd:190)
       [3] apply_state (res://world/presentation.gd:119)
       [4] on_snapshot (res://world/session.gd:763)
       [5] on_snapshot (res://lattice/world_demo.gd:354)
       [6] deliver_snapshot (res://net/client.gd:501)
       [7] deliver_frame (res://net/client.gd:452)
       [8] decode_text (res://net/client.gd:340)
       [9] decode_text (res://lattice/transport.gd:163)
       [10] wire (res://tests/lattice/usability_contract.gd:29)
       [11] snapshot (res://tests/lattice/usability_contract.gd:35)
       [12] run (res://tests/lattice/usability_contract.gd:122)
ERROR: Condition "!is_inside_tree()" is true. Returning: Transform3D()
   at: get_global_transform (scene/3d/node_3d.cpp:621)
   GDScript backtrace (most recent call first):
       [0] configure (res://source_operators/character_rig.gd:28)
       [1] apply_identity (res://source_operators/operator_visual.gd:109)
       [2] apply_actor (res://source_operators/operator_visual.gd:190)
       [3] apply_state (res://world/presentation.gd:119)
       [4] on_snapshot (res://world/session.gd:763)
       [5] on_snapshot (res://lattice/world_demo.gd:354)
       [6] deliver_snapshot (res://net/client.gd:501)
       [7] deliver_frame (res://net/client.gd:452)
       [8] decode_text (res://net/client.gd:340)
       [9] decode_text (res://lattice/transport.gd:163)
       [10] wire (res://tests/lattice/usability_contract.gd:29)
       [11] snapshot (res://tests/lattice/usability_contract.gd:35)
       [12] run (res://tests/lattice/usability_contract.gd:122)
ERROR: Condition "!is_inside_tree()" is true. Returning: Transform3D()
   at: get_global_transform (scene/3d/node_3d.cpp:621)
   GDScript backtrace (most recent call first):
       [0] configure (res://source_operators/character_rig.gd:28)
       [1] apply_identity (res://source_operators/operator_visual.gd:109)
       [2] apply_actor (res://source_operators/operator_visual.gd:190)
       [3] apply_state (res://world/presentation.gd:119)
       [4] on_snapshot (res://world/session.gd:763)
       [5] on_snapshot (res://lattice/world_demo.gd:354)
       [6] deliver_snapshot (res://net/client.gd:501)
       [7] deliver_frame (res://net/client.gd:452)
       [8] decode_text (res://net/client.gd:340)
       [9] decode_text (res://lattice/transport.gd:163)
       [10] wire (res://tests/lattice/usability_contract.gd:29)
       [11] snapshot (res://tests/lattice/usability_contract.gd:35)
       [12] run (res://tests/lattice/usability_contract.gd:122)
ERROR: Condition "!is_inside_tree()" is true. Returning: Transform3D()
   at: get_global_transform (scene/3d/node_3d.cpp:621)
   GDScript backtrace (most recent call first):
       [0] configure (res://source_operators/character_rig.gd:26)
       [1] apply_identity (res://source_operators/operator_visual.gd:109)
       [2] apply_actor (res://source_operators/operator_visual.gd:190)
       [3] apply_state (res://world/presentation.gd:119)
       [4] on_snapshot (res://world/session.gd:763)
       [5] on_snapshot (res://lattice/world_demo.gd:354)
       [6] deliver_snapshot (res://net/client.gd:501)
       [7] deliver_frame (res://net/client.gd:452)
       [8] decode_text (res://net/client.gd:340)
       [9] decode_text (res://lattice/transport.gd:163)
       [10] wire (res://tests/lattice/usability_contract.gd:29)
       [11] snapshot (res://tests/lattice/usability_contract.gd:35)
       [12] run (res://tests/lattice/usability_contract.gd:122)
ERROR: Condition "!is_inside_tree()" is true. Returning: Transform3D()
   at: get_global_transform (scene/3d/node_3d.cpp:621)
   GDScript backtrace (most recent call first):
       [0] configure (res://source_operators/character_rig.gd:26)
       [1] apply_identity (res://source_operators/operator_visual.gd:109)
       [2] apply_actor (res://source_operators/operator_visual.gd:190)
       [3] apply_state (res://world/presentation.gd:119)
       [4] on_snapshot (res://world/session.gd:763)
       [5] on_snapshot (res://lattice/world_demo.gd:354)
       [6] deliver_snapshot (res://net/client.gd:501)
       [7] deliver_frame (res://net/client.gd:452)
       [8] decode_text (res://net/client.gd:340)
       [9] decode_text (res://lattice/transport.gd:163)
       [10] wire (res://tests/lattice/usability_contract.gd:29)
       [11] snapshot (res://tests/lattice/usability_contract.gd:35)
       [12] run (res://tests/lattice/usability_contract.gd:122)
ERROR: Condition "!is_inside_tree()" is true. Returning: Transform3D()
   at: get_global_transform (scene/3d/node_3d.cpp:621)
   GDScript backtrace (most recent call first):
       [0] configure (res://source_operators/character_rig.gd:27)
       [1] apply_identity (res://source_operators/operator_visual.gd:109)
       [2] apply_actor (res://source_operators/operator_visual.gd:190)
       [3] apply_state (res://world/presentation.gd:119)
       [4] on_snapshot (res://world/session.gd:763)
       [5] on_snapshot (res://lattice/world_demo.gd:354)
       [6] deliver_snapshot (res://net/client.gd:501)
       [7] deliver_frame (res://net/client.gd:452)
       [8] decode_text (res://net/client.gd:340)
       [9] decode_text (res://lattice/transport.gd:163)
       [10] wire (res://tests/lattice/usability_contract.gd:29)
       [11] snapshot (res://tests/lattice/usability_contract.gd:35)
       [12] run (res://tests/lattice/usability_contract.gd:122)
ERROR: Condition "!is_inside_tree()" is true. Returning: Transform3D()
   at: get_global_transform (scene/3d/node_3d.cpp:621)
   GDScript backtrace (most recent call first):
       [0] configure (res://source_operators/character_rig.gd:27)
       [1] apply_identity (res://source_operators/operator_visual.gd:109)
       [2] apply_actor (res://source_operators/operator_visual.gd:190)
       [3] apply_state (res://world/presentation.gd:119)
       [4] on_snapshot (res://world/session.gd:763)
       [5] on_snapshot (res://lattice/world_demo.gd:354)
       [6] deliver_snapshot (res://net/client.gd:501)
       [7] deliver_frame (res://net/client.gd:452)
       [8] decode_text (res://net/client.gd:340)
       [9] decode_text (res://lattice/transport.gd:163)
       [10] wire (res://tests/lattice/usability_contract.gd:29)
       [11] snapshot (res://tests/lattice/usability_contract.gd:35)
       [12] run (res://tests/lattice/usability_contract.gd:122)
ERROR: Condition "!is_inside_tree()" is true. Returning: Transform3D()
   at: get_global_transform (scene/3d/node_3d.cpp:621)
   GDScript backtrace (most recent call first):
       [0] configure (res://source_operators/character_rig.gd:28)
       [1] apply_identity (res://source_operators/operator_visual.gd:109)
       [2] apply_actor (res://source_operators/operator_visual.gd:190)
       [3] apply_state (res://world/presentation.gd:119)
       [4] on_snapshot (res://world/session.gd:763)
       [5] on_snapshot (res://lattice/world_demo.gd:354)
       [6] deliver_snapshot (res://net/client.gd:501)
       [7] deliver_frame (res://net/client.gd:452)
       [8] decode_text (res://net/client.gd:340)
       [9] decode_text (res://lattice/transport.gd:163)
       [10] wire (res://tests/lattice/usability_contract.gd:29)
       [11] snapshot (res://tests/lattice/usability_contract.gd:35)
       [12] run (res://tests/lattice/usability_contract.gd:122)
ERROR: Condition "!is_inside_tree()" is true. Returning: Transform3D()
   at: get_global_transform (scene/3d/node_3d.cpp:621)
   GDScript backtrace (most recent call first):
       [0] configure (res://source_operators/character_rig.gd:28)
       [1] apply_identity (res://source_operators/operator_visual.gd:109)
       [2] apply_actor (res://source_operators/operator_visual.gd:190)
       [3] apply_state (res://world/presentation.gd:119)
       [4] on_snapshot (res://world/session.gd:763)
       [5] on_snapshot (res://lattice/world_demo.gd:354)
       [6] deliver_snapshot (res://net/client.gd:501)
       [7] deliver_frame (res://net/client.gd:452)
       [8] decode_text (res://net/client.gd:340)
       [9] decode_text (res://lattice/transport.gd:163)
       [10] wire (res://tests/lattice/usability_contract.gd:29)
       [11] snapshot (res://tests/lattice/usability_contract.gd:35)
       [12] run (res://tests/lattice/usability_contract.gd:122)
ERROR: Condition "!is_inside_tree()" is true. Returning: Transform3D()
   at: get_global_transform (scene/3d/node_3d.cpp:621)
   GDScript backtrace (most recent call first):
       [0] configure (res://source_operators/character_rig.gd:28)
       [1] apply_identity (res://source_operators/operator_visual.gd:109)
       [2] apply_actor (res://source_operators/operator_visual.gd:190)
       [3] apply_state (res://world/presentation.gd:119)
       [4] on_snapshot (res://world/session.gd:763)
       [5] on_snapshot (res://lattice/world_demo.gd:354)
       [6] deliver_snapshot (res://net/client.gd:501)
       [7] deliver_frame (res://net/client.gd:452)
       [8] decode_text (res://net/client.gd:340)
       [9] decode_text (res://lattice/transport.gd:163)
       [10] wire (res://tests/lattice/usability_contract.gd:29)
       [11] snapshot (res://tests/lattice/usability_contract.gd:35)
       [12] run (res://tests/lattice/usability_contract.gd:122)
ERROR: Condition "!is_inside_tree()" is true. Returning: Transform3D()
   at: get_global_transform (scene/3d/node_3d.cpp:621)
   GDScript backtrace (most recent call first):
       [0] configure (res://source_operators/character_rig.gd:28)
       [1] apply_identity (res://source_operators/operator_visual.gd:109)
       [2] apply_actor (res://source_operators/operator_visual.gd:190)
       [3] apply_state (res://world/presentation.gd:119)
       [4] on_snapshot (res://world/session.gd:763)
       [5] on_snapshot (res://lattice/world_demo.gd:354)
       [6] deliver_snapshot (res://net/client.gd:501)
       [7] deliver_frame (res://net/client.gd:452)
       [8] decode_text (res://net/client.gd:340)
       [9] decode_text (res://lattice/transport.gd:163)
       [10] wire (res://tests/lattice/usability_contract.gd:29)
       [11] snapshot (res://tests/lattice/usability_contract.gd:35)
       [12] run (res://tests/lattice/usability_contract.gd:122)
USABILITY_CHECK revoked recipient cannot retain goal true
ERROR: Cannot get path of node as it is not in a scene tree.
   at: get_path (scene/main/node.cpp:2374)
   GDScript backtrace (most recent call first):
       [0] _collect (res://source_operators/moth_finish/binder.gd:145)
       [1] _collect (res://source_operators/moth_finish/binder.gd:180)
       [2] _collect (res://source_operators/moth_finish/binder.gd:180)
       [3] _collect (res://source_operators/moth_finish/binder.gd:180)
       [4] _collect (res://source_operators/moth_finish/binder.gd:180)
       [5] _collect (res://source_operators/moth_finish/binder.gd:180)
       [6] _collect (res://source_operators/moth_finish/binder.gd:180)
       [7] _collect (res://source_operators/moth_finish/binder.gd:180)
       [8] bind (res://source_operators/moth_finish/binder.gd:35)
       [9] apply_identity (res://source_operators/operator_visual.gd:103)
       [10] apply_actor (res://source_operators/operator_visual.gd:190)
       [11] apply_state (res://world/presentation.gd:119)
       [12] on_results (res://lattice/world_demo.gd:371)
       [13] deliver_frame (res://net/client.gd:442)
       [14] decode_text (res://net/client.gd:340)
       [15] decode_text (res://lattice/transport.gd:163)
       [16] wire (res://tests/lattice/usability_contract.gd:29)
       [17] run (res://tests/lattice/usability_contract.gd:127)
ERROR: Cannot get path of node as it is not in a scene tree.
   at: get_path (scene/main/node.cpp:2374)
   GDScript backtrace (most recent call first):
       [0] _collect (res://source_operators/moth_finish/binder.gd:145)
       [1] _collect (res://source_operators/moth_finish/binder.gd:180)
       [2] _collect (res://source_operators/moth_finish/binder.gd:180)
       [3] _collect (res://source_operators/moth_finish/binder.gd:180)
       [4] _collect (res://source_operators/moth_finish/binder.gd:180)
       [5] _collect (res://source_operators/moth_finish/binder.gd:180)
       [6] _collect (res://source_operators/moth_finish/binder.gd:180)
       [7] _collect (res://source_operators/moth_finish/binder.gd:180)
       [8] bind (res://source_operators/moth_finish/binder.gd:35)
       [9] apply_identity (res://source_operators/operator_visual.gd:103)
       [10] apply_actor (res://source_operators/operator_visual.gd:190)
       [11] apply_state (res://world/presentation.gd:119)
       [12] on_results (res://lattice/world_demo.gd:371)
       [13] deliver_frame (res://net/client.gd:442)
       [14] decode_text (res://net/client.gd:340)
       [15] decode_text (res://lattice/transport.gd:163)
       [16] wire (res://tests/lattice/usability_contract.gd:29)
       [17] run (res://tests/lattice/usability_contract.gd:127)
ERROR: Cannot get path of node as it is not in a scene tree.
   at: get_path (scene/main/node.cpp:2374)
   GDScript backtrace (most recent call first):
       [0] _collect (res://source_operators/moth_finish/binder.gd:145)
       [1] _collect (res://source_operators/moth_finish/binder.gd:180)
       [2] _collect (res://source_operators/moth_finish/binder.gd:180)
       [3] _collect (res://source_operators/moth_finish/binder.gd:180)
       [4] _collect (res://source_operators/moth_finish/binder.gd:180)
       [5] _collect (res://source_operators/moth_finish/binder.gd:180)
       [6] _collect (res://source_operators/moth_finish/binder.gd:180)
       [7] _collect (res://source_operators/moth_finish/binder.gd:180)
       [8] bind (res://source_operators/moth_finish/binder.gd:35)
       [9] apply_identity (res://source_operators/operator_visual.gd:103)
       [10] apply_actor (res://source_operators/operator_visual.gd:190)
       [11] apply_state (res://world/presentation.gd:119)
       [12] on_results (res://lattice/world_demo.gd:371)
       [13] deliver_frame (res://net/client.gd:442)
       [14] decode_text (res://net/client.gd:340)
       [15] decode_text (res://lattice/transport.gd:163)
       [16] wire (res://tests/lattice/usability_contract.gd:29)
       [17] run (res://tests/lattice/usability_contract.gd:127)
ERROR: Cannot get path of node as it is not in a scene tree.
   at: get_path (scene/main/node.cpp:2374)
   GDScript backtrace (most recent call first):
       [0] _collect (res://source_operators/moth_finish/binder.gd:145)
       [1] _collect (res://source_operators/moth_finish/binder.gd:180)
       [2] _collect (res://source_operators/moth_finish/binder.gd:180)
       [3] _collect (res://source_operators/moth_finish/binder.gd:180)
       [4] _collect (res://source_operators/moth_finish/binder.gd:180)
       [5] _collect (res://source_operators/moth_finish/binder.gd:180)
       [6] _collect (res://source_operators/moth_finish/binder.gd:180)
       [7] _collect (res://source_operators/moth_finish/binder.gd:180)
       [8] bind (res://source_operators/moth_finish/binder.gd:35)
       [9] apply_identity (res://source_operators/operator_visual.gd:103)
       [10] apply_actor (res://source_operators/operator_visual.gd:190)
       [11] apply_state (res://world/presentation.gd:119)
       [12] on_results (res://lattice/world_demo.gd:371)
       [13] deliver_frame (res://net/client.gd:442)
       [14] decode_text (res://net/client.gd:340)
       [15] decode_text (res://lattice/transport.gd:163)
       [16] wire (res://tests/lattice/usability_contract.gd:29)
       [17] run (res://tests/lattice/usability_contract.gd:127)
ERROR: Cannot get path of node as it is not in a scene tree.
   at: get_path (scene/main/node.cpp:2374)
   GDScript backtrace (most recent call first):
       [0] _collect (res://source_operators/moth_finish/binder.gd:145)
       [1] _collect (res://source_operators/moth_finish/binder.gd:180)
       [2] _collect (res://source_operators/moth_finish/binder.gd:180)
       [3] _collect (res://source_operators/moth_finish/binder.gd:180)
       [4] _collect (res://source_operators/moth_finish/binder.gd:180)
       [5] _collect (res://source_operators/moth_finish/binder.gd:180)
       [6] _collect (res://source_operators/moth_finish/binder.gd:180)
       [7] _collect (res://source_operators/moth_finish/binder.gd:180)
       [8] bind (res://source_operators/moth_finish/binder.gd:35)
       [9] apply_identity (res://source_operators/operator_visual.gd:103)
       [10] apply_actor (res://source_operators/operator_visual.gd:190)
       [11] apply_state (res://world/presentation.gd:119)
       [12] on_results (res://lattice/world_demo.gd:371)
       [13] deliver_frame (res://net/client.gd:442)
       [14] decode_text (res://net/client.gd:340)
       [15] decode_text (res://lattice/transport.gd:163)
       [16] wire (res://tests/lattice/usability_contract.gd:29)
       [17] run (res://tests/lattice/usability_contract.gd:127)
ERROR: Cannot get path of node as it is not in a scene tree.
   at: get_path (scene/main/node.cpp:2374)
   GDScript backtrace (most recent call first):
       [0] _collect (res://source_operators/moth_finish/binder.gd:145)
       [1] _collect (res://source_operators/moth_finish/binder.gd:180)
       [2] _collect (res://source_operators/moth_finish/binder.gd:180)
       [3] _collect (res://source_operators/moth_finish/binder.gd:180)
       [4] _collect (res://source_operators/moth_finish/binder.gd:180)
       [5] _collect (res://source_operators/moth_finish/binder.gd:180)
       [6] _collect (res://source_operators/moth_finish/binder.gd:180)
       [7] _collect (res://source_operators/moth_finish/binder.gd:180)
       [8] bind (res://source_operators/moth_finish/binder.gd:35)
       [9] apply_identity (res://source_operators/operator_visual.gd:103)
       [10] apply_actor (res://source_operators/operator_visual.gd:190)
       [11] apply_state (res://world/presentation.gd:119)
       [12] on_results (res://lattice/world_demo.gd:371)
       [13] deliver_frame (res://net/client.gd:442)
       [14] decode_text (res://net/client.gd:340)
       [15] decode_text (res://lattice/transport.gd:163)
       [16] wire (res://tests/lattice/usability_contract.gd:29)
       [17] run (res://tests/lattice/usability_contract.gd:127)
ERROR: Cannot get path of node as it is not in a scene tree.
   at: get_path (scene/main/node.cpp:2374)
   GDScript backtrace (most recent call first):
       [0] _collect (res://source_operators/moth_finish/binder.gd:145)
       [1] _collect (res://source_operators/moth_finish/binder.gd:180)
       [2] _collect (res://source_operators/moth_finish/binder.gd:180)
       [3] _collect (res://source_operators/moth_finish/binder.gd:180)
       [4] _collect (res://source_operators/moth_finish/binder.gd:180)
       [5] _collect (res://source_operators/moth_finish/binder.gd:180)
       [6] _collect (res://source_operators/moth_finish/binder.gd:180)
       [7] _collect (res://source_operators/moth_finish/binder.gd:180)
       [8] bind (res://source_operators/moth_finish/binder.gd:35)
       [9] apply_identity (res://source_operators/operator_visual.gd:103)
       [10] apply_actor (res://source_operators/operator_visual.gd:190)
       [11] apply_state (res://world/presentation.gd:119)
       [12] on_results (res://lattice/world_demo.gd:371)
       [13] deliver_frame (res://net/client.gd:442)
       [14] decode_text (res://net/client.gd:340)
       [15] decode_text (res://lattice/transport.gd:163)
       [16] wire (res://tests/lattice/usability_contract.gd:29)
       [17] run (res://tests/lattice/usability_contract.gd:127)
ERROR: Cannot get path of node as it is not in a scene tree.
   at: get_path (scene/main/node.cpp:2374)
   GDScript backtrace (most recent call first):
       [0] _collect (res://source_operators/moth_finish/binder.gd:145)
       [1] _collect (res://source_operators/moth_finish/binder.gd:180)
       [2] _collect (res://source_operators/moth_finish/binder.gd:180)
       [3] _collect (res://source_operators/moth_finish/binder.gd:180)
       [4] _collect (res://source_operators/moth_finish/binder.gd:180)
       [5] _collect (res://source_operators/moth_finish/binder.gd:180)
       [6] _collect (res://source_operators/moth_finish/binder.gd:180)
       [7] _collect (res://source_operators/moth_finish/binder.gd:180)
       [8] bind (res://source_operators/moth_finish/binder.gd:35)
       [9] apply_identity (res://source_operators/operator_visual.gd:103)
       [10] apply_actor (res://source_operators/operator_visual.gd:190)
       [11] apply_state (res://world/presentation.gd:119)
       [12] on_results (res://lattice/world_demo.gd:371)
       [13] deliver_frame (res://net/client.gd:442)
       [14] decode_text (res://net/client.gd:340)
       [15] decode_text (res://lattice/transport.gd:163)
       [16] wire (res://tests/lattice/usability_contract.gd:29)
       [17] run (res://tests/lattice/usability_contract.gd:127)
ERROR: Cannot get path of node as it is not in a scene tree.
   at: get_path (scene/main/node.cpp:2374)
   GDScript backtrace (most recent call first):
       [0] _collect (res://source_operators/moth_finish/binder.gd:145)
       [1] _collect (res://source_operators/moth_finish/binder.gd:180)
       [2] _collect (res://source_operators/moth_finish/binder.gd:180)
       [3] _collect (res://source_operators/moth_finish/binder.gd:180)
       [4] _collect (res://source_operators/moth_finish/binder.gd:180)
       [5] _collect (res://source_operators/moth_finish/binder.gd:180)
       [6] _collect (res://source_operators/moth_finish/binder.gd:180)
       [7] _collect (res://source_operators/moth_finish/binder.gd:180)
       [8] bind (res://source_operators/moth_finish/binder.gd:35)
       [9] apply_identity (res://source_operators/operator_visual.gd:103)
       [10] apply_actor (res://source_operators/operator_visual.gd:190)
       [11] apply_state (res://world/presentation.gd:119)
       [12] on_results (res://lattice/world_demo.gd:371)
       [13] deliver_frame (res://net/client.gd:442)
       [14] decode_text (res://net/client.gd:340)
       [15] decode_text (res://lattice/transport.gd:163)
       [16] wire (res://tests/lattice/usability_contract.gd:29)
       [17] run (res://tests/lattice/usability_contract.gd:127)
ERROR: Cannot get path of node as it is not in a scene tree.
   at: get_path (scene/main/node.cpp:2374)
   GDScript backtrace (most recent call first):
       [0] _collect (res://source_operators/moth_finish/binder.gd:145)
       [1] _collect (res://source_operators/moth_finish/binder.gd:180)
       [2] _collect (res://source_operators/moth_finish/binder.gd:180)
       [3] _collect (res://source_operators/moth_finish/binder.gd:180)
       [4] _collect (res://source_operators/moth_finish/binder.gd:180)
       [5] _collect (res://source_operators/moth_finish/binder.gd:180)
       [6] _collect (res://source_operators/moth_finish/binder.gd:180)
       [7] _collect (res://source_operators/moth_finish/binder.gd:180)
       [8] bind (res://source_operators/moth_finish/binder.gd:35)
       [9] apply_identity (res://source_operators/operator_visual.gd:103)
       [10] apply_actor (res://source_operators/operator_visual.gd:190)
       [11] apply_state (res://world/presentation.gd:119)
       [12] on_results (res://lattice/world_demo.gd:371)
       [13] deliver_frame (res://net/client.gd:442)
       [14] decode_text (res://net/client.gd:340)
       [15] decode_text (res://lattice/transport.gd:163)
       [16] wire (res://tests/lattice/usability_contract.gd:29)
       [17] run (res://tests/lattice/usability_contract.gd:127)
ERROR: Cannot get path of node as it is not in a scene tree.
   at: get_path (scene/main/node.cpp:2374)
   GDScript backtrace (most recent call first):
       [0] _collect (res://source_operators/moth_finish/binder.gd:145)
       [1] _collect (res://source_operators/moth_finish/binder.gd:180)
       [2] _collect (res://source_operators/moth_finish/binder.gd:180)
       [3] _collect (res://source_operators/moth_finish/binder.gd:180)
       [4] _collect (res://source_operators/moth_finish/binder.gd:180)
       [5] _collect (res://source_operators/moth_finish/binder.gd:180)
       [6] _collect (res://source_operators/moth_finish/binder.gd:180)
       [7] _collect (res://source_operators/moth_finish/binder.gd:180)
       [8] bind (res://source_operators/moth_finish/binder.gd:35)
       [9] apply_identity (res://source_operators/operator_visual.gd:103)
       [10] apply_actor (res://source_operators/operator_visual.gd:190)
       [11] apply_state (res://world/presentation.gd:119)
       [12] on_results (res://lattice/world_demo.gd:371)
       [13] deliver_frame (res://net/client.gd:442)
       [14] decode_text (res://net/client.gd:340)
       [15] decode_text (res://lattice/transport.gd:163)
       [16] wire (res://tests/lattice/usability_contract.gd:29)
       [17] run (res://tests/lattice/usability_contract.gd:127)
ERROR: Cannot get path of node as it is not in a scene tree.
   at: get_path (scene/main/node.cpp:2374)
   GDScript backtrace (most recent call first):
       [0] _collect (res://source_operators/moth_finish/binder.gd:145)
       [1] _collect (res://source_operators/moth_finish/binder.gd:180)
       [2] _collect (res://source_operators/moth_finish/binder.gd:180)
       [3] _collect (res://source_operators/moth_finish/binder.gd:180)
       [4] _collect (res://source_operators/moth_finish/binder.gd:180)
       [5] _collect (res://source_operators/moth_finish/binder.gd:180)
       [6] _collect (res://source_operators/moth_finish/binder.gd:180)
       [7] _collect (res://source_operators/moth_finish/binder.gd:180)
       [8] bind (res://source_operators/moth_finish/binder.gd:35)
       [9] apply_identity (res://source_operators/operator_visual.gd:103)
       [10] apply_actor (res://source_operators/operator_visual.gd:190)
       [11] apply_state (res://world/presentation.gd:119)
       [12] on_results (res://lattice/world_demo.gd:371)
       [13] deliver_frame (res://net/client.gd:442)
       [14] decode_text (res://net/client.gd:340)
       [15] decode_text (res://lattice/transport.gd:163)
       [16] wire (res://tests/lattice/usability_contract.gd:29)
       [17] run (res://tests/lattice/usability_contract.gd:127)
ERROR: Cannot get path of node as it is not in a scene tree.
   at: get_path (scene/main/node.cpp:2374)
   GDScript backtrace (most recent call first):
       [0] _collect (res://source_operators/moth_finish/binder.gd:145)
       [1] _collect (res://source_operators/moth_finish/binder.gd:180)
       [2] _collect (res://source_operators/moth_finish/binder.gd:180)
       [3] _collect (res://source_operators/moth_finish/binder.gd:180)
       [4] _collect (res://source_operators/moth_finish/binder.gd:180)
       [5] _collect (res://source_operators/moth_finish/binder.gd:180)
       [6] _collect (res://source_operators/moth_finish/binder.gd:180)
       [7] _collect (res://source_operators/moth_finish/binder.gd:180)
       [8] bind (res://source_operators/moth_finish/binder.gd:35)
       [9] apply_identity (res://source_operators/operator_visual.gd:103)
       [10] apply_actor (res://source_operators/operator_visual.gd:190)
       [11] apply_state (res://world/presentation.gd:119)
       [12] on_results (res://lattice/world_demo.gd:371)
       [13] deliver_frame (res://net/client.gd:442)
       [14] decode_text (res://net/client.gd:340)
       [15] decode_text (res://lattice/transport.gd:163)
       [16] wire (res://tests/lattice/usability_contract.gd:29)
       [17] run (res://tests/lattice/usability_contract.gd:127)
ERROR: Cannot get path of node as it is not in a scene tree.
   at: get_path (scene/main/node.cpp:2374)
   GDScript backtrace (most recent call first):
       [0] _collect (res://source_operators/moth_finish/binder.gd:145)
       [1] _collect (res://source_operators/moth_finish/binder.gd:180)
       [2] _collect (res://source_operators/moth_finish/binder.gd:180)
       [3] _collect (res://source_operators/moth_finish/binder.gd:180)
       [4] _collect (res://source_operators/moth_finish/binder.gd:180)
       [5] _collect (res://source_operators/moth_finish/binder.gd:180)
       [6] _collect (res://source_operators/moth_finish/binder.gd:180)
       [7] _collect (res://source_operators/moth_finish/binder.gd:180)
       [8] bind (res://source_operators/moth_finish/binder.gd:35)
       [9] apply_identity (res://source_operators/operator_visual.gd:103)
       [10] apply_actor (res://source_operators/operator_visual.gd:190)
       [11] apply_state (res://world/presentation.gd:119)
       [12] on_results (res://lattice/world_demo.gd:371)
       [13] deliver_frame (res://net/client.gd:442)
       [14] decode_text (res://net/client.gd:340)
       [15] decode_text (res://lattice/transport.gd:163)
       [16] wire (res://tests/lattice/usability_contract.gd:29)
       [17] run (res://tests/lattice/usability_contract.gd:127)
ERROR: Cannot get path of node as it is not in a scene tree.
   at: get_path (scene/main/node.cpp:2374)
   GDScript backtrace (most recent call first):
       [0] _collect (res://source_operators/moth_finish/binder.gd:145)
       [1] _collect (res://source_operators/moth_finish/binder.gd:180)
       [2] _collect (res://source_operators/moth_finish/binder.gd:180)
       [3] _collect (res://source_operators/moth_finish/binder.gd:180)
       [4] _collect (res://source_operators/moth_finish/binder.gd:180)
       [5] _collect (res://source_operators/moth_finish/binder.gd:180)
       [6] _collect (res://source_operators/moth_finish/binder.gd:180)
       [7] _collect (res://source_operators/moth_finish/binder.gd:180)
       [8] bind (res://source_operators/moth_finish/binder.gd:35)
       [9] apply_identity (res://source_operators/operator_visual.gd:103)
       [10] apply_actor (res://source_operators/operator_visual.gd:190)
       [11] apply_state (res://world/presentation.gd:119)
       [12] on_results (res://lattice/world_demo.gd:371)
       [13] deliver_frame (res://net/client.gd:442)
       [14] decode_text (res://net/client.gd:340)
       [15] decode_text (res://lattice/transport.gd:163)
       [16] wire (res://tests/lattice/usability_contract.gd:29)
       [17] run (res://tests/lattice/usability_contract.gd:127)
ERROR: Cannot get path of node as it is not in a scene tree.
   at: get_path (scene/main/node.cpp:2374)
   GDScript backtrace (most recent call first):
       [0] _collect (res://source_operators/moth_finish/binder.gd:145)
       [1] _collect (res://source_operators/moth_finish/binder.gd:180)
       [2] _collect (res://source_operators/moth_finish/binder.gd:180)
       [3] _collect (res://source_operators/moth_finish/binder.gd:180)
       [4] _collect (res://source_operators/moth_finish/binder.gd:180)
       [5] _collect (res://source_operators/moth_finish/binder.gd:180)
       [6] _collect (res://source_operators/moth_finish/binder.gd:180)
       [7] _collect (res://source_operators/moth_finish/binder.gd:180)
       [8] bind (res://source_operators/moth_finish/binder.gd:35)
       [9] apply_identity (res://source_operators/operator_visual.gd:103)
       [10] apply_actor (res://source_operators/operator_visual.gd:190)
       [11] apply_state (res://world/presentation.gd:119)
       [12] on_results (res://lattice/world_demo.gd:371)
       [13] deliver_frame (res://net/client.gd:442)
       [14] decode_text (res://net/client.gd:340)
       [15] decode_text (res://lattice/transport.gd:163)
       [16] wire (res://tests/lattice/usability_contract.gd:29)
       [17] run (res://tests/lattice/usability_contract.gd:127)
ERROR: Cannot get path of node as it is not in a scene tree.
   at: get_path (scene/main/node.cpp:2374)
   GDScript backtrace (most recent call first):
       [0] _collect (res://source_operators/moth_finish/binder.gd:145)
       [1] _collect (res://source_operators/moth_finish/binder.gd:180)
       [2] _collect (res://source_operators/moth_finish/binder.gd:180)
       [3] _collect (res://source_operators/moth_finish/binder.gd:180)
       [4] _collect (res://source_operators/moth_finish/binder.gd:180)
       [5] _collect (res://source_operators/moth_finish/binder.gd:180)
       [6] _collect (res://source_operators/moth_finish/binder.gd:180)
       [7] _collect (res://source_operators/moth_finish/binder.gd:180)
       [8] bind (res://source_operators/moth_finish/binder.gd:35)
       [9] apply_identity (res://source_operators/operator_visual.gd:103)
       [10] apply_actor (res://source_operators/operator_visual.gd:190)
       [11] apply_state (res://world/presentation.gd:119)
       [12] on_results (res://lattice/world_demo.gd:371)
       [13] deliver_frame (res://net/client.gd:442)
       [14] decode_text (res://net/client.gd:340)
       [15] decode_text (res://lattice/transport.gd:163)
       [16] wire (res://tests/lattice/usability_contract.gd:29)
       [17] run (res://tests/lattice/usability_contract.gd:127)
ERROR: Cannot get path of node as it is not in a scene tree.
   at: get_path (scene/main/node.cpp:2374)
   GDScript backtrace (most recent call first):
       [0] _collect (res://source_operators/moth_finish/binder.gd:145)
       [1] _collect (res://source_operators/moth_finish/binder.gd:180)
       [2] _collect (res://source_operators/moth_finish/binder.gd:180)
       [3] _collect (res://source_operators/moth_finish/binder.gd:180)
       [4] _collect (res://source_operators/moth_finish/binder.gd:180)
       [5] _collect (res://source_operators/moth_finish/binder.gd:180)
       [6] _collect (res://source_operators/moth_finish/binder.gd:180)
       [7] _collect (res://source_operators/moth_finish/binder.gd:180)
       [8] bind (res://source_operators/moth_finish/binder.gd:35)
       [9] apply_identity (res://source_operators/operator_visual.gd:103)
       [10] apply_actor (res://source_operators/operator_visual.gd:190)
       [11] apply_state (res://world/presentation.gd:119)
       [12] on_results (res://lattice/world_demo.gd:371)
       [13] deliver_frame (res://net/client.gd:442)
       [14] decode_text (res://net/client.gd:340)
       [15] decode_text (res://lattice/transport.gd:163)
       [16] wire (res://tests/lattice/usability_contract.gd:29)
       [17] run (res://tests/lattice/usability_contract.gd:127)
ERROR: Cannot get path of node as it is not in a scene tree.
   at: get_path (scene/main/node.cpp:2374)
   GDScript backtrace (most recent call first):
       [0] _collect (res://source_operators/moth_finish/binder.gd:145)
       [1] _collect (res://source_operators/moth_finish/binder.gd:180)
       [2] _collect (res://source_operators/moth_finish/binder.gd:180)
       [3] _collect (res://source_operators/moth_finish/binder.gd:180)
       [4] _collect (res://source_operators/moth_finish/binder.gd:180)
       [5] _collect (res://source_operators/moth_finish/binder.gd:180)
       [6] _collect (res://source_operators/moth_finish/binder.gd:180)
       [7] _collect (res://source_operators/moth_finish/binder.gd:180)
       [8] _collect (res://source_operators/moth_finish/binder.gd:180)
       [9] _collect (res://source_operators/moth_finish/binder.gd:180)
       [10] _collect (res://source_operators/moth_finish/binder.gd:180)
       [11] _collect (res://source_operators/moth_finish/binder.gd:180)
       [12] bind (res://source_operators/moth_finish/binder.gd:35)
       [13] apply_identity (res://source_operators/operator_visual.gd:103)
       [14] apply_actor (res://source_operators/operator_visual.gd:190)
       [15] apply_state (res://world/presentation.gd:119)
       [16] on_results (res://lattice/world_demo.gd:371)
       [17] deliver_frame (res://net/client.gd:442)
       [18] decode_text (res://net/client.gd:340)
       [19] decode_text (res://lattice/transport.gd:163)
       [20] wire (res://tests/lattice/usability_contract.gd:29)
       [21] run (res://tests/lattice/usability_contract.gd:127)
ERROR: Cannot get path of node as it is not in a scene tree.
   at: get_path (scene/main/node.cpp:2374)
   GDScript backtrace (most recent call first):
       [0] _collect (res://source_operators/moth_finish/binder.gd:145)
       [1] _collect (res://source_operators/moth_finish/binder.gd:180)
       [2] _collect (res://source_operators/moth_finish/binder.gd:180)
       [3] _collect (res://source_operators/moth_finish/binder.gd:180)
       [4] _collect (res://source_operators/moth_finish/binder.gd:180)
       [5] _collect (res://source_operators/moth_finish/binder.gd:180)
       [6] _collect (res://source_operators/moth_finish/binder.gd:180)
       [7] _collect (res://source_operators/moth_finish/binder.gd:180)
       [8] _collect (res://source_operators/moth_finish/binder.gd:180)
       [9] _collect (res://source_operators/moth_finish/binder.gd:180)
       [10] _collect (res://source_operators/moth_finish/binder.gd:180)
       [11] _collect (res://source_operators/moth_finish/binder.gd:180)
       [12] bind (res://source_operators/moth_finish/binder.gd:35)
       [13] apply_identity (res://source_operators/operator_visual.gd:103)
       [14] apply_actor (res://source_operators/operator_visual.gd:190)
       [15] apply_state (res://world/presentation.gd:119)
       [16] on_results (res://lattice/world_demo.gd:371)
       [17] deliver_frame (res://net/client.gd:442)
       [18] decode_text (res://net/client.gd:340)
       [19] decode_text (res://lattice/transport.gd:163)
       [20] wire (res://tests/lattice/usability_contract.gd:29)
       [21] run (res://tests/lattice/usability_contract.gd:127)
ERROR: Cannot get path of node as it is not in a scene tree.
   at: get_path (scene/main/node.cpp:2374)
   GDScript backtrace (most recent call first):
       [0] _collect (res://source_operators/moth_finish/binder.gd:145)
       [1] _collect (res://source_operators/moth_finish/binder.gd:180)
       [2] _collect (res://source_operators/moth_finish/binder.gd:180)
       [3] _collect (res://source_operators/moth_finish/binder.gd:180)
       [4] _collect (res://source_operators/moth_finish/binder.gd:180)
       [5] _collect (res://source_operators/moth_finish/binder.gd:180)
       [6] _collect (res://source_operators/moth_finish/binder.gd:180)
       [7] _collect (res://source_operators/moth_finish/binder.gd:180)
       [8] _collect (res://source_operators/moth_finish/binder.gd:180)
       [9] _collect (res://source_operators/moth_finish/binder.gd:180)
       [10] _collect (res://source_operators/moth_finish/binder.gd:180)
       [11] _collect (res://source_operators/moth_finish/binder.gd:180)
       [12] bind (res://source_operators/moth_finish/binder.gd:35)
       [13] apply_identity (res://source_operators/operator_visual.gd:103)
       [14] apply_actor (res://source_operators/operator_visual.gd:190)
       [15] apply_state (res://world/presentation.gd:119)
       [16] on_results (res://lattice/world_demo.gd:371)
       [17] deliver_frame (res://net/client.gd:442)
       [18] decode_text (res://net/client.gd:340)
       [19] decode_text (res://lattice/transport.gd:163)
       [20] wire (res://tests/lattice/usability_contract.gd:29)
       [21] run (res://tests/lattice/usability_contract.gd:127)
ERROR: Cannot get path of node as it is not in a scene tree.
   at: get_path (scene/main/node.cpp:2374)
   GDScript backtrace (most recent call first):
       [0] _collect (res://source_operators/moth_finish/binder.gd:145)
       [1] _collect (res://source_operators/moth_finish/binder.gd:180)
       [2] _collect (res://source_operators/moth_finish/binder.gd:180)
       [3] _collect (res://source_operators/moth_finish/binder.gd:180)
       [4] _collect (res://source_operators/moth_finish/binder.gd:180)
       [5] _collect (res://source_operators/moth_finish/binder.gd:180)
       [6] _collect (res://source_operators/moth_finish/binder.gd:180)
       [7] _collect (res://source_operators/moth_finish/binder.gd:180)
       [8] _collect (res://source_operators/moth_finish/binder.gd:180)
       [9] _collect (res://source_operators/moth_finish/binder.gd:180)
       [10] _collect (res://source_operators/moth_finish/binder.gd:180)
       [11] bind (res://source_operators/moth_finish/binder.gd:35)
       [12] apply_identity (res://source_operators/operator_visual.gd:103)
       [13] apply_actor (res://source_operators/operator_visual.gd:190)
       [14] apply_state (res://world/presentation.gd:119)
       [15] on_results (res://lattice/world_demo.gd:371)
       [16] deliver_frame (res://net/client.gd:442)
       [17] decode_text (res://net/client.gd:340)
       [18] decode_text (res://lattice/transport.gd:163)
       [19] wire (res://tests/lattice/usability_contract.gd:29)
       [20] run (res://tests/lattice/usability_contract.gd:127)
ERROR: Cannot get path of node as it is not in a scene tree.
   at: get_path (scene/main/node.cpp:2374)
   GDScript backtrace (most recent call first):
       [0] _collect (res://source_operators/moth_finish/binder.gd:145)
       [1] _collect (res://source_operators/moth_finish/binder.gd:180)
       [2] _collect (res://source_operators/moth_finish/binder.gd:180)
       [3] _collect (res://source_operators/moth_finish/binder.gd:180)
       [4] _collect (res://source_operators/moth_finish/binder.gd:180)
       [5] _collect (res://source_operators/moth_finish/binder.gd:180)
       [6] _collect (res://source_operators/moth_finish/binder.gd:180)
       [7] _collect (res://source_operators/moth_finish/binder.gd:180)
       [8] _collect (res://source_operators/moth_finish/binder.gd:180)
       [9] _collect (res://source_operators/moth_finish/binder.gd:180)
       [10] _collect (res://source_operators/moth_finish/binder.gd:180)
       [11] bind (res://source_operators/moth_finish/binder.gd:35)
       [12] apply_identity (res://source_operators/operator_visual.gd:103)
       [13] apply_actor (res://source_operators/operator_visual.gd:190)
       [14] apply_state (res://world/presentation.gd:119)
       [15] on_results (res://lattice/world_demo.gd:371)
       [16] deliver_frame (res://net/client.gd:442)
       [17] decode_text (res://net/client.gd:340)
       [18] decode_text (res://lattice/transport.gd:163)
       [19] wire (res://tests/lattice/usability_contract.gd:29)
       [20] run (res://tests/lattice/usability_contract.gd:127)
ERROR: Cannot get path of node as it is not in a scene tree.
   at: get_path (scene/main/node.cpp:2374)
   GDScript backtrace (most recent call first):
       [0] _collect (res://source_operators/moth_finish/binder.gd:145)
       [1] _collect (res://source_operators/moth_finish/binder.gd:180)
       [2] _collect (res://source_operators/moth_finish/binder.gd:180)
       [3] _collect (res://source_operators/moth_finish/binder.gd:180)
       [4] _collect (res://source_operators/moth_finish/binder.gd:180)
       [5] _collect (res://source_operators/moth_finish/binder.gd:180)
       [6] _collect (res://source_operators/moth_finish/binder.gd:180)
       [7] _collect (res://source_operators/moth_finish/binder.gd:180)
       [8] _collect (res://source_operators/moth_finish/binder.gd:180)
       [9] _collect (res://source_operators/moth_finish/binder.gd:180)
       [10] _collect (res://source_operators/moth_finish/binder.gd:180)
       [11] bind (res://source_operators/moth_finish/binder.gd:35)
       [12] apply_identity (res://source_operators/operator_visual.gd:103)
       [13] apply_actor (res://source_operators/operator_visual.gd:190)
       [14] apply_state (res://world/presentation.gd:119)
       [15] on_results (res://lattice/world_demo.gd:371)
       [16] deliver_frame (res://net/client.gd:442)
       [17] decode_text (res://net/client.gd:340)
       [18] decode_text (res://lattice/transport.gd:163)
       [19] wire (res://tests/lattice/usability_contract.gd:29)
       [20] run (res://tests/lattice/usability_contract.gd:127)
ERROR: Cannot get path of node as it is not in a scene tree.
   at: get_path (scene/main/node.cpp:2374)
   GDScript backtrace (most recent call first):
       [0] _collect (res://source_operators/moth_finish/binder.gd:145)
       [1] _collect (res://source_operators/moth_finish/binder.gd:180)
       [2] _collect (res://source_operators/moth_finish/binder.gd:180)
       [3] _collect (res://source_operators/moth_finish/binder.gd:180)
       [4] _collect (res://source_operators/moth_finish/binder.gd:180)
       [5] _collect (res://source_operators/moth_finish/binder.gd:180)
       [6] _collect (res://source_operators/moth_finish/binder.gd:180)
       [7] _collect (res://source_operators/moth_finish/binder.gd:180)
       [8] _collect (res://source_operators/moth_finish/binder.gd:180)
       [9] _collect (res://source_operators/moth_finish/binder.gd:180)
       [10] _collect (res://source_operators/moth_finish/binder.gd:180)
       [11] bind (res://source_operators/moth_finish/binder.gd:35)
       [12] apply_identity (res://source_operators/operator_visual.gd:103)
       [13] apply_actor (res://source_operators/operator_visual.gd:190)
       [14] apply_state (res://world/presentation.gd:119)
       [15] on_results (res://lattice/world_demo.gd:371)
       [16] deliver_frame (res://net/client.gd:442)
       [17] decode_text (res://net/client.gd:340)
       [18] decode_text (res://lattice/transport.gd:163)
       [19] wire (res://tests/lattice/usability_contract.gd:29)
       [20] run (res://tests/lattice/usability_contract.gd:127)
ERROR: Cannot get path of node as it is not in a scene tree.
   at: get_path (scene/main/node.cpp:2374)
   GDScript backtrace (most recent call first):
       [0] _collect (res://source_operators/moth_finish/binder.gd:145)
       [1] _collect (res://source_operators/moth_finish/binder.gd:180)
       [2] _collect (res://source_operators/moth_finish/binder.gd:180)
       [3] _collect (res://source_operators/moth_finish/binder.gd:180)
       [4] _collect (res://source_operators/moth_finish/binder.gd:180)
       [5] _collect (res://source_operators/moth_finish/binder.gd:180)
       [6] _collect (res://source_operators/moth_finish/binder.gd:180)
       [7] _collect (res://source_operators/moth_finish/binder.gd:180)
       [8] _collect (res://source_operators/moth_finish/binder.gd:180)
       [9] _collect (res://source_operators/moth_finish/binder.gd:180)
       [10] _collect (res://source_operators/moth_finish/binder.gd:180)
       [11] bind (res://source_operators/moth_finish/binder.gd:35)
       [12] apply_identity (res://source_operators/operator_visual.gd:103)
       [13] apply_actor (res://source_operators/operator_visual.gd:190)
       [14] apply_state (res://world/presentation.gd:119)
       [15] on_results (res://lattice/world_demo.gd:371)
       [16] deliver_frame (res://net/client.gd:442)
       [17] decode_text (res://net/client.gd:340)
       [18] decode_text (res://lattice/transport.gd:163)
       [19] wire (res://tests/lattice/usability_contract.gd:29)
       [20] run (res://tests/lattice/usability_contract.gd:127)
ERROR: Cannot get path of node as it is not in a scene tree.
   at: get_path (scene/main/node.cpp:2374)
   GDScript backtrace (most recent call first):
       [0] _collect (res://source_operators/moth_finish/binder.gd:145)
       [1] _collect (res://source_operators/moth_finish/binder.gd:180)
       [2] _collect (res://source_operators/moth_finish/binder.gd:180)
       [3] _collect (res://source_operators/moth_finish/binder.gd:180)
       [4] _collect (res://source_operators/moth_finish/binder.gd:180)
       [5] _collect (res://source_operators/moth_finish/binder.gd:180)
       [6] _collect (res://source_operators/moth_finish/binder.gd:180)
       [7] _collect (res://source_operators/moth_finish/binder.gd:180)
       [8] _collect (res://source_operators/moth_finish/binder.gd:180)
       [9] _collect (res://source_operators/moth_finish/binder.gd:180)
       [10] _collect (res://source_operators/moth_finish/binder.gd:180)
       [11] bind (res://source_operators/moth_finish/binder.gd:35)
       [12] apply_identity (res://source_operators/operator_visual.gd:103)
       [13] apply_actor (res://source_operators/operator_visual.gd:190)
       [14] apply_state (res://world/presentation.gd:119)
       [15] on_results (res://lattice/world_demo.gd:371)
       [16] deliver_frame (res://net/client.gd:442)
       [17] decode_text (res://net/client.gd:340)
       [18] decode_text (res://lattice/transport.gd:163)
       [19] wire (res://tests/lattice/usability_contract.gd:29)
       [20] run (res://tests/lattice/usability_contract.gd:127)
ERROR: Cannot get path of node as it is not in a scene tree.
   at: get_path (scene/main/node.cpp:2374)
   GDScript backtrace (most recent call first):
       [0] _collect (res://source_operators/moth_finish/binder.gd:145)
       [1] _collect (res://source_operators/moth_finish/binder.gd:180)
       [2] _collect (res://source_operators/moth_finish/binder.gd:180)
       [3] _collect (res://source_operators/moth_finish/binder.gd:180)
       [4] _collect (res://source_operators/moth_finish/binder.gd:180)
       [5] _collect (res://source_operators/moth_finish/binder.gd:180)
       [6] _collect (res://source_operators/moth_finish/binder.gd:180)
       [7] _collect (res://source_operators/moth_finish/binder.gd:180)
       [8] _collect (res://source_operators/moth_finish/binder.gd:180)
       [9] _collect (res://source_operators/moth_finish/binder.gd:180)
       [10] bind (res://source_operators/moth_finish/binder.gd:35)
       [11] apply_identity (res://source_operators/operator_visual.gd:103)
       [12] apply_actor (res://source_operators/operator_visual.gd:190)
       [13] apply_state (res://world/presentation.gd:119)
       [14] on_results (res://lattice/world_demo.gd:371)
       [15] deliver_frame (res://net/client.gd:442)
       [16] decode_text (res://net/client.gd:340)
       [17] decode_text (res://lattice/transport.gd:163)
       [18] wire (res://tests/lattice/usability_contract.gd:29)
       [19] run (res://tests/lattice/usability_contract.gd:127)
ERROR: Cannot get path of node as it is not in a scene tree.
   at: get_path (scene/main/node.cpp:2374)
   GDScript backtrace (most recent call first):
       [0] _collect (res://source_operators/moth_finish/binder.gd:145)
       [1] _collect (res://source_operators/moth_finish/binder.gd:180)
       [2] _collect (res://source_operators/moth_finish/binder.gd:180)
       [3] _collect (res://source_operators/moth_finish/binder.gd:180)
       [4] _collect (res://source_operators/moth_finish/binder.gd:180)
       [5] _collect (res://source_operators/moth_finish/binder.gd:180)
       [6] _collect (res://source_operators/moth_finish/binder.gd:180)
       [7] _collect (res://source_operators/moth_finish/binder.gd:180)
       [8] _collect (res://source_operators/moth_finish/binder.gd:180)
       [9] _collect (res://source_operators/moth_finish/binder.gd:180)
       [10] bind (res://source_operators/moth_finish/binder.gd:35)
       [11] apply_identity (res://source_operators/operator_visual.gd:103)
       [12] apply_actor (res://source_operators/operator_visual.gd:190)
       [13] apply_state (res://world/presentation.gd:119)
       [14] on_results (res://lattice/world_demo.gd:371)
       [15] deliver_frame (res://net/client.gd:442)
       [16] decode_text (res://net/client.gd:340)
       [17] decode_text (res://lattice/transport.gd:163)
       [18] wire (res://tests/lattice/usability_contract.gd:29)
       [19] run (res://tests/lattice/usability_contract.gd:127)
ERROR: Cannot get path of node as it is not in a scene tree.
   at: get_path (scene/main/node.cpp:2374)
   GDScript backtrace (most recent call first):
       [0] _collect (res://source_operators/moth_finish/binder.gd:145)
       [1] _collect (res://source_operators/moth_finish/binder.gd:180)
       [2] _collect (res://source_operators/moth_finish/binder.gd:180)
       [3] _collect (res://source_operators/moth_finish/binder.gd:180)
       [4] _collect (res://source_operators/moth_finish/binder.gd:180)
       [5] _collect (res://source_operators/moth_finish/binder.gd:180)
       [6] _collect (res://source_operators/moth_finish/binder.gd:180)
       [7] _collect (res://source_operators/moth_finish/binder.gd:180)
       [8] _collect (res://source_operators/moth_finish/binder.gd:180)
       [9] bind (res://source_operators/moth_finish/binder.gd:35)
       [10] apply_identity (res://source_operators/operator_visual.gd:103)
       [11] apply_actor (res://source_operators/operator_visual.gd:190)
       [12] apply_state (res://world/presentation.gd:119)
       [13] on_results (res://lattice/world_demo.gd:371)
       [14] deliver_frame (res://net/client.gd:442)
       [15] decode_text (res://net/client.gd:340)
       [16] decode_text (res://lattice/transport.gd:163)
       [17] wire (res://tests/lattice/usability_contract.gd:29)
       [18] run (res://tests/lattice/usability_contract.gd:127)
ERROR: Cannot get path of node as it is not in a scene tree.
   at: get_path (scene/main/node.cpp:2374)
   GDScript backtrace (most recent call first):
       [0] _collect (res://source_operators/moth_finish/binder.gd:145)
       [1] _collect (res://source_operators/moth_finish/binder.gd:180)
       [2] _collect (res://source_operators/moth_finish/binder.gd:180)
       [3] _collect (res://source_operators/moth_finish/binder.gd:180)
       [4] _collect (res://source_operators/moth_finish/binder.gd:180)
       [5] _collect (res://source_operators/moth_finish/binder.gd:180)
       [6] _collect (res://source_operators/moth_finish/binder.gd:180)
       [7] _collect (res://source_operators/moth_finish/binder.gd:180)
       [8] _collect (res://source_operators/moth_finish/binder.gd:180)
       [9] bind (res://source_operators/moth_finish/binder.gd:35)
       [10] apply_identity (res://source_operators/operator_visual.gd:103)
       [11] apply_actor (res://source_operators/operator_visual.gd:190)
       [12] apply_state (res://world/presentation.gd:119)
       [13] on_results (res://lattice/world_demo.gd:371)
       [14] deliver_frame (res://net/client.gd:442)
       [15] decode_text (res://net/client.gd:340)
       [16] decode_text (res://lattice/transport.gd:163)
       [17] wire (res://tests/lattice/usability_contract.gd:29)
       [18] run (res://tests/lattice/usability_contract.gd:127)
ERROR: Cannot get path of node as it is not in a scene tree.
   at: get_path (scene/main/node.cpp:2374)
   GDScript backtrace (most recent call first):
       [0] _collect (res://source_operators/moth_finish/binder.gd:145)
       [1] _collect (res://source_operators/moth_finish/binder.gd:180)
       [2] _collect (res://source_operators/moth_finish/binder.gd:180)
       [3] _collect (res://source_operators/moth_finish/binder.gd:180)
       [4] _collect (res://source_operators/moth_finish/binder.gd:180)
       [5] _collect (res://source_operators/moth_finish/binder.gd:180)
       [6] _collect (res://source_operators/moth_finish/binder.gd:180)
       [7] _collect (res://source_operators/moth_finish/binder.gd:180)
       [8] _collect (res://source_operators/moth_finish/binder.gd:180)
       [9] bind (res://source_operators/moth_finish/binder.gd:35)
       [10] apply_identity (res://source_operators/operator_visual.gd:103)
       [11] apply_actor (res://source_operators/operator_visual.gd:190)
       [12] apply_state (res://world/presentation.gd:119)
       [13] on_results (res://lattice/world_demo.gd:371)
       [14] deliver_frame (res://net/client.gd:442)
       [15] decode_text (res://net/client.gd:340)
       [16] decode_text (res://lattice/transport.gd:163)
       [17] wire (res://tests/lattice/usability_contract.gd:29)
       [18] run (res://tests/lattice/usability_contract.gd:127)
ERROR: Cannot get path of node as it is not in a scene tree.
   at: get_path (scene/main/node.cpp:2374)
   GDScript backtrace (most recent call first):
       [0] _collect (res://source_operators/moth_finish/binder.gd:145)
       [1] _collect (res://source_operators/moth_finish/binder.gd:180)
       [2] _collect (res://source_operators/moth_finish/binder.gd:180)
       [3] _collect (res://source_operators/moth_finish/binder.gd:180)
       [4] _collect (res://source_operators/moth_finish/binder.gd:180)
       [5] _collect (res://source_operators/moth_finish/binder.gd:180)
       [6] _collect (res://source_operators/moth_finish/binder.gd:180)
       [7] _collect (res://source_operators/moth_finish/binder.gd:180)
       [8] _collect (res://source_operators/moth_finish/binder.gd:180)
       [9] bind (res://source_operators/moth_finish/binder.gd:35)
       [10] apply_identity (res://source_operators/operator_visual.gd:103)
       [11] apply_actor (res://source_operators/operator_visual.gd:190)
       [12] apply_state (res://world/presentation.gd:119)
       [13] on_results (res://lattice/world_demo.gd:371)
       [14] deliver_frame (res://net/client.gd:442)
       [15] decode_text (res://net/client.gd:340)
       [16] decode_text (res://lattice/transport.gd:163)
       [17] wire (res://tests/lattice/usability_contract.gd:29)
       [18] run (res://tests/lattice/usability_contract.gd:127)
ERROR: Cannot get path of node as it is not in a scene tree.
   at: get_path (scene/main/node.cpp:2374)
   GDScript backtrace (most recent call first):
       [0] _collect (res://source_operators/moth_finish/binder.gd:145)
       [1] _collect (res://source_operators/moth_finish/binder.gd:180)
       [2] _collect (res://source_operators/moth_finish/binder.gd:180)
       [3] _collect (res://source_operators/moth_finish/binder.gd:180)
       [4] _collect (res://source_operators/moth_finish/binder.gd:180)
       [5] _collect (res://source_operators/moth_finish/binder.gd:180)
       [6] _collect (res://source_operators/moth_finish/binder.gd:180)
       [7] _collect (res://source_operators/moth_finish/binder.gd:180)
       [8] _collect (res://source_operators/moth_finish/binder.gd:180)
       [9] bind (res://source_operators/moth_finish/binder.gd:35)
       [10] apply_identity (res://source_operators/operator_visual.gd:103)
       [11] apply_actor (res://source_operators/operator_visual.gd:190)
       [12] apply_state (res://world/presentation.gd:119)
       [13] on_results (res://lattice/world_demo.gd:371)
       [14] deliver_frame (res://net/client.gd:442)
       [15] decode_text (res://net/client.gd:340)
       [16] decode_text (res://lattice/transport.gd:163)
       [17] wire (res://tests/lattice/usability_contract.gd:29)
       [18] run (res://tests/lattice/usability_contract.gd:127)
ERROR: Cannot get path of node as it is not in a scene tree.
   at: get_path (scene/main/node.cpp:2374)
   GDScript backtrace (most recent call first):
       [0] _collect (res://source_operators/moth_finish/binder.gd:145)
       [1] _collect (res://source_operators/moth_finish/binder.gd:180)
       [2] _collect (res://source_operators/moth_finish/binder.gd:180)
       [3] _collect (res://source_operators/moth_finish/binder.gd:180)
       [4] _collect (res://source_operators/moth_finish/binder.gd:180)
       [5] _collect (res://source_operators/moth_finish/binder.gd:180)
       [6] _collect (res://source_operators/moth_finish/binder.gd:180)
       [7] _collect (res://source_operators/moth_finish/binder.gd:180)
       [8] bind (res://source_operators/moth_finish/binder.gd:35)
       [9] apply_identity (res://source_operators/operator_visual.gd:103)
       [10] apply_actor (res://source_operators/operator_visual.gd:190)
       [11] apply_state (res://world/presentation.gd:119)
       [12] on_results (res://lattice/world_demo.gd:371)
       [13] deliver_frame (res://net/client.gd:442)
       [14] decode_text (res://net/client.gd:340)
       [15] decode_text (res://lattice/transport.gd:163)
       [16] wire (res://tests/lattice/usability_contract.gd:29)
       [17] run (res://tests/lattice/usability_contract.gd:127)
ERROR: Cannot get path of node as it is not in a scene tree.
   at: get_path (scene/main/node.cpp:2374)
   GDScript backtrace (most recent call first):
       [0] _collect (res://source_operators/moth_finish/binder.gd:145)
       [1] _collect (res://source_operators/moth_finish/binder.gd:180)
       [2] _collect (res://source_operators/moth_finish/binder.gd:180)
       [3] _collect (res://source_operators/moth_finish/binder.gd:180)
       [4] _collect (res://source_operators/moth_finish/binder.gd:180)
       [5] _collect (res://source_operators/moth_finish/binder.gd:180)
       [6] _collect (res://source_operators/moth_finish/binder.gd:180)
       [7] _collect (res://source_operators/moth_finish/binder.gd:180)
       [8] bind (res://source_operators/moth_finish/binder.gd:35)
       [9] apply_identity (res://source_operators/operator_visual.gd:103)
       [10] apply_actor (res://source_operators/operator_visual.gd:190)
       [11] apply_state (res://world/presentation.gd:119)
       [12] on_results (res://lattice/world_demo.gd:371)
       [13] deliver_frame (res://net/client.gd:442)
       [14] decode_text (res://net/client.gd:340)
       [15] decode_text (res://lattice/transport.gd:163)
       [16] wire (res://tests/lattice/usability_contract.gd:29)
       [17] run (res://tests/lattice/usability_contract.gd:127)
ERROR: Cannot get path of node as it is not in a scene tree.
   at: get_path (scene/main/node.cpp:2374)
   GDScript backtrace (most recent call first):
       [0] _collect (res://source_operators/moth_finish/binder.gd:145)
       [1] _collect (res://source_operators/moth_finish/binder.gd:180)
       [2] _collect (res://source_operators/moth_finish/binder.gd:180)
       [3] _collect (res://source_operators/moth_finish/binder.gd:180)
       [4] _collect (res://source_operators/moth_finish/binder.gd:180)
       [5] _collect (res://source_operators/moth_finish/binder.gd:180)
       [6] _collect (res://source_operators/moth_finish/binder.gd:180)
       [7] _collect (res://source_operators/moth_finish/binder.gd:180)
       [8] bind (res://source_operators/moth_finish/binder.gd:35)
       [9] apply_identity (res://source_operators/operator_visual.gd:103)
       [10] apply_actor (res://source_operators/operator_visual.gd:190)
       [11] apply_state (res://world/presentation.gd:119)
       [12] on_results (res://lattice/world_demo.gd:371)
       [13] deliver_frame (res://net/client.gd:442)
       [14] decode_text (res://net/client.gd:340)
       [15] decode_text (res://lattice/transport.gd:163)
       [16] wire (res://tests/lattice/usability_contract.gd:29)
       [17] run (res://tests/lattice/usability_contract.gd:127)
ERROR: Cannot get path of node as it is not in a scene tree.
   at: get_path (scene/main/node.cpp:2374)
   GDScript backtrace (most recent call first):
       [0] _collect (res://source_operators/moth_finish/binder.gd:145)
       [1] _collect (res://source_operators/moth_finish/binder.gd:180)
       [2] _collect (res://source_operators/moth_finish/binder.gd:180)
       [3] _collect (res://source_operators/moth_finish/binder.gd:180)
       [4] _collect (res://source_operators/moth_finish/binder.gd:180)
       [5] _collect (res://source_operators/moth_finish/binder.gd:180)
       [6] _collect (res://source_operators/moth_finish/binder.gd:180)
       [7] _collect (res://source_operators/moth_finish/binder.gd:180)
       [8] bind (res://source_operators/moth_finish/binder.gd:35)
       [9] apply_identity (res://source_operators/operator_visual.gd:103)
       [10] apply_actor (res://source_operators/operator_visual.gd:190)
       [11] apply_state (res://world/presentation.gd:119)
       [12] on_results (res://lattice/world_demo.gd:371)
       [13] deliver_frame (res://net/client.gd:442)
       [14] decode_text (res://net/client.gd:340)
       [15] decode_text (res://lattice/transport.gd:163)
       [16] wire (res://tests/lattice/usability_contract.gd:29)
       [17] run (res://tests/lattice/usability_contract.gd:127)
ERROR: Cannot get path of node as it is not in a scene tree.
   at: get_path (scene/main/node.cpp:2374)
   GDScript backtrace (most recent call first):
       [0] _collect (res://source_operators/moth_finish/binder.gd:145)
       [1] _collect (res://source_operators/moth_finish/binder.gd:180)
       [2] _collect (res://source_operators/moth_finish/binder.gd:180)
       [3] _collect (res://source_operators/moth_finish/binder.gd:180)
       [4] _collect (res://source_operators/moth_finish/binder.gd:180)
       [5] _collect (res://source_operators/moth_finish/binder.gd:180)
       [6] _collect (res://source_operators/moth_finish/binder.gd:180)
       [7] _collect (res://source_operators/moth_finish/binder.gd:180)
       [8] bind (res://source_operators/moth_finish/binder.gd:35)
       [9] apply_identity (res://source_operators/operator_visual.gd:103)
       [10] apply_actor (res://source_operators/operator_visual.gd:190)
       [11] apply_state (res://world/presentation.gd:119)
       [12] on_results (res://lattice/world_demo.gd:371)
       [13] deliver_frame (res://net/client.gd:442)
       [14] decode_text (res://net/client.gd:340)
       [15] decode_text (res://lattice/transport.gd:163)
       [16] wire (res://tests/lattice/usability_contract.gd:29)
       [17] run (res://tests/lattice/usability_contract.gd:127)
ERROR: Cannot get path of node as it is not in a scene tree.
   at: get_path (scene/main/node.cpp:2374)
   GDScript backtrace (most recent call first):
       [0] _collect (res://source_operators/moth_finish/binder.gd:145)
       [1] _collect (res://source_operators/moth_finish/binder.gd:180)
       [2] _collect (res://source_operators/moth_finish/binder.gd:180)
       [3] _collect (res://source_operators/moth_finish/binder.gd:180)
       [4] _collect (res://source_operators/moth_finish/binder.gd:180)
       [5] _collect (res://source_operators/moth_finish/binder.gd:180)
       [6] _collect (res://source_operators/moth_finish/binder.gd:180)
       [7] _collect (res://source_operators/moth_finish/binder.gd:180)
       [8] bind (res://source_operators/moth_finish/binder.gd:35)
       [9] apply_identity (res://source_operators/operator_visual.gd:103)
       [10] apply_actor (res://source_operators/operator_visual.gd:190)
       [11] apply_state (res://world/presentation.gd:119)
       [12] on_results (res://lattice/world_demo.gd:371)
       [13] deliver_frame (res://net/client.gd:442)
       [14] decode_text (res://net/client.gd:340)
       [15] decode_text (res://lattice/transport.gd:163)
       [16] wire (res://tests/lattice/usability_contract.gd:29)
       [17] run (res://tests/lattice/usability_contract.gd:127)
ERROR: Cannot get path of node as it is not in a scene tree.
   at: get_path (scene/main/node.cpp:2374)
   GDScript backtrace (most recent call first):
       [0] _collect (res://source_operators/moth_finish/binder.gd:145)
       [1] _collect (res://source_operators/moth_finish/binder.gd:180)
       [2] _collect (res://source_operators/moth_finish/binder.gd:180)
       [3] _collect (res://source_operators/moth_finish/binder.gd:180)
       [4] _collect (res://source_operators/moth_finish/binder.gd:180)
       [5] _collect (res://source_operators/moth_finish/binder.gd:180)
       [6] _collect (res://source_operators/moth_finish/binder.gd:180)
       [7] _collect (res://source_operators/moth_finish/binder.gd:180)
       [8] bind (res://source_operators/moth_finish/binder.gd:35)
       [9] apply_identity (res://source_operators/operator_visual.gd:103)
       [10] apply_actor (res://source_operators/operator_visual.gd:190)
       [11] apply_state (res://world/presentation.gd:119)
       [12] on_results (res://lattice/world_demo.gd:371)
       [13] deliver_frame (res://net/client.gd:442)
       [14] decode_text (res://net/client.gd:340)
       [15] decode_text (res://lattice/transport.gd:163)
       [16] wire (res://tests/lattice/usability_contract.gd:29)
       [17] run (res://tests/lattice/usability_contract.gd:127)
ERROR: Cannot get path of node as it is not in a scene tree.
   at: get_path (scene/main/node.cpp:2374)
   GDScript backtrace (most recent call first):
       [0] _collect (res://source_operators/moth_finish/binder.gd:145)
       [1] _collect (res://source_operators/moth_finish/binder.gd:180)
       [2] _collect (res://source_operators/moth_finish/binder.gd:180)
       [3] _collect (res://source_operators/moth_finish/binder.gd:180)
       [4] _collect (res://source_operators/moth_finish/binder.gd:180)
       [5] _collect (res://source_operators/moth_finish/binder.gd:180)
       [6] _collect (res://source_operators/moth_finish/binder.gd:180)
       [7] _collect (res://source_operators/moth_finish/binder.gd:180)
       [8] bind (res://source_operators/moth_finish/binder.gd:35)
       [9] apply_identity (res://source_operators/operator_visual.gd:103)
       [10] apply_actor (res://source_operators/operator_visual.gd:190)
       [11] apply_state (res://world/presentation.gd:119)
       [12] on_results (res://lattice/world_demo.gd:371)
       [13] deliver_frame (res://net/client.gd:442)
       [14] decode_text (res://net/client.gd:340)
       [15] decode_text (res://lattice/transport.gd:163)
       [16] wire (res://tests/lattice/usability_contract.gd:29)
       [17] run (res://tests/lattice/usability_contract.gd:127)
ERROR: Cannot get path of node as it is not in a scene tree.
   at: get_path (scene/main/node.cpp:2374)
   GDScript backtrace (most recent call first):
       [0] _collect (res://source_operators/moth_finish/binder.gd:145)
       [1] _collect (res://source_operators/moth_finish/binder.gd:180)
       [2] _collect (res://source_operators/moth_finish/binder.gd:180)
       [3] _collect (res://source_operators/moth_finish/binder.gd:180)
       [4] _collect (res://source_operators/moth_finish/binder.gd:180)
       [5] _collect (res://source_operators/moth_finish/binder.gd:180)
       [6] _collect (res://source_operators/moth_finish/binder.gd:180)
       [7] _collect (res://source_operators/moth_finish/binder.gd:180)
       [8] _collect (res://source_operators/moth_finish/binder.gd:180)
       [9] _collect (res://source_operators/moth_finish/binder.gd:180)
       [10] _collect (res://source_operators/moth_finish/binder.gd:180)
       [11] _collect (res://source_operators/moth_finish/binder.gd:180)
       [12] bind (res://source_operators/moth_finish/binder.gd:35)
       [13] apply_identity (res://source_operators/operator_visual.gd:103)
       [14] apply_actor (res://source_operators/operator_visual.gd:190)
       [15] apply_state (res://world/presentation.gd:119)
       [16] on_results (res://lattice/world_demo.gd:371)
       [17] deliver_frame (res://net/client.gd:442)
       [18] decode_text (res://net/client.gd:340)
       [19] decode_text (res://lattice/transport.gd:163)
       [20] wire (res://tests/lattice/usability_contract.gd:29)
       [21] run (res://tests/lattice/usability_contract.gd:127)
ERROR: Cannot get path of node as it is not in a scene tree.
   at: get_path (scene/main/node.cpp:2374)
   GDScript backtrace (most recent call first):
       [0] _collect (res://source_operators/moth_finish/binder.gd:145)
       [1] _collect (res://source_operators/moth_finish/binder.gd:180)
       [2] _collect (res://source_operators/moth_finish/binder.gd:180)
       [3] _collect (res://source_operators/moth_finish/binder.gd:180)
       [4] _collect (res://source_operators/moth_finish/binder.gd:180)
       [5] _collect (res://source_operators/moth_finish/binder.gd:180)
       [6] _collect (res://source_operators/moth_finish/binder.gd:180)
       [7] _collect (res://source_operators/moth_finish/binder.gd:180)
       [8] _collect (res://source_operators/moth_finish/binder.gd:180)
       [9] _collect (res://source_operators/moth_finish/binder.gd:180)
       [10] _collect (res://source_operators/moth_finish/binder.gd:180)
       [11] _collect (res://source_operators/moth_finish/binder.gd:180)
       [12] bind (res://source_operators/moth_finish/binder.gd:35)
       [13] apply_identity (res://source_operators/operator_visual.gd:103)
       [14] apply_actor (res://source_operators/operator_visual.gd:190)
       [15] apply_state (res://world/presentation.gd:119)
       [16] on_results (res://lattice/world_demo.gd:371)
       [17] deliver_frame (res://net/client.gd:442)
       [18] decode_text (res://net/client.gd:340)
       [19] decode_text (res://lattice/transport.gd:163)
       [20] wire (res://tests/lattice/usability_contract.gd:29)
       [21] run (res://tests/lattice/usability_contract.gd:127)
ERROR: Cannot get path of node as it is not in a scene tree.
   at: get_path (scene/main/node.cpp:2374)
   GDScript backtrace (most recent call first):
       [0] _collect (res://source_operators/moth_finish/binder.gd:145)
       [1] _collect (res://source_operators/moth_finish/binder.gd:180)
       [2] _collect (res://source_operators/moth_finish/binder.gd:180)
       [3] _collect (res://source_operators/moth_finish/binder.gd:180)
       [4] _collect (res://source_operators/moth_finish/binder.gd:180)
       [5] _collect (res://source_operators/moth_finish/binder.gd:180)
       [6] _collect (res://source_operators/moth_finish/binder.gd:180)
       [7] _collect (res://source_operators/moth_finish/binder.gd:180)
       [8] _collect (res://source_operators/moth_finish/binder.gd:180)
       [9] _collect (res://source_operators/moth_finish/binder.gd:180)
       [10] _collect (res://source_operators/moth_finish/binder.gd:180)
       [11] _collect (res://source_operators/moth_finish/binder.gd:180)
       [12] bind (res://source_operators/moth_finish/binder.gd:35)
       [13] apply_identity (res://source_operators/operator_visual.gd:103)
       [14] apply_actor (res://source_operators/operator_visual.gd:190)
       [15] apply_state (res://world/presentation.gd:119)
       [16] on_results (res://lattice/world_demo.gd:371)
       [17] deliver_frame (res://net/client.gd:442)
       [18] decode_text (res://net/client.gd:340)
       [19] decode_text (res://lattice/transport.gd:163)
       [20] wire (res://tests/lattice/usability_contract.gd:29)
       [21] run (res://tests/lattice/usability_contract.gd:127)
ERROR: Cannot get path of node as it is not in a scene tree.
   at: get_path (scene/main/node.cpp:2374)
   GDScript backtrace (most recent call first):
       [0] _collect (res://source_operators/moth_finish/binder.gd:145)
       [1] _collect (res://source_operators/moth_finish/binder.gd:180)
       [2] _collect (res://source_operators/moth_finish/binder.gd:180)
       [3] _collect (res://source_operators/moth_finish/binder.gd:180)
       [4] _collect (res://source_operators/moth_finish/binder.gd:180)
       [5] _collect (res://source_operators/moth_finish/binder.gd:180)
       [6] _collect (res://source_operators/moth_finish/binder.gd:180)
       [7] _collect (res://source_operators/moth_finish/binder.gd:180)
       [8] _collect (res://source_operators/moth_finish/binder.gd:180)
       [9] _collect (res://source_operators/moth_finish/binder.gd:180)
       [10] _collect (res://source_operators/moth_finish/binder.gd:180)
       [11] bind (res://source_operators/moth_finish/binder.gd:35)
       [12] apply_identity (res://source_operators/operator_visual.gd:103)
       [13] apply_actor (res://source_operators/operator_visual.gd:190)
       [14] apply_state (res://world/presentation.gd:119)
       [15] on_results (res://lattice/world_demo.gd:371)
       [16] deliver_frame (res://net/client.gd:442)
       [17] decode_text (res://net/client.gd:340)
       [18] decode_text (res://lattice/transport.gd:163)
       [19] wire (res://tests/lattice/usability_contract.gd:29)
       [20] run (res://tests/lattice/usability_contract.gd:127)
ERROR: Cannot get path of node as it is not in a scene tree.
   at: get_path (scene/main/node.cpp:2374)
   GDScript backtrace (most recent call first):
       [0] _collect (res://source_operators/moth_finish/binder.gd:145)
       [1] _collect (res://source_operators/moth_finish/binder.gd:180)
       [2] _collect (res://source_operators/moth_finish/binder.gd:180)
       [3] _collect (res://source_operators/moth_finish/binder.gd:180)
       [4] _collect (res://source_operators/moth_finish/binder.gd:180)
       [5] _collect (res://source_operators/moth_finish/binder.gd:180)
       [6] _collect (res://source_operators/moth_finish/binder.gd:180)
       [7] _collect (res://source_operators/moth_finish/binder.gd:180)
       [8] _collect (res://source_operators/moth_finish/binder.gd:180)
       [9] _collect (res://source_operators/moth_finish/binder.gd:180)
       [10] _collect (res://source_operators/moth_finish/binder.gd:180)
       [11] bind (res://source_operators/moth_finish/binder.gd:35)
       [12] apply_identity (res://source_operators/operator_visual.gd:103)
       [13] apply_actor (res://source_operators/operator_visual.gd:190)
       [14] apply_state (res://world/presentation.gd:119)
       [15] on_results (res://lattice/world_demo.gd:371)
       [16] deliver_frame (res://net/client.gd:442)
       [17] decode_text (res://net/client.gd:340)
       [18] decode_text (res://lattice/transport.gd:163)
       [19] wire (res://tests/lattice/usability_contract.gd:29)
       [20] run (res://tests/lattice/usability_contract.gd:127)
ERROR: Cannot get path of node as it is not in a scene tree.
   at: get_path (scene/main/node.cpp:2374)
   GDScript backtrace (most recent call first):
       [0] _collect (res://source_operators/moth_finish/binder.gd:145)
       [1] _collect (res://source_operators/moth_finish/binder.gd:180)
       [2] _collect (res://source_operators/moth_finish/binder.gd:180)
       [3] _collect (res://source_operators/moth_finish/binder.gd:180)
       [4] _collect (res://source_operators/moth_finish/binder.gd:180)
       [5] _collect (res://source_operators/moth_finish/binder.gd:180)
       [6] _collect (res://source_operators/moth_finish/binder.gd:180)
       [7] _collect (res://source_operators/moth_finish/binder.gd:180)
       [8] _collect (res://source_operators/moth_finish/binder.gd:180)
       [9] _collect (res://source_operators/moth_finish/binder.gd:180)
       [10] _collect (res://source_operators/moth_finish/binder.gd:180)
       [11] bind (res://source_operators/moth_finish/binder.gd:35)
       [12] apply_identity (res://source_operators/operator_visual.gd:103)
       [13] apply_actor (res://source_operators/operator_visual.gd:190)
       [14] apply_state (res://world/presentation.gd:119)
       [15] on_results (res://lattice/world_demo.gd:371)
       [16] deliver_frame (res://net/client.gd:442)
       [17] decode_text (res://net/client.gd:340)
       [18] decode_text (res://lattice/transport.gd:163)
       [19] wire (res://tests/lattice/usability_contract.gd:29)
       [20] run (res://tests/lattice/usability_contract.gd:127)
ERROR: Cannot get path of node as it is not in a scene tree.
   at: get_path (scene/main/node.cpp:2374)
   GDScript backtrace (most recent call first):
       [0] _collect (res://source_operators/moth_finish/binder.gd:145)
       [1] _collect (res://source_operators/moth_finish/binder.gd:180)
       [2] _collect (res://source_operators/moth_finish/binder.gd:180)
       [3] _collect (res://source_operators/moth_finish/binder.gd:180)
       [4] _collect (res://source_operators/moth_finish/binder.gd:180)
       [5] _collect (res://source_operators/moth_finish/binder.gd:180)
       [6] _collect (res://source_operators/moth_finish/binder.gd:180)
       [7] _collect (res://source_operators/moth_finish/binder.gd:180)
       [8] _collect (res://source_operators/moth_finish/binder.gd:180)
       [9] _collect (res://source_operators/moth_finish/binder.gd:180)
       [10] _collect (res://source_operators/moth_finish/binder.gd:180)
       [11] bind (res://source_operators/moth_finish/binder.gd:35)
       [12] apply_identity (res://source_operators/operator_visual.gd:103)
       [13] apply_actor (res://source_operators/operator_visual.gd:190)
       [14] apply_state (res://world/presentation.gd:119)
       [15] on_results (res://lattice/world_demo.gd:371)
       [16] deliver_frame (res://net/client.gd:442)
       [17] decode_text (res://net/client.gd:340)
       [18] decode_text (res://lattice/transport.gd:163)
       [19] wire (res://tests/lattice/usability_contract.gd:29)
       [20] run (res://tests/lattice/usability_contract.gd:127)
ERROR: Cannot get path of node as it is not in a scene tree.
   at: get_path (scene/main/node.cpp:2374)
   GDScript backtrace (most recent call first):
       [0] _collect (res://source_operators/moth_finish/binder.gd:145)
       [1] _collect (res://source_operators/moth_finish/binder.gd:180)
       [2] _collect (res://source_operators/moth_finish/binder.gd:180)
       [3] _collect (res://source_operators/moth_finish/binder.gd:180)
       [4] _collect (res://source_operators/moth_finish/binder.gd:180)
       [5] _collect (res://source_operators/moth_finish/binder.gd:180)
       [6] _collect (res://source_operators/moth_finish/binder.gd:180)
       [7] _collect (res://source_operators/moth_finish/binder.gd:180)
       [8] _collect (res://source_operators/moth_finish/binder.gd:180)
       [9] _collect (res://source_operators/moth_finish/binder.gd:180)
       [10] _collect (res://source_operators/moth_finish/binder.gd:180)
       [11] bind (res://source_operators/moth_finish/binder.gd:35)
       [12] apply_identity (res://source_operators/operator_visual.gd:103)
       [13] apply_actor (res://source_operators/operator_visual.gd:190)
       [14] apply_state (res://world/presentation.gd:119)
       [15] on_results (res://lattice/world_demo.gd:371)
       [16] deliver_frame (res://net/client.gd:442)
       [17] decode_text (res://net/client.gd:340)
       [18] decode_text (res://lattice/transport.gd:163)
       [19] wire (res://tests/lattice/usability_contract.gd:29)
       [20] run (res://tests/lattice/usability_contract.gd:127)
ERROR: Cannot get path of node as it is not in a scene tree.
   at: get_path (scene/main/node.cpp:2374)
   GDScript backtrace (most recent call first):
       [0] _collect (res://source_operators/moth_finish/binder.gd:145)
       [1] _collect (res://source_operators/moth_finish/binder.gd:180)
       [2] _collect (res://source_operators/moth_finish/binder.gd:180)
       [3] _collect (res://source_operators/moth_finish/binder.gd:180)
       [4] _collect (res://source_operators/moth_finish/binder.gd:180)
       [5] _collect (res://source_operators/moth_finish/binder.gd:180)
       [6] _collect (res://source_operators/moth_finish/binder.gd:180)
       [7] _collect (res://source_operators/moth_finish/binder.gd:180)
       [8] _collect (res://source_operators/moth_finish/binder.gd:180)
       [9] _collect (res://source_operators/moth_finish/binder.gd:180)
       [10] _collect (res://source_operators/moth_finish/binder.gd:180)
       [11] bind (res://source_operators/moth_finish/binder.gd:35)
       [12] apply_identity (res://source_operators/operator_visual.gd:103)
       [13] apply_actor (res://source_operators/operator_visual.gd:190)
       [14] apply_state (res://world/presentation.gd:119)
       [15] on_results (res://lattice/world_demo.gd:371)
       [16] deliver_frame (res://net/client.gd:442)
       [17] decode_text (res://net/client.gd:340)
       [18] decode_text (res://lattice/transport.gd:163)
       [19] wire (res://tests/lattice/usability_contract.gd:29)
       [20] run (res://tests/lattice/usability_contract.gd:127)
ERROR: Cannot get path of node as it is not in a scene tree.
   at: get_path (scene/main/node.cpp:2374)
   GDScript backtrace (most recent call first):
       [0] _collect (res://source_operators/moth_finish/binder.gd:145)
       [1] _collect (res://source_operators/moth_finish/binder.gd:180)
       [2] _collect (res://source_operators/moth_finish/binder.gd:180)
       [3] _collect (res://source_operators/moth_finish/binder.gd:180)
       [4] _collect (res://source_operators/moth_finish/binder.gd:180)
       [5] _collect (res://source_operators/moth_finish/binder.gd:180)
       [6] _collect (res://source_operators/moth_finish/binder.gd:180)
       [7] _collect (res://source_operators/moth_finish/binder.gd:180)
       [8] _collect (res://source_operators/moth_finish/binder.gd:180)
       [9] _collect (res://source_operators/moth_finish/binder.gd:180)
       [10] bind (res://source_operators/moth_finish/binder.gd:35)
       [11] apply_identity (res://source_operators/operator_visual.gd:103)
       [12] apply_actor (res://source_operators/operator_visual.gd:190)
       [13] apply_state (res://world/presentation.gd:119)
       [14] on_results (res://lattice/world_demo.gd:371)
       [15] deliver_frame (res://net/client.gd:442)
       [16] decode_text (res://net/client.gd:340)
       [17] decode_text (res://lattice/transport.gd:163)
       [18] wire (res://tests/lattice/usability_contract.gd:29)
       [19] run (res://tests/lattice/usability_contract.gd:127)
ERROR: Cannot get path of node as it is not in a scene tree.
   at: get_path (scene/main/node.cpp:2374)
   GDScript backtrace (most recent call first):
       [0] _collect (res://source_operators/moth_finish/binder.gd:145)
       [1] _collect (res://source_operators/moth_finish/binder.gd:180)
       [2] _collect (res://source_operators/moth_finish/binder.gd:180)
       [3] _collect (res://source_operators/moth_finish/binder.gd:180)
       [4] _collect (res://source_operators/moth_finish/binder.gd:180)
       [5] _collect (res://source_operators/moth_finish/binder.gd:180)
       [6] _collect (res://source_operators/moth_finish/binder.gd:180)
       [7] _collect (res://source_operators/moth_finish/binder.gd:180)
       [8] _collect (res://source_operators/moth_finish/binder.gd:180)
       [9] _collect (res://source_operators/moth_finish/binder.gd:180)
       [10] bind (res://source_operators/moth_finish/binder.gd:35)
       [11] apply_identity (res://source_operators/operator_visual.gd:103)
       [12] apply_actor (res://source_operators/operator_visual.gd:190)
       [13] apply_state (res://world/presentation.gd:119)
       [14] on_results (res://lattice/world_demo.gd:371)
       [15] deliver_frame (res://net/client.gd:442)
       [16] decode_text (res://net/client.gd:340)
       [17] decode_text (res://lattice/transport.gd:163)
       [18] wire (res://tests/lattice/usability_contract.gd:29)
       [19] run (res://tests/lattice/usability_contract.gd:127)
ERROR: Cannot get path of node as it is not in a scene tree.
   at: get_path (scene/main/node.cpp:2374)
   GDScript backtrace (most recent call first):
       [0] _collect (res://source_operators/moth_finish/binder.gd:145)
       [1] _collect (res://source_operators/moth_finish/binder.gd:180)
       [2] _collect (res://source_operators/moth_finish/binder.gd:180)
       [3] _collect (res://source_operators/moth_finish/binder.gd:180)
       [4] _collect (res://source_operators/moth_finish/binder.gd:180)
       [5] _collect (res://source_operators/moth_finish/binder.gd:180)
       [6] _collect (res://source_operators/moth_finish/binder.gd:180)
       [7] _collect (res://source_operators/moth_finish/binder.gd:180)
       [8] _collect (res://source_operators/moth_finish/binder.gd:180)
       [9] bind (res://source_operators/moth_finish/binder.gd:35)
       [10] apply_identity (res://source_operators/operator_visual.gd:103)
       [11] apply_actor (res://source_operators/operator_visual.gd:190)
       [12] apply_state (res://world/presentation.gd:119)
       [13] on_results (res://lattice/world_demo.gd:371)
       [14] deliver_frame (res://net/client.gd:442)
       [15] decode_text (res://net/client.gd:340)
       [16] decode_text (res://lattice/transport.gd:163)
       [17] wire (res://tests/lattice/usability_contract.gd:29)
       [18] run (res://tests/lattice/usability_contract.gd:127)
ERROR: Cannot get path of node as it is not in a scene tree.
   at: get_path (scene/main/node.cpp:2374)
   GDScript backtrace (most recent call first):
       [0] _collect (res://source_operators/moth_finish/binder.gd:145)
       [1] _collect (res://source_operators/moth_finish/binder.gd:180)
       [2] _collect (res://source_operators/moth_finish/binder.gd:180)
       [3] _collect (res://source_operators/moth_finish/binder.gd:180)
       [4] _collect (res://source_operators/moth_finish/binder.gd:180)
       [5] _collect (res://source_operators/moth_finish/binder.gd:180)
       [6] _collect (res://source_operators/moth_finish/binder.gd:180)
       [7] _collect (res://source_operators/moth_finish/binder.gd:180)
       [8] _collect (res://source_operators/moth_finish/binder.gd:180)
       [9] bind (res://source_operators/moth_finish/binder.gd:35)
       [10] apply_identity (res://source_operators/operator_visual.gd:103)
       [11] apply_actor (res://source_operators/operator_visual.gd:190)
       [12] apply_state (res://world/presentation.gd:119)
       [13] on_results (res://lattice/world_demo.gd:371)
       [14] deliver_frame (res://net/client.gd:442)
       [15] decode_text (res://net/client.gd:340)
       [16] decode_text (res://lattice/transport.gd:163)
       [17] wire (res://tests/lattice/usability_contract.gd:29)
       [18] run (res://tests/lattice/usability_contract.gd:127)
ERROR: Cannot get path of node as it is not in a scene tree.
   at: get_path (scene/main/node.cpp:2374)
   GDScript backtrace (most recent call first):
       [0] _collect (res://source_operators/moth_finish/binder.gd:145)
       [1] _collect (res://source_operators/moth_finish/binder.gd:180)
       [2] _collect (res://source_operators/moth_finish/binder.gd:180)
       [3] _collect (res://source_operators/moth_finish/binder.gd:180)
       [4] _collect (res://source_operators/moth_finish/binder.gd:180)
       [5] _collect (res://source_operators/moth_finish/binder.gd:180)
       [6] _collect (res://source_operators/moth_finish/binder.gd:180)
       [7] _collect (res://source_operators/moth_finish/binder.gd:180)
       [8] _collect (res://source_operators/moth_finish/binder.gd:180)
       [9] bind (res://source_operators/moth_finish/binder.gd:35)
       [10] apply_identity (res://source_operators/operator_visual.gd:103)
       [11] apply_actor (res://source_operators/operator_visual.gd:190)
       [12] apply_state (res://world/presentation.gd:119)
       [13] on_results (res://lattice/world_demo.gd:371)
       [14] deliver_frame (res://net/client.gd:442)
       [15] decode_text (res://net/client.gd:340)
       [16] decode_text (res://lattice/transport.gd:163)
       [17] wire (res://tests/lattice/usability_contract.gd:29)
       [18] run (res://tests/lattice/usability_contract.gd:127)
ERROR: Cannot get path of node as it is not in a scene tree.
   at: get_path (scene/main/node.cpp:2374)
   GDScript backtrace (most recent call first):
       [0] _collect (res://source_operators/moth_finish/binder.gd:145)
       [1] _collect (res://source_operators/moth_finish/binder.gd:180)
       [2] _collect (res://source_operators/moth_finish/binder.gd:180)
       [3] _collect (res://source_operators/moth_finish/binder.gd:180)
       [4] _collect (res://source_operators/moth_finish/binder.gd:180)
       [5] _collect (res://source_operators/moth_finish/binder.gd:180)
       [6] _collect (res://source_operators/moth_finish/binder.gd:180)
       [7] _collect (res://source_operators/moth_finish/binder.gd:180)
       [8] _collect (res://source_operators/moth_finish/binder.gd:180)
       [9] bind (res://source_operators/moth_finish/binder.gd:35)
       [10] apply_identity (res://source_operators/operator_visual.gd:103)
       [11] apply_actor (res://source_operators/operator_visual.gd:190)
       [12] apply_state (res://world/presentation.gd:119)
       [13] on_results (res://lattice/world_demo.gd:371)
       [14] deliver_frame (res://net/client.gd:442)
       [15] decode_text (res://net/client.gd:340)
       [16] decode_text (res://lattice/transport.gd:163)
       [17] wire (res://tests/lattice/usability_contract.gd:29)
       [18] run (res://tests/lattice/usability_contract.gd:127)
ERROR: Cannot get path of node as it is not in a scene tree.
   at: get_path (scene/main/node.cpp:2374)
   GDScript backtrace (most recent call first):
       [0] _collect (res://source_operators/moth_finish/binder.gd:145)
       [1] _collect (res://source_operators/moth_finish/binder.gd:180)
       [2] _collect (res://source_operators/moth_finish/binder.gd:180)
       [3] _collect (res://source_operators/moth_finish/binder.gd:180)
       [4] _collect (res://source_operators/moth_finish/binder.gd:180)
       [5] _collect (res://source_operators/moth_finish/binder.gd:180)
       [6] _collect (res://source_operators/moth_finish/binder.gd:180)
       [7] _collect (res://source_operators/moth_finish/binder.gd:180)
       [8] _collect (res://source_operators/moth_finish/binder.gd:180)
       [9] bind (res://source_operators/moth_finish/binder.gd:35)
       [10] apply_identity (res://source_operators/operator_visual.gd:103)
       [11] apply_actor (res://source_operators/operator_visual.gd:190)
       [12] apply_state (res://world/presentation.gd:119)
       [13] on_results (res://lattice/world_demo.gd:371)
       [14] deliver_frame (res://net/client.gd:442)
       [15] decode_text (res://net/client.gd:340)
       [16] decode_text (res://lattice/transport.gd:163)
       [17] wire (res://tests/lattice/usability_contract.gd:29)
       [18] run (res://tests/lattice/usability_contract.gd:127)
ERROR: Cannot get path of node as it is not in a scene tree.
   at: get_path (scene/main/node.cpp:2374)
   GDScript backtrace (most recent call first):
       [0] _collect (res://source_operators/moth_finish/binder.gd:145)
       [1] _collect (res://source_operators/moth_finish/binder.gd:180)
       [2] _collect (res://source_operators/moth_finish/binder.gd:180)
       [3] _collect (res://source_operators/moth_finish/binder.gd:180)
       [4] _collect (res://source_operators/moth_finish/binder.gd:180)
       [5] _collect (res://source_operators/moth_finish/binder.gd:180)
       [6] _collect (res://source_operators/moth_finish/binder.gd:180)
       [7] _collect (res://source_operators/moth_finish/binder.gd:180)
       [8] bind (res://source_operators/moth_finish/binder.gd:35)
       [9] apply_identity (res://source_operators/operator_visual.gd:103)
       [10] apply_actor (res://source_operators/operator_visual.gd:190)
       [11] apply_state (res://world/presentation.gd:119)
       [12] on_results (res://lattice/world_demo.gd:371)
       [13] deliver_frame (res://net/client.gd:442)
       [14] decode_text (res://net/client.gd:340)
       [15] decode_text (res://lattice/transport.gd:163)
       [16] wire (res://tests/lattice/usability_contract.gd:29)
       [17] run (res://tests/lattice/usability_contract.gd:127)
ERROR: Cannot get path of node as it is not in a scene tree.
   at: get_path (scene/main/node.cpp:2374)
   GDScript backtrace (most recent call first):
       [0] _collect (res://source_operators/moth_finish/binder.gd:145)
       [1] _collect (res://source_operators/moth_finish/binder.gd:180)
       [2] _collect (res://source_operators/moth_finish/binder.gd:180)
       [3] _collect (res://source_operators/moth_finish/binder.gd:180)
       [4] _collect (res://source_operators/moth_finish/binder.gd:180)
       [5] _collect (res://source_operators/moth_finish/binder.gd:180)
       [6] _collect (res://source_operators/moth_finish/binder.gd:180)
       [7] _collect (res://source_operators/moth_finish/binder.gd:180)
       [8] bind (res://source_operators/moth_finish/binder.gd:35)
       [9] apply_identity (res://source_operators/operator_visual.gd:103)
       [10] apply_actor (res://source_operators/operator_visual.gd:190)
       [11] apply_state (res://world/presentation.gd:119)
       [12] on_results (res://lattice/world_demo.gd:371)
       [13] deliver_frame (res://net/client.gd:442)
       [14] decode_text (res://net/client.gd:340)
       [15] decode_text (res://lattice/transport.gd:163)
       [16] wire (res://tests/lattice/usability_contract.gd:29)
       [17] run (res://tests/lattice/usability_contract.gd:127)
ERROR: Cannot get path of node as it is not in a scene tree.
   at: get_path (scene/main/node.cpp:2374)
   GDScript backtrace (most recent call first):
       [0] _collect (res://source_operators/moth_finish/binder.gd:145)
       [1] _collect (res://source_operators/moth_finish/binder.gd:180)
       [2] _collect (res://source_operators/moth_finish/binder.gd:180)
       [3] _collect (res://source_operators/moth_finish/binder.gd:180)
       [4] _collect (res://source_operators/moth_finish/binder.gd:180)
       [5] _collect (res://source_operators/moth_finish/binder.gd:180)
       [6] _collect (res://source_operators/moth_finish/binder.gd:180)
       [7] _collect (res://source_operators/moth_finish/binder.gd:180)
       [8] bind (res://source_operators/moth_finish/binder.gd:35)
       [9] apply_identity (res://source_operators/operator_visual.gd:103)
       [10] apply_actor (res://source_operators/operator_visual.gd:190)
       [11] apply_state (res://world/presentation.gd:119)
       [12] on_results (res://lattice/world_demo.gd:371)
       [13] deliver_frame (res://net/client.gd:442)
       [14] decode_text (res://net/client.gd:340)
       [15] decode_text (res://lattice/transport.gd:163)
       [16] wire (res://tests/lattice/usability_contract.gd:29)
       [17] run (res://tests/lattice/usability_contract.gd:127)
ERROR: Cannot get path of node as it is not in a scene tree.
   at: get_path (scene/main/node.cpp:2374)
   GDScript backtrace (most recent call first):
       [0] _collect (res://source_operators/moth_finish/binder.gd:145)
       [1] _collect (res://source_operators/moth_finish/binder.gd:180)
       [2] _collect (res://source_operators/moth_finish/binder.gd:180)
       [3] _collect (res://source_operators/moth_finish/binder.gd:180)
       [4] _collect (res://source_operators/moth_finish/binder.gd:180)
       [5] _collect (res://source_operators/moth_finish/binder.gd:180)
       [6] _collect (res://source_operators/moth_finish/binder.gd:180)
       [7] _collect (res://source_operators/moth_finish/binder.gd:180)
       [8] bind (res://source_operators/moth_finish/binder.gd:35)
       [9] apply_identity (res://source_operators/operator_visual.gd:103)
       [10] apply_actor (res://source_operators/operator_visual.gd:190)
       [11] apply_state (res://world/presentation.gd:119)
       [12] on_results (res://lattice/world_demo.gd:371)
       [13] deliver_frame (res://net/client.gd:442)
       [14] decode_text (res://net/client.gd:340)
       [15] decode_text (res://lattice/transport.gd:163)
       [16] wire (res://tests/lattice/usability_contract.gd:29)
       [17] run (res://tests/lattice/usability_contract.gd:127)
ERROR: Cannot get path of node as it is not in a scene tree.
   at: get_path (scene/main/node.cpp:2374)
   GDScript backtrace (most recent call first):
       [0] _collect (res://source_operators/moth_finish/binder.gd:145)
       [1] _collect (res://source_operators/moth_finish/binder.gd:180)
       [2] _collect (res://source_operators/moth_finish/binder.gd:180)
       [3] _collect (res://source_operators/moth_finish/binder.gd:180)
       [4] _collect (res://source_operators/moth_finish/binder.gd:180)
       [5] _collect (res://source_operators/moth_finish/binder.gd:180)
       [6] _collect (res://source_operators/moth_finish/binder.gd:180)
       [7] _collect (res://source_operators/moth_finish/binder.gd:180)
       [8] bind (res://source_operators/moth_finish/binder.gd:35)
       [9] apply_identity (res://source_operators/operator_visual.gd:103)
       [10] apply_actor (res://source_operators/operator_visual.gd:190)
       [11] apply_state (res://world/presentation.gd:119)
       [12] on_results (res://lattice/world_demo.gd:371)
       [13] deliver_frame (res://net/client.gd:442)
       [14] decode_text (res://net/client.gd:340)
       [15] decode_text (res://lattice/transport.gd:163)
       [16] wire (res://tests/lattice/usability_contract.gd:29)
       [17] run (res://tests/lattice/usability_contract.gd:127)
ERROR: Cannot get path of node as it is not in a scene tree.
   at: get_path (scene/main/node.cpp:2374)
   GDScript backtrace (most recent call first):
       [0] _collect (res://source_operators/moth_finish/binder.gd:145)
       [1] _collect (res://source_operators/moth_finish/binder.gd:180)
       [2] _collect (res://source_operators/moth_finish/binder.gd:180)
       [3] _collect (res://source_operators/moth_finish/binder.gd:180)
       [4] _collect (res://source_operators/moth_finish/binder.gd:180)
       [5] _collect (res://source_operators/moth_finish/binder.gd:180)
       [6] _collect (res://source_operators/moth_finish/binder.gd:180)
       [7] _collect (res://source_operators/moth_finish/binder.gd:180)
       [8] bind (res://source_operators/moth_finish/binder.gd:35)
       [9] apply_identity (res://source_operators/operator_visual.gd:103)
       [10] apply_actor (res://source_operators/operator_visual.gd:190)
       [11] apply_state (res://world/presentation.gd:119)
       [12] on_results (res://lattice/world_demo.gd:371)
       [13] deliver_frame (res://net/client.gd:442)
       [14] decode_text (res://net/client.gd:340)
       [15] decode_text (res://lattice/transport.gd:163)
       [16] wire (res://tests/lattice/usability_contract.gd:29)
       [17] run (res://tests/lattice/usability_contract.gd:127)
ERROR: Cannot get path of node as it is not in a scene tree.
   at: get_path (scene/main/node.cpp:2374)
   GDScript backtrace (most recent call first):
       [0] _collect (res://source_operators/moth_finish/binder.gd:145)
       [1] _collect (res://source_operators/moth_finish/binder.gd:180)
       [2] _collect (res://source_operators/moth_finish/binder.gd:180)
       [3] _collect (res://source_operators/moth_finish/binder.gd:180)
       [4] _collect (res://source_operators/moth_finish/binder.gd:180)
       [5] _collect (res://source_operators/moth_finish/binder.gd:180)
       [6] _collect (res://source_operators/moth_finish/binder.gd:180)
       [7] _collect (res://source_operators/moth_finish/binder.gd:180)
       [8] bind (res://source_operators/moth_finish/binder.gd:35)
       [9] apply_identity (res://source_operators/operator_visual.gd:103)
       [10] apply_actor (res://source_operators/operator_visual.gd:190)
       [11] apply_state (res://world/presentation.gd:119)
       [12] on_results (res://lattice/world_demo.gd:371)
       [13] deliver_frame (res://net/client.gd:442)
       [14] decode_text (res://net/client.gd:340)
       [15] decode_text (res://lattice/transport.gd:163)
       [16] wire (res://tests/lattice/usability_contract.gd:29)
       [17] run (res://tests/lattice/usability_contract.gd:127)
ERROR: Cannot get path of node as it is not in a scene tree.
   at: get_path (scene/main/node.cpp:2374)
   GDScript backtrace (most recent call first):
       [0] _collect (res://source_operators/moth_finish/binder.gd:145)
       [1] _collect (res://source_operators/moth_finish/binder.gd:180)
       [2] _collect (res://source_operators/moth_finish/binder.gd:180)
       [3] _collect (res://source_operators/moth_finish/binder.gd:180)
       [4] _collect (res://source_operators/moth_finish/binder.gd:180)
       [5] _collect (res://source_operators/moth_finish/binder.gd:180)
       [6] _collect (res://source_operators/moth_finish/binder.gd:180)
       [7] _collect (res://source_operators/moth_finish/binder.gd:180)
       [8] bind (res://source_operators/moth_finish/binder.gd:35)
       [9] apply_identity (res://source_operators/operator_visual.gd:103)
       [10] apply_actor (res://source_operators/operator_visual.gd:190)
       [11] apply_state (res://world/presentation.gd:119)
       [12] on_results (res://lattice/world_demo.gd:371)
       [13] deliver_frame (res://net/client.gd:442)
       [14] decode_text (res://net/client.gd:340)
       [15] decode_text (res://lattice/transport.gd:163)
       [16] wire (res://tests/lattice/usability_contract.gd:29)
       [17] run (res://tests/lattice/usability_contract.gd:127)
ERROR: Cannot get path of node as it is not in a scene tree.
   at: get_path (scene/main/node.cpp:2374)
   GDScript backtrace (most recent call first):
       [0] _collect (res://source_operators/moth_finish/binder.gd:136)
       [1] _collect (res://source_operators/moth_finish/binder.gd:180)
       [2] _collect (res://source_operators/moth_finish/binder.gd:180)
       [3] _collect (res://source_operators/moth_finish/binder.gd:180)
       [4] _collect (res://source_operators/moth_finish/binder.gd:180)
       [5] _collect (res://source_operators/moth_finish/binder.gd:180)
       [6] _collect (res://source_operators/moth_finish/binder.gd:180)
       [7] bind (res://source_operators/moth_finish/binder.gd:35)
       [8] apply_identity (res://source_operators/operator_visual.gd:103)
       [9] apply_actor (res://source_operators/operator_visual.gd:190)
       [10] apply_state (res://world/presentation.gd:119)
       [11] on_results (res://lattice/world_demo.gd:371)
       [12] deliver_frame (res://net/client.gd:442)
       [13] decode_text (res://net/client.gd:340)
       [14] decode_text (res://lattice/transport.gd:163)
       [15] wire (res://tests/lattice/usability_contract.gd:29)
       [16] run (res://tests/lattice/usability_contract.gd:127)
ERROR: Cannot get path of node as it is not in a scene tree.
   at: get_path (scene/main/node.cpp:2374)
   GDScript backtrace (most recent call first):
       [0] _collect (res://source_operators/moth_finish/binder.gd:145)
       [1] _collect (res://source_operators/moth_finish/binder.gd:180)
       [2] _collect (res://source_operators/moth_finish/binder.gd:180)
       [3] _collect (res://source_operators/moth_finish/binder.gd:180)
       [4] _collect (res://source_operators/moth_finish/binder.gd:180)
       [5] _collect (res://source_operators/moth_finish/binder.gd:180)
       [6] _collect (res://source_operators/moth_finish/binder.gd:180)
       [7] _collect (res://source_operators/moth_finish/binder.gd:180)
       [8] bind (res://source_operators/moth_finish/binder.gd:35)
       [9] apply_identity (res://source_operators/operator_visual.gd:103)
       [10] apply_actor (res://source_operators/operator_visual.gd:190)
       [11] apply_state (res://world/presentation.gd:119)
       [12] on_results (res://lattice/world_demo.gd:371)
       [13] deliver_frame (res://net/client.gd:442)
       [14] decode_text (res://net/client.gd:340)
       [15] decode_text (res://lattice/transport.gd:163)
       [16] wire (res://tests/lattice/usability_contract.gd:29)
       [17] run (res://tests/lattice/usability_contract.gd:127)
ERROR: Cannot get path of node as it is not in a scene tree.
   at: get_path (scene/main/node.cpp:2374)
   GDScript backtrace (most recent call first):
       [0] _collect (res://source_operators/moth_finish/binder.gd:145)
       [1] _collect (res://source_operators/moth_finish/binder.gd:180)
       [2] _collect (res://source_operators/moth_finish/binder.gd:180)
       [3] _collect (res://source_operators/moth_finish/binder.gd:180)
       [4] _collect (res://source_operators/moth_finish/binder.gd:180)
       [5] _collect (res://source_operators/moth_finish/binder.gd:180)
       [6] _collect (res://source_operators/moth_finish/binder.gd:180)
       [7] _collect (res://source_operators/moth_finish/binder.gd:180)
       [8] bind (res://source_operators/moth_finish/binder.gd:35)
       [9] apply_identity (res://source_operators/operator_visual.gd:103)
       [10] apply_actor (res://source_operators/operator_visual.gd:190)
       [11] apply_state (res://world/presentation.gd:119)
       [12] on_results (res://lattice/world_demo.gd:371)
       [13] deliver_frame (res://net/client.gd:442)
       [14] decode_text (res://net/client.gd:340)
       [15] decode_text (res://lattice/transport.gd:163)
       [16] wire (res://tests/lattice/usability_contract.gd:29)
       [17] run (res://tests/lattice/usability_contract.gd:127)
ERROR: Cannot get path of node as it is not in a scene tree.
   at: get_path (scene/main/node.cpp:2374)
   GDScript backtrace (most recent call first):
       [0] _collect (res://source_operators/moth_finish/binder.gd:145)
       [1] _collect (res://source_operators/moth_finish/binder.gd:180)
       [2] _collect (res://source_operators/moth_finish/binder.gd:180)
       [3] _collect (res://source_operators/moth_finish/binder.gd:180)
       [4] _collect (res://source_operators/moth_finish/binder.gd:180)
       [5] _collect (res://source_operators/moth_finish/binder.gd:180)
       [6] _collect (res://source_operators/moth_finish/binder.gd:180)
       [7] _collect (res://source_operators/moth_finish/binder.gd:180)
       [8] bind (res://source_operators/moth_finish/binder.gd:35)
       [9] apply_identity (res://source_operators/operator_visual.gd:103)
       [10] apply_actor (res://source_operators/operator_visual.gd:190)
       [11] apply_state (res://world/presentation.gd:119)
       [12] on_results (res://lattice/world_demo.gd:371)
       [13] deliver_frame (res://net/client.gd:442)
       [14] decode_text (res://net/client.gd:340)
       [15] decode_text (res://lattice/transport.gd:163)
       [16] wire (res://tests/lattice/usability_contract.gd:29)
       [17] run (res://tests/lattice/usability_contract.gd:127)
ERROR: Cannot get path of node as it is not in a scene tree.
   at: get_path (scene/main/node.cpp:2374)
   GDScript backtrace (most recent call first):
       [0] _collect (res://source_operators/moth_finish/binder.gd:145)
       [1] _collect (res://source_operators/moth_finish/binder.gd:180)
       [2] _collect (res://source_operators/moth_finish/binder.gd:180)
       [3] _collect (res://source_operators/moth_finish/binder.gd:180)
       [4] _collect (res://source_operators/moth_finish/binder.gd:180)
       [5] _collect (res://source_operators/moth_finish/binder.gd:180)
       [6] _collect (res://source_operators/moth_finish/binder.gd:180)
       [7] _collect (res://source_operators/moth_finish/binder.gd:180)
       [8] bind (res://source_operators/moth_finish/binder.gd:35)
       [9] apply_identity (res://source_operators/operator_visual.gd:103)
       [10] apply_actor (res://source_operators/operator_visual.gd:190)
       [11] apply_state (res://world/presentation.gd:119)
       [12] on_results (res://lattice/world_demo.gd:371)
       [13] deliver_frame (res://net/client.gd:442)
       [14] decode_text (res://net/client.gd:340)
       [15] decode_text (res://lattice/transport.gd:163)
       [16] wire (res://tests/lattice/usability_contract.gd:29)
       [17] run (res://tests/lattice/usability_contract.gd:127)
ERROR: Cannot get path of node as it is not in a scene tree.
   at: get_path (scene/main/node.cpp:2374)
   GDScript backtrace (most recent call first):
       [0] _collect (res://source_operators/moth_finish/binder.gd:145)
       [1] _collect (res://source_operators/moth_finish/binder.gd:180)
       [2] _collect (res://source_operators/moth_finish/binder.gd:180)
       [3] _collect (res://source_operators/moth_finish/binder.gd:180)
       [4] _collect (res://source_operators/moth_finish/binder.gd:180)
       [5] _collect (res://source_operators/moth_finish/binder.gd:180)
       [6] _collect (res://source_operators/moth_finish/binder.gd:180)
       [7] _collect (res://source_operators/moth_finish/binder.gd:180)
       [8] bind (res://source_operators/moth_finish/binder.gd:35)
       [9] apply_identity (res://source_operators/operator_visual.gd:103)
       [10] apply_actor (res://source_operators/operator_visual.gd:190)
       [11] apply_state (res://world/presentation.gd:119)
       [12] on_results (res://lattice/world_demo.gd:371)
       [13] deliver_frame (res://net/client.gd:442)
       [14] decode_text (res://net/client.gd:340)
       [15] decode_text (res://lattice/transport.gd:163)
       [16] wire (res://tests/lattice/usability_contract.gd:29)
       [17] run (res://tests/lattice/usability_contract.gd:127)
ERROR: Cannot get path of node as it is not in a scene tree.
   at: get_path (scene/main/node.cpp:2374)
   GDScript backtrace (most recent call first):
       [0] _collect (res://source_operators/moth_finish/binder.gd:145)
       [1] _collect (res://source_operators/moth_finish/binder.gd:180)
       [2] _collect (res://source_operators/moth_finish/binder.gd:180)
       [3] _collect (res://source_operators/moth_finish/binder.gd:180)
       [4] _collect (res://source_operators/moth_finish/binder.gd:180)
       [5] _collect (res://source_operators/moth_finish/binder.gd:180)
       [6] _collect (res://source_operators/moth_finish/binder.gd:180)
       [7] _collect (res://source_operators/moth_finish/binder.gd:180)
       [8] bind (res://source_operators/moth_finish/binder.gd:35)
       [9] apply_identity (res://source_operators/operator_visual.gd:103)
       [10] apply_actor (res://source_operators/operator_visual.gd:190)
       [11] apply_state (res://world/presentation.gd:119)
       [12] on_results (res://lattice/world_demo.gd:371)
       [13] deliver_frame (res://net/client.gd:442)
       [14] decode_text (res://net/client.gd:340)
       [15] decode_text (res://lattice/transport.gd:163)
       [16] wire (res://tests/lattice/usability_contract.gd:29)
       [17] run (res://tests/lattice/usability_contract.gd:127)
ERROR: Cannot get path of node as it is not in a scene tree.
   at: get_path (scene/main/node.cpp:2374)
   GDScript backtrace (most recent call first):
       [0] _collect (res://source_operators/moth_finish/binder.gd:145)
       [1] _collect (res://source_operators/moth_finish/binder.gd:180)
       [2] _collect (res://source_operators/moth_finish/binder.gd:180)
       [3] _collect (res://source_operators/moth_finish/binder.gd:180)
       [4] _collect (res://source_operators/moth_finish/binder.gd:180)
       [5] _collect (res://source_operators/moth_finish/binder.gd:180)
       [6] _collect (res://source_operators/moth_finish/binder.gd:180)
       [7] _collect (res://source_operators/moth_finish/binder.gd:180)
       [8] bind (res://source_operators/moth_finish/binder.gd:35)
       [9] apply_identity (res://source_operators/operator_visual.gd:103)
       [10] apply_actor (res://source_operators/operator_visual.gd:190)
       [11] apply_state (res://world/presentation.gd:119)
       [12] on_results (res://lattice/world_demo.gd:371)
       [13] deliver_frame (res://net/client.gd:442)
       [14] decode_text (res://net/client.gd:340)
       [15] decode_text (res://lattice/transport.gd:163)
       [16] wire (res://tests/lattice/usability_contract.gd:29)
       [17] run (res://tests/lattice/usability_contract.gd:127)
ERROR: Cannot get path of node as it is not in a scene tree.
   at: get_path (scene/main/node.cpp:2374)
   GDScript backtrace (most recent call first):
       [0] _collect (res://source_operators/moth_finish/binder.gd:145)
       [1] _collect (res://source_operators/moth_finish/binder.gd:180)
       [2] _collect (res://source_operators/moth_finish/binder.gd:180)
       [3] _collect (res://source_operators/moth_finish/binder.gd:180)
       [4] _collect (res://source_operators/moth_finish/binder.gd:180)
       [5] _collect (res://source_operators/moth_finish/binder.gd:180)
       [6] _collect (res://source_operators/moth_finish/binder.gd:180)
       [7] _collect (res://source_operators/moth_finish/binder.gd:180)
       [8] bind (res://source_operators/moth_finish/binder.gd:35)
       [9] apply_identity (res://source_operators/operator_visual.gd:103)
       [10] apply_actor (res://source_operators/operator_visual.gd:190)
       [11] apply_state (res://world/presentation.gd:119)
       [12] on_results (res://lattice/world_demo.gd:371)
       [13] deliver_frame (res://net/client.gd:442)
       [14] decode_text (res://net/client.gd:340)
       [15] decode_text (res://lattice/transport.gd:163)
       [16] wire (res://tests/lattice/usability_contract.gd:29)
       [17] run (res://tests/lattice/usability_contract.gd:127)
ERROR: Cannot get path of node as it is not in a scene tree.
   at: get_path (scene/main/node.cpp:2374)
   GDScript backtrace (most recent call first):
       [0] _collect (res://source_operators/moth_finish/binder.gd:145)
       [1] _collect (res://source_operators/moth_finish/binder.gd:180)
       [2] _collect (res://source_operators/moth_finish/binder.gd:180)
       [3] _collect (res://source_operators/moth_finish/binder.gd:180)
       [4] _collect (res://source_operators/moth_finish/binder.gd:180)
       [5] _collect (res://source_operators/moth_finish/binder.gd:180)
       [6] _collect (res://source_operators/moth_finish/binder.gd:180)
       [7] _collect (res://source_operators/moth_finish/binder.gd:180)
       [8] bind (res://source_operators/moth_finish/binder.gd:35)
       [9] apply_identity (res://source_operators/operator_visual.gd:103)
       [10] apply_actor (res://source_operators/operator_visual.gd:190)
       [11] apply_state (res://world/presentation.gd:119)
       [12] on_results (res://lattice/world_demo.gd:371)
       [13] deliver_frame (res://net/client.gd:442)
       [14] decode_text (res://net/client.gd:340)
       [15] decode_text (res://lattice/transport.gd:163)
       [16] wire (res://tests/lattice/usability_contract.gd:29)
       [17] run (res://tests/lattice/usability_contract.gd:127)
ERROR: Cannot get path of node as it is not in a scene tree.
   at: get_path (scene/main/node.cpp:2374)
   GDScript backtrace (most recent call first):
       [0] _collect (res://source_operators/moth_finish/binder.gd:145)
       [1] _collect (res://source_operators/moth_finish/binder.gd:180)
       [2] _collect (res://source_operators/moth_finish/binder.gd:180)
       [3] _collect (res://source_operators/moth_finish/binder.gd:180)
       [4] _collect (res://source_operators/moth_finish/binder.gd:180)
       [5] _collect (res://source_operators/moth_finish/binder.gd:180)
       [6] _collect (res://source_operators/moth_finish/binder.gd:180)
       [7] _collect (res://source_operators/moth_finish/binder.gd:180)
       [8] bind (res://source_operators/moth_finish/binder.gd:35)
       [9] apply_identity (res://source_operators/operator_visual.gd:103)
       [10] apply_actor (res://source_operators/operator_visual.gd:190)
       [11] apply_state (res://world/presentation.gd:119)
       [12] on_results (res://lattice/world_demo.gd:371)
       [13] deliver_frame (res://net/client.gd:442)
       [14] decode_text (res://net/client.gd:340)
       [15] decode_text (res://lattice/transport.gd:163)
       [16] wire (res://tests/lattice/usability_contract.gd:29)
       [17] run (res://tests/lattice/usability_contract.gd:127)
ERROR: Cannot get path of node as it is not in a scene tree.
   at: get_path (scene/main/node.cpp:2374)
   GDScript backtrace (most recent call first):
       [0] _collect (res://source_operators/moth_finish/binder.gd:145)
       [1] _collect (res://source_operators/moth_finish/binder.gd:180)
       [2] _collect (res://source_operators/moth_finish/binder.gd:180)
       [3] _collect (res://source_operators/moth_finish/binder.gd:180)
       [4] _collect (res://source_operators/moth_finish/binder.gd:180)
       [5] _collect (res://source_operators/moth_finish/binder.gd:180)
       [6] _collect (res://source_operators/moth_finish/binder.gd:180)
       [7] _collect (res://source_operators/moth_finish/binder.gd:180)
       [8] bind (res://source_operators/moth_finish/binder.gd:35)
       [9] apply_identity (res://source_operators/operator_visual.gd:103)
       [10] apply_actor (res://source_operators/operator_visual.gd:190)
       [11] apply_state (res://world/presentation.gd:119)
       [12] on_results (res://lattice/world_demo.gd:371)
       [13] deliver_frame (res://net/client.gd:442)
       [14] decode_text (res://net/client.gd:340)
       [15] decode_text (res://lattice/transport.gd:163)
       [16] wire (res://tests/lattice/usability_contract.gd:29)
       [17] run (res://tests/lattice/usability_contract.gd:127)
ERROR: Cannot get path of node as it is not in a scene tree.
   at: get_path (scene/main/node.cpp:2374)
   GDScript backtrace (most recent call first):
       [0] _collect (res://source_operators/moth_finish/binder.gd:145)
       [1] _collect (res://source_operators/moth_finish/binder.gd:180)
       [2] _collect (res://source_operators/moth_finish/binder.gd:180)
       [3] _collect (res://source_operators/moth_finish/binder.gd:180)
       [4] _collect (res://source_operators/moth_finish/binder.gd:180)
       [5] _collect (res://source_operators/moth_finish/binder.gd:180)
       [6] _collect (res://source_operators/moth_finish/binder.gd:180)
       [7] bind (res://source_operators/moth_finish/binder.gd:35)
       [8] apply_identity (res://source_operators/operator_visual.gd:103)
       [9] apply_actor (res://source_operators/operator_visual.gd:190)
       [10] apply_state (res://world/presentation.gd:119)
       [11] on_results (res://lattice/world_demo.gd:371)
       [12] deliver_frame (res://net/client.gd:442)
       [13] decode_text (res://net/client.gd:340)
       [14] decode_text (res://lattice/transport.gd:163)
       [15] wire (res://tests/lattice/usability_contract.gd:29)
       [16] run (res://tests/lattice/usability_contract.gd:127)
ERROR: Cannot get path of node as it is not in a scene tree.
   at: get_path (scene/main/node.cpp:2374)
   GDScript backtrace (most recent call first):
       [0] _collect (res://source_operators/moth_finish/binder.gd:145)
       [1] _collect (res://source_operators/moth_finish/binder.gd:180)
       [2] _collect (res://source_operators/moth_finish/binder.gd:180)
       [3] _collect (res://source_operators/moth_finish/binder.gd:180)
       [4] _collect (res://source_operators/moth_finish/binder.gd:180)
       [5] _collect (res://source_operators/moth_finish/binder.gd:180)
       [6] _collect (res://source_operators/moth_finish/binder.gd:180)
       [7] bind (res://source_operators/moth_finish/binder.gd:35)
       [8] apply_identity (res://source_operators/operator_visual.gd:103)
       [9] apply_actor (res://source_operators/operator_visual.gd:190)
       [10] apply_state (res://world/presentation.gd:119)
       [11] on_results (res://lattice/world_demo.gd:371)
       [12] deliver_frame (res://net/client.gd:442)
       [13] decode_text (res://net/client.gd:340)
       [14] decode_text (res://lattice/transport.gd:163)
       [15] wire (res://tests/lattice/usability_contract.gd:29)
       [16] run (res://tests/lattice/usability_contract.gd:127)
ERROR: Cannot get path of node as it is not in a scene tree.
   at: get_path (scene/main/node.cpp:2374)
   GDScript backtrace (most recent call first):
       [0] _collect (res://source_operators/moth_finish/binder.gd:145)
       [1] _collect (res://source_operators/moth_finish/binder.gd:180)
       [2] _collect (res://source_operators/moth_finish/binder.gd:180)
       [3] _collect (res://source_operators/moth_finish/binder.gd:180)
       [4] _collect (res://source_operators/moth_finish/binder.gd:180)
       [5] _collect (res://source_operators/moth_finish/binder.gd:180)
       [6] _collect (res://source_operators/moth_finish/binder.gd:180)
       [7] bind (res://source_operators/moth_finish/binder.gd:35)
       [8] apply_identity (res://source_operators/operator_visual.gd:103)
       [9] apply_actor (res://source_operators/operator_visual.gd:190)
       [10] apply_state (res://world/presentation.gd:119)
       [11] on_results (res://lattice/world_demo.gd:371)
       [12] deliver_frame (res://net/client.gd:442)
       [13] decode_text (res://net/client.gd:340)
       [14] decode_text (res://lattice/transport.gd:163)
       [15] wire (res://tests/lattice/usability_contract.gd:29)
       [16] run (res://tests/lattice/usability_contract.gd:127)
ERROR: Cannot get path of node as it is not in a scene tree.
   at: get_path (scene/main/node.cpp:2374)
   GDScript backtrace (most recent call first):
       [0] _collect (res://source_operators/moth_finish/binder.gd:145)
       [1] _collect (res://source_operators/moth_finish/binder.gd:180)
       [2] _collect (res://source_operators/moth_finish/binder.gd:180)
       [3] _collect (res://source_operators/moth_finish/binder.gd:180)
       [4] _collect (res://source_operators/moth_finish/binder.gd:180)
       [5] _collect (res://source_operators/moth_finish/binder.gd:180)
       [6] _collect (res://source_operators/moth_finish/binder.gd:180)
       [7] bind (res://source_operators/moth_finish/binder.gd:35)
       [8] apply_identity (res://source_operators/operator_visual.gd:103)
       [9] apply_actor (res://source_operators/operator_visual.gd:190)
       [10] apply_state (res://world/presentation.gd:119)
       [11] on_results (res://lattice/world_demo.gd:371)
       [12] deliver_frame (res://net/client.gd:442)
       [13] decode_text (res://net/client.gd:340)
       [14] decode_text (res://lattice/transport.gd:163)
       [15] wire (res://tests/lattice/usability_contract.gd:29)
       [16] run (res://tests/lattice/usability_contract.gd:127)
ERROR: Cannot get path of node as it is not in a scene tree.
   at: get_path (scene/main/node.cpp:2374)
   GDScript backtrace (most recent call first):
       [0] _collect (res://source_operators/moth_finish/binder.gd:145)
       [1] _collect (res://source_operators/moth_finish/binder.gd:180)
       [2] _collect (res://source_operators/moth_finish/binder.gd:180)
       [3] _collect (res://source_operators/moth_finish/binder.gd:180)
       [4] _collect (res://source_operators/moth_finish/binder.gd:180)
       [5] _collect (res://source_operators/moth_finish/binder.gd:180)
       [6] _collect (res://source_operators/moth_finish/binder.gd:180)
       [7] bind (res://source_operators/moth_finish/binder.gd:35)
       [8] apply_identity (res://source_operators/operator_visual.gd:103)
       [9] apply_actor (res://source_operators/operator_visual.gd:190)
       [10] apply_state (res://world/presentation.gd:119)
       [11] on_results (res://lattice/world_demo.gd:371)
       [12] deliver_frame (res://net/client.gd:442)
       [13] decode_text (res://net/client.gd:340)
       [14] decode_text (res://lattice/transport.gd:163)
       [15] wire (res://tests/lattice/usability_contract.gd:29)
       [16] run (res://tests/lattice/usability_contract.gd:127)
ERROR: Cannot get path of node as it is not in a scene tree.
   at: get_path (scene/main/node.cpp:2374)
   GDScript backtrace (most recent call first):
       [0] _collect (res://source_operators/moth_finish/binder.gd:145)
       [1] _collect (res://source_operators/moth_finish/binder.gd:180)
       [2] _collect (res://source_operators/moth_finish/binder.gd:180)
       [3] _collect (res://source_operators/moth_finish/binder.gd:180)
       [4] _collect (res://source_operators/moth_finish/binder.gd:180)
       [5] _collect (res://source_operators/moth_finish/binder.gd:180)
       [6] _collect (res://source_operators/moth_finish/binder.gd:180)
       [7] bind (res://source_operators/moth_finish/binder.gd:35)
       [8] apply_identity (res://source_operators/operator_visual.gd:103)
       [9] apply_actor (res://source_operators/operator_visual.gd:190)
       [10] apply_state (res://world/presentation.gd:119)
       [11] on_results (res://lattice/world_demo.gd:371)
       [12] deliver_frame (res://net/client.gd:442)
       [13] decode_text (res://net/client.gd:340)
       [14] decode_text (res://lattice/transport.gd:163)
       [15] wire (res://tests/lattice/usability_contract.gd:29)
       [16] run (res://tests/lattice/usability_contract.gd:127)
ERROR: Cannot get path of node as it is not in a scene tree.
   at: get_path (scene/main/node.cpp:2374)
   GDScript backtrace (most recent call first):
       [0] _collect (res://source_operators/moth_finish/binder.gd:145)
       [1] _collect (res://source_operators/moth_finish/binder.gd:180)
       [2] _collect (res://source_operators/moth_finish/binder.gd:180)
       [3] _collect (res://source_operators/moth_finish/binder.gd:180)
       [4] _collect (res://source_operators/moth_finish/binder.gd:180)
       [5] _collect (res://source_operators/moth_finish/binder.gd:180)
       [6] _collect (res://source_operators/moth_finish/binder.gd:180)
       [7] bind (res://source_operators/moth_finish/binder.gd:35)
       [8] apply_identity (res://source_operators/operator_visual.gd:103)
       [9] apply_actor (res://source_operators/operator_visual.gd:190)
       [10] apply_state (res://world/presentation.gd:119)
       [11] on_results (res://lattice/world_demo.gd:371)
       [12] deliver_frame (res://net/client.gd:442)
       [13] decode_text (res://net/client.gd:340)
       [14] decode_text (res://lattice/transport.gd:163)
       [15] wire (res://tests/lattice/usability_contract.gd:29)
       [16] run (res://tests/lattice/usability_contract.gd:127)
ERROR: Cannot get path of node as it is not in a scene tree.
   at: get_path (scene/main/node.cpp:2374)
   GDScript backtrace (most recent call first):
       [0] _collect (res://source_operators/moth_finish/binder.gd:145)
       [1] _collect (res://source_operators/moth_finish/binder.gd:180)
       [2] _collect (res://source_operators/moth_finish/binder.gd:180)
       [3] _collect (res://source_operators/moth_finish/binder.gd:180)
       [4] _collect (res://source_operators/moth_finish/binder.gd:180)
       [5] _collect (res://source_operators/moth_finish/binder.gd:180)
       [6] _collect (res://source_operators/moth_finish/binder.gd:180)
       [7] bind (res://source_operators/moth_finish/binder.gd:35)
       [8] apply_identity (res://source_operators/operator_visual.gd:103)
       [9] apply_actor (res://source_operators/operator_visual.gd:190)
       [10] apply_state (res://world/presentation.gd:119)
       [11] on_results (res://lattice/world_demo.gd:371)
       [12] deliver_frame (res://net/client.gd:442)
       [13] decode_text (res://net/client.gd:340)
       [14] decode_text (res://lattice/transport.gd:163)
       [15] wire (res://tests/lattice/usability_contract.gd:29)
       [16] run (res://tests/lattice/usability_contract.gd:127)
ERROR: Cannot get path of node as it is not in a scene tree.
   at: get_path (scene/main/node.cpp:2374)
   GDScript backtrace (most recent call first):
       [0] _collect (res://source_operators/moth_finish/binder.gd:145)
       [1] _collect (res://source_operators/moth_finish/binder.gd:180)
       [2] _collect (res://source_operators/moth_finish/binder.gd:180)
       [3] _collect (res://source_operators/moth_finish/binder.gd:180)
       [4] _collect (res://source_operators/moth_finish/binder.gd:180)
       [5] _collect (res://source_operators/moth_finish/binder.gd:180)
       [6] _collect (res://source_operators/moth_finish/binder.gd:180)
       [7] bind (res://source_operators/moth_finish/binder.gd:35)
       [8] apply_identity (res://source_operators/operator_visual.gd:103)
       [9] apply_actor (res://source_operators/operator_visual.gd:190)
       [10] apply_state (res://world/presentation.gd:119)
       [11] on_results (res://lattice/world_demo.gd:371)
       [12] deliver_frame (res://net/client.gd:442)
       [13] decode_text (res://net/client.gd:340)
       [14] decode_text (res://lattice/transport.gd:163)
       [15] wire (res://tests/lattice/usability_contract.gd:29)
       [16] run (res://tests/lattice/usability_contract.gd:127)
ERROR: Cannot get path of node as it is not in a scene tree.
   at: get_path (scene/main/node.cpp:2374)
   GDScript backtrace (most recent call first):
       [0] _collect (res://source_operators/moth_finish/binder.gd:145)
       [1] _collect (res://source_operators/moth_finish/binder.gd:180)
       [2] _collect (res://source_operators/moth_finish/binder.gd:180)
       [3] _collect (res://source_operators/moth_finish/binder.gd:180)
       [4] _collect (res://source_operators/moth_finish/binder.gd:180)
       [5] _collect (res://source_operators/moth_finish/binder.gd:180)
       [6] _collect (res://source_operators/moth_finish/binder.gd:180)
       [7] bind (res://source_operators/moth_finish/binder.gd:35)
       [8] apply_identity (res://source_operators/operator_visual.gd:103)
       [9] apply_actor (res://source_operators/operator_visual.gd:190)
       [10] apply_state (res://world/presentation.gd:119)
       [11] on_results (res://lattice/world_demo.gd:371)
       [12] deliver_frame (res://net/client.gd:442)
       [13] decode_text (res://net/client.gd:340)
       [14] decode_text (res://lattice/transport.gd:163)
       [15] wire (res://tests/lattice/usability_contract.gd:29)
       [16] run (res://tests/lattice/usability_contract.gd:127)
ERROR: Cannot get path of node as it is not in a scene tree.
   at: get_path (scene/main/node.cpp:2374)
   GDScript backtrace (most recent call first):
       [0] _collect (res://source_operators/moth_finish/binder.gd:145)
       [1] _collect (res://source_operators/moth_finish/binder.gd:180)
       [2] _collect (res://source_operators/moth_finish/binder.gd:180)
       [3] _collect (res://source_operators/moth_finish/binder.gd:180)
       [4] _collect (res://source_operators/moth_finish/binder.gd:180)
       [5] _collect (res://source_operators/moth_finish/binder.gd:180)
       [6] _collect (res://source_operators/moth_finish/binder.gd:180)
       [7] bind (res://source_operators/moth_finish/binder.gd:35)
       [8] apply_identity (res://source_operators/operator_visual.gd:103)
       [9] apply_actor (res://source_operators/operator_visual.gd:190)
       [10] apply_state (res://world/presentation.gd:119)
       [11] on_results (res://lattice/world_demo.gd:371)
       [12] deliver_frame (res://net/client.gd:442)
       [13] decode_text (res://net/client.gd:340)
       [14] decode_text (res://lattice/transport.gd:163)
       [15] wire (res://tests/lattice/usability_contract.gd:29)
       [16] run (res://tests/lattice/usability_contract.gd:127)
ERROR: Cannot get path of node as it is not in a scene tree.
   at: get_path (scene/main/node.cpp:2374)
   GDScript backtrace (most recent call first):
       [0] _collect (res://source_operators/moth_finish/binder.gd:145)
       [1] _collect (res://source_operators/moth_finish/binder.gd:180)
       [2] _collect (res://source_operators/moth_finish/binder.gd:180)
       [3] _collect (res://source_operators/moth_finish/binder.gd:180)
       [4] _collect (res://source_operators/moth_finish/binder.gd:180)
       [5] _collect (res://source_operators/moth_finish/binder.gd:180)
       [6] _collect (res://source_operators/moth_finish/binder.gd:180)
       [7] bind (res://source_operators/moth_finish/binder.gd:35)
       [8] apply_identity (res://source_operators/operator_visual.gd:103)
       [9] apply_actor (res://source_operators/operator_visual.gd:190)
       [10] apply_state (res://world/presentation.gd:119)
       [11] on_results (res://lattice/world_demo.gd:371)
       [12] deliver_frame (res://net/client.gd:442)
       [13] decode_text (res://net/client.gd:340)
       [14] decode_text (res://lattice/transport.gd:163)
       [15] wire (res://tests/lattice/usability_contract.gd:29)
       [16] run (res://tests/lattice/usability_contract.gd:127)
ERROR: Cannot get path of node as it is not in a scene tree.
   at: get_path (scene/main/node.cpp:2374)
   GDScript backtrace (most recent call first):
       [0] _collect (res://source_operators/moth_finish/binder.gd:145)
       [1] _collect (res://source_operators/moth_finish/binder.gd:180)
       [2] _collect (res://source_operators/moth_finish/binder.gd:180)
       [3] _collect (res://source_operators/moth_finish/binder.gd:180)
       [4] _collect (res://source_operators/moth_finish/binder.gd:180)
       [5] _collect (res://source_operators/moth_finish/binder.gd:180)
       [6] bind (res://source_operators/moth_finish/binder.gd:35)
       [7] apply_identity (res://source_operators/operator_visual.gd:103)
       [8] apply_actor (res://source_operators/operator_visual.gd:190)
       [9] apply_state (res://world/presentation.gd:119)
       [10] on_results (res://lattice/world_demo.gd:371)
       [11] deliver_frame (res://net/client.gd:442)
       [12] decode_text (res://net/client.gd:340)
       [13] decode_text (res://lattice/transport.gd:163)
       [14] wire (res://tests/lattice/usability_contract.gd:29)
       [15] run (res://tests/lattice/usability_contract.gd:127)
ERROR: Cannot get path of node as it is not in a scene tree.
   at: get_path (scene/main/node.cpp:2374)
   GDScript backtrace (most recent call first):
       [0] _collect (res://source_operators/moth_finish/binder.gd:145)
       [1] _collect (res://source_operators/moth_finish/binder.gd:180)
       [2] _collect (res://source_operators/moth_finish/binder.gd:180)
       [3] _collect (res://source_operators/moth_finish/binder.gd:180)
       [4] _collect (res://source_operators/moth_finish/binder.gd:180)
       [5] _collect (res://source_operators/moth_finish/binder.gd:180)
       [6] bind (res://source_operators/moth_finish/binder.gd:35)
       [7] apply_identity (res://source_operators/operator_visual.gd:103)
       [8] apply_actor (res://source_operators/operator_visual.gd:190)
       [9] apply_state (res://world/presentation.gd:119)
       [10] on_results (res://lattice/world_demo.gd:371)
       [11] deliver_frame (res://net/client.gd:442)
       [12] decode_text (res://net/client.gd:340)
       [13] decode_text (res://lattice/transport.gd:163)
       [14] wire (res://tests/lattice/usability_contract.gd:29)
       [15] run (res://tests/lattice/usability_contract.gd:127)
ERROR: Cannot get path of node as it is not in a scene tree.
   at: get_path (scene/main/node.cpp:2374)
   GDScript backtrace (most recent call first):
       [0] _collect (res://source_operators/moth_finish/binder.gd:145)
       [1] _collect (res://source_operators/moth_finish/binder.gd:180)
       [2] _collect (res://source_operators/moth_finish/binder.gd:180)
       [3] _collect (res://source_operators/moth_finish/binder.gd:180)
       [4] _collect (res://source_operators/moth_finish/binder.gd:180)
       [5] _collect (res://source_operators/moth_finish/binder.gd:180)
       [6] bind (res://source_operators/moth_finish/binder.gd:35)
       [7] apply_identity (res://source_operators/operator_visual.gd:103)
       [8] apply_actor (res://source_operators/operator_visual.gd:190)
       [9] apply_state (res://world/presentation.gd:119)
       [10] on_results (res://lattice/world_demo.gd:371)
       [11] deliver_frame (res://net/client.gd:442)
       [12] decode_text (res://net/client.gd:340)
       [13] decode_text (res://lattice/transport.gd:163)
       [14] wire (res://tests/lattice/usability_contract.gd:29)
       [15] run (res://tests/lattice/usability_contract.gd:127)
ERROR: Cannot get path of node as it is not in a scene tree.
   at: get_path (scene/main/node.cpp:2374)
   GDScript backtrace (most recent call first):
       [0] _collect (res://source_operators/moth_finish/binder.gd:145)
       [1] _collect (res://source_operators/moth_finish/binder.gd:180)
       [2] _collect (res://source_operators/moth_finish/binder.gd:180)
       [3] _collect (res://source_operators/moth_finish/binder.gd:180)
       [4] _collect (res://source_operators/moth_finish/binder.gd:180)
       [5] _collect (res://source_operators/moth_finish/binder.gd:180)
       [6] bind (res://source_operators/moth_finish/binder.gd:35)
       [7] apply_identity (res://source_operators/operator_visual.gd:103)
       [8] apply_actor (res://source_operators/operator_visual.gd:190)
       [9] apply_state (res://world/presentation.gd:119)
       [10] on_results (res://lattice/world_demo.gd:371)
       [11] deliver_frame (res://net/client.gd:442)
       [12] decode_text (res://net/client.gd:340)
       [13] decode_text (res://lattice/transport.gd:163)
       [14] wire (res://tests/lattice/usability_contract.gd:29)
       [15] run (res://tests/lattice/usability_contract.gd:127)
ERROR: Cannot get path of node as it is not in a scene tree.
   at: get_path (scene/main/node.cpp:2374)
   GDScript backtrace (most recent call first):
       [0] _collect (res://source_operators/moth_finish/binder.gd:145)
       [1] _collect (res://source_operators/moth_finish/binder.gd:180)
       [2] _collect (res://source_operators/moth_finish/binder.gd:180)
       [3] _collect (res://source_operators/moth_finish/binder.gd:180)
       [4] _collect (res://source_operators/moth_finish/binder.gd:180)
       [5] _collect (res://source_operators/moth_finish/binder.gd:180)
       [6] bind (res://source_operators/moth_finish/binder.gd:35)
       [7] apply_identity (res://source_operators/operator_visual.gd:103)
       [8] apply_actor (res://source_operators/operator_visual.gd:190)
       [9] apply_state (res://world/presentation.gd:119)
       [10] on_results (res://lattice/world_demo.gd:371)
       [11] deliver_frame (res://net/client.gd:442)
       [12] decode_text (res://net/client.gd:340)
       [13] decode_text (res://lattice/transport.gd:163)
       [14] wire (res://tests/lattice/usability_contract.gd:29)
       [15] run (res://tests/lattice/usability_contract.gd:127)
ERROR: Cannot get path of node as it is not in a scene tree.
   at: get_path (scene/main/node.cpp:2374)
   GDScript backtrace (most recent call first):
       [0] _collect (res://source_operators/moth_finish/binder.gd:145)
       [1] _collect (res://source_operators/moth_finish/binder.gd:180)
       [2] _collect (res://source_operators/moth_finish/binder.gd:180)
       [3] _collect (res://source_operators/moth_finish/binder.gd:180)
       [4] _collect (res://source_operators/moth_finish/binder.gd:180)
       [5] _collect (res://source_operators/moth_finish/binder.gd:180)
       [6] _collect (res://source_operators/moth_finish/binder.gd:180)
       [7] _collect (res://source_operators/moth_finish/binder.gd:180)
       [8] _collect (res://source_operators/moth_finish/binder.gd:180)
       [9] _collect (res://source_operators/moth_finish/binder.gd:180)
       [10] bind (res://source_operators/moth_finish/binder.gd:35)
       [11] apply_identity (res://source_operators/operator_visual.gd:103)
       [12] apply_actor (res://source_operators/operator_visual.gd:190)
       [13] apply_state (res://world/presentation.gd:119)
       [14] on_results (res://lattice/world_demo.gd:371)
       [15] deliver_frame (res://net/client.gd:442)
       [16] decode_text (res://net/client.gd:340)
       [17] decode_text (res://lattice/transport.gd:163)
       [18] wire (res://tests/lattice/usability_contract.gd:29)
       [19] run (res://tests/lattice/usability_contract.gd:127)
ERROR: Cannot get path of node as it is not in a scene tree.
   at: get_path (scene/main/node.cpp:2374)
   GDScript backtrace (most recent call first):
       [0] _collect (res://source_operators/moth_finish/binder.gd:145)
       [1] _collect (res://source_operators/moth_finish/binder.gd:180)
       [2] _collect (res://source_operators/moth_finish/binder.gd:180)
       [3] _collect (res://source_operators/moth_finish/binder.gd:180)
       [4] _collect (res://source_operators/moth_finish/binder.gd:180)
       [5] _collect (res://source_operators/moth_finish/binder.gd:180)
       [6] _collect (res://source_operators/moth_finish/binder.gd:180)
       [7] _collect (res://source_operators/moth_finish/binder.gd:180)
       [8] _collect (res://source_operators/moth_finish/binder.gd:180)
       [9] _collect (res://source_operators/moth_finish/binder.gd:180)
       [10] bind (res://source_operators/moth_finish/binder.gd:35)
       [11] apply_identity (res://source_operators/operator_visual.gd:103)
       [12] apply_actor (res://source_operators/operator_visual.gd:190)
       [13] apply_state (res://world/presentation.gd:119)
       [14] on_results (res://lattice/world_demo.gd:371)
       [15] deliver_frame (res://net/client.gd:442)
       [16] decode_text (res://net/client.gd:340)
       [17] decode_text (res://lattice/transport.gd:163)
       [18] wire (res://tests/lattice/usability_contract.gd:29)
       [19] run (res://tests/lattice/usability_contract.gd:127)
ERROR: Cannot get path of node as it is not in a scene tree.
   at: get_path (scene/main/node.cpp:2374)
   GDScript backtrace (most recent call first):
       [0] _collect (res://source_operators/moth_finish/binder.gd:145)
       [1] _collect (res://source_operators/moth_finish/binder.gd:180)
       [2] _collect (res://source_operators/moth_finish/binder.gd:180)
       [3] _collect (res://source_operators/moth_finish/binder.gd:180)
       [4] _collect (res://source_operators/moth_finish/binder.gd:180)
       [5] _collect (res://source_operators/moth_finish/binder.gd:180)
       [6] _collect (res://source_operators/moth_finish/binder.gd:180)
       [7] _collect (res://source_operators/moth_finish/binder.gd:180)
       [8] _collect (res://source_operators/moth_finish/binder.gd:180)
       [9] _collect (res://source_operators/moth_finish/binder.gd:180)
       [10] bind (res://source_operators/moth_finish/binder.gd:35)
       [11] apply_identity (res://source_operators/operator_visual.gd:103)
       [12] apply_actor (res://source_operators/operator_visual.gd:190)
       [13] apply_state (res://world/presentation.gd:119)
       [14] on_results (res://lattice/world_demo.gd:371)
       [15] deliver_frame (res://net/client.gd:442)
       [16] decode_text (res://net/client.gd:340)
       [17] decode_text (res://lattice/transport.gd:163)
       [18] wire (res://tests/lattice/usability_contract.gd:29)
       [19] run (res://tests/lattice/usability_contract.gd:127)
ERROR: Cannot get path of node as it is not in a scene tree.
   at: get_path (scene/main/node.cpp:2374)
   GDScript backtrace (most recent call first):
       [0] _collect (res://source_operators/moth_finish/binder.gd:145)
       [1] _collect (res://source_operators/moth_finish/binder.gd:180)
       [2] _collect (res://source_operators/moth_finish/binder.gd:180)
       [3] _collect (res://source_operators/moth_finish/binder.gd:180)
       [4] _collect (res://source_operators/moth_finish/binder.gd:180)
       [5] _collect (res://source_operators/moth_finish/binder.gd:180)
       [6] _collect (res://source_operators/moth_finish/binder.gd:180)
       [7] _collect (res://source_operators/moth_finish/binder.gd:180)
       [8] _collect (res://source_operators/moth_finish/binder.gd:180)
       [9] _collect (res://source_operators/moth_finish/binder.gd:180)
       [10] bind (res://source_operators/moth_finish/binder.gd:35)
       [11] apply_identity (res://source_operators/operator_visual.gd:103)
       [12] apply_actor (res://source_operators/operator_visual.gd:190)
       [13] apply_state (res://world/presentation.gd:119)
       [14] on_results (res://lattice/world_demo.gd:371)
       [15] deliver_frame (res://net/client.gd:442)
       [16] decode_text (res://net/client.gd:340)
       [17] decode_text (res://lattice/transport.gd:163)
       [18] wire (res://tests/lattice/usability_contract.gd:29)
       [19] run (res://tests/lattice/usability_contract.gd:127)
ERROR: Cannot get path of node as it is not in a scene tree.
   at: get_path (scene/main/node.cpp:2374)
   GDScript backtrace (most recent call first):
       [0] _collect (res://source_operators/moth_finish/binder.gd:145)
       [1] _collect (res://source_operators/moth_finish/binder.gd:180)
       [2] _collect (res://source_operators/moth_finish/binder.gd:180)
       [3] _collect (res://source_operators/moth_finish/binder.gd:180)
       [4] _collect (res://source_operators/moth_finish/binder.gd:180)
       [5] _collect (res://source_operators/moth_finish/binder.gd:180)
       [6] _collect (res://source_operators/moth_finish/binder.gd:180)
       [7] _collect (res://source_operators/moth_finish/binder.gd:180)
       [8] _collect (res://source_operators/moth_finish/binder.gd:180)
       [9] bind (res://source_operators/moth_finish/binder.gd:35)
       [10] apply_identity (res://source_operators/operator_visual.gd:103)
       [11] apply_actor (res://source_operators/operator_visual.gd:190)
       [12] apply_state (res://world/presentation.gd:119)
       [13] on_results (res://lattice/world_demo.gd:371)
       [14] deliver_frame (res://net/client.gd:442)
       [15] decode_text (res://net/client.gd:340)
       [16] decode_text (res://lattice/transport.gd:163)
       [17] wire (res://tests/lattice/usability_contract.gd:29)
       [18] run (res://tests/lattice/usability_contract.gd:127)
ERROR: Cannot get path of node as it is not in a scene tree.
   at: get_path (scene/main/node.cpp:2374)
   GDScript backtrace (most recent call first):
       [0] _collect (res://source_operators/moth_finish/binder.gd:145)
       [1] _collect (res://source_operators/moth_finish/binder.gd:180)
       [2] _collect (res://source_operators/moth_finish/binder.gd:180)
       [3] _collect (res://source_operators/moth_finish/binder.gd:180)
       [4] _collect (res://source_operators/moth_finish/binder.gd:180)
       [5] _collect (res://source_operators/moth_finish/binder.gd:180)
       [6] _collect (res://source_operators/moth_finish/binder.gd:180)
       [7] _collect (res://source_operators/moth_finish/binder.gd:180)
       [8] _collect (res://source_operators/moth_finish/binder.gd:180)
       [9] bind (res://source_operators/moth_finish/binder.gd:35)
       [10] apply_identity (res://source_operators/operator_visual.gd:103)
       [11] apply_actor (res://source_operators/operator_visual.gd:190)
       [12] apply_state (res://world/presentation.gd:119)
       [13] on_results (res://lattice/world_demo.gd:371)
       [14] deliver_frame (res://net/client.gd:442)
       [15] decode_text (res://net/client.gd:340)
       [16] decode_text (res://lattice/transport.gd:163)
       [17] wire (res://tests/lattice/usability_contract.gd:29)
       [18] run (res://tests/lattice/usability_contract.gd:127)
ERROR: Cannot get path of node as it is not in a scene tree.
   at: get_path (scene/main/node.cpp:2374)
   GDScript backtrace (most recent call first):
       [0] _collect (res://source_operators/moth_finish/binder.gd:145)
       [1] _collect (res://source_operators/moth_finish/binder.gd:180)
       [2] _collect (res://source_operators/moth_finish/binder.gd:180)
       [3] _collect (res://source_operators/moth_finish/binder.gd:180)
       [4] _collect (res://source_operators/moth_finish/binder.gd:180)
       [5] _collect (res://source_operators/moth_finish/binder.gd:180)
       [6] _collect (res://source_operators/moth_finish/binder.gd:180)
       [7] _collect (res://source_operators/moth_finish/binder.gd:180)
       [8] _collect (res://source_operators/moth_finish/binder.gd:180)
       [9] bind (res://source_operators/moth_finish/binder.gd:35)
       [10] apply_identity (res://source_operators/operator_visual.gd:103)
       [11] apply_actor (res://source_operators/operator_visual.gd:190)
       [12] apply_state (res://world/presentation.gd:119)
       [13] on_results (res://lattice/world_demo.gd:371)
       [14] deliver_frame (res://net/client.gd:442)
       [15] decode_text (res://net/client.gd:340)
       [16] decode_text (res://lattice/transport.gd:163)
       [17] wire (res://tests/lattice/usability_contract.gd:29)
       [18] run (res://tests/lattice/usability_contract.gd:127)
ERROR: Cannot get path of node as it is not in a scene tree.
   at: get_path (scene/main/node.cpp:2374)
   GDScript backtrace (most recent call first):
       [0] _collect (res://source_operators/moth_finish/binder.gd:145)
       [1] _collect (res://source_operators/moth_finish/binder.gd:180)
       [2] _collect (res://source_operators/moth_finish/binder.gd:180)
       [3] _collect (res://source_operators/moth_finish/binder.gd:180)
       [4] _collect (res://source_operators/moth_finish/binder.gd:180)
       [5] _collect (res://source_operators/moth_finish/binder.gd:180)
       [6] _collect (res://source_operators/moth_finish/binder.gd:180)
       [7] _collect (res://source_operators/moth_finish/binder.gd:180)
       [8] _collect (res://source_operators/moth_finish/binder.gd:180)
       [9] bind (res://source_operators/moth_finish/binder.gd:35)
       [10] apply_identity (res://source_operators/operator_visual.gd:103)
       [11] apply_actor (res://source_operators/operator_visual.gd:190)
       [12] apply_state (res://world/presentation.gd:119)
       [13] on_results (res://lattice/world_demo.gd:371)
       [14] deliver_frame (res://net/client.gd:442)
       [15] decode_text (res://net/client.gd:340)
       [16] decode_text (res://lattice/transport.gd:163)
       [17] wire (res://tests/lattice/usability_contract.gd:29)
       [18] run (res://tests/lattice/usability_contract.gd:127)
ERROR: Cannot get path of node as it is not in a scene tree.
   at: get_path (scene/main/node.cpp:2374)
   GDScript backtrace (most recent call first):
       [0] _collect (res://source_operators/moth_finish/binder.gd:145)
       [1] _collect (res://source_operators/moth_finish/binder.gd:180)
       [2] _collect (res://source_operators/moth_finish/binder.gd:180)
       [3] _collect (res://source_operators/moth_finish/binder.gd:180)
       [4] _collect (res://source_operators/moth_finish/binder.gd:180)
       [5] _collect (res://source_operators/moth_finish/binder.gd:180)
       [6] _collect (res://source_operators/moth_finish/binder.gd:180)
       [7] _collect (res://source_operators/moth_finish/binder.gd:180)
       [8] _collect (res://source_operators/moth_finish/binder.gd:180)
       [9] bind (res://source_operators/moth_finish/binder.gd:35)
       [10] apply_identity (res://source_operators/operator_visual.gd:103)
       [11] apply_actor (res://source_operators/operator_visual.gd:190)
       [12] apply_state (res://world/presentation.gd:119)
       [13] on_results (res://lattice/world_demo.gd:371)
       [14] deliver_frame (res://net/client.gd:442)
       [15] decode_text (res://net/client.gd:340)
       [16] decode_text (res://lattice/transport.gd:163)
       [17] wire (res://tests/lattice/usability_contract.gd:29)
       [18] run (res://tests/lattice/usability_contract.gd:127)
ERROR: Cannot get path of node as it is not in a scene tree.
   at: get_path (scene/main/node.cpp:2374)
   GDScript backtrace (most recent call first):
       [0] _collect (res://source_operators/moth_finish/binder.gd:145)
       [1] _collect (res://source_operators/moth_finish/binder.gd:180)
       [2] _collect (res://source_operators/moth_finish/binder.gd:180)
       [3] _collect (res://source_operators/moth_finish/binder.gd:180)
       [4] _collect (res://source_operators/moth_finish/binder.gd:180)
       [5] _collect (res://source_operators/moth_finish/binder.gd:180)
       [6] _collect (res://source_operators/moth_finish/binder.gd:180)
       [7] _collect (res://source_operators/moth_finish/binder.gd:180)
       [8] _collect (res://source_operators/moth_finish/binder.gd:180)
       [9] bind (res://source_operators/moth_finish/binder.gd:35)
       [10] apply_identity (res://source_operators/operator_visual.gd:103)
       [11] apply_actor (res://source_operators/operator_visual.gd:190)
       [12] apply_state (res://world/presentation.gd:119)
       [13] on_results (res://lattice/world_demo.gd:371)
       [14] deliver_frame (res://net/client.gd:442)
       [15] decode_text (res://net/client.gd:340)
       [16] decode_text (res://lattice/transport.gd:163)
       [17] wire (res://tests/lattice/usability_contract.gd:29)
       [18] run (res://tests/lattice/usability_contract.gd:127)
ERROR: Cannot get path of node as it is not in a scene tree.
   at: get_path (scene/main/node.cpp:2374)
   GDScript backtrace (most recent call first):
       [0] _collect (res://source_operators/moth_finish/binder.gd:145)
       [1] _collect (res://source_operators/moth_finish/binder.gd:180)
       [2] _collect (res://source_operators/moth_finish/binder.gd:180)
       [3] _collect (res://source_operators/moth_finish/binder.gd:180)
       [4] _collect (res://source_operators/moth_finish/binder.gd:180)
       [5] _collect (res://source_operators/moth_finish/binder.gd:180)
       [6] _collect (res://source_operators/moth_finish/binder.gd:180)
       [7] _collect (res://source_operators/moth_finish/binder.gd:180)
       [8] _collect (res://source_operators/moth_finish/binder.gd:180)
       [9] bind (res://source_operators/moth_finish/binder.gd:35)
       [10] apply_identity (res://source_operators/operator_visual.gd:103)
       [11] apply_actor (res://source_operators/operator_visual.gd:190)
       [12] apply_state (res://world/presentation.gd:119)
       [13] on_results (res://lattice/world_demo.gd:371)
       [14] deliver_frame (res://net/client.gd:442)
       [15] decode_text (res://net/client.gd:340)
       [16] decode_text (res://lattice/transport.gd:163)
       [17] wire (res://tests/lattice/usability_contract.gd:29)
       [18] run (res://tests/lattice/usability_contract.gd:127)
ERROR: Cannot get path of node as it is not in a scene tree.
   at: get_path (scene/main/node.cpp:2374)
   GDScript backtrace (most recent call first):
       [0] _collect (res://source_operators/moth_finish/binder.gd:145)
       [1] _collect (res://source_operators/moth_finish/binder.gd:180)
       [2] _collect (res://source_operators/moth_finish/binder.gd:180)
       [3] _collect (res://source_operators/moth_finish/binder.gd:180)
       [4] _collect (res://source_operators/moth_finish/binder.gd:180)
       [5] _collect (res://source_operators/moth_finish/binder.gd:180)
       [6] _collect (res://source_operators/moth_finish/binder.gd:180)
       [7] _collect (res://source_operators/moth_finish/binder.gd:180)
       [8] bind (res://source_operators/moth_finish/binder.gd:35)
       [9] apply_identity (res://source_operators/operator_visual.gd:103)
       [10] apply_actor (res://source_operators/operator_visual.gd:190)
       [11] apply_state (res://world/presentation.gd:119)
       [12] on_results (res://lattice/world_demo.gd:371)
       [13] deliver_frame (res://net/client.gd:442)
       [14] decode_text (res://net/client.gd:340)
       [15] decode_text (res://lattice/transport.gd:163)
       [16] wire (res://tests/lattice/usability_contract.gd:29)
       [17] run (res://tests/lattice/usability_contract.gd:127)
ERROR: Cannot get path of node as it is not in a scene tree.
   at: get_path (scene/main/node.cpp:2374)
   GDScript backtrace (most recent call first):
       [0] _collect (res://source_operators/moth_finish/binder.gd:145)
       [1] _collect (res://source_operators/moth_finish/binder.gd:180)
       [2] _collect (res://source_operators/moth_finish/binder.gd:180)
       [3] _collect (res://source_operators/moth_finish/binder.gd:180)
       [4] _collect (res://source_operators/moth_finish/binder.gd:180)
       [5] _collect (res://source_operators/moth_finish/binder.gd:180)
       [6] _collect (res://source_operators/moth_finish/binder.gd:180)
       [7] _collect (res://source_operators/moth_finish/binder.gd:180)
       [8] bind (res://source_operators/moth_finish/binder.gd:35)
       [9] apply_identity (res://source_operators/operator_visual.gd:103)
       [10] apply_actor (res://source_operators/operator_visual.gd:190)
       [11] apply_state (res://world/presentation.gd:119)
       [12] on_results (res://lattice/world_demo.gd:371)
       [13] deliver_frame (res://net/client.gd:442)
       [14] decode_text (res://net/client.gd:340)
       [15] decode_text (res://lattice/transport.gd:163)
       [16] wire (res://tests/lattice/usability_contract.gd:29)
       [17] run (res://tests/lattice/usability_contract.gd:127)
ERROR: Cannot get path of node as it is not in a scene tree.
   at: get_path (scene/main/node.cpp:2374)
   GDScript backtrace (most recent call first):
       [0] _collect (res://source_operators/moth_finish/binder.gd:145)
       [1] _collect (res://source_operators/moth_finish/binder.gd:180)
       [2] _collect (res://source_operators/moth_finish/binder.gd:180)
       [3] _collect (res://source_operators/moth_finish/binder.gd:180)
       [4] _collect (res://source_operators/moth_finish/binder.gd:180)
       [5] _collect (res://source_operators/moth_finish/binder.gd:180)
       [6] _collect (res://source_operators/moth_finish/binder.gd:180)
       [7] bind (res://source_operators/moth_finish/binder.gd:35)
       [8] apply_identity (res://source_operators/operator_visual.gd:103)
       [9] apply_actor (res://source_operators/operator_visual.gd:190)
       [10] apply_state (res://world/presentation.gd:119)
       [11] on_results (res://lattice/world_demo.gd:371)
       [12] deliver_frame (res://net/client.gd:442)
       [13] decode_text (res://net/client.gd:340)
       [14] decode_text (res://lattice/transport.gd:163)
       [15] wire (res://tests/lattice/usability_contract.gd:29)
       [16] run (res://tests/lattice/usability_contract.gd:127)
ERROR: Cannot get path of node as it is not in a scene tree.
   at: get_path (scene/main/node.cpp:2374)
   GDScript backtrace (most recent call first):
       [0] _collect (res://source_operators/moth_finish/binder.gd:145)
       [1] _collect (res://source_operators/moth_finish/binder.gd:180)
       [2] _collect (res://source_operators/moth_finish/binder.gd:180)
       [3] _collect (res://source_operators/moth_finish/binder.gd:180)
       [4] _collect (res://source_operators/moth_finish/binder.gd:180)
       [5] _collect (res://source_operators/moth_finish/binder.gd:180)
       [6] _collect (res://source_operators/moth_finish/binder.gd:180)
       [7] bind (res://source_operators/moth_finish/binder.gd:35)
       [8] apply_identity (res://source_operators/operator_visual.gd:103)
       [9] apply_actor (res://source_operators/operator_visual.gd:190)
       [10] apply_state (res://world/presentation.gd:119)
       [11] on_results (res://lattice/world_demo.gd:371)
       [12] deliver_frame (res://net/client.gd:442)
       [13] decode_text (res://net/client.gd:340)
       [14] decode_text (res://lattice/transport.gd:163)
       [15] wire (res://tests/lattice/usability_contract.gd:29)
       [16] run (res://tests/lattice/usability_contract.gd:127)
ERROR: Cannot get path of node as it is not in a scene tree.
   at: get_path (scene/main/node.cpp:2374)
   GDScript backtrace (most recent call first):
       [0] _collect (res://source_operators/moth_finish/binder.gd:145)
       [1] _collect (res://source_operators/moth_finish/binder.gd:180)
       [2] _collect (res://source_operators/moth_finish/binder.gd:180)
       [3] _collect (res://source_operators/moth_finish/binder.gd:180)
       [4] _collect (res://source_operators/moth_finish/binder.gd:180)
       [5] _collect (res://source_operators/moth_finish/binder.gd:180)
       [6] _collect (res://source_operators/moth_finish/binder.gd:180)
       [7] bind (res://source_operators/moth_finish/binder.gd:35)
       [8] apply_identity (res://source_operators/operator_visual.gd:103)
       [9] apply_actor (res://source_operators/operator_visual.gd:190)
       [10] apply_state (res://world/presentation.gd:119)
       [11] on_results (res://lattice/world_demo.gd:371)
       [12] deliver_frame (res://net/client.gd:442)
       [13] decode_text (res://net/client.gd:340)
       [14] decode_text (res://lattice/transport.gd:163)
       [15] wire (res://tests/lattice/usability_contract.gd:29)
       [16] run (res://tests/lattice/usability_contract.gd:127)
ERROR: Cannot get path of node as it is not in a scene tree.
   at: get_path (scene/main/node.cpp:2374)
   GDScript backtrace (most recent call first):
       [0] _collect (res://source_operators/moth_finish/binder.gd:145)
       [1] _collect (res://source_operators/moth_finish/binder.gd:180)
       [2] _collect (res://source_operators/moth_finish/binder.gd:180)
       [3] _collect (res://source_operators/moth_finish/binder.gd:180)
       [4] _collect (res://source_operators/moth_finish/binder.gd:180)
       [5] _collect (res://source_operators/moth_finish/binder.gd:180)
       [6] _collect (res://source_operators/moth_finish/binder.gd:180)
       [7] bind (res://source_operators/moth_finish/binder.gd:35)
       [8] apply_identity (res://source_operators/operator_visual.gd:103)
       [9] apply_actor (res://source_operators/operator_visual.gd:190)
       [10] apply_state (res://world/presentation.gd:119)
       [11] on_results (res://lattice/world_demo.gd:371)
       [12] deliver_frame (res://net/client.gd:442)
       [13] decode_text (res://net/client.gd:340)
       [14] decode_text (res://lattice/transport.gd:163)
       [15] wire (res://tests/lattice/usability_contract.gd:29)
       [16] run (res://tests/lattice/usability_contract.gd:127)
ERROR: Cannot get path of node as it is not in a scene tree.
   at: get_path (scene/main/node.cpp:2374)
   GDScript backtrace (most recent call first):
       [0] _collect (res://source_operators/moth_finish/binder.gd:145)
       [1] _collect (res://source_operators/moth_finish/binder.gd:180)
       [2] _collect (res://source_operators/moth_finish/binder.gd:180)
       [3] _collect (res://source_operators/moth_finish/binder.gd:180)
       [4] _collect (res://source_operators/moth_finish/binder.gd:180)
       [5] _collect (res://source_operators/moth_finish/binder.gd:180)
       [6] bind (res://source_operators/moth_finish/binder.gd:35)
       [7] apply_identity (res://source_operators/operator_visual.gd:103)
       [8] apply_actor (res://source_operators/operator_visual.gd:190)
       [9] apply_state (res://world/presentation.gd:119)
       [10] on_results (res://lattice/world_demo.gd:371)
       [11] deliver_frame (res://net/client.gd:442)
       [12] decode_text (res://net/client.gd:340)
       [13] decode_text (res://lattice/transport.gd:163)
       [14] wire (res://tests/lattice/usability_contract.gd:29)
       [15] run (res://tests/lattice/usability_contract.gd:127)
ERROR: Cannot get path of node as it is not in a scene tree.
   at: get_path (scene/main/node.cpp:2374)
   GDScript backtrace (most recent call first):
       [0] _collect (res://source_operators/moth_finish/binder.gd:145)
       [1] _collect (res://source_operators/moth_finish/binder.gd:180)
       [2] _collect (res://source_operators/moth_finish/binder.gd:180)
       [3] _collect (res://source_operators/moth_finish/binder.gd:180)
       [4] _collect (res://source_operators/moth_finish/binder.gd:180)
       [5] _collect (res://source_operators/moth_finish/binder.gd:180)
       [6] bind (res://source_operators/moth_finish/binder.gd:35)
       [7] apply_identity (res://source_operators/operator_visual.gd:103)
       [8] apply_actor (res://source_operators/operator_visual.gd:190)
       [9] apply_state (res://world/presentation.gd:119)
       [10] on_results (res://lattice/world_demo.gd:371)
       [11] deliver_frame (res://net/client.gd:442)
       [12] decode_text (res://net/client.gd:340)
       [13] decode_text (res://lattice/transport.gd:163)
       [14] wire (res://tests/lattice/usability_contract.gd:29)
       [15] run (res://tests/lattice/usability_contract.gd:127)
ERROR: Cannot get path of node as it is not in a scene tree.
   at: get_path (scene/main/node.cpp:2374)
   GDScript backtrace (most recent call first):
       [0] _collect (res://source_operators/moth_finish/binder.gd:145)
       [1] _collect (res://source_operators/moth_finish/binder.gd:180)
       [2] _collect (res://source_operators/moth_finish/binder.gd:180)
       [3] _collect (res://source_operators/moth_finish/binder.gd:180)
       [4] _collect (res://source_operators/moth_finish/binder.gd:180)
       [5] _collect (res://source_operators/moth_finish/binder.gd:180)
       [6] _collect (res://source_operators/moth_finish/binder.gd:180)
       [7] _collect (res://source_operators/moth_finish/binder.gd:180)
       [8] _collect (res://source_operators/moth_finish/binder.gd:180)
       [9] _collect (res://source_operators/moth_finish/binder.gd:180)
       [10] bind (res://source_operators/moth_finish/binder.gd:35)
       [11] apply_identity (res://source_operators/operator_visual.gd:103)
       [12] apply_actor (res://source_operators/operator_visual.gd:190)
       [13] apply_state (res://world/presentation.gd:119)
       [14] on_results (res://lattice/world_demo.gd:371)
       [15] deliver_frame (res://net/client.gd:442)
       [16] decode_text (res://net/client.gd:340)
       [17] decode_text (res://lattice/transport.gd:163)
       [18] wire (res://tests/lattice/usability_contract.gd:29)
       [19] run (res://tests/lattice/usability_contract.gd:127)
ERROR: Cannot get path of node as it is not in a scene tree.
   at: get_path (scene/main/node.cpp:2374)
   GDScript backtrace (most recent call first):
       [0] _collect (res://source_operators/moth_finish/binder.gd:145)
       [1] _collect (res://source_operators/moth_finish/binder.gd:180)
       [2] _collect (res://source_operators/moth_finish/binder.gd:180)
       [3] _collect (res://source_operators/moth_finish/binder.gd:180)
       [4] _collect (res://source_operators/moth_finish/binder.gd:180)
       [5] _collect (res://source_operators/moth_finish/binder.gd:180)
       [6] _collect (res://source_operators/moth_finish/binder.gd:180)
       [7] _collect (res://source_operators/moth_finish/binder.gd:180)
       [8] _collect (res://source_operators/moth_finish/binder.gd:180)
       [9] _collect (res://source_operators/moth_finish/binder.gd:180)
       [10] bind (res://source_operators/moth_finish/binder.gd:35)
       [11] apply_identity (res://source_operators/operator_visual.gd:103)
       [12] apply_actor (res://source_operators/operator_visual.gd:190)
       [13] apply_state (res://world/presentation.gd:119)
       [14] on_results (res://lattice/world_demo.gd:371)
       [15] deliver_frame (res://net/client.gd:442)
       [16] decode_text (res://net/client.gd:340)
       [17] decode_text (res://lattice/transport.gd:163)
       [18] wire (res://tests/lattice/usability_contract.gd:29)
       [19] run (res://tests/lattice/usability_contract.gd:127)
ERROR: Cannot get path of node as it is not in a scene tree.
   at: get_path (scene/main/node.cpp:2374)
   GDScript backtrace (most recent call first):
       [0] _collect (res://source_operators/moth_finish/binder.gd:145)
       [1] _collect (res://source_operators/moth_finish/binder.gd:180)
       [2] _collect (res://source_operators/moth_finish/binder.gd:180)
       [3] _collect (res://source_operators/moth_finish/binder.gd:180)
       [4] _collect (res://source_operators/moth_finish/binder.gd:180)
       [5] _collect (res://source_operators/moth_finish/binder.gd:180)
       [6] _collect (res://source_operators/moth_finish/binder.gd:180)
       [7] _collect (res://source_operators/moth_finish/binder.gd:180)
       [8] _collect (res://source_operators/moth_finish/binder.gd:180)
       [9] _collect (res://source_operators/moth_finish/binder.gd:180)
       [10] bind (res://source_operators/moth_finish/binder.gd:35)
       [11] apply_identity (res://source_operators/operator_visual.gd:103)
       [12] apply_actor (res://source_operators/operator_visual.gd:190)
       [13] apply_state (res://world/presentation.gd:119)
       [14] on_results (res://lattice/world_demo.gd:371)
       [15] deliver_frame (res://net/client.gd:442)
       [16] decode_text (res://net/client.gd:340)
       [17] decode_text (res://lattice/transport.gd:163)
       [18] wire (res://tests/lattice/usability_contract.gd:29)
       [19] run (res://tests/lattice/usability_contract.gd:127)
ERROR: Cannot get path of node as it is not in a scene tree.
   at: get_path (scene/main/node.cpp:2374)
   GDScript backtrace (most recent call first):
       [0] _collect (res://source_operators/moth_finish/binder.gd:145)
       [1] _collect (res://source_operators/moth_finish/binder.gd:180)
       [2] _collect (res://source_operators/moth_finish/binder.gd:180)
       [3] _collect (res://source_operators/moth_finish/binder.gd:180)
       [4] _collect (res://source_operators/moth_finish/binder.gd:180)
       [5] _collect (res://source_operators/moth_finish/binder.gd:180)
       [6] _collect (res://source_operators/moth_finish/binder.gd:180)
       [7] _collect (res://source_operators/moth_finish/binder.gd:180)
       [8] _collect (res://source_operators/moth_finish/binder.gd:180)
       [9] _collect (res://source_operators/moth_finish/binder.gd:180)
       [10] bind (res://source_operators/moth_finish/binder.gd:35)
       [11] apply_identity (res://source_operators/operator_visual.gd:103)
       [12] apply_actor (res://source_operators/operator_visual.gd:190)
       [13] apply_state (res://world/presentation.gd:119)
       [14] on_results (res://lattice/world_demo.gd:371)
       [15] deliver_frame (res://net/client.gd:442)
       [16] decode_text (res://net/client.gd:340)
       [17] decode_text (res://lattice/transport.gd:163)
       [18] wire (res://tests/lattice/usability_contract.gd:29)
       [19] run (res://tests/lattice/usability_contract.gd:127)
ERROR: Cannot get path of node as it is not in a scene tree.
   at: get_path (scene/main/node.cpp:2374)
   GDScript backtrace (most recent call first):
       [0] _collect (res://source_operators/moth_finish/binder.gd:145)
       [1] _collect (res://source_operators/moth_finish/binder.gd:180)
       [2] _collect (res://source_operators/moth_finish/binder.gd:180)
       [3] _collect (res://source_operators/moth_finish/binder.gd:180)
       [4] _collect (res://source_operators/moth_finish/binder.gd:180)
       [5] _collect (res://source_operators/moth_finish/binder.gd:180)
       [6] _collect (res://source_operators/moth_finish/binder.gd:180)
       [7] _collect (res://source_operators/moth_finish/binder.gd:180)
       [8] _collect (res://source_operators/moth_finish/binder.gd:180)
       [9] bind (res://source_operators/moth_finish/binder.gd:35)
       [10] apply_identity (res://source_operators/operator_visual.gd:103)
       [11] apply_actor (res://source_operators/operator_visual.gd:190)
       [12] apply_state (res://world/presentation.gd:119)
       [13] on_results (res://lattice/world_demo.gd:371)
       [14] deliver_frame (res://net/client.gd:442)
       [15] decode_text (res://net/client.gd:340)
       [16] decode_text (res://lattice/transport.gd:163)
       [17] wire (res://tests/lattice/usability_contract.gd:29)
       [18] run (res://tests/lattice/usability_contract.gd:127)
ERROR: Cannot get path of node as it is not in a scene tree.
   at: get_path (scene/main/node.cpp:2374)
   GDScript backtrace (most recent call first):
       [0] _collect (res://source_operators/moth_finish/binder.gd:145)
       [1] _collect (res://source_operators/moth_finish/binder.gd:180)
       [2] _collect (res://source_operators/moth_finish/binder.gd:180)
       [3] _collect (res://source_operators/moth_finish/binder.gd:180)
       [4] _collect (res://source_operators/moth_finish/binder.gd:180)
       [5] _collect (res://source_operators/moth_finish/binder.gd:180)
       [6] _collect (res://source_operators/moth_finish/binder.gd:180)
       [7] _collect (res://source_operators/moth_finish/binder.gd:180)
       [8] _collect (res://source_operators/moth_finish/binder.gd:180)
       [9] bind (res://source_operators/moth_finish/binder.gd:35)
       [10] apply_identity (res://source_operators/operator_visual.gd:103)
       [11] apply_actor (res://source_operators/operator_visual.gd:190)
       [12] apply_state (res://world/presentation.gd:119)
       [13] on_results (res://lattice/world_demo.gd:371)
       [14] deliver_frame (res://net/client.gd:442)
       [15] decode_text (res://net/client.gd:340)
       [16] decode_text (res://lattice/transport.gd:163)
       [17] wire (res://tests/lattice/usability_contract.gd:29)
       [18] run (res://tests/lattice/usability_contract.gd:127)
ERROR: Cannot get path of node as it is not in a scene tree.
   at: get_path (scene/main/node.cpp:2374)
   GDScript backtrace (most recent call first):
       [0] _collect (res://source_operators/moth_finish/binder.gd:145)
       [1] _collect (res://source_operators/moth_finish/binder.gd:180)
       [2] _collect (res://source_operators/moth_finish/binder.gd:180)
       [3] _collect (res://source_operators/moth_finish/binder.gd:180)
       [4] _collect (res://source_operators/moth_finish/binder.gd:180)
       [5] _collect (res://source_operators/moth_finish/binder.gd:180)
       [6] _collect (res://source_operators/moth_finish/binder.gd:180)
       [7] _collect (res://source_operators/moth_finish/binder.gd:180)
       [8] _collect (res://source_operators/moth_finish/binder.gd:180)
       [9] bind (res://source_operators/moth_finish/binder.gd:35)
       [10] apply_identity (res://source_operators/operator_visual.gd:103)
       [11] apply_actor (res://source_operators/operator_visual.gd:190)
       [12] apply_state (res://world/presentation.gd:119)
       [13] on_results (res://lattice/world_demo.gd:371)
       [14] deliver_frame (res://net/client.gd:442)
       [15] decode_text (res://net/client.gd:340)
       [16] decode_text (res://lattice/transport.gd:163)
       [17] wire (res://tests/lattice/usability_contract.gd:29)
       [18] run (res://tests/lattice/usability_contract.gd:127)
ERROR: Cannot get path of node as it is not in a scene tree.
   at: get_path (scene/main/node.cpp:2374)
   GDScript backtrace (most recent call first):
       [0] _collect (res://source_operators/moth_finish/binder.gd:145)
       [1] _collect (res://source_operators/moth_finish/binder.gd:180)
       [2] _collect (res://source_operators/moth_finish/binder.gd:180)
       [3] _collect (res://source_operators/moth_finish/binder.gd:180)
       [4] _collect (res://source_operators/moth_finish/binder.gd:180)
       [5] _collect (res://source_operators/moth_finish/binder.gd:180)
       [6] _collect (res://source_operators/moth_finish/binder.gd:180)
       [7] _collect (res://source_operators/moth_finish/binder.gd:180)
       [8] _collect (res://source_operators/moth_finish/binder.gd:180)
       [9] bind (res://source_operators/moth_finish/binder.gd:35)
       [10] apply_identity (res://source_operators/operator_visual.gd:103)
       [11] apply_actor (res://source_operators/operator_visual.gd:190)
       [12] apply_state (res://world/presentation.gd:119)
       [13] on_results (res://lattice/world_demo.gd:371)
       [14] deliver_frame (res://net/client.gd:442)
       [15] decode_text (res://net/client.gd:340)
       [16] decode_text (res://lattice/transport.gd:163)
       [17] wire (res://tests/lattice/usability_contract.gd:29)
       [18] run (res://tests/lattice/usability_contract.gd:127)
ERROR: Cannot get path of node as it is not in a scene tree.
   at: get_path (scene/main/node.cpp:2374)
   GDScript backtrace (most recent call first):
       [0] _collect (res://source_operators/moth_finish/binder.gd:145)
       [1] _collect (res://source_operators/moth_finish/binder.gd:180)
       [2] _collect (res://source_operators/moth_finish/binder.gd:180)
       [3] _collect (res://source_operators/moth_finish/binder.gd:180)
       [4] _collect (res://source_operators/moth_finish/binder.gd:180)
       [5] _collect (res://source_operators/moth_finish/binder.gd:180)
       [6] _collect (res://source_operators/moth_finish/binder.gd:180)
       [7] _collect (res://source_operators/moth_finish/binder.gd:180)
       [8] _collect (res://source_operators/moth_finish/binder.gd:180)
       [9] bind (res://source_operators/moth_finish/binder.gd:35)
       [10] apply_identity (res://source_operators/operator_visual.gd:103)
       [11] apply_actor (res://source_operators/operator_visual.gd:190)
       [12] apply_state (res://world/presentation.gd:119)
       [13] on_results (res://lattice/world_demo.gd:371)
       [14] deliver_frame (res://net/client.gd:442)
       [15] decode_text (res://net/client.gd:340)
       [16] decode_text (res://lattice/transport.gd:163)
       [17] wire (res://tests/lattice/usability_contract.gd:29)
       [18] run (res://tests/lattice/usability_contract.gd:127)
ERROR: Cannot get path of node as it is not in a scene tree.
   at: get_path (scene/main/node.cpp:2374)
   GDScript backtrace (most recent call first):
       [0] _collect (res://source_operators/moth_finish/binder.gd:145)
       [1] _collect (res://source_operators/moth_finish/binder.gd:180)
       [2] _collect (res://source_operators/moth_finish/binder.gd:180)
       [3] _collect (res://source_operators/moth_finish/binder.gd:180)
       [4] _collect (res://source_operators/moth_finish/binder.gd:180)
       [5] _collect (res://source_operators/moth_finish/binder.gd:180)
       [6] _collect (res://source_operators/moth_finish/binder.gd:180)
       [7] _collect (res://source_operators/moth_finish/binder.gd:180)
       [8] _collect (res://source_operators/moth_finish/binder.gd:180)
       [9] bind (res://source_operators/moth_finish/binder.gd:35)
       [10] apply_identity (res://source_operators/operator_visual.gd:103)
       [11] apply_actor (res://source_operators/operator_visual.gd:190)
       [12] apply_state (res://world/presentation.gd:119)
       [13] on_results (res://lattice/world_demo.gd:371)
       [14] deliver_frame (res://net/client.gd:442)
       [15] decode_text (res://net/client.gd:340)
       [16] decode_text (res://lattice/transport.gd:163)
       [17] wire (res://tests/lattice/usability_contract.gd:29)
       [18] run (res://tests/lattice/usability_contract.gd:127)
ERROR: Cannot get path of node as it is not in a scene tree.
   at: get_path (scene/main/node.cpp:2374)
   GDScript backtrace (most recent call first):
       [0] _collect (res://source_operators/moth_finish/binder.gd:145)
       [1] _collect (res://source_operators/moth_finish/binder.gd:180)
       [2] _collect (res://source_operators/moth_finish/binder.gd:180)
       [3] _collect (res://source_operators/moth_finish/binder.gd:180)
       [4] _collect (res://source_operators/moth_finish/binder.gd:180)
       [5] _collect (res://source_operators/moth_finish/binder.gd:180)
       [6] _collect (res://source_operators/moth_finish/binder.gd:180)
       [7] _collect (res://source_operators/moth_finish/binder.gd:180)
       [8] _collect (res://source_operators/moth_finish/binder.gd:180)
       [9] bind (res://source_operators/moth_finish/binder.gd:35)
       [10] apply_identity (res://source_operators/operator_visual.gd:103)
       [11] apply_actor (res://source_operators/operator_visual.gd:190)
       [12] apply_state (res://world/presentation.gd:119)
       [13] on_results (res://lattice/world_demo.gd:371)
       [14] deliver_frame (res://net/client.gd:442)
       [15] decode_text (res://net/client.gd:340)
       [16] decode_text (res://lattice/transport.gd:163)
       [17] wire (res://tests/lattice/usability_contract.gd:29)
       [18] run (res://tests/lattice/usability_contract.gd:127)
ERROR: Cannot get path of node as it is not in a scene tree.
   at: get_path (scene/main/node.cpp:2374)
   GDScript backtrace (most recent call first):
       [0] _collect (res://source_operators/moth_finish/binder.gd:145)
       [1] _collect (res://source_operators/moth_finish/binder.gd:180)
       [2] _collect (res://source_operators/moth_finish/binder.gd:180)
       [3] _collect (res://source_operators/moth_finish/binder.gd:180)
       [4] _collect (res://source_operators/moth_finish/binder.gd:180)
       [5] _collect (res://source_operators/moth_finish/binder.gd:180)
       [6] _collect (res://source_operators/moth_finish/binder.gd:180)
       [7] _collect (res://source_operators/moth_finish/binder.gd:180)
       [8] bind (res://source_operators/moth_finish/binder.gd:35)
       [9] apply_identity (res://source_operators/operator_visual.gd:103)
       [10] apply_actor (res://source_operators/operator_visual.gd:190)
       [11] apply_state (res://world/presentation.gd:119)
       [12] on_results (res://lattice/world_demo.gd:371)
       [13] deliver_frame (res://net/client.gd:442)
       [14] decode_text (res://net/client.gd:340)
       [15] decode_text (res://lattice/transport.gd:163)
       [16] wire (res://tests/lattice/usability_contract.gd:29)
       [17] run (res://tests/lattice/usability_contract.gd:127)
ERROR: Cannot get path of node as it is not in a scene tree.
   at: get_path (scene/main/node.cpp:2374)
   GDScript backtrace (most recent call first):
       [0] _collect (res://source_operators/moth_finish/binder.gd:145)
       [1] _collect (res://source_operators/moth_finish/binder.gd:180)
       [2] _collect (res://source_operators/moth_finish/binder.gd:180)
       [3] _collect (res://source_operators/moth_finish/binder.gd:180)
       [4] _collect (res://source_operators/moth_finish/binder.gd:180)
       [5] _collect (res://source_operators/moth_finish/binder.gd:180)
       [6] _collect (res://source_operators/moth_finish/binder.gd:180)
       [7] _collect (res://source_operators/moth_finish/binder.gd:180)
       [8] bind (res://source_operators/moth_finish/binder.gd:35)
       [9] apply_identity (res://source_operators/operator_visual.gd:103)
       [10] apply_actor (res://source_operators/operator_visual.gd:190)
       [11] apply_state (res://world/presentation.gd:119)
       [12] on_results (res://lattice/world_demo.gd:371)
       [13] deliver_frame (res://net/client.gd:442)
       [14] decode_text (res://net/client.gd:340)
       [15] decode_text (res://lattice/transport.gd:163)
       [16] wire (res://tests/lattice/usability_contract.gd:29)
       [17] run (res://tests/lattice/usability_contract.gd:127)
ERROR: Cannot get path of node as it is not in a scene tree.
   at: get_path (scene/main/node.cpp:2374)
   GDScript backtrace (most recent call first):
       [0] _collect (res://source_operators/moth_finish/binder.gd:145)
       [1] _collect (res://source_operators/moth_finish/binder.gd:180)
       [2] _collect (res://source_operators/moth_finish/binder.gd:180)
       [3] _collect (res://source_operators/moth_finish/binder.gd:180)
       [4] _collect (res://source_operators/moth_finish/binder.gd:180)
       [5] _collect (res://source_operators/moth_finish/binder.gd:180)
       [6] _collect (res://source_operators/moth_finish/binder.gd:180)
       [7] bind (res://source_operators/moth_finish/binder.gd:35)
       [8] apply_identity (res://source_operators/operator_visual.gd:103)
       [9] apply_actor (res://source_operators/operator_visual.gd:190)
       [10] apply_state (res://world/presentation.gd:119)
       [11] on_results (res://lattice/world_demo.gd:371)
       [12] deliver_frame (res://net/client.gd:442)
       [13] decode_text (res://net/client.gd:340)
       [14] decode_text (res://lattice/transport.gd:163)
       [15] wire (res://tests/lattice/usability_contract.gd:29)
       [16] run (res://tests/lattice/usability_contract.gd:127)
ERROR: Cannot get path of node as it is not in a scene tree.
   at: get_path (scene/main/node.cpp:2374)
   GDScript backtrace (most recent call first):
       [0] _collect (res://source_operators/moth_finish/binder.gd:145)
       [1] _collect (res://source_operators/moth_finish/binder.gd:180)
       [2] _collect (res://source_operators/moth_finish/binder.gd:180)
       [3] _collect (res://source_operators/moth_finish/binder.gd:180)
       [4] _collect (res://source_operators/moth_finish/binder.gd:180)
       [5] _collect (res://source_operators/moth_finish/binder.gd:180)
       [6] _collect (res://source_operators/moth_finish/binder.gd:180)
       [7] bind (res://source_operators/moth_finish/binder.gd:35)
       [8] apply_identity (res://source_operators/operator_visual.gd:103)
       [9] apply_actor (res://source_operators/operator_visual.gd:190)
       [10] apply_state (res://world/presentation.gd:119)
       [11] on_results (res://lattice/world_demo.gd:371)
       [12] deliver_frame (res://net/client.gd:442)
       [13] decode_text (res://net/client.gd:340)
       [14] decode_text (res://lattice/transport.gd:163)
       [15] wire (res://tests/lattice/usability_contract.gd:29)
       [16] run (res://tests/lattice/usability_contract.gd:127)
ERROR: Cannot get path of node as it is not in a scene tree.
   at: get_path (scene/main/node.cpp:2374)
   GDScript backtrace (most recent call first):
       [0] _collect (res://source_operators/moth_finish/binder.gd:145)
       [1] _collect (res://source_operators/moth_finish/binder.gd:180)
       [2] _collect (res://source_operators/moth_finish/binder.gd:180)
       [3] _collect (res://source_operators/moth_finish/binder.gd:180)
       [4] _collect (res://source_operators/moth_finish/binder.gd:180)
       [5] _collect (res://source_operators/moth_finish/binder.gd:180)
       [6] _collect (res://source_operators/moth_finish/binder.gd:180)
       [7] bind (res://source_operators/moth_finish/binder.gd:35)
       [8] apply_identity (res://source_operators/operator_visual.gd:103)
       [9] apply_actor (res://source_operators/operator_visual.gd:190)
       [10] apply_state (res://world/presentation.gd:119)
       [11] on_results (res://lattice/world_demo.gd:371)
       [12] deliver_frame (res://net/client.gd:442)
       [13] decode_text (res://net/client.gd:340)
       [14] decode_text (res://lattice/transport.gd:163)
       [15] wire (res://tests/lattice/usability_contract.gd:29)
       [16] run (res://tests/lattice/usability_contract.gd:127)
ERROR: Cannot get path of node as it is not in a scene tree.
   at: get_path (scene/main/node.cpp:2374)
   GDScript backtrace (most recent call first):
       [0] _collect (res://source_operators/moth_finish/binder.gd:145)
       [1] _collect (res://source_operators/moth_finish/binder.gd:180)
       [2] _collect (res://source_operators/moth_finish/binder.gd:180)
       [3] _collect (res://source_operators/moth_finish/binder.gd:180)
       [4] _collect (res://source_operators/moth_finish/binder.gd:180)
       [5] _collect (res://source_operators/moth_finish/binder.gd:180)
       [6] _collect (res://source_operators/moth_finish/binder.gd:180)
       [7] bind (res://source_operators/moth_finish/binder.gd:35)
       [8] apply_identity (res://source_operators/operator_visual.gd:103)
       [9] apply_actor (res://source_operators/operator_visual.gd:190)
       [10] apply_state (res://world/presentation.gd:119)
       [11] on_results (res://lattice/world_demo.gd:371)
       [12] deliver_frame (res://net/client.gd:442)
       [13] decode_text (res://net/client.gd:340)
       [14] decode_text (res://lattice/transport.gd:163)
       [15] wire (res://tests/lattice/usability_contract.gd:29)
       [16] run (res://tests/lattice/usability_contract.gd:127)
ERROR: Cannot get path of node as it is not in a scene tree.
   at: get_path (scene/main/node.cpp:2374)
   GDScript backtrace (most recent call first):
       [0] _collect (res://source_operators/moth_finish/binder.gd:145)
       [1] _collect (res://source_operators/moth_finish/binder.gd:180)
       [2] _collect (res://source_operators/moth_finish/binder.gd:180)
       [3] _collect (res://source_operators/moth_finish/binder.gd:180)
       [4] _collect (res://source_operators/moth_finish/binder.gd:180)
       [5] _collect (res://source_operators/moth_finish/binder.gd:180)
       [6] bind (res://source_operators/moth_finish/binder.gd:35)
       [7] apply_identity (res://source_operators/operator_visual.gd:103)
       [8] apply_actor (res://source_operators/operator_visual.gd:190)
       [9] apply_state (res://world/presentation.gd:119)
       [10] on_results (res://lattice/world_demo.gd:371)
       [11] deliver_frame (res://net/client.gd:442)
       [12] decode_text (res://net/client.gd:340)
       [13] decode_text (res://lattice/transport.gd:163)
       [14] wire (res://tests/lattice/usability_contract.gd:29)
       [15] run (res://tests/lattice/usability_contract.gd:127)
ERROR: Cannot get path of node as it is not in a scene tree.
   at: get_path (scene/main/node.cpp:2374)
   GDScript backtrace (most recent call first):
       [0] _collect (res://source_operators/moth_finish/binder.gd:145)
       [1] _collect (res://source_operators/moth_finish/binder.gd:180)
       [2] _collect (res://source_operators/moth_finish/binder.gd:180)
       [3] _collect (res://source_operators/moth_finish/binder.gd:180)
       [4] _collect (res://source_operators/moth_finish/binder.gd:180)
       [5] _collect (res://source_operators/moth_finish/binder.gd:180)
       [6] bind (res://source_operators/moth_finish/binder.gd:35)
       [7] apply_identity (res://source_operators/operator_visual.gd:103)
       [8] apply_actor (res://source_operators/operator_visual.gd:190)
       [9] apply_state (res://world/presentation.gd:119)
       [10] on_results (res://lattice/world_demo.gd:371)
       [11] deliver_frame (res://net/client.gd:442)
       [12] decode_text (res://net/client.gd:340)
       [13] decode_text (res://lattice/transport.gd:163)
       [14] wire (res://tests/lattice/usability_contract.gd:29)
       [15] run (res://tests/lattice/usability_contract.gd:127)
ERROR: Cannot get path of node as it is not in a scene tree.
   at: get_path (scene/main/node.cpp:2374)
   GDScript backtrace (most recent call first):
       [0] _collect (res://source_operators/moth_finish/binder.gd:145)
       [1] _collect (res://source_operators/moth_finish/binder.gd:180)
       [2] _collect (res://source_operators/moth_finish/binder.gd:180)
       [3] _collect (res://source_operators/moth_finish/binder.gd:180)
       [4] _collect (res://source_operators/moth_finish/binder.gd:180)
       [5] bind (res://source_operators/moth_finish/binder.gd:35)
       [6] apply_identity (res://source_operators/operator_visual.gd:103)
       [7] apply_actor (res://source_operators/operator_visual.gd:190)
       [8] apply_state (res://world/presentation.gd:119)
       [9] on_results (res://lattice/world_demo.gd:371)
       [10] deliver_frame (res://net/client.gd:442)
       [11] decode_text (res://net/client.gd:340)
       [12] decode_text (res://lattice/transport.gd:163)
       [13] wire (res://tests/lattice/usability_contract.gd:29)
       [14] run (res://tests/lattice/usability_contract.gd:127)
ERROR: Cannot get path of node as it is not in a scene tree.
   at: get_path (scene/main/node.cpp:2374)
   GDScript backtrace (most recent call first):
       [0] _collect (res://source_operators/moth_finish/binder.gd:145)
       [1] _collect (res://source_operators/moth_finish/binder.gd:180)
       [2] _collect (res://source_operators/moth_finish/binder.gd:180)
       [3] _collect (res://source_operators/moth_finish/binder.gd:180)
       [4] _collect (res://source_operators/moth_finish/binder.gd:180)
       [5] bind (res://source_operators/moth_finish/binder.gd:35)
       [6] apply_identity (res://source_operators/operator_visual.gd:103)
       [7] apply_actor (res://source_operators/operator_visual.gd:190)
       [8] apply_state (res://world/presentation.gd:119)
       [9] on_results (res://lattice/world_demo.gd:371)
       [10] deliver_frame (res://net/client.gd:442)
       [11] decode_text (res://net/client.gd:340)
       [12] decode_text (res://lattice/transport.gd:163)
       [13] wire (res://tests/lattice/usability_contract.gd:29)
       [14] run (res://tests/lattice/usability_contract.gd:127)
ERROR: Cannot get path of node as it is not in a scene tree.
   at: get_path (scene/main/node.cpp:2374)
   GDScript backtrace (most recent call first):
       [0] _collect (res://source_operators/moth_finish/binder.gd:145)
       [1] _collect (res://source_operators/moth_finish/binder.gd:180)
       [2] _collect (res://source_operators/moth_finish/binder.gd:180)
       [3] _collect (res://source_operators/moth_finish/binder.gd:180)
       [4] _collect (res://source_operators/moth_finish/binder.gd:180)
       [5] bind (res://source_operators/moth_finish/binder.gd:35)
       [6] apply_identity (res://source_operators/operator_visual.gd:103)
       [7] apply_actor (res://source_operators/operator_visual.gd:190)
       [8] apply_state (res://world/presentation.gd:119)
       [9] on_results (res://lattice/world_demo.gd:371)
       [10] deliver_frame (res://net/client.gd:442)
       [11] decode_text (res://net/client.gd:340)
       [12] decode_text (res://lattice/transport.gd:163)
       [13] wire (res://tests/lattice/usability_contract.gd:29)
       [14] run (res://tests/lattice/usability_contract.gd:127)
ERROR: Cannot get path of node as it is not in a scene tree.
   at: get_path (scene/main/node.cpp:2374)
   GDScript backtrace (most recent call first):
       [0] _collect (res://source_operators/moth_finish/binder.gd:145)
       [1] _collect (res://source_operators/moth_finish/binder.gd:180)
       [2] _collect (res://source_operators/moth_finish/binder.gd:180)
       [3] _collect (res://source_operators/moth_finish/binder.gd:180)
       [4] _collect (res://source_operators/moth_finish/binder.gd:180)
       [5] bind (res://source_operators/moth_finish/binder.gd:35)
       [6] apply_identity (res://source_operators/operator_visual.gd:103)
       [7] apply_actor (res://source_operators/operator_visual.gd:190)
       [8] apply_state (res://world/presentation.gd:119)
       [9] on_results (res://lattice/world_demo.gd:371)
       [10] deliver_frame (res://net/client.gd:442)
       [11] decode_text (res://net/client.gd:340)
       [12] decode_text (res://lattice/transport.gd:163)
       [13] wire (res://tests/lattice/usability_contract.gd:29)
       [14] run (res://tests/lattice/usability_contract.gd:127)
ERROR: Cannot get path of node as it is not in a scene tree.
   at: get_path (scene/main/node.cpp:2374)
   GDScript backtrace (most recent call first):
       [0] _collect (res://source_operators/moth_finish/binder.gd:145)
       [1] _collect (res://source_operators/moth_finish/binder.gd:180)
       [2] _collect (res://source_operators/moth_finish/binder.gd:180)
       [3] _collect (res://source_operators/moth_finish/binder.gd:180)
       [4] _collect (res://source_operators/moth_finish/binder.gd:180)
       [5] bind (res://source_operators/moth_finish/binder.gd:35)
       [6] apply_identity (res://source_operators/operator_visual.gd:103)
       [7] apply_actor (res://source_operators/operator_visual.gd:190)
       [8] apply_state (res://world/presentation.gd:119)
       [9] on_results (res://lattice/world_demo.gd:371)
       [10] deliver_frame (res://net/client.gd:442)
       [11] decode_text (res://net/client.gd:340)
       [12] decode_text (res://lattice/transport.gd:163)
       [13] wire (res://tests/lattice/usability_contract.gd:29)
       [14] run (res://tests/lattice/usability_contract.gd:127)
ERROR: Cannot get path of node as it is not in a scene tree.
   at: get_path (scene/main/node.cpp:2374)
   GDScript backtrace (most recent call first):
       [0] _collect (res://source_operators/moth_finish/binder.gd:136)
       [1] _collect (res://source_operators/moth_finish/binder.gd:180)
       [2] _collect (res://source_operators/moth_finish/binder.gd:180)
       [3] _collect (res://source_operators/moth_finish/binder.gd:180)
       [4] bind (res://source_operators/moth_finish/binder.gd:35)
       [5] apply_identity (res://source_operators/operator_visual.gd:103)
       [6] apply_actor (res://source_operators/operator_visual.gd:190)
       [7] apply_state (res://world/presentation.gd:119)
       [8] on_results (res://lattice/world_demo.gd:371)
       [9] deliver_frame (res://net/client.gd:442)
       [10] decode_text (res://net/client.gd:340)
       [11] decode_text (res://lattice/transport.gd:163)
       [12] wire (res://tests/lattice/usability_contract.gd:29)
       [13] run (res://tests/lattice/usability_contract.gd:127)
ERROR: Cannot get path of node as it is not in a scene tree.
   at: get_path (scene/main/node.cpp:2374)
   GDScript backtrace (most recent call first):
       [0] _collect (res://source_operators/moth_finish/binder.gd:136)
       [1] _collect (res://source_operators/moth_finish/binder.gd:180)
       [2] _collect (res://source_operators/moth_finish/binder.gd:180)
       [3] _collect (res://source_operators/moth_finish/binder.gd:180)
       [4] bind (res://source_operators/moth_finish/binder.gd:35)
       [5] apply_identity (res://source_operators/operator_visual.gd:103)
       [6] apply_actor (res://source_operators/operator_visual.gd:190)
       [7] apply_state (res://world/presentation.gd:119)
       [8] on_results (res://lattice/world_demo.gd:371)
       [9] deliver_frame (res://net/client.gd:442)
       [10] decode_text (res://net/client.gd:340)
       [11] decode_text (res://lattice/transport.gd:163)
       [12] wire (res://tests/lattice/usability_contract.gd:29)
       [13] run (res://tests/lattice/usability_contract.gd:127)
ERROR: Cannot get path of node as it is not in a scene tree.
   at: get_path (scene/main/node.cpp:2374)
   GDScript backtrace (most recent call first):
       [0] _collect (res://source_operators/moth_finish/binder.gd:136)
       [1] _collect (res://source_operators/moth_finish/binder.gd:180)
       [2] _collect (res://source_operators/moth_finish/binder.gd:180)
       [3] _collect (res://source_operators/moth_finish/binder.gd:180)
       [4] bind (res://source_operators/moth_finish/binder.gd:35)
       [5] apply_identity (res://source_operators/operator_visual.gd:103)
       [6] apply_actor (res://source_operators/operator_visual.gd:190)
       [7] apply_state (res://world/presentation.gd:119)
       [8] on_results (res://lattice/world_demo.gd:371)
       [9] deliver_frame (res://net/client.gd:442)
       [10] decode_text (res://net/client.gd:340)
       [11] decode_text (res://lattice/transport.gd:163)
       [12] wire (res://tests/lattice/usability_contract.gd:29)
       [13] run (res://tests/lattice/usability_contract.gd:127)
ERROR: Cannot get path of node as it is not in a scene tree.
   at: get_path (scene/main/node.cpp:2374)
   GDScript backtrace (most recent call first):
       [0] _collect (res://source_operators/moth_finish/binder.gd:136)
       [1] _collect (res://source_operators/moth_finish/binder.gd:180)
       [2] _collect (res://source_operators/moth_finish/binder.gd:180)
       [3] _collect (res://source_operators/moth_finish/binder.gd:180)
       [4] bind (res://source_operators/moth_finish/binder.gd:35)
       [5] apply_identity (res://source_operators/operator_visual.gd:103)
       [6] apply_actor (res://source_operators/operator_visual.gd:190)
       [7] apply_state (res://world/presentation.gd:119)
       [8] on_results (res://lattice/world_demo.gd:371)
       [9] deliver_frame (res://net/client.gd:442)
       [10] decode_text (res://net/client.gd:340)
       [11] decode_text (res://lattice/transport.gd:163)
       [12] wire (res://tests/lattice/usability_contract.gd:29)
       [13] run (res://tests/lattice/usability_contract.gd:127)
ERROR: Condition "!is_inside_tree()" is true. Returning: Transform3D()
   at: get_global_transform (scene/3d/node_3d.cpp:621)
   GDScript backtrace (most recent call first):
       [0] configure (res://source_operators/character_rig.gd:26)
       [1] apply_identity (res://source_operators/operator_visual.gd:109)
       [2] apply_actor (res://source_operators/operator_visual.gd:190)
       [3] apply_state (res://world/presentation.gd:119)
       [4] on_results (res://lattice/world_demo.gd:371)
       [5] deliver_frame (res://net/client.gd:442)
       [6] decode_text (res://net/client.gd:340)
       [7] decode_text (res://lattice/transport.gd:163)
       [8] wire (res://tests/lattice/usability_contract.gd:29)
       [9] run (res://tests/lattice/usability_contract.gd:127)
ERROR: Condition "!is_inside_tree()" is true. Returning: Transform3D()
   at: get_global_transform (scene/3d/node_3d.cpp:621)
   GDScript backtrace (most recent call first):
       [0] configure (res://source_operators/character_rig.gd:26)
       [1] apply_identity (res://source_operators/operator_visual.gd:109)
       [2] apply_actor (res://source_operators/operator_visual.gd:190)
       [3] apply_state (res://world/presentation.gd:119)
       [4] on_results (res://lattice/world_demo.gd:371)
       [5] deliver_frame (res://net/client.gd:442)
       [6] decode_text (res://net/client.gd:340)
       [7] decode_text (res://lattice/transport.gd:163)
       [8] wire (res://tests/lattice/usability_contract.gd:29)
       [9] run (res://tests/lattice/usability_contract.gd:127)
ERROR: Condition "!is_inside_tree()" is true. Returning: Transform3D()
   at: get_global_transform (scene/3d/node_3d.cpp:621)
   GDScript backtrace (most recent call first):
       [0] configure (res://source_operators/character_rig.gd:27)
       [1] apply_identity (res://source_operators/operator_visual.gd:109)
       [2] apply_actor (res://source_operators/operator_visual.gd:190)
       [3] apply_state (res://world/presentation.gd:119)
       [4] on_results (res://lattice/world_demo.gd:371)
       [5] deliver_frame (res://net/client.gd:442)
       [6] decode_text (res://net/client.gd:340)
       [7] decode_text (res://lattice/transport.gd:163)
       [8] wire (res://tests/lattice/usability_contract.gd:29)
       [9] run (res://tests/lattice/usability_contract.gd:127)
ERROR: Condition "!is_inside_tree()" is true. Returning: Transform3D()
   at: get_global_transform (scene/3d/node_3d.cpp:621)
   GDScript backtrace (most recent call first):
       [0] configure (res://source_operators/character_rig.gd:27)
       [1] apply_identity (res://source_operators/operator_visual.gd:109)
       [2] apply_actor (res://source_operators/operator_visual.gd:190)
       [3] apply_state (res://world/presentation.gd:119)
       [4] on_results (res://lattice/world_demo.gd:371)
       [5] deliver_frame (res://net/client.gd:442)
       [6] decode_text (res://net/client.gd:340)
       [7] decode_text (res://lattice/transport.gd:163)
       [8] wire (res://tests/lattice/usability_contract.gd:29)
       [9] run (res://tests/lattice/usability_contract.gd:127)
ERROR: Condition "!is_inside_tree()" is true. Returning: Transform3D()
   at: get_global_transform (scene/3d/node_3d.cpp:621)
   GDScript backtrace (most recent call first):
       [0] configure (res://source_operators/character_rig.gd:28)
       [1] apply_identity (res://source_operators/operator_visual.gd:109)
       [2] apply_actor (res://source_operators/operator_visual.gd:190)
       [3] apply_state (res://world/presentation.gd:119)
       [4] on_results (res://lattice/world_demo.gd:371)
       [5] deliver_frame (res://net/client.gd:442)
       [6] decode_text (res://net/client.gd:340)
       [7] decode_text (res://lattice/transport.gd:163)
       [8] wire (res://tests/lattice/usability_contract.gd:29)
       [9] run (res://tests/lattice/usability_contract.gd:127)
ERROR: Condition "!is_inside_tree()" is true. Returning: Transform3D()
   at: get_global_transform (scene/3d/node_3d.cpp:621)
   GDScript backtrace (most recent call first):
       [0] configure (res://source_operators/character_rig.gd:28)
       [1] apply_identity (res://source_operators/operator_visual.gd:109)
       [2] apply_actor (res://source_operators/operator_visual.gd:190)
       [3] apply_state (res://world/presentation.gd:119)
       [4] on_results (res://lattice/world_demo.gd:371)
       [5] deliver_frame (res://net/client.gd:442)
       [6] decode_text (res://net/client.gd:340)
       [7] decode_text (res://lattice/transport.gd:163)
       [8] wire (res://tests/lattice/usability_contract.gd:29)
       [9] run (res://tests/lattice/usability_contract.gd:127)
ERROR: Condition "!is_inside_tree()" is true. Returning: Transform3D()
   at: get_global_transform (scene/3d/node_3d.cpp:621)
   GDScript backtrace (most recent call first):
       [0] configure (res://source_operators/character_rig.gd:28)
       [1] apply_identity (res://source_operators/operator_visual.gd:109)
       [2] apply_actor (res://source_operators/operator_visual.gd:190)
       [3] apply_state (res://world/presentation.gd:119)
       [4] on_results (res://lattice/world_demo.gd:371)
       [5] deliver_frame (res://net/client.gd:442)
       [6] decode_text (res://net/client.gd:340)
       [7] decode_text (res://lattice/transport.gd:163)
       [8] wire (res://tests/lattice/usability_contract.gd:29)
       [9] run (res://tests/lattice/usability_contract.gd:127)
ERROR: Condition "!is_inside_tree()" is true. Returning: Transform3D()
   at: get_global_transform (scene/3d/node_3d.cpp:621)
   GDScript backtrace (most recent call first):
       [0] configure (res://source_operators/character_rig.gd:28)
       [1] apply_identity (res://source_operators/operator_visual.gd:109)
       [2] apply_actor (res://source_operators/operator_visual.gd:190)
       [3] apply_state (res://world/presentation.gd:119)
       [4] on_results (res://lattice/world_demo.gd:371)
       [5] deliver_frame (res://net/client.gd:442)
       [6] decode_text (res://net/client.gd:340)
       [7] decode_text (res://lattice/transport.gd:163)
       [8] wire (res://tests/lattice/usability_contract.gd:29)
       [9] run (res://tests/lattice/usability_contract.gd:127)
ERROR: Condition "!is_inside_tree()" is true. Returning: Transform3D()
   at: get_global_transform (scene/3d/node_3d.cpp:621)
   GDScript backtrace (most recent call first):
       [0] configure (res://source_operators/character_rig.gd:26)
       [1] apply_identity (res://source_operators/operator_visual.gd:109)
       [2] apply_actor (res://source_operators/operator_visual.gd:190)
       [3] apply_state (res://world/presentation.gd:119)
       [4] on_results (res://lattice/world_demo.gd:371)
       [5] deliver_frame (res://net/client.gd:442)
       [6] decode_text (res://net/client.gd:340)
       [7] decode_text (res://lattice/transport.gd:163)
       [8] wire (res://tests/lattice/usability_contract.gd:29)
       [9] run (res://tests/lattice/usability_contract.gd:127)
ERROR: Condition "!is_inside_tree()" is true. Returning: Transform3D()
   at: get_global_transform (scene/3d/node_3d.cpp:621)
   GDScript backtrace (most recent call first):
       [0] configure (res://source_operators/character_rig.gd:26)
       [1] apply_identity (res://source_operators/operator_visual.gd:109)
       [2] apply_actor (res://source_operators/operator_visual.gd:190)
       [3] apply_state (res://world/presentation.gd:119)
       [4] on_results (res://lattice/world_demo.gd:371)
       [5] deliver_frame (res://net/client.gd:442)
       [6] decode_text (res://net/client.gd:340)
       [7] decode_text (res://lattice/transport.gd:163)
       [8] wire (res://tests/lattice/usability_contract.gd:29)
       [9] run (res://tests/lattice/usability_contract.gd:127)
ERROR: Condition "!is_inside_tree()" is true. Returning: Transform3D()
   at: get_global_transform (scene/3d/node_3d.cpp:621)
   GDScript backtrace (most recent call first):
       [0] configure (res://source_operators/character_rig.gd:27)
       [1] apply_identity (res://source_operators/operator_visual.gd:109)
       [2] apply_actor (res://source_operators/operator_visual.gd:190)
       [3] apply_state (res://world/presentation.gd:119)
       [4] on_results (res://lattice/world_demo.gd:371)
       [5] deliver_frame (res://net/client.gd:442)
       [6] decode_text (res://net/client.gd:340)
       [7] decode_text (res://lattice/transport.gd:163)
       [8] wire (res://tests/lattice/usability_contract.gd:29)
       [9] run (res://tests/lattice/usability_contract.gd:127)
ERROR: Condition "!is_inside_tree()" is true. Returning: Transform3D()
   at: get_global_transform (scene/3d/node_3d.cpp:621)
   GDScript backtrace (most recent call first):
       [0] configure (res://source_operators/character_rig.gd:27)
       [1] apply_identity (res://source_operators/operator_visual.gd:109)
       [2] apply_actor (res://source_operators/operator_visual.gd:190)
       [3] apply_state (res://world/presentation.gd:119)
       [4] on_results (res://lattice/world_demo.gd:371)
       [5] deliver_frame (res://net/client.gd:442)
       [6] decode_text (res://net/client.gd:340)
       [7] decode_text (res://lattice/transport.gd:163)
       [8] wire (res://tests/lattice/usability_contract.gd:29)
       [9] run (res://tests/lattice/usability_contract.gd:127)
ERROR: Condition "!is_inside_tree()" is true. Returning: Transform3D()
   at: get_global_transform (scene/3d/node_3d.cpp:621)
   GDScript backtrace (most recent call first):
       [0] configure (res://source_operators/character_rig.gd:28)
       [1] apply_identity (res://source_operators/operator_visual.gd:109)
       [2] apply_actor (res://source_operators/operator_visual.gd:190)
       [3] apply_state (res://world/presentation.gd:119)
       [4] on_results (res://lattice/world_demo.gd:371)
       [5] deliver_frame (res://net/client.gd:442)
       [6] decode_text (res://net/client.gd:340)
       [7] decode_text (res://lattice/transport.gd:163)
       [8] wire (res://tests/lattice/usability_contract.gd:29)
       [9] run (res://tests/lattice/usability_contract.gd:127)
ERROR: Condition "!is_inside_tree()" is true. Returning: Transform3D()
   at: get_global_transform (scene/3d/node_3d.cpp:621)
   GDScript backtrace (most recent call first):
       [0] configure (res://source_operators/character_rig.gd:28)
       [1] apply_identity (res://source_operators/operator_visual.gd:109)
       [2] apply_actor (res://source_operators/operator_visual.gd:190)
       [3] apply_state (res://world/presentation.gd:119)
       [4] on_results (res://lattice/world_demo.gd:371)
       [5] deliver_frame (res://net/client.gd:442)
       [6] decode_text (res://net/client.gd:340)
       [7] decode_text (res://lattice/transport.gd:163)
       [8] wire (res://tests/lattice/usability_contract.gd:29)
       [9] run (res://tests/lattice/usability_contract.gd:127)
ERROR: Condition "!is_inside_tree()" is true. Returning: Transform3D()
   at: get_global_transform (scene/3d/node_3d.cpp:621)
   GDScript backtrace (most recent call first):
       [0] configure (res://source_operators/character_rig.gd:28)
       [1] apply_identity (res://source_operators/operator_visual.gd:109)
       [2] apply_actor (res://source_operators/operator_visual.gd:190)
       [3] apply_state (res://world/presentation.gd:119)
       [4] on_results (res://lattice/world_demo.gd:371)
       [5] deliver_frame (res://net/client.gd:442)
       [6] decode_text (res://net/client.gd:340)
       [7] decode_text (res://lattice/transport.gd:163)
       [8] wire (res://tests/lattice/usability_contract.gd:29)
       [9] run (res://tests/lattice/usability_contract.gd:127)
ERROR: Condition "!is_inside_tree()" is true. Returning: Transform3D()
   at: get_global_transform (scene/3d/node_3d.cpp:621)
   GDScript backtrace (most recent call first):
       [0] configure (res://source_operators/character_rig.gd:28)
       [1] apply_identity (res://source_operators/operator_visual.gd:109)
       [2] apply_actor (res://source_operators/operator_visual.gd:190)
       [3] apply_state (res://world/presentation.gd:119)
       [4] on_results (res://lattice/world_demo.gd:371)
       [5] deliver_frame (res://net/client.gd:442)
       [6] decode_text (res://net/client.gd:340)
       [7] decode_text (res://lattice/transport.gd:163)
       [8] wire (res://tests/lattice/usability_contract.gd:29)
       [9] run (res://tests/lattice/usability_contract.gd:127)
USABILITY_CHECK results replaces approach with restart instruction true
USABILITY_CHECK disconnect preserves error and releases controls true
USABILITY_CHECK 20 camera-basis bearings remain correct under yaw true
USABILITY_CHECK approach prefers nearest live non-owned node over inactive headquarters true
USABILITY_CHECK public capture retargets guidance to next live non-owned node true
USABILITY_CHECK no live candidate falls back to known nearest without inventing eligibility true
USABILITY_CHECK missing co-op context is not a fabricated wave or closed window true
USABILITY_CHECK co-op context reflects supplied public fields true
USABILITY_CONTRACT checks=25 failures=0
