Godot Engine v4.5.2.stable.official.6ce3de25a - https://godotengine.org

GUEST_SAMPLE {"ack":0,"actor":-1,"error":"","phase":11,"phase_seconds":0.385634111111111,"pose":false,"seconds":0.500911888888888,"snapshots":0,"starts":0}
GUEST_SAMPLE {"ack":0,"actor":-1,"error":"","phase":11,"phase_seconds":0.889108666666666,"pose":false,"seconds":1.004343,"snapshots":0,"starts":0}
PORT_NATIVE_TRACE {"actor_id":1,"complete":false,"event":"round_start","monotonic_usec":1294627,"phase":3,"pointer_captured":false,"pose_present":false,"round":1,"schema":1,"sequence":0}
CORRELATION_OBSERVE {"actor":1,"event":"start","mapId":"meridian-exchange","roundRevision":1.0}
PORT_NATIVE_TRACE {"ack":0,"actor_id":1,"controls":{"crouch":false,"fire":false,"interact":false,"jump":false,"mobility":false,"pitch":0.0,"reload":false,"sprint":false,"x":0.0,"yaw":0.0,"z":0.0},"event":"input_queue","monotonic_usec":1315130,"phase":3,"queue_result":0,"queued":true,"round":1,"schema":1,"sequence":1}
PORT_NATIVE_TRACE {"ack":0,"actor_id":1,"camera_position":[8.0,1.45000004768372,34.0],"camera_reseeded":true,"control_eligible":true,"dead":0.0,"event":"snapshot","focused":true,"health":100.0,"lifecycle":"alive","monotonic_usec":1316929,"phase":3,"pitch":0.0,"pointer_captured":false,"pose_present":true,"round":1,"schema":1,"sequence":2,"yaw":0.231000006198883}
CORRELATION_OBSERVE {"ack":0,"actor":1,"dead":0.0,"event":"snapshot","health":100.0,"seq":1.0}
PORT_NATIVE_TRACE {"ack":0,"actor_id":1,"controls":{"crouch":false,"fire":false,"interact":false,"jump":false,"mobility":false,"pitch":0.0,"reload":false,"sprint":false,"x":0.0,"yaw":0.231000006198883,"z":0.0},"event":"input_queue","monotonic_usec":1328908,"phase":3,"queue_result":0,"queued":true,"round":1,"schema":1,"sequence":3}
PORT_NATIVE_TRACE {"ack":2,"actor_id":1,"camera_position":[8.0,1.45000004768372,34.0],"camera_reseeded":false,"control_eligible":true,"dead":0.0,"event":"snapshot","focused":true,"health":100.0,"lifecycle":"alive","monotonic_usec":1343189,"phase":3,"pitch":0.0,"pointer_captured":false,"pose_present":true,"round":1,"schema":1,"sequence":4,"yaw":0.231000006198883}
CORRELATION_OBSERVE {"ack":2,"actor":1,"dead":0.0,"event":"snapshot","health":100.0,"seq":2.0}
PORT_NATIVE_TRACE {"ack":2,"actor_id":1,"controls":{"crouch":false,"fire":false,"interact":false,"jump":false,"mobility":false,"pitch":0.0,"reload":false,"sprint":false,"x":0.0,"yaw":0.231000006198883,"z":0.0},"event":"input_queue","monotonic_usec":1349834,"phase":3,"queue_result":0,"queued":true,"round":1,"schema":1,"sequence":5}
PORT_NATIVE_TRACE {"ack":2,"actor_id":1,"controls":{"crouch":false,"fire":false,"interact":false,"jump":false,"mobility":false,"pitch":0.0,"reload":false,"sprint":false,"x":0.0,"yaw":0.231000006198883,"z":0.0},"event":"input_queue","monotonic_usec":1363386,"phase":3,"queue_result":0,"queued":true,"round":1,"schema":1,"sequence":6}
PORT_NATIVE_TRACE {"ack":4,"actor_id":1,"camera_position":[8.0,1.45000004768372,34.0],"camera_reseeded":false,"control_eligible":true,"dead":0.0,"event":"snapshot","focused":true,"health":100.0,"lifecycle":"alive","monotonic_usec":1378317,"phase":3,"pitch":0.0,"pointer_captured":false,"pose_present":true,"round":1,"schema":1,"sequence":7,"yaw":0.231000006198883}
CORRELATION_OBSERVE {"ack":4,"actor":1,"dead":0.0,"event":"snapshot","health":100.0,"seq":3.0}
PORT_NATIVE_TRACE {"ack":4,"actor_id":1,"controls":{"crouch":false,"fire":false,"interact":false,"jump":false,"mobility":false,"pitch":0.0,"reload":false,"sprint":false,"x":0.0,"yaw":0.231000006198883,"z":0.0},"event":"input_queue","monotonic_usec":1384168,"phase":3,"queue_result":0,"queued":true,"round":1,"schema":1,"sequence":8}
PORT_NATIVE_TRACE {"ack":4,"actor_id":1,"controls":{"crouch":false,"fire":false,"interact":false,"jump":false,"mobility":false,"pitch":0.0,"reload":false,"sprint":false,"x":0.0,"yaw":0.231000006198883,"z":0.0},"event":"input_queue","monotonic_usec":1398110,"phase":3,"queue_result":0,"queued":true,"round":1,"schema":1,"sequence":9}
PORT_NATIVE_TRACE {"ack":6,"actor_id":1,"camera_position":[8.0,1.45000004768372,34.0],"camera_reseeded":false,"control_eligible":true,"dead":0.0,"event":"snapshot","focused":true,"health":100.0,"lifecycle":"alive","monotonic_usec":1405756,"phase":3,"pitch":0.0,"pointer_captured":false,"pose_present":true,"round":1,"schema":1,"sequence":10,"yaw":0.231000006198883}
CORRELATION_OBSERVE {"ack":6,"actor":1,"dead":0.0,"event":"snapshot","health":100.0,"seq":4.0}
PORT_NATIVE_TRACE {"ack":6,"actor_id":1,"controls":{"crouch":false,"fire":false,"interact":false,"jump":false,"mobility":false,"pitch":0.0,"reload":false,"sprint":false,"x":0.0,"yaw":0.231000006198883,"z":0.0},"event":"input_queue","monotonic_usec":1411718,"phase":3,"queue_result":0,"queued":true,"round":1,"schema":1,"sequence":11}
PORT_NATIVE_TRACE {"ack":6,"actor_id":1,"controls":{"crouch":false,"fire":false,"interact":false,"jump":false,"mobility":false,"pitch":0.0,"reload":false,"sprint":false,"x":0.0,"yaw":0.231000006198883,"z":0.0},"event":"input_queue","monotonic_usec":1432931,"phase":3,"queue_result":0,"queued":true,"round":1,"schema":1,"sequence":12}
PORT_NATIVE_TRACE {"ack":8,"actor_id":1,"camera_position":[8.0,1.45000004768372,34.0],"camera_reseeded":false,"control_eligible":true,"dead":0.0,"event":"snapshot","focused":true,"health":100.0,"lifecycle":"alive","monotonic_usec":1440051,"phase":3,"pitch":0.0,"pointer_captured":false,"pose_present":true,"round":1,"schema":1,"sequence":13,"yaw":0.231000006198883}
CORRELATION_OBSERVE {"ack":8,"actor":1,"dead":0.0,"event":"snapshot","health":100.0,"seq":5.0}
PORT_NATIVE_TRACE {"ack":8,"actor_id":1,"controls":{"crouch":false,"fire":false,"interact":false,"jump":false,"mobility":false,"pitch":0.0,"reload":false,"sprint":false,"x":0.0,"yaw":0.231000006198883,"z":0.0},"event":"input_queue","monotonic_usec":1446479,"phase":3,"queue_result":0,"queued":true,"round":1,"schema":1,"sequence":14}
PORT_NATIVE_TRACE {"ack":8,"actor_id":1,"controls":{"crouch":false,"fire":false,"interact":false,"jump":false,"mobility":false,"pitch":0.0,"reload":false,"sprint":false,"x":0.0,"yaw":0.231000006198883,"z":0.0},"event":"input_queue","monotonic_usec":1466905,"phase":3,"queue_result":0,"queued":true,"round":1,"schema":1,"sequence":15}
PORT_NATIVE_TRACE {"ack":9,"actor_id":1,"camera_position":[8.0,1.45000004768372,34.0],"camera_reseeded":false,"control_eligible":true,"dead":0.0,"event":"snapshot","focused":true,"health":100.0,"lifecycle":"alive","monotonic_usec":1474664,"phase":3,"pitch":0.0,"pointer_captured":false,"pose_present":true,"round":1,"schema":1,"sequence":16,"yaw":0.231000006198883}
CORRELATION_OBSERVE {"ack":9,"actor":1,"dead":0.0,"event":"snapshot","health":100.0,"seq":6.0}
PORT_NATIVE_TRACE {"ack":9,"actor_id":1,"controls":{"crouch":false,"fire":false,"interact":false,"jump":false,"mobility":false,"pitch":0.0,"reload":false,"sprint":false,"x":0.0,"yaw":0.231000006198883,"z":0.0},"event":"input_queue","monotonic_usec":1480712,"phase":3,"queue_result":0,"queued":true,"round":1,"schema":1,"sequence":17}
PORT_NATIVE_TRACE {"ack":9,"actor_id":1,"controls":{"crouch":false,"fire":false,"interact":false,"jump":false,"mobility":false,"pitch":0.0,"reload":false,"sprint":false,"x":0.0,"yaw":0.231000006198883,"z":0.0},"event":"input_queue","monotonic_usec":1494682,"phase":3,"queue_result":0,"queued":true,"round":1,"schema":1,"sequence":18}
PORT_NATIVE_TRACE {"ack":12,"actor_id":1,"camera_position":[8.0,1.45000004768372,34.0],"camera_reseeded":false,"control_eligible":true,"dead":0.0,"event":"snapshot","focused":true,"health":100.0,"lifecycle":"alive","monotonic_usec":1502181,"phase":3,"pitch":0.0,"pointer_captured":false,"pose_present":true,"round":1,"schema":1,"sequence":19,"yaw":0.231000006198883}
CORRELATION_OBSERVE {"ack":12,"actor":1,"dead":0.0,"event":"snapshot","health":100.0,"seq":7.0}
PORT_NATIVE_TRACE {"ack":12,"actor_id":1,"controls":{"crouch":false,"fire":false,"interact":false,"jump":false,"mobility":false,"pitch":0.0,"reload":false,"sprint":false,"x":0.0,"yaw":0.231000006198883,"z":0.0},"event":"input_queue","monotonic_usec":1515545,"phase":3,"queue_result":0,"queued":true,"round":1,"schema":1,"sequence":20}
PORT_NATIVE_TRACE {"ack":12,"actor_id":1,"controls":{"crouch":false,"fire":false,"interact":false,"jump":false,"mobility":false,"pitch":0.0,"reload":false,"sprint":false,"x":0.0,"yaw":0.231000006198883,"z":0.0},"event":"input_queue","monotonic_usec":1529249,"phase":3,"queue_result":0,"queued":true,"round":1,"schema":1,"sequence":21}
PORT_NATIVE_TRACE {"ack":14,"actor_id":1,"camera_position":[8.0,1.45000004768372,34.0],"camera_reseeded":false,"control_eligible":true,"dead":0.0,"event":"snapshot","focused":true,"health":100.0,"lifecycle":"alive","monotonic_usec":1536820,"phase":3,"pitch":0.0,"pointer_captured":false,"pose_present":true,"round":1,"schema":1,"sequence":22,"yaw":0.231000006198883}
CORRELATION_OBSERVE {"ack":14,"actor":1,"dead":0.0,"event":"snapshot","health":100.0,"seq":8.0}
PORT_NATIVE_TRACE {"ack":14,"actor_id":1,"controls":{"crouch":false,"fire":false,"interact":false,"jump":false,"mobility":false,"pitch":0.0,"reload":false,"sprint":false,"x":0.0,"yaw":0.231000006198883,"z":0.0},"event":"input_queue","monotonic_usec":1549711,"phase":3,"queue_result":0,"queued":true,"round":1,"schema":1,"sequence":23}
PORT_NATIVE_TRACE {"ack":14,"actor_id":1,"controls":{"crouch":false,"fire":false,"interact":false,"jump":false,"mobility":false,"pitch":0.0,"reload":false,"sprint":false,"x":0.0,"yaw":0.231000006198883,"z":0.0},"event":"input_queue","monotonic_usec":1563747,"phase":3,"queue_result":0,"queued":true,"round":1,"schema":1,"sequence":24}
PORT_NATIVE_TRACE {"ack":15,"actor_id":1,"camera_position":[8.0,1.45000004768372,34.0],"camera_reseeded":false,"control_eligible":true,"dead":0.0,"event":"snapshot","focused":true,"health":100.0,"lifecycle":"alive","monotonic_usec":1571555,"phase":3,"pitch":0.0,"pointer_captured":false,"pose_present":true,"round":1,"schema":1,"sequence":25,"yaw":0.231000006198883}
CORRELATION_OBSERVE {"ack":15,"actor":1,"dead":0.0,"event":"snapshot","health":100.0,"seq":9.0}
GUEST_SAMPLE {"ack":15,"actor":1,"error":"","phase":3,"phase_seconds":0.0,"pose":true,"seconds":1.50818533333333,"snapshots":9,"starts":1}
PORT_NATIVE_TRACE {"ack":15,"actor_id":1,"controls":{"crouch":false,"fire":false,"interact":false,"jump":false,"mobility":false,"pitch":0.0,"reload":false,"sprint":false,"x":0.0,"yaw":0.231000006198883,"z":0.0},"event":"input_queue","monotonic_usec":1584528,"phase":3,"queue_result":0,"queued":true,"round":1,"schema":1,"sequence":26}
PORT_NATIVE_TRACE {"ack":15,"actor_id":1,"controls":{"crouch":false,"fire":false,"interact":false,"jump":false,"mobility":false,"pitch":0.0,"reload":false,"sprint":false,"x":0.0,"yaw":0.231000006198883,"z":0.0},"event":"input_queue","monotonic_usec":1598240,"phase":3,"queue_result":0,"queued":true,"round":1,"schema":1,"sequence":27}
PORT_NATIVE_TRACE {"ack":17,"actor_id":1,"camera_position":[8.0,1.45000004768372,34.0],"camera_reseeded":false,"control_eligible":true,"dead":0.0,"event":"snapshot","focused":true,"health":100.0,"lifecycle":"alive","monotonic_usec":1605378,"phase":3,"pitch":0.0,"pointer_captured":false,"pose_present":true,"round":1,"schema":1,"sequence":28,"yaw":0.231000006198883}
CORRELATION_OBSERVE {"ack":17,"actor":1,"dead":0.0,"event":"snapshot","health":100.0,"seq":10.0}
PORT_NATIVE_TRACE {"ack":17,"actor_id":1,"controls":{"crouch":false,"fire":false,"interact":false,"jump":false,"mobility":false,"pitch":0.0,"reload":false,"sprint":false,"x":0.0,"yaw":0.231000006198883,"z":0.0},"event":"input_queue","monotonic_usec":1611844,"phase":3,"queue_result":0,"queued":true,"round":1,"schema":1,"sequence":29}
PORT_NATIVE_TRACE {"ack":17,"actor_id":1,"controls":{"crouch":false,"fire":false,"interact":false,"jump":false,"mobility":false,"pitch":0.0,"reload":false,"sprint":false,"x":0.0,"yaw":0.231000006198883,"z":0.0},"event":"input_queue","monotonic_usec":1632906,"phase":3,"queue_result":0,"queued":true,"round":1,"schema":1,"sequence":30}
PORT_NATIVE_TRACE {"ack":19,"actor_id":1,"camera_position":[8.0,1.45000004768372,34.0],"camera_reseeded":false,"control_eligible":true,"dead":0.0,"event":"snapshot","focused":true,"health":100.0,"lifecycle":"alive","monotonic_usec":1633821,"phase":3,"pitch":0.0,"pointer_captured":false,"pose_present":true,"round":1,"schema":1,"sequence":31,"yaw":0.231000006198883}
CORRELATION_OBSERVE {"ack":19,"actor":1,"dead":0.0,"event":"snapshot","health":100.0,"seq":11.0}
PORT_NATIVE_TRACE {"ack":19,"actor_id":1,"controls":{"crouch":false,"fire":false,"interact":false,"jump":false,"mobility":false,"pitch":0.0,"reload":false,"sprint":false,"x":0.0,"yaw":0.231000006198883,"z":0.0},"event":"input_queue","monotonic_usec":1646591,"phase":3,"queue_result":0,"queued":true,"round":1,"schema":1,"sequence":32}
PORT_NATIVE_TRACE {"ack":19,"actor_id":1,"controls":{"crouch":false,"fire":false,"interact":false,"jump":false,"mobility":false,"pitch":0.0,"reload":false,"sprint":false,"x":0.0,"yaw":0.231000006198883,"z":0.0},"event":"input_queue","monotonic_usec":1667751,"phase":3,"queue_result":0,"queued":true,"round":1,"schema":1,"sequence":33}
PORT_NATIVE_TRACE {"ack":21,"actor_id":1,"camera_position":[8.0,1.45000004768372,34.0],"camera_reseeded":false,"control_eligible":true,"dead":0.0,"event":"snapshot","focused":true,"health":100.0,"lifecycle":"alive","monotonic_usec":1668891,"phase":3,"pitch":0.0,"pointer_captured":false,"pose_present":true,"round":1,"schema":1,"sequence":34,"yaw":0.231000006198883}
CORRELATION_OBSERVE {"ack":21,"actor":1,"dead":0.0,"event":"snapshot","health":100.0,"seq":12.0}
PORT_NATIVE_TRACE {"ack":21,"actor_id":1,"controls":{"crouch":false,"fire":false,"interact":false,"jump":false,"mobility":false,"pitch":0.0,"reload":false,"sprint":false,"x":0.0,"yaw":0.231000006198883,"z":0.0},"event":"input_queue","monotonic_usec":1681024,"phase":3,"queue_result":0,"queued":true,"round":1,"schema":1,"sequence":35}
PORT_NATIVE_TRACE {"ack":21,"actor_id":1,"controls":{"crouch":false,"fire":false,"interact":false,"jump":false,"mobility":false,"pitch":0.0,"reload":false,"sprint":false,"x":0.0,"yaw":0.231000006198883,"z":0.0},"event":"input_queue","monotonic_usec":1695828,"phase":3,"queue_result":0,"queued":true,"round":1,"schema":1,"sequence":36}
PORT_NATIVE_TRACE {"ack":23,"actor_id":1,"camera_position":[8.0,1.45000004768372,34.0],"camera_reseeded":false,"control_eligible":true,"dead":0.0,"event":"snapshot","focused":true,"health":100.0,"lifecycle":"alive","monotonic_usec":1702839,"phase":3,"pitch":0.0,"pointer_captured":false,"pose_present":true,"round":1,"schema":1,"sequence":37,"yaw":0.231000006198883}
CORRELATION_OBSERVE {"ack":23,"actor":1,"dead":0.0,"event":"snapshot","health":100.0,"seq":13.0}
PORT_NATIVE_TRACE {"ack":23,"actor_id":1,"controls":{"crouch":false,"fire":false,"interact":false,"jump":false,"mobility":false,"pitch":0.0,"reload":false,"sprint":false,"x":0.0,"yaw":0.231000006198883,"z":0.0},"event":"input_queue","monotonic_usec":1715560,"phase":3,"queue_result":0,"queued":true,"round":1,"schema":1,"sequence":38}
PORT_NATIVE_TRACE {"ack":23,"actor_id":1,"controls":{"crouch":false,"fire":false,"interact":false,"jump":false,"mobility":false,"pitch":0.0,"reload":false,"sprint":false,"x":0.0,"yaw":0.231000006198883,"z":0.0},"event":"input_queue","monotonic_usec":1729121,"phase":3,"queue_result":0,"queued":true,"round":1,"schema":1,"sequence":39}
PORT_NATIVE_TRACE {"ack":26,"actor_id":1,"camera_position":[8.0,1.45000004768372,34.0],"camera_reseeded":false,"control_eligible":true,"dead":0.0,"event":"snapshot","focused":true,"health":100.0,"lifecycle":"alive","monotonic_usec":1736652,"phase":3,"pitch":0.0,"pointer_captured":false,"pose_present":true,"round":1,"schema":1,"sequence":40,"yaw":0.231000006198883}
CORRELATION_OBSERVE {"ack":26,"actor":1,"dead":0.0,"event":"snapshot","health":100.0,"seq":14.0}
PORT_NATIVE_TRACE {"ack":26,"actor_id":1,"controls":{"crouch":false,"fire":false,"interact":false,"jump":false,"mobility":false,"pitch":0.0,"reload":false,"sprint":false,"x":0.0,"yaw":0.231000006198883,"z":0.0},"event":"input_queue","monotonic_usec":1749765,"phase":3,"queue_result":0,"queued":true,"round":1,"schema":1,"sequence":41}
PORT_NATIVE_TRACE {"ack":26,"actor_id":1,"controls":{"crouch":false,"fire":false,"interact":false,"jump":false,"mobility":false,"pitch":0.0,"reload":false,"sprint":false,"x":0.0,"yaw":0.231000006198883,"z":0.0},"event":"input_queue","monotonic_usec":1763656,"phase":3,"queue_result":0,"queued":true,"round":1,"schema":1,"sequence":42}
PORT_NATIVE_TRACE {"ack":27,"actor_id":1,"camera_position":[8.0,1.45000004768372,34.0],"camera_reseeded":false,"control_eligible":true,"dead":0.0,"event":"snapshot","focused":true,"health":100.0,"lifecycle":"alive","monotonic_usec":1764360,"phase":3,"pitch":0.0,"pointer_captured":false,"pose_present":true,"round":1,"schema":1,"sequence":43,"yaw":0.231000006198883}
CORRELATION_OBSERVE {"ack":27,"actor":1,"dead":0.0,"event":"snapshot","health":100.0,"seq":15.0}
PORT_NATIVE_TRACE {"ack":27,"actor_id":1,"controls":{"crouch":false,"fire":false,"interact":false,"jump":false,"mobility":false,"pitch":0.0,"reload":false,"sprint":false,"x":0.0,"yaw":0.231000006198883,"z":0.0},"event":"input_queue","monotonic_usec":1784350,"phase":3,"queue_result":0,"queued":true,"round":1,"schema":1,"sequence":44}
PORT_NATIVE_TRACE {"ack":27,"actor_id":1,"controls":{"crouch":false,"fire":false,"interact":false,"jump":false,"mobility":false,"pitch":0.0,"reload":false,"sprint":false,"x":0.0,"yaw":0.231000006198883,"z":0.0},"event":"input_queue","monotonic_usec":1798097,"phase":3,"queue_result":0,"queued":true,"round":1,"schema":1,"sequence":45}
PORT_NATIVE_TRACE {"ack":29,"actor_id":1,"camera_position":[8.0,1.45000004768372,34.0],"camera_reseeded":false,"control_eligible":true,"dead":0.0,"event":"snapshot","focused":true,"health":100.0,"lifecycle":"alive","monotonic_usec":1799064,"phase":3,"pitch":0.0,"pointer_captured":false,"pose_present":true,"round":1,"schema":1,"sequence":46,"yaw":0.231000006198883}
CORRELATION_OBSERVE {"ack":29,"actor":1,"dead":0.0,"event":"snapshot","health":100.0,"seq":16.0}
PORT_NATIVE_TRACE {"ack":29,"actor_id":1,"controls":{"crouch":false,"fire":false,"interact":false,"jump":false,"mobility":false,"pitch":0.0,"reload":false,"sprint":false,"x":0.0,"yaw":0.231000006198883,"z":0.0},"event":"input_queue","monotonic_usec":1811901,"phase":3,"queue_result":0,"queued":true,"round":1,"schema":1,"sequence":47}
PORT_NATIVE_TRACE {"ack":29,"actor_id":1,"controls":{"crouch":false,"fire":false,"interact":false,"jump":false,"mobility":false,"pitch":0.0,"reload":false,"sprint":false,"x":0.0,"yaw":0.231000006198883,"z":0.0},"event":"input_queue","monotonic_usec":1832618,"phase":3,"queue_result":0,"queued":true,"round":1,"schema":1,"sequence":48}
PORT_NATIVE_TRACE {"ack":31,"actor_id":1,"camera_position":[8.0,1.45000004768372,34.0],"camera_reseeded":false,"control_eligible":true,"dead":0.0,"event":"snapshot","focused":true,"health":100.0,"lifecycle":"alive","monotonic_usec":1833329,"phase":3,"pitch":0.0,"pointer_captured":false,"pose_present":true,"round":1,"schema":1,"sequence":49,"yaw":0.231000006198883}
CORRELATION_OBSERVE {"ack":31,"actor":1,"dead":0.0,"event":"snapshot","health":100.0,"seq":17.0}
PORT_NATIVE_TRACE {"ack":31,"actor_id":1,"controls":{"crouch":false,"fire":false,"interact":false,"jump":false,"mobility":false,"pitch":0.0,"reload":false,"sprint":false,"x":0.0,"yaw":0.231000006198883,"z":0.0},"event":"input_queue","monotonic_usec":1846314,"phase":3,"queue_result":0,"queued":true,"round":1,"schema":1,"sequence":50}
PORT_NATIVE_TRACE {"ack":33,"actor_id":1,"camera_position":[8.0,1.45000004768372,34.0],"camera_reseeded":false,"control_eligible":true,"dead":0.0,"event":"snapshot","focused":true,"health":100.0,"lifecycle":"alive","monotonic_usec":1861002,"phase":3,"pitch":0.0,"pointer_captured":false,"pose_present":true,"round":1,"schema":1,"sequence":51,"yaw":0.231000006198883}
CORRELATION_OBSERVE {"ack":33,"actor":1,"dead":0.0,"event":"snapshot","health":100.0,"seq":18.0}
PORT_NATIVE_TRACE {"ack":33,"actor_id":1,"controls":{"crouch":false,"fire":false,"interact":false,"jump":false,"mobility":false,"pitch":0.0,"reload":false,"sprint":false,"x":0.0,"yaw":0.231000006198883,"z":0.0},"event":"input_queue","monotonic_usec":1867093,"phase":3,"queue_result":0,"queued":true,"round":1,"schema":1,"sequence":52}
PORT_NATIVE_TRACE {"ack":33,"actor_id":1,"controls":{"crouch":false,"fire":false,"interact":false,"jump":false,"mobility":false,"pitch":0.0,"reload":false,"sprint":false,"x":0.0,"yaw":0.231000006198883,"z":0.0},"event":"input_queue","monotonic_usec":1880875,"phase":3,"queue_result":0,"queued":true,"round":1,"schema":1,"sequence":53}
PORT_NATIVE_TRACE {"ack":33,"actor_id":1,"controls":{"crouch":false,"fire":false,"interact":false,"jump":false,"mobility":false,"pitch":0.0,"reload":false,"sprint":false,"x":0.0,"yaw":0.231000006198883,"z":0.0},"event":"input_queue","monotonic_usec":1894715,"phase":3,"queue_result":0,"queued":true,"round":1,"schema":1,"sequence":54}
PORT_NATIVE_TRACE {"ack":35,"actor_id":1,"camera_position":[8.0,1.45000004768372,34.0],"camera_reseeded":false,"control_eligible":true,"dead":0.0,"event":"snapshot","focused":true,"health":100.0,"lifecycle":"alive","monotonic_usec":1895338,"phase":3,"pitch":0.0,"pointer_captured":false,"pose_present":true,"round":1,"schema":1,"sequence":55,"yaw":0.231000006198883}
CORRELATION_OBSERVE {"ack":35,"actor":1,"dead":0.0,"event":"snapshot","health":100.0,"seq":19.0}
PORT_NATIVE_TRACE {"ack":35,"actor_id":1,"controls":{"crouch":false,"fire":false,"interact":false,"jump":false,"mobility":false,"pitch":0.0,"reload":false,"sprint":false,"x":0.0,"yaw":0.231000006198883,"z":0.0},"event":"input_queue","monotonic_usec":1915430,"phase":3,"queue_result":0,"queued":true,"round":1,"schema":1,"sequence":56}
PORT_NATIVE_TRACE {"ack":35,"actor_id":1,"controls":{"crouch":false,"fire":false,"interact":false,"jump":false,"mobility":false,"pitch":0.0,"reload":false,"sprint":false,"x":0.0,"yaw":0.231000006198883,"z":0.0},"event":"input_queue","monotonic_usec":1929208,"phase":3,"queue_result":0,"queued":true,"round":1,"schema":1,"sequence":57}
PORT_NATIVE_TRACE {"ack":37,"actor_id":1,"camera_position":[8.0,1.45000004768372,34.0],"camera_reseeded":false,"control_eligible":true,"dead":0.0,"event":"snapshot","focused":true,"health":100.0,"lifecycle":"alive","monotonic_usec":1930110,"phase":3,"pitch":0.0,"pointer_captured":false,"pose_present":true,"round":1,"schema":1,"sequence":58,"yaw":0.231000006198883}
CORRELATION_OBSERVE {"ack":37,"actor":1,"dead":0.0,"event":"snapshot","health":100.0,"seq":20.0}
PORT_NATIVE_TRACE {"ack":37,"actor_id":1,"controls":{"crouch":false,"fire":false,"interact":false,"jump":false,"mobility":false,"pitch":0.0,"reload":false,"sprint":false,"x":0.0,"yaw":0.231000006198883,"z":0.0},"event":"input_queue","monotonic_usec":1949909,"phase":3,"queue_result":0,"queued":true,"round":1,"schema":1,"sequence":59}
PORT_NATIVE_TRACE {"ack":37,"actor_id":1,"controls":{"crouch":false,"fire":false,"interact":false,"jump":false,"mobility":false,"pitch":0.0,"reload":false,"sprint":false,"x":0.0,"yaw":0.231000006198883,"z":0.0},"event":"input_queue","monotonic_usec":1963717,"phase":3,"queue_result":0,"queued":true,"round":1,"schema":1,"sequence":60}
PORT_NATIVE_TRACE {"ack":39,"actor_id":1,"camera_position":[8.0,1.45000004768372,34.0],"camera_reseeded":false,"control_eligible":true,"dead":0.0,"event":"snapshot","focused":true,"health":100.0,"lifecycle":"alive","monotonic_usec":1964368,"phase":3,"pitch":0.0,"pointer_captured":false,"pose_present":true,"round":1,"schema":1,"sequence":61,"yaw":0.231000006198883}
CORRELATION_OBSERVE {"ack":39,"actor":1,"dead":0.0,"event":"snapshot","health":100.0,"seq":21.0}
PORT_NATIVE_TRACE {"ack":39,"actor_id":1,"controls":{"crouch":false,"fire":false,"interact":false,"jump":false,"mobility":false,"pitch":0.0,"reload":false,"sprint":false,"x":0.0,"yaw":0.231000006198883,"z":0.0},"event":"input_queue","monotonic_usec":1984316,"phase":3,"queue_result":0,"queued":true,"round":1,"schema":1,"sequence":62}
PORT_NATIVE_TRACE {"ack":41,"actor_id":1,"camera_position":[8.0,1.45000004768372,34.0],"camera_reseeded":false,"control_eligible":true,"dead":0.0,"event":"snapshot","focused":true,"health":100.0,"lifecycle":"alive","monotonic_usec":1992096,"phase":3,"pitch":0.0,"pointer_captured":false,"pose_present":true,"round":1,"schema":1,"sequence":63,"yaw":0.231000006198883}
CORRELATION_OBSERVE {"ack":41,"actor":1,"dead":0.0,"event":"snapshot","health":100.0,"seq":22.0}
PORT_NATIVE_TRACE {"ack":41,"actor_id":1,"controls":{"crouch":false,"fire":false,"interact":false,"jump":false,"mobility":false,"pitch":0.0,"reload":false,"sprint":false,"x":0.0,"yaw":0.231000006198883,"z":0.0},"event":"input_queue","monotonic_usec":1998193,"phase":3,"queue_result":0,"queued":true,"round":1,"schema":1,"sequence":64}
PORT_NATIVE_TRACE {"ack":41,"actor_id":1,"controls":{"crouch":false,"fire":false,"interact":false,"jump":false,"mobility":false,"pitch":0.0,"reload":false,"sprint":false,"x":0.0,"yaw":0.231000006198883,"z":0.0},"event":"input_queue","monotonic_usec":2011964,"phase":3,"queue_result":0,"queued":true,"round":1,"schema":1,"sequence":65}
PORT_NATIVE_TRACE {"ack":43,"actor_id":1,"camera_position":[8.0,1.45000004768372,34.0],"camera_reseeded":false,"control_eligible":true,"dead":0.0,"event":"snapshot","focused":true,"health":100.0,"lifecycle":"alive","monotonic_usec":2026276,"phase":3,"pitch":0.0,"pointer_captured":false,"pose_present":true,"round":1,"schema":1,"sequence":66,"yaw":0.231000006198883}
CORRELATION_OBSERVE {"ack":43,"actor":1,"dead":0.0,"event":"snapshot","health":100.0,"seq":23.0}
PORT_NATIVE_TRACE {"ack":43,"actor_id":1,"controls":{"crouch":false,"fire":false,"interact":false,"jump":false,"mobility":false,"pitch":0.0,"reload":false,"sprint":false,"x":0.0,"yaw":0.231000006198883,"z":0.0},"event":"input_queue","monotonic_usec":2032715,"phase":3,"queue_result":0,"queued":true,"round":1,"schema":1,"sequence":67}
PORT_NATIVE_TRACE {"ack":43,"actor_id":1,"controls":{"crouch":false,"fire":false,"interact":false,"jump":false,"mobility":false,"pitch":0.0,"reload":false,"sprint":false,"x":0.0,"yaw":0.231000006198883,"z":0.0},"event":"input_queue","monotonic_usec":2046410,"phase":3,"queue_result":0,"queued":true,"round":1,"schema":1,"sequence":68}
PORT_NATIVE_TRACE {"ack":45,"actor_id":1,"camera_position":[8.0,1.45000004768372,34.0],"camera_reseeded":false,"control_eligible":true,"dead":0.0,"event":"snapshot","focused":true,"health":100.0,"lifecycle":"alive","monotonic_usec":2061079,"phase":3,"pitch":0.0,"pointer_captured":false,"pose_present":true,"round":1,"schema":1,"sequence":69,"yaw":0.231000006198883}
CORRELATION_OBSERVE {"ack":45,"actor":1,"dead":0.0,"event":"snapshot","health":100.0,"seq":24.0}
PORT_NATIVE_TRACE {"ack":45,"actor_id":1,"controls":{"crouch":false,"fire":false,"interact":false,"jump":false,"mobility":false,"pitch":0.0,"reload":false,"sprint":false,"x":0.0,"yaw":0.231000006198883,"z":0.0},"event":"input_queue","monotonic_usec":2067199,"phase":3,"queue_result":0,"queued":true,"round":1,"schema":1,"sequence":70}
GUEST_SAMPLE {"ack":45,"actor":1,"error":"","phase":3,"phase_seconds":0.0,"pose":true,"seconds":2.011761,"snapshots":24,"starts":1}
PORT_NATIVE_TRACE {"ack":45,"actor_id":1,"controls":{"crouch":false,"fire":false,"interact":false,"jump":false,"mobility":false,"pitch":0.0,"reload":false,"sprint":false,"x":0.0,"yaw":0.231000006198883,"z":0.0},"event":"input_queue","monotonic_usec":2081054,"phase":3,"queue_result":0,"queued":true,"round":1,"schema":1,"sequence":71}
PORT_NATIVE_TRACE {"ack":47,"actor_id":1,"camera_position":[8.0,1.45000004768372,34.0],"camera_reseeded":false,"control_eligible":true,"dead":0.0,"event":"snapshot","focused":true,"health":100.0,"lifecycle":"alive","monotonic_usec":2088657,"phase":3,"pitch":0.0,"pointer_captured":false,"pose_present":true,"round":1,"schema":1,"sequence":72,"yaw":0.231000006198883}
CORRELATION_OBSERVE {"ack":47,"actor":1,"dead":0.0,"event":"snapshot","health":100.0,"seq":25.0}
PORT_NATIVE_TRACE {"ack":47,"actor_id":1,"controls":{"crouch":false,"fire":false,"interact":false,"jump":false,"mobility":false,"pitch":0.0,"reload":false,"sprint":false,"x":0.0,"yaw":0.231000006198883,"z":0.0},"event":"input_queue","monotonic_usec":2094828,"phase":3,"queue_result":0,"queued":true,"round":1,"schema":1,"sequence":73}
PORT_NATIVE_TRACE {"ack":47,"actor_id":1,"controls":{"crouch":false,"fire":false,"interact":false,"jump":false,"mobility":false,"pitch":0.0,"reload":false,"sprint":false,"x":0.0,"yaw":0.231000006198883,"z":0.0},"event":"input_queue","monotonic_usec":2115544,"phase":3,"queue_result":0,"queued":true,"round":1,"schema":1,"sequence":74}
PORT_NATIVE_TRACE {"ack":49,"actor_id":1,"camera_position":[8.0,1.45000004768372,34.0],"camera_reseeded":false,"control_eligible":true,"dead":0.0,"event":"snapshot","focused":true,"health":100.0,"lifecycle":"alive","monotonic_usec":2122688,"phase":3,"pitch":0.0,"pointer_captured":false,"pose_present":true,"round":1,"schema":1,"sequence":75,"yaw":0.231000006198883}
CORRELATION_OBSERVE {"ack":49,"actor":1,"dead":0.0,"event":"snapshot","health":100.0,"seq":26.0}
PORT_NATIVE_TRACE {"ack":49,"actor_id":1,"controls":{"crouch":false,"fire":false,"interact":false,"jump":false,"mobility":false,"pitch":0.0,"reload":false,"sprint":false,"x":0.0,"yaw":0.231000006198883,"z":0.0},"event":"input_queue","monotonic_usec":2129313,"phase":3,"queue_result":0,"queued":true,"round":1,"schema":1,"sequence":76}
PORT_NATIVE_TRACE {"ack":49,"actor_id":1,"controls":{"crouch":false,"fire":false,"interact":false,"jump":false,"mobility":false,"pitch":0.0,"reload":false,"sprint":false,"x":0.0,"yaw":0.231000006198883,"z":0.0},"event":"input_queue","monotonic_usec":2150006,"phase":3,"queue_result":0,"queued":true,"round":1,"schema":1,"sequence":77}
PORT_NATIVE_TRACE {"ack":51,"actor_id":1,"camera_position":[8.0,1.45000004768372,34.0],"camera_reseeded":false,"control_eligible":true,"dead":0.0,"event":"snapshot","focused":true,"health":100.0,"lifecycle":"alive","monotonic_usec":2157741,"phase":3,"pitch":0.0,"pointer_captured":false,"pose_present":true,"round":1,"schema":1,"sequence":78,"yaw":0.231000006198883}
CORRELATION_OBSERVE {"ack":51,"actor":1,"dead":0.0,"event":"snapshot","health":100.0,"seq":27.0}
PORT_NATIVE_TRACE {"ack":51,"actor_id":1,"controls":{"crouch":false,"fire":false,"interact":false,"jump":false,"mobility":false,"pitch":0.0,"reload":false,"sprint":false,"x":0.0,"yaw":0.231000006198883,"z":0.0},"event":"input_queue","monotonic_usec":2163804,"phase":3,"queue_result":0,"queued":true,"round":1,"schema":1,"sequence":79}
PORT_NATIVE_TRACE {"ack":51,"actor_id":1,"controls":{"crouch":false,"fire":false,"interact":false,"jump":false,"mobility":false,"pitch":0.0,"reload":false,"sprint":false,"x":0.0,"yaw":0.231000006198883,"z":0.0},"event":"input_queue","monotonic_usec":2184490,"phase":3,"queue_result":0,"queued":true,"round":1,"schema":1,"sequence":80}
PORT_NATIVE_TRACE {"ack":52,"actor_id":1,"camera_position":[8.0,1.45000004768372,34.0],"camera_reseeded":false,"control_eligible":true,"dead":0.0,"event":"snapshot","focused":true,"health":100.0,"lifecycle":"alive","monotonic_usec":2185240,"phase":3,"pitch":0.0,"pointer_captured":false,"pose_present":true,"round":1,"schema":1,"sequence":81,"yaw":0.231000006198883}
CORRELATION_OBSERVE {"ack":52,"actor":1,"dead":0.0,"event":"snapshot","health":100.0,"seq":28.0}
PORT_NATIVE_TRACE {"ack":52,"actor_id":1,"controls":{"crouch":false,"fire":false,"interact":false,"jump":false,"mobility":false,"pitch":0.0,"reload":false,"sprint":false,"x":0.0,"yaw":0.231000006198883,"z":0.0},"event":"input_queue","monotonic_usec":2198316,"phase":3,"queue_result":0,"queued":true,"round":1,"schema":1,"sequence":82}
PORT_NATIVE_TRACE {"ack":52,"actor_id":1,"controls":{"crouch":false,"fire":false,"interact":false,"jump":false,"mobility":false,"pitch":0.0,"reload":false,"sprint":false,"x":0.0,"yaw":0.231000006198883,"z":0.0},"event":"input_queue","monotonic_usec":2212012,"phase":3,"queue_result":0,"queued":true,"round":1,"schema":1,"sequence":83}
PORT_NATIVE_TRACE {"ack":55,"actor_id":1,"camera_position":[8.0,1.45000004768372,34.0],"camera_reseeded":false,"control_eligible":true,"dead":0.0,"event":"snapshot","focused":true,"health":100.0,"lifecycle":"alive","monotonic_usec":2219807,"phase":3,"pitch":0.0,"pointer_captured":false,"pose_present":true,"round":1,"schema":1,"sequence":84,"yaw":0.231000006198883}
CORRELATION_OBSERVE {"ack":55,"actor":1,"dead":0.0,"event":"snapshot","health":100.0,"seq":29.0}
PORT_NATIVE_TRACE {"ack":55,"actor_id":1,"controls":{"crouch":false,"fire":false,"interact":false,"jump":false,"mobility":false,"pitch":0.0,"reload":false,"sprint":false,"x":0.0,"yaw":0.231000006198883,"z":0.0},"event":"input_queue","monotonic_usec":2232816,"phase":3,"queue_result":0,"queued":true,"round":1,"schema":1,"sequence":85}
PORT_NATIVE_TRACE {"ack":55,"actor_id":1,"controls":{"crouch":false,"fire":false,"interact":false,"jump":false,"mobility":false,"pitch":0.0,"reload":false,"sprint":false,"x":0.0,"yaw":0.231000006198883,"z":0.0},"event":"input_queue","monotonic_usec":2246601,"phase":3,"queue_result":0,"queued":true,"round":1,"schema":1,"sequence":86}
PORT_NATIVE_TRACE {"ack":57,"actor_id":1,"camera_position":[8.0,1.45000004768372,34.0],"camera_reseeded":false,"control_eligible":true,"dead":0.0,"event":"snapshot","focused":true,"health":100.0,"lifecycle":"alive","monotonic_usec":2254280,"phase":3,"pitch":0.0,"pointer_captured":false,"pose_present":true,"round":1,"schema":1,"sequence":87,"yaw":0.231000006198883}
CORRELATION_OBSERVE {"ack":57,"actor":1,"dead":0.0,"event":"snapshot","health":100.0,"seq":30.0}
PORT_NATIVE_TRACE {"ack":57,"actor_id":1,"controls":{"crouch":false,"fire":false,"interact":false,"jump":false,"mobility":false,"pitch":0.0,"reload":false,"sprint":false,"x":0.0,"yaw":0.231000006198883,"z":0.0},"event":"input_queue","monotonic_usec":2267332,"phase":3,"queue_result":0,"queued":true,"round":1,"schema":1,"sequence":88}
PORT_NATIVE_TRACE {"ack":57,"actor_id":1,"controls":{"crouch":false,"fire":false,"interact":false,"jump":false,"mobility":false,"pitch":0.0,"reload":false,"sprint":false,"x":0.0,"yaw":0.231000006198883,"z":0.0},"event":"input_queue","monotonic_usec":2281092,"phase":3,"queue_result":0,"queued":true,"round":1,"schema":1,"sequence":89}
PORT_NATIVE_TRACE {"ack":58,"actor_id":1,"camera_position":[8.0,1.45000004768372,34.0],"camera_reseeded":false,"control_eligible":true,"dead":0.0,"event":"snapshot","focused":true,"health":100.0,"lifecycle":"alive","monotonic_usec":2282024,"phase":3,"pitch":0.0,"pointer_captured":false,"pose_present":true,"round":1,"schema":1,"sequence":90,"yaw":0.231000006198883}
CORRELATION_OBSERVE {"ack":58,"actor":1,"dead":0.0,"event":"snapshot","health":100.0,"seq":31.0}
PORT_NATIVE_TRACE {"ack":58,"actor_id":1,"controls":{"crouch":false,"fire":false,"interact":false,"jump":false,"mobility":false,"pitch":0.0,"reload":false,"sprint":false,"x":0.0,"yaw":0.231000006198883,"z":0.0},"event":"input_queue","monotonic_usec":2294894,"phase":3,"queue_result":0,"queued":true,"round":1,"schema":1,"sequence":91}
PORT_NATIVE_TRACE {"ack":58,"actor_id":1,"controls":{"crouch":false,"fire":false,"interact":false,"jump":false,"mobility":false,"pitch":0.0,"reload":false,"sprint":false,"x":0.0,"yaw":0.231000006198883,"z":0.0},"event":"input_queue","monotonic_usec":2315639,"phase":3,"queue_result":0,"queued":true,"round":1,"schema":1,"sequence":92}
PORT_NATIVE_TRACE {"ack":60,"actor_id":1,"camera_position":[8.0,1.45000004768372,34.0],"camera_reseeded":false,"control_eligible":true,"dead":0.0,"event":"snapshot","focused":true,"health":100.0,"lifecycle":"alive","monotonic_usec":2316619,"phase":3,"pitch":0.0,"pointer_captured":false,"pose_present":true,"round":1,"schema":1,"sequence":93,"yaw":0.231000006198883}
CORRELATION_OBSERVE {"ack":60,"actor":1,"dead":0.0,"event":"snapshot","health":100.0,"seq":32.0}
PORT_NATIVE_TRACE {"ack":60,"actor_id":1,"controls":{"crouch":false,"fire":false,"interact":false,"jump":false,"mobility":false,"pitch":0.0,"reload":false,"sprint":false,"x":0.0,"yaw":0.231000006198883,"z":0.0},"event":"input_queue","monotonic_usec":2329674,"phase":3,"queue_result":0,"queued":true,"round":1,"schema":1,"sequence":94}
PORT_NATIVE_TRACE {"ack":60,"actor_id":1,"controls":{"crouch":false,"fire":false,"interact":false,"jump":false,"mobility":false,"pitch":0.0,"reload":false,"sprint":false,"x":0.0,"yaw":0.231000006198883,"z":0.0},"event":"input_queue","monotonic_usec":2350109,"phase":3,"queue_result":0,"queued":true,"round":1,"schema":1,"sequence":95}
PORT_NATIVE_TRACE {"ack":62,"actor_id":1,"camera_position":[8.0,1.45000004768372,34.0],"camera_reseeded":false,"control_eligible":true,"dead":0.0,"event":"snapshot","focused":true,"health":100.0,"lifecycle":"alive","monotonic_usec":2351068,"phase":3,"pitch":0.0,"pointer_captured":false,"pose_present":true,"round":1,"schema":1,"sequence":96,"yaw":0.231000006198883}
CORRELATION_OBSERVE {"ack":62,"actor":1,"dead":0.0,"event":"snapshot","health":100.0,"seq":33.0}
PORT_NATIVE_TRACE {"ack":62,"actor_id":1,"controls":{"crouch":false,"fire":false,"interact":false,"jump":false,"mobility":false,"pitch":0.0,"reload":false,"sprint":false,"x":0.0,"yaw":0.231000006198883,"z":0.0},"event":"input_queue","monotonic_usec":2363900,"phase":3,"queue_result":0,"queued":true,"round":1,"schema":1,"sequence":97}
PORT_NATIVE_TRACE {"ack":64,"actor_id":1,"camera_position":[8.0,1.45000004768372,34.0],"camera_reseeded":false,"control_eligible":true,"dead":0.0,"event":"snapshot","focused":true,"health":100.0,"lifecycle":"alive","monotonic_usec":2378479,"phase":3,"pitch":0.0,"pointer_captured":false,"pose_present":true,"round":1,"schema":1,"sequence":98,"yaw":0.231000006198883}
CORRELATION_OBSERVE {"ack":64,"actor":1,"dead":0.0,"event":"snapshot","health":100.0,"seq":34.0}
PORT_NATIVE_TRACE {"ack":64,"actor_id":1,"controls":{"crouch":false,"fire":false,"interact":false,"jump":false,"mobility":false,"pitch":0.0,"reload":false,"sprint":false,"x":0.0,"yaw":0.231000006198883,"z":0.0},"event":"input_queue","monotonic_usec":2385136,"phase":3,"queue_result":0,"queued":true,"round":1,"schema":1,"sequence":99}
PORT_NATIVE_TRACE {"ack":64,"actor_id":1,"controls":{"crouch":false,"fire":false,"interact":false,"jump":false,"mobility":false,"pitch":0.0,"reload":false,"sprint":false,"x":0.0,"yaw":0.231000006198883,"z":0.0},"event":"input_queue","monotonic_usec":2398643,"phase":3,"queue_result":0,"queued":true,"round":1,"schema":1,"sequence":100}
PORT_NATIVE_TRACE {"ack":64,"actor_id":1,"controls":{"crouch":false,"fire":false,"interact":false,"jump":false,"mobility":false,"pitch":0.0,"reload":false,"sprint":false,"x":0.0,"yaw":0.231000006198883,"z":0.0},"event":"input_queue","monotonic_usec":2412197,"phase":3,"queue_result":0,"queued":true,"round":1,"schema":1,"sequence":101}
PORT_NATIVE_TRACE {"ack":66,"actor_id":1,"camera_position":[8.0,1.45000004768372,34.0],"camera_reseeded":false,"control_eligible":true,"dead":0.0,"event":"snapshot","focused":true,"health":100.0,"lifecycle":"alive","monotonic_usec":2413206,"phase":3,"pitch":0.0,"pointer_captured":false,"pose_present":true,"round":1,"schema":1,"sequence":102,"yaw":0.231000006198883}
CORRELATION_OBSERVE {"ack":66,"actor":1,"dead":0.0,"event":"snapshot","health":100.0,"seq":35.0}
PORT_NATIVE_TRACE {"ack":66,"actor_id":1,"controls":{"crouch":false,"fire":false,"interact":false,"jump":false,"mobility":false,"pitch":0.0,"reload":false,"sprint":false,"x":0.0,"yaw":0.231000006198883,"z":0.0},"event":"input_queue","monotonic_usec":2432895,"phase":3,"queue_result":0,"queued":true,"round":1,"schema":1,"sequence":103}
PORT_NATIVE_TRACE {"ack":66,"actor_id":1,"controls":{"crouch":false,"fire":false,"interact":false,"jump":false,"mobility":false,"pitch":0.0,"reload":false,"sprint":false,"x":0.0,"yaw":0.231000006198883,"z":0.0},"event":"input_queue","monotonic_usec":2446716,"phase":3,"queue_result":0,"queued":true,"round":1,"schema":1,"sequence":104}
PORT_NATIVE_TRACE {"ack":68,"actor_id":1,"camera_position":[8.0,1.45000004768372,34.0],"camera_reseeded":false,"control_eligible":true,"dead":0.0,"event":"snapshot","focused":true,"health":100.0,"lifecycle":"alive","monotonic_usec":2447412,"phase":3,"pitch":0.0,"pointer_captured":false,"pose_present":true,"round":1,"schema":1,"sequence":105,"yaw":0.231000006198883}
CORRELATION_OBSERVE {"ack":68,"actor":1,"dead":0.0,"event":"snapshot","health":100.0,"seq":36.0}
PORT_NATIVE_TRACE {"ack":68,"actor_id":1,"controls":{"crouch":false,"fire":false,"interact":false,"jump":false,"mobility":false,"pitch":0.0,"reload":false,"sprint":false,"x":0.0,"yaw":0.231000006198883,"z":0.0},"event":"input_queue","monotonic_usec":2467542,"phase":3,"queue_result":0,"queued":true,"round":1,"schema":1,"sequence":106}
PORT_NATIVE_TRACE {"ack":70,"actor_id":1,"camera_position":[8.0,1.45000004768372,34.0],"camera_reseeded":false,"control_eligible":true,"dead":0.0,"event":"snapshot","focused":true,"health":100.0,"lifecycle":"alive","monotonic_usec":2474634,"phase":3,"pitch":0.0,"pointer_captured":false,"pose_present":true,"round":1,"schema":1,"sequence":107,"yaw":0.231000006198883}
CORRELATION_OBSERVE {"ack":70,"actor":1,"dead":0.0,"event":"snapshot","health":100.0,"seq":37.0}
PORT_NATIVE_TRACE {"ack":70,"actor_id":1,"controls":{"crouch":false,"fire":false,"interact":false,"jump":false,"mobility":false,"pitch":0.0,"reload":false,"sprint":false,"x":0.0,"yaw":0.231000006198883,"z":0.0},"event":"input_queue","monotonic_usec":2481223,"phase":3,"queue_result":0,"queued":true,"round":1,"schema":1,"sequence":108}
PORT_NATIVE_TRACE {"ack":70,"actor_id":1,"controls":{"crouch":false,"fire":false,"interact":false,"jump":false,"mobility":false,"pitch":0.0,"reload":false,"sprint":false,"x":0.0,"yaw":0.231000006198883,"z":0.0},"event":"input_queue","monotonic_usec":2495002,"phase":3,"queue_result":0,"queued":true,"round":1,"schema":1,"sequence":109}
PORT_NATIVE_TRACE {"ack":72,"actor_id":1,"camera_position":[8.0,1.45000004768372,34.0],"camera_reseeded":false,"control_eligible":true,"dead":0.0,"event":"snapshot","focused":true,"health":100.0,"lifecycle":"alive","monotonic_usec":2509619,"phase":3,"pitch":0.0,"pointer_captured":false,"pose_present":true,"round":1,"schema":1,"sequence":110,"yaw":0.231000006198883}
CORRELATION_OBSERVE {"ack":72,"actor":1,"dead":0.0,"event":"snapshot","health":100.0,"seq":38.0}
PORT_NATIVE_TRACE {"ack":72,"actor_id":1,"controls":{"crouch":false,"fire":false,"interact":false,"jump":false,"mobility":false,"pitch":0.0,"reload":false,"sprint":false,"x":0.0,"yaw":0.231000006198883,"z":0.0},"event":"input_queue","monotonic_usec":2515700,"phase":3,"queue_result":0,"queued":true,"round":1,"schema":1,"sequence":111}
PORT_NATIVE_TRACE {"ack":72,"actor_id":1,"controls":{"crouch":false,"fire":false,"interact":false,"jump":false,"mobility":false,"pitch":0.0,"reload":false,"sprint":false,"x":0.0,"yaw":0.231000006198883,"z":0.0},"event":"input_queue","monotonic_usec":2529472,"phase":3,"queue_result":0,"queued":true,"round":1,"schema":1,"sequence":112}
PORT_NATIVE_TRACE {"ack":74,"actor_id":1,"camera_position":[8.0,1.45000004768372,34.0],"camera_reseeded":false,"control_eligible":true,"dead":0.0,"event":"snapshot","focused":true,"health":100.0,"lifecycle":"alive","monotonic_usec":2544122,"phase":3,"pitch":0.0,"pointer_captured":false,"pose_present":true,"round":1,"schema":1,"sequence":113,"yaw":0.231000006198883}
CORRELATION_OBSERVE {"ack":74,"actor":1,"dead":0.0,"event":"snapshot","health":100.0,"seq":39.0}
PORT_NATIVE_TRACE {"ack":74,"actor_id":1,"controls":{"crouch":false,"fire":false,"interact":false,"jump":false,"mobility":false,"pitch":0.0,"reload":false,"sprint":false,"x":0.0,"yaw":0.231000006198883,"z":0.0},"event":"input_queue","monotonic_usec":2550172,"phase":3,"queue_result":0,"queued":true,"round":1,"schema":1,"sequence":114}
PORT_NATIVE_TRACE {"ack":74,"actor_id":1,"controls":{"crouch":false,"fire":false,"interact":false,"jump":false,"mobility":false,"pitch":0.0,"reload":false,"sprint":false,"x":0.0,"yaw":0.231000006198883,"z":0.0},"event":"input_queue","monotonic_usec":2563994,"phase":3,"queue_result":0,"queued":true,"round":1,"schema":1,"sequence":115}
PORT_NATIVE_TRACE {"ack":76,"actor_id":1,"camera_position":[8.0,1.45000004768372,34.0],"camera_reseeded":false,"control_eligible":true,"dead":0.0,"event":"snapshot","focused":true,"health":100.0,"lifecycle":"alive","monotonic_usec":2571779,"phase":3,"pitch":0.0,"pointer_captured":false,"pose_present":true,"round":1,"schema":1,"sequence":116,"yaw":0.231000006198883}
CORRELATION_OBSERVE {"ack":76,"actor":1,"dead":0.0,"event":"snapshot","health":100.0,"seq":40.0}
PORT_NATIVE_TRACE {"ack":76,"actor_id":1,"controls":{"crouch":false,"fire":false,"interact":false,"jump":false,"mobility":false,"pitch":0.0,"reload":false,"sprint":false,"x":0.0,"yaw":0.231000006198883,"z":0.0},"event":"input_queue","monotonic_usec":2577806,"phase":3,"queue_result":0,"queued":true,"round":1,"schema":1,"sequence":117}
GUEST_SAMPLE {"ack":76,"actor":1,"error":"","phase":3,"phase_seconds":0.0,"pose":true,"seconds":2.515469,"snapshots":40,"starts":1}
PORT_NATIVE_TRACE {"ack":76,"actor_id":1,"controls":{"crouch":false,"fire":false,"interact":false,"jump":false,"mobility":false,"pitch":0.0,"reload":false,"sprint":false,"x":0.0,"yaw":0.231000006198883,"z":0.0},"event":"input_queue","monotonic_usec":2598643,"phase":3,"queue_result":0,"queued":true,"round":1,"schema":1,"sequence":118}
PORT_NATIVE_TRACE {"ack":78,"actor_id":1,"camera_position":[8.0,1.45000004768372,34.0],"camera_reseeded":false,"control_eligible":true,"dead":0.0,"event":"snapshot","focused":true,"health":100.0,"lifecycle":"alive","monotonic_usec":2606231,"phase":3,"pitch":0.0,"pointer_captured":false,"pose_present":true,"round":1,"schema":1,"sequence":119,"yaw":0.231000006198883}
CORRELATION_OBSERVE {"ack":78,"actor":1,"dead":0.0,"event":"snapshot","health":100.0,"seq":41.0}
PORT_NATIVE_TRACE {"ack":78,"actor_id":1,"controls":{"crouch":false,"fire":false,"interact":false,"jump":false,"mobility":false,"pitch":0.0,"reload":false,"sprint":false,"x":0.0,"yaw":0.231000006198883,"z":0.0},"event":"input_queue","monotonic_usec":2612531,"phase":3,"queue_result":0,"queued":true,"round":1,"schema":1,"sequence":120}
PORT_NATIVE_TRACE {"ack":78,"actor_id":1,"controls":{"crouch":false,"fire":false,"interact":false,"jump":false,"mobility":false,"pitch":0.0,"reload":false,"sprint":false,"x":0.0,"yaw":0.231000006198883,"z":0.0},"event":"input_queue","monotonic_usec":2633223,"phase":3,"queue_result":0,"queued":true,"round":1,"schema":1,"sequence":121}
PORT_NATIVE_TRACE {"ack":79,"actor_id":1,"camera_position":[8.0,1.45000004768372,34.0],"camera_reseeded":false,"control_eligible":true,"dead":0.0,"event":"snapshot","focused":true,"health":100.0,"lifecycle":"alive","monotonic_usec":2641318,"phase":3,"pitch":0.0,"pointer_captured":false,"pose_present":true,"round":1,"schema":1,"sequence":122,"yaw":0.231000006198883}
CORRELATION_OBSERVE {"ack":79,"actor":1,"dead":0.0,"event":"snapshot","health":100.0,"seq":42.0}
PORT_NATIVE_TRACE {"ack":79,"actor_id":1,"controls":{"crouch":false,"fire":false,"interact":false,"jump":false,"mobility":false,"pitch":0.0,"reload":false,"sprint":false,"x":0.0,"yaw":0.231000006198883,"z":0.0},"event":"input_queue","monotonic_usec":2647003,"phase":3,"queue_result":0,"queued":true,"round":1,"schema":1,"sequence":123}
PORT_NATIVE_TRACE {"ack":79,"actor_id":1,"controls":{"crouch":false,"fire":false,"interact":false,"jump":false,"mobility":false,"pitch":0.0,"reload":false,"sprint":false,"x":0.0,"yaw":0.231000006198883,"z":0.0},"event":"input_queue","monotonic_usec":2667486,"phase":3,"queue_result":0,"queued":true,"round":1,"schema":1,"sequence":124}
PORT_NATIVE_TRACE {"ack":81,"actor_id":1,"camera_position":[8.0,1.45000004768372,34.0],"camera_reseeded":false,"control_eligible":true,"dead":0.0,"event":"snapshot","focused":true,"health":100.0,"lifecycle":"alive","monotonic_usec":2668333,"phase":3,"pitch":0.0,"pointer_captured":false,"pose_present":true,"round":1,"schema":1,"sequence":125,"yaw":0.231000006198883}
CORRELATION_OBSERVE {"ack":81,"actor":1,"dead":0.0,"event":"snapshot","health":100.0,"seq":43.0}
PORT_NATIVE_TRACE {"ack":81,"actor_id":1,"controls":{"crouch":false,"fire":false,"interact":false,"jump":false,"mobility":false,"pitch":0.0,"reload":false,"sprint":false,"x":0.0,"yaw":0.231000006198883,"z":0.0},"event":"input_queue","monotonic_usec":2681340,"phase":3,"queue_result":0,"queued":true,"round":1,"schema":1,"sequence":126}
PORT_NATIVE_TRACE {"ack":81,"actor_id":1,"controls":{"crouch":false,"fire":false,"interact":false,"jump":false,"mobility":false,"pitch":0.0,"reload":false,"sprint":false,"x":0.0,"yaw":0.231000006198883,"z":0.0},"event":"input_queue","monotonic_usec":2695536,"phase":3,"queue_result":0,"queued":true,"round":1,"schema":1,"sequence":127}
PORT_NATIVE_TRACE {"ack":84,"actor_id":1,"camera_position":[8.0,1.45000004768372,34.0],"camera_reseeded":false,"control_eligible":true,"dead":0.0,"event":"snapshot","focused":true,"health":100.0,"lifecycle":"alive","monotonic_usec":2702746,"phase":3,"pitch":0.0,"pointer_captured":false,"pose_present":true,"round":1,"schema":1,"sequence":128,"yaw":0.231000006198883}
CORRELATION_OBSERVE {"ack":84,"actor":1,"dead":0.0,"event":"snapshot","health":100.0,"seq":44.0}
PORT_NATIVE_TRACE {"ack":84,"actor_id":1,"controls":{"crouch":false,"fire":false,"interact":false,"jump":false,"mobility":false,"pitch":0.0,"reload":false,"sprint":false,"x":0.0,"yaw":0.231000006198883,"z":0.0},"event":"input_queue","monotonic_usec":2716046,"phase":3,"queue_result":0,"queued":true,"round":1,"schema":1,"sequence":129}
PORT_NATIVE_TRACE {"ack":84,"actor_id":1,"controls":{"crouch":false,"fire":false,"interact":false,"jump":false,"mobility":false,"pitch":0.0,"reload":false,"sprint":false,"x":0.0,"yaw":0.231000006198883,"z":0.0},"event":"input_queue","monotonic_usec":2729797,"phase":3,"queue_result":0,"queued":true,"round":1,"schema":1,"sequence":130}
PORT_NATIVE_TRACE {"ack":85,"actor_id":1,"camera_position":[8.0,1.45000004768372,34.0],"camera_reseeded":false,"control_eligible":true,"dead":0.0,"event":"snapshot","focused":true,"health":100.0,"lifecycle":"alive","monotonic_usec":2736813,"phase":3,"pitch":0.0,"pointer_captured":false,"pose_present":true,"round":1,"schema":1,"sequence":131,"yaw":0.231000006198883}
CORRELATION_OBSERVE {"ack":85,"actor":1,"dead":0.0,"event":"snapshot","health":100.0,"seq":45.0}
PORT_NATIVE_TRACE {"ack":85,"actor_id":1,"controls":{"crouch":false,"fire":false,"interact":false,"jump":false,"mobility":false,"pitch":0.0,"reload":false,"sprint":false,"x":0.0,"yaw":0.231000006198883,"z":0.0},"event":"input_queue","monotonic_usec":2750694,"phase":3,"queue_result":0,"queued":true,"round":1,"schema":1,"sequence":132}
PORT_NATIVE_TRACE {"ack":85,"actor_id":1,"controls":{"crouch":false,"fire":false,"interact":false,"jump":false,"mobility":false,"pitch":0.0,"reload":false,"sprint":false,"x":0.0,"yaw":0.231000006198883,"z":0.0},"event":"input_queue","monotonic_usec":2764078,"phase":3,"queue_result":0,"queued":true,"round":1,"schema":1,"sequence":133}
PORT_NATIVE_TRACE {"ack":87,"actor_id":1,"camera_position":[8.0,1.45000004768372,34.0],"camera_reseeded":false,"control_eligible":true,"dead":0.0,"event":"snapshot","focused":true,"health":100.0,"lifecycle":"alive","monotonic_usec":2765025,"phase":3,"pitch":0.0,"pointer_captured":false,"pose_present":true,"round":1,"schema":1,"sequence":134,"yaw":0.231000006198883}
CORRELATION_OBSERVE {"ack":87,"actor":1,"dead":0.0,"event":"snapshot","health":100.0,"seq":46.0}
PORT_NATIVE_TRACE {"ack":87,"actor_id":1,"controls":{"crouch":false,"fire":false,"interact":false,"jump":false,"mobility":false,"pitch":0.0,"reload":false,"sprint":false,"x":0.0,"yaw":0.231000006198883,"z":0.0},"event":"input_queue","monotonic_usec":2777870,"phase":3,"queue_result":0,"queued":true,"round":1,"schema":1,"sequence":135}
PORT_NATIVE_TRACE {"ack":87,"actor_id":1,"controls":{"crouch":false,"fire":false,"interact":false,"jump":false,"mobility":false,"pitch":0.0,"reload":false,"sprint":false,"x":0.0,"yaw":0.231000006198883,"z":0.0},"event":"input_queue","monotonic_usec":2798796,"phase":3,"queue_result":0,"queued":true,"round":1,"schema":1,"sequence":136}
PORT_NATIVE_TRACE {"ack":89,"actor_id":1,"camera_position":[8.0,1.45000004768372,34.0],"camera_reseeded":false,"control_eligible":true,"dead":0.0,"event":"snapshot","focused":true,"health":100.0,"lifecycle":"alive","monotonic_usec":2799590,"phase":3,"pitch":0.0,"pointer_captured":false,"pose_present":true,"round":1,"schema":1,"sequence":137,"yaw":0.231000006198883}
CORRELATION_OBSERVE {"ack":89,"actor":1,"dead":0.0,"event":"snapshot","health":100.0,"seq":47.0}
PORT_NATIVE_TRACE {"ack":89,"actor_id":1,"controls":{"crouch":false,"fire":false,"interact":false,"jump":false,"mobility":false,"pitch":0.0,"reload":false,"sprint":false,"x":0.0,"yaw":0.231000006198883,"z":0.0},"event":"input_queue","monotonic_usec":2812415,"phase":3,"queue_result":0,"queued":true,"round":1,"schema":1,"sequence":138}
PORT_NATIVE_TRACE {"ack":89,"actor_id":1,"controls":{"crouch":false,"fire":false,"interact":false,"jump":false,"mobility":false,"pitch":0.0,"reload":false,"sprint":false,"x":0.0,"yaw":0.231000006198883,"z":0.0},"event":"input_queue","monotonic_usec":2833159,"phase":3,"queue_result":0,"queued":true,"round":1,"schema":1,"sequence":139}
PORT_NATIVE_TRACE {"ack":91,"actor_id":1,"camera_position":[8.0,1.45000004768372,34.0],"camera_reseeded":false,"control_eligible":true,"dead":0.0,"event":"snapshot","focused":true,"health":100.0,"lifecycle":"alive","monotonic_usec":2834222,"phase":3,"pitch":0.0,"pointer_captured":false,"pose_present":true,"round":1,"schema":1,"sequence":140,"yaw":0.231000006198883}
CORRELATION_OBSERVE {"ack":91,"actor":1,"dead":0.0,"event":"snapshot","health":100.0,"seq":48.0}
PORT_NATIVE_TRACE {"ack":91,"actor_id":1,"controls":{"crouch":false,"fire":false,"interact":false,"jump":false,"mobility":false,"pitch":0.0,"reload":false,"sprint":false,"x":0.0,"yaw":0.231000006198883,"z":0.0},"event":"input_queue","monotonic_usec":2847167,"phase":3,"queue_result":0,"queued":true,"round":1,"schema":1,"sequence":141}
PORT_NATIVE_TRACE {"ack":93,"actor_id":1,"camera_position":[8.0,1.45000004768372,34.0],"camera_reseeded":false,"control_eligible":true,"dead":0.0,"event":"snapshot","focused":true,"health":100.0,"lifecycle":"alive","monotonic_usec":2861432,"phase":3,"pitch":0.0,"pointer_captured":false,"pose_present":true,"round":1,"schema":1,"sequence":142,"yaw":0.231000006198883}
CORRELATION_OBSERVE {"ack":93,"actor":1,"dead":0.0,"event":"snapshot","health":100.0,"seq":49.0}
PORT_NATIVE_TRACE {"ack":93,"actor_id":1,"controls":{"crouch":false,"fire":false,"interact":false,"jump":false,"mobility":false,"pitch":0.0,"reload":false,"sprint":false,"x":0.0,"yaw":0.231000006198883,"z":0.0},"event":"input_queue","monotonic_usec":2867833,"phase":3,"queue_result":0,"queued":true,"round":1,"schema":1,"sequence":143}
PORT_NATIVE_TRACE {"ack":93,"actor_id":1,"controls":{"crouch":false,"fire":false,"interact":false,"jump":false,"mobility":false,"pitch":0.0,"reload":false,"sprint":false,"x":0.0,"yaw":0.231000006198883,"z":0.0},"event":"input_queue","monotonic_usec":2881422,"phase":3,"queue_result":0,"queued":true,"round":1,"schema":1,"sequence":144}
PORT_NATIVE_TRACE {"ack":93,"actor_id":1,"controls":{"crouch":false,"fire":false,"interact":false,"jump":false,"mobility":false,"pitch":0.0,"reload":false,"sprint":false,"x":0.0,"yaw":0.231000006198883,"z":0.0},"event":"input_queue","monotonic_usec":2895492,"phase":3,"queue_result":0,"queued":true,"round":1,"schema":1,"sequence":145}
PORT_NATIVE_TRACE {"ack":95,"actor_id":1,"camera_position":[8.0,1.45000004768372,34.0],"camera_reseeded":false,"control_eligible":true,"dead":0.0,"event":"snapshot","focused":true,"health":100.0,"lifecycle":"alive","monotonic_usec":2896440,"phase":3,"pitch":0.0,"pointer_captured":false,"pose_present":true,"round":1,"schema":1,"sequence":146,"yaw":0.231000006198883}
CORRELATION_OBSERVE {"ack":95,"actor":1,"dead":0.0,"event":"snapshot","health":100.0,"seq":50.0}
PORT_NATIVE_TRACE {"ack":95,"actor_id":1,"controls":{"crouch":false,"fire":false,"interact":false,"jump":false,"mobility":false,"pitch":0.0,"reload":false,"sprint":false,"x":0.0,"yaw":0.231000006198883,"z":0.0},"event":"input_queue","monotonic_usec":2916047,"phase":3,"queue_result":0,"queued":true,"round":1,"schema":1,"sequence":147}
PORT_NATIVE_TRACE {"ack":95,"actor_id":1,"controls":{"crouch":false,"fire":false,"interact":false,"jump":false,"mobility":false,"pitch":0.0,"reload":false,"sprint":false,"x":0.0,"yaw":0.231000006198883,"z":0.0},"event":"input_queue","monotonic_usec":2930226,"phase":3,"queue_result":0,"queued":true,"round":1,"schema":1,"sequence":148}
PORT_NATIVE_TRACE {"ack":97,"actor_id":1,"camera_position":[8.0,1.45000004768372,34.0],"camera_reseeded":false,"control_eligible":true,"dead":0.0,"event":"snapshot","focused":true,"health":100.0,"lifecycle":"alive","monotonic_usec":2931014,"phase":3,"pitch":0.0,"pointer_captured":false,"pose_present":true,"round":1,"schema":1,"sequence":149,"yaw":0.231000006198883}
CORRELATION_OBSERVE {"ack":97,"actor":1,"dead":0.0,"event":"snapshot","health":100.0,"seq":51.0}
PORT_NATIVE_TRACE {"ack":97,"actor_id":1,"controls":{"crouch":false,"fire":false,"interact":false,"jump":false,"mobility":false,"pitch":0.0,"reload":false,"sprint":false,"x":0.0,"yaw":0.231000006198883,"z":0.0},"event":"input_queue","monotonic_usec":2950429,"phase":3,"queue_result":0,"queued":true,"round":1,"schema":1,"sequence":150}
PORT_NATIVE_TRACE {"ack":97,"actor_id":1,"controls":{"crouch":false,"fire":false,"interact":false,"jump":false,"mobility":false,"pitch":0.0,"reload":false,"sprint":false,"x":0.0,"yaw":0.231000006198883,"z":0.0},"event":"input_queue","monotonic_usec":2964862,"phase":3,"queue_result":0,"queued":true,"round":1,"schema":1,"sequence":151}
PORT_NATIVE_TRACE {"ack":99,"actor_id":1,"camera_position":[8.0,1.45000004768372,34.0],"camera_reseeded":false,"control_eligible":true,"dead":0.0,"event":"snapshot","focused":true,"health":100.0,"lifecycle":"alive","monotonic_usec":2966004,"phase":3,"pitch":0.0,"pointer_captured":false,"pose_present":true,"round":1,"schema":1,"sequence":152,"yaw":0.231000006198883}
CORRELATION_OBSERVE {"ack":99,"actor":1,"dead":0.0,"event":"snapshot","health":100.0,"seq":52.0}
PORT_NATIVE_TRACE {"ack":99,"actor_id":1,"controls":{"crouch":false,"fire":false,"interact":false,"jump":false,"mobility":false,"pitch":0.0,"reload":false,"sprint":false,"x":0.0,"yaw":0.231000006198883,"z":0.0},"event":"input_queue","monotonic_usec":2978008,"phase":3,"queue_result":0,"queued":true,"round":1,"schema":1,"sequence":153}
PORT_NATIVE_TRACE {"ack":101,"actor_id":1,"camera_position":[8.0,1.45000004768372,34.0],"camera_reseeded":false,"control_eligible":true,"dead":0.0,"event":"snapshot","focused":true,"health":100.0,"lifecycle":"alive","monotonic_usec":2992882,"phase":3,"pitch":0.0,"pointer_captured":false,"pose_present":true,"round":1,"schema":1,"sequence":154,"yaw":0.231000006198883}
CORRELATION_OBSERVE {"ack":101,"actor":1,"dead":0.0,"event":"snapshot","health":100.0,"seq":53.0}
PORT_NATIVE_TRACE {"ack":101,"actor_id":1,"controls":{"crouch":false,"fire":false,"interact":false,"jump":false,"mobility":false,"pitch":0.0,"reload":false,"sprint":false,"x":0.0,"yaw":0.231000006198883,"z":0.0},"event":"input_queue","monotonic_usec":2998832,"phase":3,"queue_result":0,"queued":true,"round":1,"schema":1,"sequence":155}
PORT_NATIVE_TRACE {"ack":101,"actor_id":1,"controls":{"crouch":false,"fire":false,"interact":false,"jump":false,"mobility":false,"pitch":0.0,"reload":false,"sprint":false,"x":0.0,"yaw":0.231000006198883,"z":0.0},"event":"input_queue","monotonic_usec":3012720,"phase":3,"queue_result":0,"queued":true,"round":1,"schema":1,"sequence":156}
PORT_NATIVE_TRACE {"ack":103,"actor_id":1,"camera_position":[8.0,1.45000004768372,34.0],"camera_reseeded":false,"control_eligible":true,"dead":0.0,"event":"snapshot","focused":true,"health":100.0,"lifecycle":"alive","monotonic_usec":3027200,"phase":3,"pitch":0.0,"pointer_captured":false,"pose_present":true,"round":1,"schema":1,"sequence":157,"yaw":0.231000006198883}
CORRELATION_OBSERVE {"ack":103,"actor":1,"dead":0.0,"event":"snapshot","health":100.0,"seq":54.0}
PORT_NATIVE_TRACE {"ack":103,"actor_id":1,"controls":{"crouch":false,"fire":false,"interact":false,"jump":false,"mobility":false,"pitch":0.0,"reload":false,"sprint":false,"x":0.0,"yaw":0.231000006198883,"z":0.0},"event":"input_queue","monotonic_usec":3033251,"phase":3,"queue_result":0,"queued":true,"round":1,"schema":1,"sequence":158}
PORT_NATIVE_TRACE {"ack":103,"actor_id":1,"controls":{"crouch":false,"fire":false,"interact":false,"jump":false,"mobility":false,"pitch":0.0,"reload":false,"sprint":false,"x":0.0,"yaw":0.231000006198883,"z":0.0},"event":"input_queue","monotonic_usec":3047101,"phase":3,"queue_result":0,"queued":true,"round":1,"schema":1,"sequence":159}
PORT_NATIVE_TRACE {"ack":105,"actor_id":1,"camera_position":[8.0,1.45000004768372,34.0],"camera_reseeded":false,"control_eligible":true,"dead":0.0,"event":"snapshot","focused":true,"health":100.0,"lifecycle":"alive","monotonic_usec":3061668,"phase":3,"pitch":0.0,"pointer_captured":false,"pose_present":true,"round":1,"schema":1,"sequence":160,"yaw":0.231000006198883}
CORRELATION_OBSERVE {"ack":105,"actor":1,"dead":0.0,"event":"snapshot","health":100.0,"seq":55.0}
PORT_NATIVE_TRACE {"ack":105,"actor_id":1,"controls":{"crouch":false,"fire":false,"interact":false,"jump":false,"mobility":false,"pitch":0.0,"reload":false,"sprint":false,"x":0.0,"yaw":0.231000006198883,"z":0.0},"event":"input_queue","monotonic_usec":3067838,"phase":3,"queue_result":0,"queued":true,"round":1,"schema":1,"sequence":161}
PORT_NATIVE_TRACE {"ack":105,"actor_id":1,"controls":{"crouch":false,"fire":false,"interact":false,"jump":false,"mobility":false,"pitch":0.0,"reload":false,"sprint":false,"x":0.0,"yaw":0.231000006198883,"z":0.0},"event":"input_queue","monotonic_usec":3081730,"phase":3,"queue_result":0,"queued":true,"round":1,"schema":1,"sequence":162}
GUEST_SAMPLE {"ack":105,"actor":1,"error":"","phase":3,"phase_seconds":0.0,"pose":true,"seconds":3.019206,"snapshots":55,"starts":1}
PORT_NATIVE_TRACE {"ack":105,"actor_id":1,"controls":{"crouch":false,"fire":false,"interact":false,"jump":false,"mobility":false,"pitch":0.0,"reload":false,"sprint":false,"x":0.0,"yaw":0.231000006198883,"z":0.0},"event":"input_queue","monotonic_usec":3095504,"phase":3,"queue_result":0,"queued":true,"round":1,"schema":1,"sequence":163}
PORT_NATIVE_TRACE {"ack":107,"actor_id":1,"camera_position":[8.0,1.45000004768372,34.0],"camera_reseeded":false,"control_eligible":true,"dead":0.0,"event":"snapshot","focused":true,"health":100.0,"lifecycle":"alive","monotonic_usec":3096424,"phase":3,"pitch":0.0,"pointer_captured":false,"pose_present":true,"round":1,"schema":1,"sequence":164,"yaw":0.231000006198883}
CORRELATION_OBSERVE {"ack":107,"actor":1,"dead":0.0,"event":"snapshot","health":100.0,"seq":56.0}
PORT_NATIVE_TRACE {"ack":107,"actor_id":1,"controls":{"crouch":false,"fire":false,"interact":false,"jump":false,"mobility":false,"pitch":0.0,"reload":false,"sprint":false,"x":0.0,"yaw":0.231000006198883,"z":0.0},"event":"input_queue","monotonic_usec":3116109,"phase":3,"queue_result":0,"queued":true,"round":1,"schema":1,"sequence":165}
PORT_NATIVE_TRACE {"ack":109,"actor_id":1,"camera_position":[8.0,1.45000004768372,34.0],"camera_reseeded":false,"control_eligible":true,"dead":0.0,"event":"snapshot","focused":true,"health":100.0,"lifecycle":"alive","monotonic_usec":3123748,"phase":3,"pitch":0.0,"pointer_captured":false,"pose_present":true,"round":1,"schema":1,"sequence":166,"yaw":0.231000006198883}
CORRELATION_OBSERVE {"ack":109,"actor":1,"dead":0.0,"event":"snapshot","health":100.0,"seq":57.0}
PORT_NATIVE_TRACE {"ack":109,"actor_id":1,"controls":{"crouch":false,"fire":false,"interact":false,"jump":false,"mobility":false,"pitch":0.0,"reload":false,"sprint":false,"x":0.0,"yaw":0.231000006198883,"z":0.0},"event":"input_queue","monotonic_usec":3129801,"phase":3,"queue_result":0,"queued":true,"round":1,"schema":1,"sequence":167}
PORT_NATIVE_TRACE {"ack":109,"actor_id":1,"controls":{"crouch":false,"fire":false,"interact":false,"jump":false,"mobility":false,"pitch":0.0,"reload":false,"sprint":false,"x":0.0,"yaw":0.231000006198883,"z":0.0},"event":"input_queue","monotonic_usec":3150475,"phase":3,"queue_result":0,"queued":true,"round":1,"schema":1,"sequence":168}
PORT_NATIVE_TRACE {"ack":111,"actor_id":1,"camera_position":[8.0,1.45000004768372,34.0],"camera_reseeded":false,"control_eligible":true,"dead":0.0,"event":"snapshot","focused":true,"health":100.0,"lifecycle":"alive","monotonic_usec":3158219,"phase":3,"pitch":0.0,"pointer_captured":false,"pose_present":true,"round":1,"schema":1,"sequence":169,"yaw":0.231000006198883}
CORRELATION_OBSERVE {"ack":111,"actor":1,"dead":0.0,"event":"snapshot","health":100.0,"seq":58.0}
PORT_NATIVE_TRACE {"ack":111,"actor_id":1,"controls":{"crouch":false,"fire":false,"interact":false,"jump":false,"mobility":false,"pitch":0.0,"reload":false,"sprint":false,"x":0.0,"yaw":0.231000006198883,"z":0.0},"event":"input_queue","monotonic_usec":3164312,"phase":3,"queue_result":0,"queued":true,"round":1,"schema":1,"sequence":170}
PORT_NATIVE_TRACE {"ack":111,"actor_id":1,"controls":{"crouch":false,"fire":false,"interact":false,"jump":false,"mobility":false,"pitch":0.0,"reload":false,"sprint":false,"x":0.0,"yaw":0.231000006198883,"z":0.0},"event":"input_queue","monotonic_usec":3178078,"phase":3,"queue_result":0,"queued":true,"round":1,"schema":1,"sequence":171}
PORT_NATIVE_TRACE {"ack":113,"actor_id":1,"camera_position":[8.0,1.45000004768372,34.0],"camera_reseeded":false,"control_eligible":true,"dead":0.0,"event":"snapshot","focused":true,"health":100.0,"lifecycle":"alive","monotonic_usec":3185295,"phase":3,"pitch":0.0,"pointer_captured":false,"pose_present":true,"round":1,"schema":1,"sequence":172,"yaw":0.231000006198883}
CORRELATION_OBSERVE {"ack":113,"actor":1,"dead":0.0,"event":"snapshot","health":100.0,"seq":59.0}
PORT_NATIVE_TRACE {"ack":113,"actor_id":1,"controls":{"crouch":false,"fire":false,"interact":false,"jump":false,"mobility":false,"pitch":0.0,"reload":false,"sprint":false,"x":0.0,"yaw":0.231000006198883,"z":0.0},"event":"input_queue","monotonic_usec":3198726,"phase":3,"queue_result":0,"queued":true,"round":1,"schema":1,"sequence":173}
PORT_NATIVE_TRACE {"ack":113,"actor_id":1,"controls":{"crouch":false,"fire":false,"interact":false,"jump":false,"mobility":false,"pitch":0.0,"reload":false,"sprint":false,"x":0.0,"yaw":0.231000006198883,"z":0.0},"event":"input_queue","monotonic_usec":3212490,"phase":3,"queue_result":0,"queued":true,"round":1,"schema":1,"sequence":174}
PORT_NATIVE_TRACE {"ack":115,"actor_id":1,"camera_position":[8.0,1.45000004768372,34.0],"camera_reseeded":false,"control_eligible":true,"dead":0.0,"event":"snapshot","focused":true,"health":100.0,"lifecycle":"alive","monotonic_usec":3220198,"phase":3,"pitch":0.0,"pointer_captured":false,"pose_present":true,"round":1,"schema":1,"sequence":175,"yaw":0.231000006198883}
CORRELATION_OBSERVE {"ack":115,"actor":1,"dead":0.0,"event":"snapshot","health":100.0,"seq":60.0}
PORT_NATIVE_TRACE {"ack":115,"actor_id":1,"controls":{"crouch":false,"fire":false,"interact":false,"jump":false,"mobility":false,"pitch":0.0,"reload":false,"sprint":false,"x":0.0,"yaw":0.231000006198883,"z":0.0},"event":"input_queue","monotonic_usec":3233280,"phase":3,"queue_result":0,"queued":true,"round":1,"schema":1,"sequence":176}
PORT_NATIVE_TRACE {"ack":115,"actor_id":1,"controls":{"crouch":false,"fire":false,"interact":false,"jump":false,"mobility":false,"pitch":0.0,"reload":false,"sprint":false,"x":0.0,"yaw":0.231000006198883,"z":0.0},"event":"input_queue","monotonic_usec":3247077,"phase":3,"queue_result":0,"queued":true,"round":1,"schema":1,"sequence":177}
PORT_NATIVE_TRACE {"ack":117,"actor_id":1,"camera_position":[8.0,1.45000004768372,34.0],"camera_reseeded":false,"control_eligible":true,"dead":0.0,"event":"snapshot","focused":true,"health":100.0,"lifecycle":"alive","monotonic_usec":3254874,"phase":3,"pitch":0.0,"pointer_captured":false,"pose_present":true,"round":1,"schema":1,"sequence":178,"yaw":0.231000006198883}
CORRELATION_OBSERVE {"ack":117,"actor":1,"dead":0.0,"event":"snapshot","health":100.0,"seq":61.0}
PORT_NATIVE_TRACE {"ack":117,"actor_id":1,"controls":{"crouch":false,"fire":false,"interact":false,"jump":false,"mobility":false,"pitch":0.0,"reload":false,"sprint":false,"x":0.0,"yaw":0.231000006198883,"z":0.0},"event":"input_queue","monotonic_usec":3267725,"phase":3,"queue_result":0,"queued":true,"round":1,"schema":1,"sequence":179}
PORT_NATIVE_TRACE {"ack":117,"actor_id":1,"controls":{"crouch":false,"fire":false,"interact":false,"jump":false,"mobility":false,"pitch":0.0,"reload":false,"sprint":false,"x":0.0,"yaw":0.231000006198883,"z":0.0},"event":"input_queue","monotonic_usec":3281564,"phase":3,"queue_result":0,"queued":true,"round":1,"schema":1,"sequence":180}
PORT_NATIVE_TRACE {"ack":118,"actor_id":1,"camera_position":[8.0,1.45000004768372,34.0],"camera_reseeded":false,"control_eligible":true,"dead":0.0,"event":"snapshot","focused":true,"health":100.0,"lifecycle":"alive","monotonic_usec":3282310,"phase":3,"pitch":0.0,"pointer_captured":false,"pose_present":true,"round":1,"schema":1,"sequence":181,"yaw":0.231000006198883}
CORRELATION_OBSERVE {"ack":118,"actor":1,"dead":0.0,"event":"snapshot","health":100.0,"seq":62.0}
PORT_NATIVE_TRACE {"ack":118,"actor_id":1,"controls":{"crouch":false,"fire":false,"interact":false,"jump":false,"mobility":false,"pitch":0.0,"reload":false,"sprint":false,"x":0.0,"yaw":0.231000006198883,"z":0.0},"event":"input_queue","monotonic_usec":3295387,"phase":3,"queue_result":0,"queued":true,"round":1,"schema":1,"sequence":182}
PORT_NATIVE_TRACE {"ack":118,"actor_id":1,"controls":{"crouch":false,"fire":false,"interact":false,"jump":false,"mobility":false,"pitch":0.0,"reload":false,"sprint":false,"x":0.0,"yaw":0.231000006198883,"z":0.0},"event":"input_queue","monotonic_usec":3316107,"phase":3,"queue_result":0,"queued":true,"round":1,"schema":1,"sequence":183}
PORT_NATIVE_TRACE {"ack":120,"actor_id":1,"camera_position":[8.0,1.45000004768372,34.0],"camera_reseeded":false,"control_eligible":true,"dead":0.0,"event":"snapshot","focused":true,"health":100.0,"lifecycle":"alive","monotonic_usec":3316999,"phase":3,"pitch":0.0,"pointer_captured":false,"pose_present":true,"round":1,"schema":1,"sequence":184,"yaw":0.231000006198883}
CORRELATION_OBSERVE {"ack":120,"actor":1,"dead":0.0,"event":"snapshot","health":100.0,"seq":63.0}
PORT_NATIVE_TRACE {"ack":120,"actor_id":1,"controls":{"crouch":false,"fire":false,"interact":false,"jump":false,"mobility":false,"pitch":0.0,"reload":false,"sprint":false,"x":0.0,"yaw":0.231000006198883,"z":0.0},"event":"input_queue","monotonic_usec":3329813,"phase":3,"queue_result":0,"queued":true,"round":1,"schema":1,"sequence":185}
PORT_NATIVE_TRACE {"ack":120,"actor_id":1,"controls":{"crouch":false,"fire":false,"interact":false,"jump":false,"mobility":false,"pitch":0.0,"reload":false,"sprint":false,"x":0.0,"yaw":0.231000006198883,"z":0.0},"event":"input_queue","monotonic_usec":3351137,"phase":3,"queue_result":0,"queued":true,"round":1,"schema":1,"sequence":186}
PORT_NATIVE_TRACE {"ack":122,"actor_id":1,"camera_position":[8.0,1.45000004768372,34.0],"camera_reseeded":false,"control_eligible":true,"dead":0.0,"event":"snapshot","focused":true,"health":100.0,"lifecycle":"alive","monotonic_usec":3351911,"phase":3,"pitch":0.0,"pointer_captured":false,"pose_present":true,"round":1,"schema":1,"sequence":187,"yaw":0.231000006198883}
CORRELATION_OBSERVE {"ack":122,"actor":1,"dead":0.0,"event":"snapshot","health":100.0,"seq":64.0}
PORT_NATIVE_TRACE {"ack":122,"actor_id":1,"controls":{"crouch":false,"fire":false,"interact":false,"jump":false,"mobility":false,"pitch":0.0,"reload":false,"sprint":false,"x":0.0,"yaw":0.231000006198883,"z":0.0},"event":"input_queue","monotonic_usec":3364519,"phase":3,"queue_result":0,"queued":true,"round":1,"schema":1,"sequence":188}
PORT_NATIVE_TRACE {"ack":122,"actor_id":1,"controls":{"crouch":false,"fire":false,"interact":false,"jump":false,"mobility":false,"pitch":0.0,"reload":false,"sprint":false,"x":0.0,"yaw":0.231000006198883,"z":0.0},"event":"input_queue","monotonic_usec":3378176,"phase":3,"queue_result":0,"queued":true,"round":1,"schema":1,"sequence":189}
PORT_NATIVE_TRACE {"ack":124,"actor_id":1,"camera_position":[8.0,1.45000004768372,34.0],"camera_reseeded":false,"control_eligible":true,"dead":0.0,"event":"snapshot","focused":true,"health":100.0,"lifecycle":"alive","monotonic_usec":3379172,"phase":3,"pitch":0.0,"pointer_captured":false,"pose_present":true,"round":1,"schema":1,"sequence":190,"yaw":0.231000006198883}
CORRELATION_OBSERVE {"ack":124,"actor":1,"dead":0.0,"event":"snapshot","health":100.0,"seq":65.0}
PORT_NATIVE_TRACE {"ack":124,"actor_id":1,"controls":{"crouch":false,"fire":false,"interact":false,"jump":false,"mobility":false,"pitch":0.0,"reload":false,"sprint":false,"x":0.0,"yaw":0.231000006198883,"z":0.0},"event":"input_queue","monotonic_usec":3398924,"phase":3,"queue_result":0,"queued":true,"round":1,"schema":1,"sequence":191}
PORT_NATIVE_TRACE {"ack":124,"actor_id":1,"controls":{"crouch":false,"fire":false,"interact":false,"jump":false,"mobility":false,"pitch":0.0,"reload":false,"sprint":false,"x":0.0,"yaw":0.231000006198883,"z":0.0},"event":"input_queue","monotonic_usec":3413177,"phase":3,"queue_result":0,"queued":true,"round":1,"schema":1,"sequence":192}
PORT_NATIVE_TRACE {"ack":126,"actor_id":1,"camera_position":[8.0,1.45000004768372,34.0],"camera_reseeded":false,"control_eligible":true,"dead":0.0,"event":"snapshot","focused":true,"health":100.0,"lifecycle":"alive","monotonic_usec":3414302,"phase":3,"pitch":0.0,"pointer_captured":false,"pose_present":true,"round":1,"schema":1,"sequence":193,"yaw":0.231000006198883}
CORRELATION_OBSERVE {"ack":126,"actor":1,"dead":0.0,"event":"snapshot","health":100.0,"seq":66.0}
PORT_NATIVE_TRACE {"ack":126,"actor_id":1,"controls":{"crouch":false,"fire":false,"interact":false,"jump":false,"mobility":false,"pitch":0.0,"reload":false,"sprint":false,"x":0.0,"yaw":0.231000006198883,"z":0.0},"event":"input_queue","monotonic_usec":3433684,"phase":3,"queue_result":0,"queued":true,"round":1,"schema":1,"sequence":194}
PORT_NATIVE_TRACE {"ack":126,"actor_id":1,"controls":{"crouch":false,"fire":false,"interact":false,"jump":false,"mobility":false,"pitch":0.0,"reload":false,"sprint":false,"x":0.0,"yaw":0.231000006198883,"z":0.0},"event":"input_queue","monotonic_usec":3447500,"phase":3,"queue_result":0,"queued":true,"round":1,"schema":1,"sequence":195}
PORT_NATIVE_TRACE {"ack":128,"actor_id":1,"camera_position":[8.0,1.45000004768372,34.0],"camera_reseeded":false,"control_eligible":true,"dead":0.0,"event":"snapshot","focused":true,"health":100.0,"lifecycle":"alive","monotonic_usec":3448633,"phase":3,"pitch":0.0,"pointer_captured":false,"pose_present":true,"round":1,"schema":1,"sequence":196,"yaw":0.231000006198883}
CORRELATION_OBSERVE {"ack":128,"actor":1,"dead":0.0,"event":"snapshot","health":100.0,"seq":67.0}
PORT_NATIVE_TRACE {"ack":128,"actor_id":1,"controls":{"crouch":false,"fire":false,"interact":false,"jump":false,"mobility":false,"pitch":0.0,"reload":false,"sprint":false,"x":0.0,"yaw":0.231000006198883,"z":0.0},"event":"input_queue","monotonic_usec":3467914,"phase":3,"queue_result":0,"queued":true,"round":1,"schema":1,"sequence":197}
PORT_NATIVE_TRACE {"ack":130,"actor_id":1,"camera_position":[8.0,1.45000004768372,34.0],"camera_reseeded":false,"control_eligible":true,"dead":0.0,"event":"snapshot","focused":true,"health":100.0,"lifecycle":"alive","monotonic_usec":3476018,"phase":3,"pitch":0.0,"pointer_captured":false,"pose_present":true,"round":1,"schema":1,"sequence":198,"yaw":0.231000006198883}
CORRELATION_OBSERVE {"ack":130,"actor":1,"dead":0.0,"event":"snapshot","health":100.0,"seq":68.0}
PORT_NATIVE_TRACE {"ack":130,"actor_id":1,"controls":{"crouch":false,"fire":false,"interact":false,"jump":false,"mobility":false,"pitch":0.0,"reload":false,"sprint":false,"x":0.0,"yaw":0.231000006198883,"z":0.0},"event":"input_queue","monotonic_usec":3482356,"phase":3,"queue_result":0,"queued":true,"round":1,"schema":1,"sequence":199}
PORT_NATIVE_TRACE {"ack":130,"actor_id":1,"controls":{"crouch":false,"fire":false,"interact":false,"jump":false,"mobility":false,"pitch":0.0,"reload":false,"sprint":false,"x":0.0,"yaw":0.231000006198883,"z":0.0},"event":"input_queue","monotonic_usec":3496072,"phase":3,"queue_result":0,"queued":true,"round":1,"schema":1,"sequence":200}
PORT_NATIVE_TRACE {"ack":132,"actor_id":1,"camera_position":[8.0,1.45000004768372,34.0],"camera_reseeded":false,"control_eligible":true,"dead":0.0,"event":"snapshot","focused":true,"health":100.0,"lifecycle":"alive","monotonic_usec":3510223,"phase":3,"pitch":0.0,"pointer_captured":false,"pose_present":true,"round":1,"schema":1,"sequence":201,"yaw":0.231000006198883}
CORRELATION_OBSERVE {"ack":132,"actor":1,"dead":0.0,"event":"snapshot","health":100.0,"seq":69.0}
PORT_NATIVE_TRACE {"ack":132,"actor_id":1,"controls":{"crouch":false,"fire":false,"interact":false,"jump":false,"mobility":false,"pitch":0.0,"reload":false,"sprint":false,"x":0.0,"yaw":0.231000006198883,"z":0.0},"event":"input_queue","monotonic_usec":3516473,"phase":3,"queue_result":0,"queued":true,"round":1,"schema":1,"sequence":202}
PORT_NATIVE_TRACE {"ack":132,"actor_id":1,"controls":{"crouch":false,"fire":false,"interact":false,"jump":false,"mobility":false,"pitch":0.0,"reload":false,"sprint":false,"x":0.0,"yaw":0.231000006198883,"z":0.0},"event":"input_queue","monotonic_usec":3530029,"phase":3,"queue_result":0,"queued":true,"round":1,"schema":1,"sequence":203}
PORT_NATIVE_TRACE {"ack":134,"actor_id":1,"camera_position":[8.0,1.45000004768372,34.0],"camera_reseeded":false,"control_eligible":true,"dead":0.0,"event":"snapshot","focused":true,"health":100.0,"lifecycle":"alive","monotonic_usec":3544479,"phase":3,"pitch":0.0,"pointer_captured":false,"pose_present":true,"round":1,"schema":1,"sequence":204,"yaw":0.231000006198883}
CORRELATION_OBSERVE {"ack":134,"actor":1,"dead":0.0,"event":"snapshot","health":100.0,"seq":70.0}
PORT_NATIVE_TRACE {"ack":134,"actor_id":1,"controls":{"crouch":false,"fire":false,"interact":false,"jump":false,"mobility":false,"pitch":0.0,"reload":false,"sprint":false,"x":0.0,"yaw":0.231000006198883,"z":0.0},"event":"input_queue","monotonic_usec":3550697,"phase":3,"queue_result":0,"queued":true,"round":1,"schema":1,"sequence":205}
PORT_NATIVE_TRACE {"ack":134,"actor_id":1,"controls":{"crouch":false,"fire":false,"interact":false,"jump":false,"mobility":false,"pitch":0.0,"reload":false,"sprint":false,"x":0.0,"yaw":0.231000006198883,"z":0.0},"event":"input_queue","monotonic_usec":3564477,"phase":3,"queue_result":0,"queued":true,"round":1,"schema":1,"sequence":206}
PORT_NATIVE_TRACE {"ack":136,"actor_id":1,"camera_position":[8.0,1.45000004768372,34.0],"camera_reseeded":false,"control_eligible":true,"dead":0.0,"event":"snapshot","focused":true,"health":100.0,"lifecycle":"alive","monotonic_usec":3572517,"phase":3,"pitch":0.0,"pointer_captured":false,"pose_present":true,"round":1,"schema":1,"sequence":207,"yaw":0.231000006198883}
CORRELATION_OBSERVE {"ack":136,"actor":1,"dead":0.0,"event":"snapshot","health":100.0,"seq":71.0}
PORT_NATIVE_TRACE {"ack":136,"actor_id":1,"controls":{"crouch":false,"fire":false,"interact":false,"jump":false,"mobility":false,"pitch":0.0,"reload":false,"sprint":false,"x":0.0,"yaw":0.231000006198883,"z":0.0},"event":"input_queue","monotonic_usec":3578564,"phase":3,"queue_result":0,"queued":true,"round":1,"schema":1,"sequence":208}
GUEST_SAMPLE {"ack":136,"actor":1,"error":"","phase":3,"phase_seconds":0.0,"pose":true,"seconds":3.52289400000001,"snapshots":71,"starts":1}
PORT_NATIVE_TRACE {"ack":136,"actor_id":1,"controls":{"crouch":false,"fire":false,"interact":false,"jump":false,"mobility":false,"pitch":0.0,"reload":false,"sprint":false,"x":0.0,"yaw":0.231000006198883,"z":0.0},"event":"input_queue","monotonic_usec":3599564,"phase":3,"queue_result":0,"queued":true,"round":1,"schema":1,"sequence":209}
PORT_NATIVE_TRACE {"ack":138,"actor_id":1,"camera_position":[8.0,1.45000004768372,34.0],"camera_reseeded":false,"control_eligible":true,"dead":0.0,"event":"snapshot","focused":true,"health":100.0,"lifecycle":"alive","monotonic_usec":3606832,"phase":3,"pitch":0.0,"pointer_captured":false,"pose_present":true,"round":1,"schema":1,"sequence":210,"yaw":0.231000006198883}
CORRELATION_OBSERVE {"ack":138,"actor":1,"dead":0.0,"event":"snapshot","health":100.0,"seq":72.0}
PORT_NATIVE_TRACE {"ack":138,"actor_id":1,"controls":{"crouch":false,"fire":false,"interact":false,"jump":false,"mobility":false,"pitch":0.0,"reload":false,"sprint":false,"x":0.0,"yaw":0.231000006198883,"z":0.0},"event":"input_queue","monotonic_usec":3612805,"phase":3,"queue_result":0,"queued":true,"round":1,"schema":1,"sequence":211}
PORT_NATIVE_TRACE {"ack":138,"actor_id":1,"controls":{"crouch":false,"fire":false,"interact":false,"jump":false,"mobility":false,"pitch":0.0,"reload":false,"sprint":false,"x":0.0,"yaw":0.231000006198883,"z":0.0},"event":"input_queue","monotonic_usec":3633619,"phase":3,"queue_result":0,"queued":true,"round":1,"schema":1,"sequence":212}
PORT_NATIVE_TRACE {"ack":139,"actor_id":1,"camera_position":[8.0,1.45000004768372,34.0],"camera_reseeded":false,"control_eligible":true,"dead":0.0,"event":"snapshot","focused":true,"health":100.0,"lifecycle":"alive","monotonic_usec":3641491,"phase":3,"pitch":0.0,"pointer_captured":false,"pose_present":true,"round":1,"schema":1,"sequence":213,"yaw":0.231000006198883}
CORRELATION_OBSERVE {"ack":139,"actor":1,"dead":0.0,"event":"snapshot","health":100.0,"seq":73.0}
PORT_NATIVE_TRACE {"ack":139,"actor_id":1,"controls":{"crouch":false,"fire":false,"interact":false,"jump":false,"mobility":false,"pitch":0.0,"reload":false,"sprint":false,"x":0.0,"yaw":0.231000006198883,"z":0.0},"event":"input_queue","monotonic_usec":3647866,"phase":3,"queue_result":0,"queued":true,"round":1,"schema":1,"sequence":214}
PORT_NATIVE_TRACE {"ack":139,"actor_id":1,"controls":{"crouch":false,"fire":false,"interact":false,"jump":false,"mobility":false,"pitch":0.0,"reload":false,"sprint":false,"x":0.0,"yaw":0.231000006198883,"z":0.0},"event":"input_queue","monotonic_usec":3661118,"phase":3,"queue_result":0,"queued":true,"round":1,"schema":1,"sequence":215}
PORT_NATIVE_TRACE {"ack":142,"actor_id":1,"camera_position":[8.0,1.45000004768372,34.0],"camera_reseeded":false,"control_eligible":true,"dead":0.0,"event":"snapshot","focused":true,"health":100.0,"lifecycle":"alive","monotonic_usec":3669013,"phase":3,"pitch":0.0,"pointer_captured":false,"pose_present":true,"round":1,"schema":1,"sequence":216,"yaw":0.231000006198883}
CORRELATION_OBSERVE {"ack":142,"actor":1,"dead":0.0,"event":"snapshot","health":100.0,"seq":74.0}
PORT_NATIVE_TRACE {"ack":142,"actor_id":1,"controls":{"crouch":false,"fire":false,"interact":false,"jump":false,"mobility":false,"pitch":0.0,"reload":false,"sprint":false,"x":0.0,"yaw":0.231000006198883,"z":0.0},"event":"input_queue","monotonic_usec":3681917,"phase":3,"queue_result":0,"queued":true,"round":1,"schema":1,"sequence":217}
PORT_NATIVE_TRACE {"ack":142,"actor_id":1,"controls":{"crouch":false,"fire":false,"interact":false,"jump":false,"mobility":false,"pitch":0.0,"reload":false,"sprint":false,"x":0.0,"yaw":0.231000006198883,"z":0.0},"event":"input_queue","monotonic_usec":3696005,"phase":3,"queue_result":0,"queued":true,"round":1,"schema":1,"sequence":218}
PORT_NATIVE_TRACE {"ack":144,"actor_id":1,"camera_position":[8.0,1.45000004768372,34.0],"camera_reseeded":false,"control_eligible":true,"dead":0.0,"event":"snapshot","focused":true,"health":100.0,"lifecycle":"alive","monotonic_usec":3703585,"phase":3,"pitch":0.0,"pointer_captured":false,"pose_present":true,"round":1,"schema":1,"sequence":219,"yaw":0.231000006198883}
CORRELATION_OBSERVE {"ack":144,"actor":1,"dead":0.0,"event":"snapshot","health":100.0,"seq":75.0}
PORT_NATIVE_TRACE {"ack":144,"actor_id":1,"controls":{"crouch":false,"fire":false,"interact":false,"jump":false,"mobility":false,"pitch":0.0,"reload":false,"sprint":false,"x":0.0,"yaw":0.231000006198883,"z":0.0},"event":"input_queue","monotonic_usec":3716570,"phase":3,"queue_result":0,"queued":true,"round":1,"schema":1,"sequence":220}
PORT_NATIVE_TRACE {"ack":144,"actor_id":1,"controls":{"crouch":false,"fire":false,"interact":false,"jump":false,"mobility":false,"pitch":0.0,"reload":false,"sprint":false,"x":0.0,"yaw":0.231000006198883,"z":0.0},"event":"input_queue","monotonic_usec":3730098,"phase":3,"queue_result":0,"queued":true,"round":1,"schema":1,"sequence":221}
PORT_NATIVE_TRACE {"ack":145,"actor_id":1,"camera_position":[8.0,1.45000004768372,34.0],"camera_reseeded":false,"control_eligible":true,"dead":0.0,"event":"snapshot","focused":true,"health":100.0,"lifecycle":"alive","monotonic_usec":3737882,"phase":3,"pitch":0.0,"pointer_captured":false,"pose_present":true,"round":1,"schema":1,"sequence":222,"yaw":0.231000006198883}
CORRELATION_OBSERVE {"ack":145,"actor":1,"dead":0.0,"event":"snapshot","health":100.0,"seq":76.0}
PORT_NATIVE_TRACE {"ack":145,"actor_id":1,"controls":{"crouch":false,"fire":false,"interact":false,"jump":false,"mobility":false,"pitch":0.0,"reload":false,"sprint":false,"x":0.0,"yaw":0.231000006198883,"z":0.0},"event":"input_queue","monotonic_usec":3750958,"phase":3,"queue_result":0,"queued":true,"round":1,"schema":1,"sequence":223}
PORT_NATIVE_TRACE {"ack":145,"actor_id":1,"controls":{"crouch":false,"fire":false,"interact":false,"jump":false,"mobility":false,"pitch":0.0,"reload":false,"sprint":false,"x":0.0,"yaw":0.231000006198883,"z":0.0},"event":"input_queue","monotonic_usec":3764620,"phase":3,"queue_result":0,"queued":true,"round":1,"schema":1,"sequence":224}
PORT_NATIVE_TRACE {"ack":147,"actor_id":1,"camera_position":[8.0,1.45000004768372,34.0],"camera_reseeded":false,"control_eligible":true,"dead":0.0,"event":"snapshot","focused":true,"health":100.0,"lifecycle":"alive","monotonic_usec":3765421,"phase":3,"pitch":0.0,"pointer_captured":false,"pose_present":true,"round":1,"schema":1,"sequence":225,"yaw":0.231000006198883}
CORRELATION_OBSERVE {"ack":147,"actor":1,"dead":0.0,"event":"snapshot","health":100.0,"seq":77.0}
PORT_NATIVE_TRACE {"ack":147,"actor_id":1,"controls":{"crouch":false,"fire":false,"interact":false,"jump":false,"mobility":false,"pitch":0.0,"reload":false,"sprint":false,"x":0.0,"yaw":0.231000006198883,"z":0.0},"event":"input_queue","monotonic_usec":3778681,"phase":3,"queue_result":0,"queued":true,"round":1,"schema":1,"sequence":226}
PORT_NATIVE_TRACE {"ack":147,"actor_id":1,"controls":{"crouch":false,"fire":false,"interact":false,"jump":false,"mobility":false,"pitch":0.0,"reload":false,"sprint":false,"x":0.0,"yaw":0.231000006198883,"z":0.0},"event":"input_queue","monotonic_usec":3799706,"phase":3,"queue_result":0,"queued":true,"round":1,"schema":1,"sequence":227}
PORT_NATIVE_TRACE {"ack":149,"actor_id":1,"camera_position":[8.0,1.45000004768372,34.0],"camera_reseeded":false,"control_eligible":true,"dead":0.0,"event":"snapshot","focused":true,"health":100.0,"lifecycle":"alive","monotonic_usec":3800628,"phase":3,"pitch":0.0,"pointer_captured":false,"pose_present":true,"round":1,"schema":1,"sequence":228,"yaw":0.231000006198883}
CORRELATION_OBSERVE {"ack":149,"actor":1,"dead":0.0,"event":"snapshot","health":100.0,"seq":78.0}
PORT_NATIVE_TRACE {"ack":149,"actor_id":1,"controls":{"crouch":false,"fire":false,"interact":false,"jump":false,"mobility":false,"pitch":0.0,"reload":false,"sprint":false,"x":0.0,"yaw":0.231000006198883,"z":0.0},"event":"input_queue","monotonic_usec":3813156,"phase":3,"queue_result":0,"queued":true,"round":1,"schema":1,"sequence":229}
PORT_NATIVE_TRACE {"ack":149,"actor_id":1,"controls":{"crouch":false,"fire":false,"interact":false,"jump":false,"mobility":false,"pitch":0.0,"reload":false,"sprint":false,"x":0.0,"yaw":0.231000006198883,"z":0.0},"event":"input_queue","monotonic_usec":3833665,"phase":3,"queue_result":0,"queued":true,"round":1,"schema":1,"sequence":230}
PORT_NATIVE_TRACE {"ack":151,"actor_id":1,"camera_position":[8.0,1.45000004768372,34.0],"camera_reseeded":false,"control_eligible":true,"dead":0.0,"event":"snapshot","focused":true,"health":100.0,"lifecycle":"alive","monotonic_usec":3834599,"phase":3,"pitch":0.0,"pointer_captured":false,"pose_present":true,"round":1,"schema":1,"sequence":231,"yaw":0.231000006198883}
CORRELATION_OBSERVE {"ack":151,"actor":1,"dead":0.0,"event":"snapshot","health":100.0,"seq":79.0}
PORT_NATIVE_TRACE {"ack":151,"actor_id":1,"controls":{"crouch":false,"fire":false,"interact":false,"jump":false,"mobility":false,"pitch":0.0,"reload":false,"sprint":false,"x":0.0,"yaw":0.231000006198883,"z":0.0},"event":"input_queue","monotonic_usec":3847658,"phase":3,"queue_result":0,"queued":true,"round":1,"schema":1,"sequence":232}
PORT_NATIVE_TRACE {"ack":151,"actor_id":1,"controls":{"crouch":false,"fire":false,"interact":false,"jump":false,"mobility":false,"pitch":0.0,"reload":false,"sprint":false,"x":0.0,"yaw":0.231000006198883,"z":0.0},"event":"input_queue","monotonic_usec":3861268,"phase":3,"queue_result":0,"queued":true,"round":1,"schema":1,"sequence":233}
PORT_NATIVE_TRACE {"ack":153,"actor_id":1,"camera_position":[8.0,1.45000004768372,34.0],"camera_reseeded":false,"control_eligible":true,"dead":0.0,"event":"snapshot","focused":true,"health":100.0,"lifecycle":"alive","monotonic_usec":3862292,"phase":3,"pitch":0.0,"pointer_captured":false,"pose_present":true,"round":1,"schema":1,"sequence":234,"yaw":0.231000006198883}
CORRELATION_OBSERVE {"ack":153,"actor":1,"dead":0.0,"event":"snapshot","health":100.0,"seq":80.0}
PORT_NATIVE_TRACE {"ack":153,"actor_id":1,"controls":{"crouch":false,"fire":false,"interact":false,"jump":false,"mobility":false,"pitch":0.0,"reload":false,"sprint":false,"x":0.0,"yaw":0.231000006198883,"z":0.0},"event":"input_queue","monotonic_usec":3882135,"phase":3,"queue_result":0,"queued":true,"round":1,"schema":1,"sequence":235}
PORT_NATIVE_TRACE {"ack":153,"actor_id":1,"controls":{"crouch":false,"fire":false,"interact":false,"jump":false,"mobility":false,"pitch":0.0,"reload":false,"sprint":false,"x":0.0,"yaw":0.231000006198883,"z":0.0},"event":"input_queue","monotonic_usec":3895819,"phase":3,"queue_result":0,"queued":true,"round":1,"schema":1,"sequence":236}
PORT_NATIVE_TRACE {"ack":155,"actor_id":1,"camera_position":[8.0,1.45000004768372,34.0],"camera_reseeded":false,"control_eligible":true,"dead":0.0,"event":"snapshot","focused":true,"health":100.0,"lifecycle":"alive","monotonic_usec":3896570,"phase":3,"pitch":0.0,"pointer_captured":false,"pose_present":true,"round":1,"schema":1,"sequence":237,"yaw":0.231000006198883}
CORRELATION_OBSERVE {"ack":155,"actor":1,"dead":0.0,"event":"snapshot","health":100.0,"seq":81.0}
PORT_NATIVE_TRACE {"ack":155,"actor_id":1,"controls":{"crouch":false,"fire":false,"interact":false,"jump":false,"mobility":false,"pitch":0.0,"reload":false,"sprint":false,"x":0.0,"yaw":0.231000006198883,"z":0.0},"event":"input_queue","monotonic_usec":3916529,"phase":3,"queue_result":0,"queued":true,"round":1,"schema":1,"sequence":238}
PORT_NATIVE_TRACE {"ack":155,"actor_id":1,"controls":{"crouch":false,"fire":false,"interact":false,"jump":false,"mobility":false,"pitch":0.0,"reload":false,"sprint":false,"x":0.0,"yaw":0.231000006198883,"z":0.0},"event":"input_queue","monotonic_usec":3930741,"phase":3,"queue_result":0,"queued":true,"round":1,"schema":1,"sequence":239}
PORT_NATIVE_TRACE {"ack":157,"actor_id":1,"camera_position":[8.0,1.45000004768372,34.0],"camera_reseeded":false,"control_eligible":true,"dead":0.0,"event":"snapshot","focused":true,"health":100.0,"lifecycle":"alive","monotonic_usec":3931766,"phase":3,"pitch":0.0,"pointer_captured":false,"pose_present":true,"round":1,"schema":1,"sequence":240,"yaw":0.231000006198883}
CORRELATION_OBSERVE {"ack":157,"actor":1,"dead":0.0,"event":"snapshot","health":100.0,"seq":82.0}
PORT_NATIVE_TRACE {"ack":157,"actor_id":1,"controls":{"crouch":false,"fire":false,"interact":false,"jump":false,"mobility":false,"pitch":0.0,"reload":false,"sprint":false,"x":0.0,"yaw":0.231000006198883,"z":0.0},"event":"input_queue","monotonic_usec":3951242,"phase":3,"queue_result":0,"queued":true,"round":1,"schema":1,"sequence":241}
PORT_NATIVE_TRACE {"ack":159,"actor_id":1,"camera_position":[8.0,1.45000004768372,34.0],"camera_reseeded":false,"control_eligible":true,"dead":0.0,"event":"snapshot","focused":true,"health":100.0,"lifecycle":"alive","monotonic_usec":3958638,"phase":3,"pitch":0.0,"pointer_captured":false,"pose_present":true,"round":1,"schema":1,"sequence":242,"yaw":0.231000006198883}
CORRELATION_OBSERVE {"ack":159,"actor":1,"dead":0.0,"event":"snapshot","health":100.0,"seq":83.0}
PORT_NATIVE_TRACE {"ack":159,"actor_id":1,"controls":{"crouch":false,"fire":false,"interact":false,"jump":false,"mobility":false,"pitch":0.0,"reload":false,"sprint":false,"x":0.0,"yaw":0.231000006198883,"z":0.0},"event":"input_queue","monotonic_usec":3964695,"phase":3,"queue_result":0,"queued":true,"round":1,"schema":1,"sequence":243}
PORT_NATIVE_TRACE {"ack":159,"actor_id":1,"controls":{"crouch":false,"fire":false,"interact":false,"jump":false,"mobility":false,"pitch":0.0,"reload":false,"sprint":false,"x":0.0,"yaw":0.231000006198883,"z":0.0},"event":"input_queue","monotonic_usec":3978497,"phase":3,"queue_result":0,"queued":true,"round":1,"schema":1,"sequence":244}
PORT_NATIVE_TRACE {"ack":161,"actor_id":1,"camera_position":[8.0,1.45000004768372,34.0],"camera_reseeded":false,"control_eligible":true,"dead":0.0,"event":"snapshot","focused":true,"health":100.0,"lifecycle":"alive","monotonic_usec":3993024,"phase":3,"pitch":0.0,"pointer_captured":false,"pose_present":true,"round":1,"schema":1,"sequence":245,"yaw":0.231000006198883}
CORRELATION_OBSERVE {"ack":161,"actor":1,"dead":0.0,"event":"snapshot","health":100.0,"seq":84.0}
PORT_NATIVE_TRACE {"ack":161,"actor_id":1,"controls":{"crouch":false,"fire":false,"interact":false,"jump":false,"mobility":false,"pitch":0.0,"reload":false,"sprint":false,"x":0.0,"yaw":0.231000006198883,"z":0.0},"event":"input_queue","monotonic_usec":3999729,"phase":3,"queue_result":0,"queued":true,"round":1,"schema":1,"sequence":246}
PORT_NATIVE_TRACE {"ack":161,"actor_id":1,"controls":{"crouch":false,"fire":false,"interact":false,"jump":false,"mobility":false,"pitch":0.0,"reload":false,"sprint":false,"x":0.0,"yaw":0.231000006198883,"z":0.0},"event":"input_queue","monotonic_usec":4013247,"phase":3,"queue_result":0,"queued":true,"round":1,"schema":1,"sequence":247}
PORT_NATIVE_TRACE {"ack":163,"actor_id":1,"camera_position":[8.0,1.45000004768372,34.0],"camera_reseeded":false,"control_eligible":true,"dead":0.0,"event":"snapshot","focused":true,"health":100.0,"lifecycle":"alive","monotonic_usec":4029036,"phase":3,"pitch":0.0,"pointer_captured":false,"pose_present":true,"round":1,"schema":1,"sequence":248,"yaw":0.231000006198883}
CORRELATION_OBSERVE {"ack":163,"actor":1,"dead":0.0,"event":"snapshot","health":100.0,"seq":85.0}
PORT_NATIVE_TRACE {"ack":163,"actor_id":1,"controls":{"crouch":false,"fire":false,"interact":false,"jump":false,"mobility":false,"pitch":0.0,"reload":false,"sprint":false,"x":0.0,"yaw":0.231000006198883,"z":0.0},"event":"input_queue","monotonic_usec":4033770,"phase":3,"queue_result":0,"queued":true,"round":1,"schema":1,"sequence":249}
PORT_NATIVE_TRACE {"ack":163,"actor_id":1,"controls":{"crouch":false,"fire":false,"interact":false,"jump":false,"mobility":false,"pitch":0.0,"reload":false,"sprint":false,"x":0.0,"yaw":0.231000006198883,"z":0.0},"event":"input_queue","monotonic_usec":4047666,"phase":3,"queue_result":0,"queued":true,"round":1,"schema":1,"sequence":250}
PORT_NATIVE_TRACE {"ack":163,"actor_id":1,"controls":{"crouch":false,"fire":false,"interact":false,"jump":false,"mobility":false,"pitch":0.0,"reload":false,"sprint":false,"x":0.0,"yaw":0.231000006198883,"z":0.0},"event":"input_queue","monotonic_usec":4061574,"phase":3,"queue_result":0,"queued":true,"round":1,"schema":1,"sequence":251}
PORT_NATIVE_TRACE {"ack":165,"actor_id":1,"camera_position":[8.0,1.45000004768372,34.0],"camera_reseeded":false,"control_eligible":true,"dead":0.0,"event":"snapshot","focused":true,"health":100.0,"lifecycle":"alive","monotonic_usec":4062165,"phase":3,"pitch":0.0,"pointer_captured":false,"pose_present":true,"round":1,"schema":1,"sequence":252,"yaw":0.231000006198883}
CORRELATION_OBSERVE {"ack":165,"actor":1,"dead":0.0,"event":"snapshot","health":100.0,"seq":86.0}
PORT_NATIVE_TRACE {"ack":165,"actor_id":1,"controls":{"crouch":false,"fire":false,"interact":false,"jump":false,"mobility":false,"pitch":0.0,"reload":false,"sprint":false,"x":0.0,"yaw":0.231000006198883,"z":0.0},"event":"input_queue","monotonic_usec":4082222,"phase":3,"queue_result":0,"queued":true,"round":1,"schema":1,"sequence":253}
PORT_NATIVE_TRACE {"ack":167,"actor_id":1,"camera_position":[8.0,1.45000004768372,34.0],"camera_reseeded":false,"control_eligible":true,"dead":0.0,"event":"snapshot","focused":true,"health":100.0,"lifecycle":"alive","monotonic_usec":4089941,"phase":3,"pitch":0.0,"pointer_captured":false,"pose_present":true,"round":1,"schema":1,"sequence":254,"yaw":0.231000006198883}
CORRELATION_OBSERVE {"ack":167,"actor":1,"dead":0.0,"event":"snapshot","health":100.0,"seq":87.0}
GUEST_SAMPLE {"ack":167,"actor":1,"error":"","phase":3,"phase_seconds":0.0,"pose":true,"seconds":4.02661400000001,"snapshots":87,"starts":1}
PORT_NATIVE_TRACE {"ack":167,"actor_id":1,"controls":{"crouch":false,"fire":false,"interact":false,"jump":false,"mobility":false,"pitch":0.0,"reload":false,"sprint":false,"x":0.0,"yaw":0.231000006198883,"z":0.0},"event":"input_queue","monotonic_usec":4096132,"phase":3,"queue_result":0,"queued":true,"round":1,"schema":1,"sequence":255}
PORT_NATIVE_TRACE {"ack":167,"actor_id":1,"controls":{"crouch":false,"fire":false,"interact":false,"jump":false,"mobility":false,"pitch":0.0,"reload":false,"sprint":false,"x":0.0,"yaw":0.231000006198883,"z":0.0},"event":"input_queue","monotonic_usec":4116604,"phase":3,"queue_result":0,"queued":true,"round":1,"schema":1,"sequence":256}
PORT_NATIVE_TRACE {"ack":169,"actor_id":1,"camera_position":[8.0,1.45000004768372,34.0],"camera_reseeded":false,"control_eligible":true,"dead":0.0,"event":"snapshot","focused":true,"health":100.0,"lifecycle":"alive","monotonic_usec":4124300,"phase":3,"pitch":0.0,"pointer_captured":false,"pose_present":true,"round":1,"schema":1,"sequence":257,"yaw":0.231000006198883}
CORRELATION_OBSERVE {"ack":169,"actor":1,"dead":0.0,"event":"snapshot","health":100.0,"seq":88.0}
PORT_NATIVE_TRACE {"ack":169,"actor_id":1,"controls":{"crouch":false,"fire":false,"interact":false,"jump":false,"mobility":false,"pitch":0.0,"reload":false,"sprint":false,"x":0.0,"yaw":0.231000006198883,"z":0.0},"event":"input_queue","monotonic_usec":4130849,"phase":3,"queue_result":0,"queued":true,"round":1,"schema":1,"sequence":258}
PORT_NATIVE_TRACE {"ack":169,"actor_id":1,"controls":{"crouch":false,"fire":false,"interact":false,"jump":false,"mobility":false,"pitch":0.0,"reload":false,"sprint":false,"x":0.0,"yaw":0.231000006198883,"z":0.0},"event":"input_queue","monotonic_usec":4151180,"phase":3,"queue_result":0,"queued":true,"round":1,"schema":1,"sequence":259}
PORT_NATIVE_TRACE {"ack":170,"actor_id":1,"camera_position":[8.0,1.45000004768372,34.0],"camera_reseeded":false,"control_eligible":true,"dead":0.0,"event":"snapshot","focused":true,"health":100.0,"lifecycle":"alive","monotonic_usec":4152258,"phase":3,"pitch":0.0,"pointer_captured":false,"pose_present":true,"round":1,"schema":1,"sequence":260,"yaw":0.231000006198883}
CORRELATION_OBSERVE {"ack":170,"actor":1,"dead":0.0,"event":"snapshot","health":100.0,"seq":89.0}
PORT_NATIVE_TRACE {"ack":170,"actor_id":1,"controls":{"crouch":false,"fire":false,"interact":false,"jump":false,"mobility":false,"pitch":0.0,"reload":false,"sprint":false,"x":0.0,"yaw":0.231000006198883,"z":0.0},"event":"input_queue","monotonic_usec":4164809,"phase":3,"queue_result":0,"queued":true,"round":1,"schema":1,"sequence":261}
PORT_NATIVE_TRACE {"ack":170,"actor_id":1,"controls":{"crouch":false,"fire":false,"interact":false,"jump":false,"mobility":false,"pitch":0.0,"reload":false,"sprint":false,"x":0.0,"yaw":0.231000006198883,"z":0.0},"event":"input_queue","monotonic_usec":4179150,"phase":3,"queue_result":0,"queued":true,"round":1,"schema":1,"sequence":262}
PORT_NATIVE_TRACE {"ack":173,"actor_id":1,"camera_position":[8.0,1.45000004768372,34.0],"camera_reseeded":false,"control_eligible":true,"dead":0.0,"event":"snapshot","focused":true,"health":100.0,"lifecycle":"alive","monotonic_usec":4185796,"phase":3,"pitch":0.0,"pointer_captured":false,"pose_present":true,"round":1,"schema":1,"sequence":263,"yaw":0.231000006198883}
CORRELATION_OBSERVE {"ack":173,"actor":1,"dead":0.0,"event":"snapshot","health":100.0,"seq":90.0}
PORT_NATIVE_TRACE {"ack":173,"actor_id":1,"controls":{"crouch":false,"fire":false,"interact":false,"jump":false,"mobility":false,"pitch":0.0,"reload":false,"sprint":false,"x":0.0,"yaw":0.231000006198883,"z":0.0},"event":"input_queue","monotonic_usec":4199276,"phase":3,"queue_result":0,"queued":true,"round":1,"schema":1,"sequence":264}
PORT_NATIVE_TRACE {"ack":173,"actor_id":1,"controls":{"crouch":false,"fire":false,"interact":false,"jump":false,"mobility":false,"pitch":0.0,"reload":false,"sprint":false,"x":0.0,"yaw":0.231000006198883,"z":0.0},"event":"input_queue","monotonic_usec":4213005,"phase":3,"queue_result":0,"queued":true,"round":1,"schema":1,"sequence":265}
PORT_NATIVE_TRACE {"ack":175,"actor_id":1,"camera_position":[8.0,1.45000004768372,34.0],"camera_reseeded":false,"control_eligible":true,"dead":0.0,"event":"snapshot","focused":true,"health":100.0,"lifecycle":"alive","monotonic_usec":4220803,"phase":3,"pitch":0.0,"pointer_captured":false,"pose_present":true,"round":1,"schema":1,"sequence":266,"yaw":0.231000006198883}
CORRELATION_OBSERVE {"ack":175,"actor":1,"dead":0.0,"event":"snapshot","health":100.0,"seq":91.0}
PORT_NATIVE_TRACE {"ack":175,"actor_id":1,"controls":{"crouch":false,"fire":false,"interact":false,"jump":false,"mobility":false,"pitch":0.0,"reload":false,"sprint":false,"x":0.0,"yaw":0.231000006198883,"z":0.0},"event":"input_queue","monotonic_usec":4234056,"phase":3,"queue_result":0,"queued":true,"round":1,"schema":1,"sequence":267}
PORT_NATIVE_TRACE {"ack":175,"actor_id":1,"controls":{"crouch":false,"fire":false,"interact":false,"jump":false,"mobility":false,"pitch":0.0,"reload":false,"sprint":false,"x":0.0,"yaw":0.231000006198883,"z":0.0},"event":"input_queue","monotonic_usec":4247512,"phase":3,"queue_result":0,"queued":true,"round":1,"schema":1,"sequence":268}
PORT_NATIVE_TRACE {"ack":177,"actor_id":1,"camera_position":[8.0,1.45000004768372,34.0],"camera_reseeded":false,"control_eligible":true,"dead":0.0,"event":"snapshot","focused":true,"health":100.0,"lifecycle":"alive","monotonic_usec":4254947,"phase":3,"pitch":0.0,"pointer_captured":false,"pose_present":true,"round":1,"schema":1,"sequence":269,"yaw":0.231000006198883}
CORRELATION_OBSERVE {"ack":177,"actor":1,"dead":0.0,"event":"snapshot","health":100.0,"seq":92.0}
PORT_NATIVE_TRACE {"ack":177,"actor_id":1,"controls":{"crouch":false,"fire":false,"interact":false,"jump":false,"mobility":false,"pitch":0.0,"reload":false,"sprint":false,"x":0.0,"yaw":0.231000006198883,"z":0.0},"event":"input_queue","monotonic_usec":4261307,"phase":3,"queue_result":0,"queued":true,"round":1,"schema":1,"sequence":270}
PORT_NATIVE_TRACE {"ack":177,"actor_id":1,"controls":{"crouch":false,"fire":false,"interact":false,"jump":false,"mobility":false,"pitch":0.0,"reload":false,"sprint":false,"x":0.0,"yaw":0.231000006198883,"z":0.0},"event":"input_queue","monotonic_usec":4282007,"phase":3,"queue_result":0,"queued":true,"round":1,"schema":1,"sequence":271}
PORT_NATIVE_TRACE {"ack":178,"actor_id":1,"camera_position":[8.0,1.45000004768372,34.0],"camera_reseeded":false,"control_eligible":true,"dead":0.0,"event":"snapshot","focused":true,"health":100.0,"lifecycle":"alive","monotonic_usec":4282543,"phase":3,"pitch":0.0,"pointer_captured":false,"pose_present":true,"round":1,"schema":1,"sequence":272,"yaw":0.231000006198883}
CORRELATION_OBSERVE {"ack":178,"actor":1,"dead":0.0,"event":"snapshot","health":100.0,"seq":93.0}
PORT_NATIVE_TRACE {"ack":178,"actor_id":1,"controls":{"crouch":false,"fire":false,"interact":false,"jump":false,"mobility":false,"pitch":0.0,"reload":false,"sprint":false,"x":0.0,"yaw":0.231000006198883,"z":0.0},"event":"input_queue","monotonic_usec":4296142,"phase":3,"queue_result":0,"queued":true,"round":1,"schema":1,"sequence":273}
PORT_NATIVE_TRACE {"ack":178,"actor_id":1,"controls":{"crouch":false,"fire":false,"interact":false,"jump":false,"mobility":false,"pitch":0.0,"reload":false,"sprint":false,"x":0.0,"yaw":0.231000006198883,"z":0.0},"event":"input_queue","monotonic_usec":4316566,"phase":3,"queue_result":0,"queued":true,"round":1,"schema":1,"sequence":274}
PORT_NATIVE_TRACE {"ack":180,"actor_id":1,"camera_position":[8.0,1.45000004768372,34.0],"camera_reseeded":false,"control_eligible":true,"dead":0.0,"event":"snapshot","focused":true,"health":100.0,"lifecycle":"alive","monotonic_usec":4317056,"phase":3,"pitch":0.0,"pointer_captured":false,"pose_present":true,"round":1,"schema":1,"sequence":275,"yaw":0.231000006198883}
CORRELATION_OBSERVE {"ack":180,"actor":1,"dead":0.0,"event":"snapshot","health":100.0,"seq":94.0}
PORT_NATIVE_TRACE {"ack":180,"actor_id":1,"controls":{"crouch":false,"fire":false,"interact":false,"jump":false,"mobility":false,"pitch":0.0,"reload":false,"sprint":false,"x":0.0,"yaw":0.231000006198883,"z":0.0},"event":"input_queue","monotonic_usec":4330678,"phase":3,"queue_result":0,"queued":true,"round":1,"schema":1,"sequence":276}
PORT_NATIVE_TRACE {"ack":180,"actor_id":1,"controls":{"crouch":false,"fire":false,"interact":false,"jump":false,"mobility":false,"pitch":0.0,"reload":false,"sprint":false,"x":0.0,"yaw":0.231000006198883,"z":0.0},"event":"input_queue","monotonic_usec":4351114,"phase":3,"queue_result":0,"queued":true,"round":1,"schema":1,"sequence":277}
PORT_NATIVE_TRACE {"ack":182,"actor_id":1,"camera_position":[8.0,1.45000004768372,34.0],"camera_reseeded":false,"control_eligible":true,"dead":0.0,"event":"snapshot","focused":true,"health":100.0,"lifecycle":"alive","monotonic_usec":4351980,"phase":3,"pitch":0.0,"pointer_captured":false,"pose_present":true,"round":1,"schema":1,"sequence":278,"yaw":0.231000006198883}
CORRELATION_OBSERVE {"ack":182,"actor":1,"dead":0.0,"event":"snapshot","health":100.0,"seq":95.0}
PORT_NATIVE_TRACE {"ack":182,"actor_id":1,"controls":{"crouch":false,"fire":false,"interact":false,"jump":false,"mobility":false,"pitch":0.0,"reload":false,"sprint":false,"x":0.0,"yaw":0.231000006198883,"z":0.0},"event":"input_queue","monotonic_usec":4365211,"phase":3,"queue_result":0,"queued":true,"round":1,"schema":1,"sequence":279}
PORT_NATIVE_TRACE {"ack":182,"actor_id":1,"controls":{"crouch":false,"fire":false,"interact":false,"jump":false,"mobility":false,"pitch":0.0,"reload":false,"sprint":false,"x":0.0,"yaw":0.231000006198883,"z":0.0},"event":"input_queue","monotonic_usec":4378759,"phase":3,"queue_result":0,"queued":true,"round":1,"schema":1,"sequence":280}
PORT_NATIVE_TRACE {"ack":184,"actor_id":1,"camera_position":[8.0,1.45000004768372,34.0],"camera_reseeded":false,"control_eligible":true,"dead":0.0,"event":"snapshot","focused":true,"health":100.0,"lifecycle":"alive","monotonic_usec":4379298,"phase":3,"pitch":0.0,"pointer_captured":false,"pose_present":true,"round":1,"schema":1,"sequence":281,"yaw":0.231000006198883}
CORRELATION_OBSERVE {"ack":184,"actor":1,"dead":0.0,"event":"snapshot","health":100.0,"seq":96.0}
PORT_NATIVE_TRACE {"ack":184,"actor_id":1,"controls":{"crouch":false,"fire":false,"interact":false,"jump":false,"mobility":false,"pitch":0.0,"reload":false,"sprint":false,"x":0.0,"yaw":0.231000006198883,"z":0.0},"event":"input_queue","monotonic_usec":4399760,"phase":3,"queue_result":0,"queued":true,"round":1,"schema":1,"sequence":282}
PORT_NATIVE_TRACE {"ack":184,"actor_id":1,"controls":{"crouch":false,"fire":false,"interact":false,"jump":false,"mobility":false,"pitch":0.0,"reload":false,"sprint":false,"x":0.0,"yaw":0.231000006198883,"z":0.0},"event":"input_queue","monotonic_usec":4413181,"phase":3,"queue_result":0,"queued":true,"round":1,"schema":1,"sequence":283}
PORT_NATIVE_TRACE {"ack":186,"actor_id":1,"camera_position":[8.0,1.45000004768372,34.0],"camera_reseeded":false,"control_eligible":true,"dead":0.0,"event":"snapshot","focused":true,"health":100.0,"lifecycle":"alive","monotonic_usec":4413690,"phase":3,"pitch":0.0,"pointer_captured":false,"pose_present":true,"round":1,"schema":1,"sequence":284,"yaw":0.231000006198883}
CORRELATION_OBSERVE {"ack":186,"actor":1,"dead":0.0,"event":"snapshot","health":100.0,"seq":97.0}
PORT_NATIVE_TRACE {"ack":186,"actor_id":1,"controls":{"crouch":false,"fire":false,"interact":false,"jump":false,"mobility":false,"pitch":0.0,"reload":false,"sprint":false,"x":0.0,"yaw":0.231000006198883,"z":0.0},"event":"input_queue","monotonic_usec":4434142,"phase":3,"queue_result":0,"queued":true,"round":1,"schema":1,"sequence":285}
PORT_NATIVE_TRACE {"ack":186,"actor_id":1,"controls":{"crouch":false,"fire":false,"interact":false,"jump":false,"mobility":false,"pitch":0.0,"reload":false,"sprint":false,"x":0.0,"yaw":0.231000006198883,"z":0.0},"event":"input_queue","monotonic_usec":4447660,"phase":3,"queue_result":0,"queued":true,"round":1,"schema":1,"sequence":286}
PORT_NATIVE_TRACE {"ack":188,"actor_id":1,"camera_position":[8.0,1.45000004768372,34.0],"camera_reseeded":false,"control_eligible":true,"dead":0.0,"event":"snapshot","focused":true,"health":100.0,"lifecycle":"alive","monotonic_usec":4448146,"phase":3,"pitch":0.0,"pointer_captured":false,"pose_present":true,"round":1,"schema":1,"sequence":287,"yaw":0.231000006198883}
CORRELATION_OBSERVE {"ack":188,"actor":1,"dead":0.0,"event":"snapshot","health":100.0,"seq":98.0}
PORT_NATIVE_TRACE {"ack":188,"actor_id":1,"controls":{"crouch":false,"fire":false,"interact":false,"jump":false,"mobility":false,"pitch":0.0,"reload":false,"sprint":false,"x":0.0,"yaw":0.231000006198883,"z":0.0},"event":"input_queue","monotonic_usec":4461393,"phase":3,"queue_result":0,"queued":true,"round":1,"schema":1,"sequence":288}
PORT_NATIVE_TRACE {"ack":190,"actor_id":1,"camera_position":[8.0,1.45000004768372,34.0],"camera_reseeded":false,"control_eligible":true,"dead":0.0,"event":"snapshot","focused":true,"health":100.0,"lifecycle":"alive","monotonic_usec":4476664,"phase":3,"pitch":0.0,"pointer_captured":false,"pose_present":true,"round":1,"schema":1,"sequence":289,"yaw":0.231000006198883}
CORRELATION_OBSERVE {"ack":190,"actor":1,"dead":0.0,"event":"snapshot","health":100.0,"seq":99.0}
PORT_NATIVE_TRACE {"ack":190,"actor_id":1,"controls":{"crouch":false,"fire":false,"interact":false,"jump":false,"mobility":false,"pitch":0.0,"reload":false,"sprint":false,"x":0.0,"yaw":0.231000006198883,"z":0.0},"event":"input_queue","monotonic_usec":4482188,"phase":3,"queue_result":0,"queued":true,"round":1,"schema":1,"sequence":290}
PORT_NATIVE_TRACE {"ack":190,"actor_id":1,"controls":{"crouch":false,"fire":false,"interact":false,"jump":false,"mobility":false,"pitch":0.0,"reload":false,"sprint":false,"x":0.0,"yaw":0.231000006198883,"z":0.0},"event":"input_queue","monotonic_usec":4496606,"phase":3,"queue_result":0,"queued":true,"round":1,"schema":1,"sequence":291}
PORT_NATIVE_TRACE {"ack":192,"actor_id":1,"camera_position":[8.0,1.45000004768372,34.0],"camera_reseeded":false,"control_eligible":true,"dead":0.0,"event":"snapshot","focused":true,"health":100.0,"lifecycle":"alive","monotonic_usec":4510631,"phase":3,"pitch":0.0,"pointer_captured":false,"pose_present":true,"round":1,"schema":1,"sequence":292,"yaw":0.231000006198883}
CORRELATION_OBSERVE {"ack":192,"actor":1,"dead":0.0,"event":"snapshot","health":100.0,"seq":100.0}
PORT_NATIVE_TRACE {"ack":192,"actor_id":1,"controls":{"crouch":false,"fire":false,"interact":false,"jump":false,"mobility":false,"pitch":0.0,"reload":false,"sprint":false,"x":0.0,"yaw":0.231000006198883,"z":0.0},"event":"input_queue","monotonic_usec":4516728,"phase":3,"queue_result":0,"queued":true,"round":1,"schema":1,"sequence":293}
PORT_NATIVE_TRACE {"ack":192,"actor_id":1,"controls":{"crouch":false,"fire":false,"interact":false,"jump":false,"mobility":false,"pitch":0.0,"reload":false,"sprint":false,"x":0.0,"yaw":0.231000006198883,"z":0.0},"event":"input_queue","monotonic_usec":4530609,"phase":3,"queue_result":0,"queued":true,"round":1,"schema":1,"sequence":294}
PORT_NATIVE_TRACE {"ack":194,"actor_id":1,"camera_position":[8.0,1.45000004768372,34.0],"camera_reseeded":false,"control_eligible":true,"dead":0.0,"event":"snapshot","focused":true,"health":100.0,"lifecycle":"alive","monotonic_usec":4545208,"phase":3,"pitch":0.0,"pointer_captured":false,"pose_present":true,"round":1,"schema":1,"sequence":295,"yaw":0.231000006198883}
CORRELATION_OBSERVE {"ack":194,"actor":1,"dead":0.0,"event":"snapshot","health":100.0,"seq":101.0}
PORT_NATIVE_TRACE {"ack":194,"actor_id":1,"controls":{"crouch":false,"fire":false,"interact":false,"jump":false,"mobility":false,"pitch":0.0,"reload":false,"sprint":false,"x":0.0,"yaw":0.231000006198883,"z":0.0},"event":"input_queue","monotonic_usec":4551223,"phase":3,"queue_result":0,"queued":true,"round":1,"schema":1,"sequence":296}
PORT_NATIVE_TRACE {"ack":194,"actor_id":1,"controls":{"crouch":false,"fire":false,"interact":false,"jump":false,"mobility":false,"pitch":0.0,"reload":false,"sprint":false,"x":0.0,"yaw":0.231000006198883,"z":0.0},"event":"input_queue","monotonic_usec":4564994,"phase":3,"queue_result":0,"queued":true,"round":1,"schema":1,"sequence":297}
PORT_NATIVE_TRACE {"ack":194,"actor_id":1,"controls":{"crouch":false,"fire":false,"interact":false,"jump":false,"mobility":false,"pitch":0.0,"reload":false,"sprint":false,"x":0.0,"yaw":0.231000006198883,"z":0.0},"event":"input_queue","monotonic_usec":4578778,"phase":3,"queue_result":0,"queued":true,"round":1,"schema":1,"sequence":298}
PORT_NATIVE_TRACE {"ack":196,"actor_id":1,"camera_position":[8.0,1.45000004768372,34.0],"camera_reseeded":false,"control_eligible":true,"dead":0.0,"event":"snapshot","focused":true,"health":100.0,"lifecycle":"alive","monotonic_usec":4579489,"phase":3,"pitch":0.0,"pointer_captured":false,"pose_present":true,"round":1,"schema":1,"sequence":299,"yaw":0.231000006198883}
CORRELATION_OBSERVE {"ack":196,"actor":1,"dead":0.0,"event":"snapshot","health":100.0,"seq":102.0}
GUEST_SAMPLE {"ack":196,"actor":1,"error":"","phase":3,"phase_seconds":0.0,"pose":true,"seconds":4.53023700000001,"snapshots":102,"starts":1}
PORT_NATIVE_TRACE {"ack":196,"actor_id":1,"controls":{"crouch":false,"fire":false,"interact":false,"jump":false,"mobility":false,"pitch":0.0,"reload":false,"sprint":false,"x":0.0,"yaw":0.231000006198883,"z":0.0},"event":"input_queue","monotonic_usec":4599516,"phase":3,"queue_result":0,"queued":true,"round":1,"schema":1,"sequence":300}
PORT_NATIVE_TRACE {"ack":198,"actor_id":1,"camera_position":[8.0,1.45000004768372,34.0],"camera_reseeded":false,"control_eligible":true,"dead":0.0,"event":"snapshot","focused":true,"health":100.0,"lifecycle":"alive","monotonic_usec":4606731,"phase":3,"pitch":0.0,"pointer_captured":false,"pose_present":true,"round":1,"schema":1,"sequence":301,"yaw":0.231000006198883}
CORRELATION_OBSERVE {"ack":198,"actor":1,"dead":0.0,"event":"snapshot","health":100.0,"seq":103.0}
PORT_NATIVE_TRACE {"ack":198,"actor_id":1,"controls":{"crouch":false,"fire":false,"interact":false,"jump":false,"mobility":false,"pitch":0.0,"reload":false,"sprint":false,"x":0.0,"yaw":0.231000006198883,"z":0.0},"event":"input_queue","monotonic_usec":4613300,"phase":3,"queue_result":0,"queued":true,"round":1,"schema":1,"sequence":302}
PORT_NATIVE_TRACE {"ack":198,"actor_id":1,"controls":{"crouch":false,"fire":false,"interact":false,"jump":false,"mobility":false,"pitch":0.0,"reload":false,"sprint":false,"x":0.0,"yaw":0.231000006198883,"z":0.0},"event":"input_queue","monotonic_usec":4634106,"phase":3,"queue_result":0,"queued":true,"round":1,"schema":1,"sequence":303}
PORT_NATIVE_TRACE {"ack":200,"actor_id":1,"camera_position":[8.0,1.45000004768372,34.0],"camera_reseeded":false,"control_eligible":true,"dead":0.0,"event":"snapshot","focused":true,"health":100.0,"lifecycle":"alive","monotonic_usec":4641902,"phase":3,"pitch":0.0,"pointer_captured":false,"pose_present":true,"round":1,"schema":1,"sequence":304,"yaw":0.231000006198883}
CORRELATION_OBSERVE {"ack":200,"actor":1,"dead":0.0,"event":"snapshot","health":100.0,"seq":104.0}
PORT_NATIVE_TRACE {"ack":200,"actor_id":1,"controls":{"crouch":false,"fire":false,"interact":false,"jump":false,"mobility":false,"pitch":0.0,"reload":false,"sprint":false,"x":0.0,"yaw":0.231000006198883,"z":0.0},"event":"input_queue","monotonic_usec":4647868,"phase":3,"queue_result":0,"queued":true,"round":1,"schema":1,"sequence":305}
PORT_NATIVE_TRACE {"ack":200,"actor_id":1,"controls":{"crouch":false,"fire":false,"interact":false,"jump":false,"mobility":false,"pitch":0.0,"reload":false,"sprint":false,"x":0.0,"yaw":0.231000006198883,"z":0.0},"event":"input_queue","monotonic_usec":4661796,"phase":3,"queue_result":0,"queued":true,"round":1,"schema":1,"sequence":306}
PORT_NATIVE_TRACE {"ack":202,"actor_id":1,"camera_position":[8.0,1.45000004768372,34.0],"camera_reseeded":false,"control_eligible":true,"dead":0.0,"event":"snapshot","focused":true,"health":100.0,"lifecycle":"alive","monotonic_usec":4676312,"phase":3,"pitch":0.0,"pointer_captured":false,"pose_present":true,"round":1,"schema":1,"sequence":307,"yaw":0.231000006198883}
CORRELATION_OBSERVE {"ack":202,"actor":1,"dead":0.0,"event":"snapshot","health":100.0,"seq":105.0}
PORT_NATIVE_TRACE {"ack":202,"actor_id":1,"controls":{"crouch":false,"fire":false,"interact":false,"jump":false,"mobility":false,"pitch":0.0,"reload":false,"sprint":false,"x":0.0,"yaw":0.231000006198883,"z":0.0},"event":"input_queue","monotonic_usec":4682317,"phase":3,"queue_result":0,"queued":true,"round":1,"schema":1,"sequence":308}
PORT_NATIVE_TRACE {"ack":202,"actor_id":1,"controls":{"crouch":false,"fire":false,"interact":false,"jump":false,"mobility":false,"pitch":0.0,"reload":false,"sprint":false,"x":0.0,"yaw":0.231000006198883,"z":0.0},"event":"input_queue","monotonic_usec":4696461,"phase":3,"queue_result":0,"queued":true,"round":1,"schema":1,"sequence":309}
PORT_NATIVE_TRACE {"ack":204,"actor_id":1,"camera_position":[8.0,1.45000004768372,34.0],"camera_reseeded":false,"control_eligible":true,"dead":0.0,"event":"snapshot","focused":true,"health":100.0,"lifecycle":"alive","monotonic_usec":4703970,"phase":3,"pitch":0.0,"pointer_captured":false,"pose_present":true,"round":1,"schema":1,"sequence":310,"yaw":0.231000006198883}
CORRELATION_OBSERVE {"ack":204,"actor":1,"dead":0.0,"event":"snapshot","health":100.0,"seq":106.0}
PORT_NATIVE_TRACE {"ack":204,"actor_id":1,"controls":{"crouch":false,"fire":false,"interact":false,"jump":false,"mobility":false,"pitch":0.0,"reload":false,"sprint":false,"x":0.0,"yaw":0.231000006198883,"z":0.0},"event":"input_queue","monotonic_usec":4716709,"phase":3,"queue_result":0,"queued":true,"round":1,"schema":1,"sequence":311}
PORT_NATIVE_TRACE {"ack":204,"actor_id":1,"controls":{"crouch":false,"fire":false,"interact":false,"jump":false,"mobility":false,"pitch":0.0,"reload":false,"sprint":false,"x":0.0,"yaw":0.231000006198883,"z":0.0},"event":"input_queue","monotonic_usec":4731196,"phase":3,"queue_result":0,"queued":true,"round":1,"schema":1,"sequence":312}
PORT_NATIVE_TRACE {"ack":206,"actor_id":1,"camera_position":[8.0,1.45000004768372,34.0],"camera_reseeded":false,"control_eligible":true,"dead":0.0,"event":"snapshot","focused":true,"health":100.0,"lifecycle":"alive","monotonic_usec":4738388,"phase":3,"pitch":0.0,"pointer_captured":false,"pose_present":true,"round":1,"schema":1,"sequence":313,"yaw":0.231000006198883}
CORRELATION_OBSERVE {"ack":206,"actor":1,"dead":0.0,"event":"snapshot","health":100.0,"seq":107.0}
PORT_NATIVE_TRACE {"ack":206,"actor_id":1,"controls":{"crouch":false,"fire":false,"interact":false,"jump":false,"mobility":false,"pitch":0.0,"reload":false,"sprint":false,"x":0.0,"yaw":0.231000006198883,"z":0.0},"event":"input_queue","monotonic_usec":4751341,"phase":3,"queue_result":0,"queued":true,"round":1,"schema":1,"sequence":314}
PORT_NATIVE_TRACE {"ack":206,"actor_id":1,"controls":{"crouch":false,"fire":false,"interact":false,"jump":false,"mobility":false,"pitch":0.0,"reload":false,"sprint":false,"x":0.0,"yaw":0.231000006198883,"z":0.0},"event":"input_queue","monotonic_usec":4765112,"phase":3,"queue_result":0,"queued":true,"round":1,"schema":1,"sequence":315}
PORT_NATIVE_TRACE {"ack":207,"actor_id":1,"camera_position":[8.0,1.45000004768372,34.0],"camera_reseeded":false,"control_eligible":true,"dead":0.0,"event":"snapshot","focused":true,"health":100.0,"lifecycle":"alive","monotonic_usec":4765547,"phase":3,"pitch":0.0,"pointer_captured":false,"pose_present":true,"round":1,"schema":1,"sequence":316,"yaw":0.231000006198883}
CORRELATION_OBSERVE {"ack":207,"actor":1,"dead":0.0,"event":"snapshot","health":100.0,"seq":108.0}
PORT_NATIVE_TRACE {"ack":207,"actor_id":1,"controls":{"crouch":false,"fire":false,"interact":false,"jump":false,"mobility":false,"pitch":0.0,"reload":false,"sprint":false,"x":0.0,"yaw":0.231000006198883,"z":0.0},"event":"input_queue","monotonic_usec":4778825,"phase":3,"queue_result":0,"queued":true,"round":1,"schema":1,"sequence":317}
PORT_NATIVE_TRACE {"ack":207,"actor_id":1,"controls":{"crouch":false,"fire":false,"interact":false,"jump":false,"mobility":false,"pitch":0.0,"reload":false,"sprint":false,"x":0.0,"yaw":0.231000006198883,"z":0.0},"event":"input_queue","monotonic_usec":4799594,"phase":3,"queue_result":0,"queued":true,"round":1,"schema":1,"sequence":318}
PORT_NATIVE_TRACE {"ack":209,"actor_id":1,"camera_position":[8.0,1.45000004768372,34.0],"camera_reseeded":false,"control_eligible":true,"dead":0.0,"event":"snapshot","focused":true,"health":100.0,"lifecycle":"alive","monotonic_usec":4800407,"phase":3,"pitch":0.0,"pointer_captured":false,"pose_present":true,"round":1,"schema":1,"sequence":319,"yaw":0.231000006198883}
CORRELATION_OBSERVE {"ack":209,"actor":1,"dead":0.0,"event":"snapshot","health":100.0,"seq":109.0}
PORT_NATIVE_TRACE {"ack":209,"actor_id":1,"controls":{"crouch":false,"fire":false,"interact":false,"jump":false,"mobility":false,"pitch":0.0,"reload":false,"sprint":false,"x":0.0,"yaw":0.231000006198883,"z":0.0},"event":"input_queue","monotonic_usec":4813402,"phase":3,"queue_result":0,"queued":true,"round":1,"schema":1,"sequence":320}
PORT_NATIVE_TRACE {"ack":209,"actor_id":1,"controls":{"crouch":false,"fire":false,"interact":false,"jump":false,"mobility":false,"pitch":0.0,"reload":false,"sprint":false,"x":0.0,"yaw":0.231000006198883,"z":0.0},"event":"input_queue","monotonic_usec":4834687,"phase":3,"queue_result":0,"queued":true,"round":1,"schema":1,"sequence":321}
PORT_NATIVE_TRACE {"ack":211,"actor_id":1,"camera_position":[8.0,1.45000004768372,34.0],"camera_reseeded":false,"control_eligible":true,"dead":0.0,"event":"snapshot","focused":true,"health":100.0,"lifecycle":"alive","monotonic_usec":4835426,"phase":3,"pitch":0.0,"pointer_captured":false,"pose_present":true,"round":1,"schema":1,"sequence":322,"yaw":0.231000006198883}
CORRELATION_OBSERVE {"ack":211,"actor":1,"dead":0.0,"event":"snapshot","health":100.0,"seq":110.0}
PORT_NATIVE_TRACE {"ack":211,"actor_id":1,"controls":{"crouch":false,"fire":false,"interact":false,"jump":false,"mobility":false,"pitch":0.0,"reload":false,"sprint":false,"x":0.0,"yaw":0.231000006198883,"z":0.0},"event":"input_queue","monotonic_usec":4847938,"phase":3,"queue_result":0,"queued":true,"round":1,"schema":1,"sequence":323}
PORT_NATIVE_TRACE {"ack":211,"actor_id":1,"controls":{"crouch":false,"fire":false,"interact":false,"jump":false,"mobility":false,"pitch":0.0,"reload":false,"sprint":false,"x":0.0,"yaw":0.231000006198883,"z":0.0},"event":"input_queue","monotonic_usec":4861617,"phase":3,"queue_result":0,"queued":true,"round":1,"schema":1,"sequence":324}
PORT_NATIVE_TRACE {"ack":213,"actor_id":1,"camera_position":[8.0,1.45000004768372,34.0],"camera_reseeded":false,"control_eligible":true,"dead":0.0,"event":"snapshot","focused":true,"health":100.0,"lifecycle":"alive","monotonic_usec":4862102,"phase":3,"pitch":0.0,"pointer_captured":false,"pose_present":true,"round":1,"schema":1,"sequence":325,"yaw":0.231000006198883}
CORRELATION_OBSERVE {"ack":213,"actor":1,"dead":0.0,"event":"snapshot","health":100.0,"seq":111.0}
PORT_NATIVE_TRACE {"ack":213,"actor_id":1,"controls":{"crouch":false,"fire":false,"interact":false,"jump":false,"mobility":false,"pitch":0.0,"reload":false,"sprint":false,"x":0.0,"yaw":0.231000006198883,"z":0.0},"event":"input_queue","monotonic_usec":4882745,"phase":3,"queue_result":0,"queued":true,"round":1,"schema":1,"sequence":326}
PORT_NATIVE_TRACE {"ack":213,"actor_id":1,"controls":{"crouch":false,"fire":false,"interact":false,"jump":false,"mobility":false,"pitch":0.0,"reload":false,"sprint":false,"x":0.0,"yaw":0.231000006198883,"z":0.0},"event":"input_queue","monotonic_usec":4896185,"phase":3,"queue_result":0,"queued":true,"round":1,"schema":1,"sequence":327}
PORT_NATIVE_TRACE {"ack":215,"actor_id":1,"camera_position":[8.0,1.45000004768372,34.0],"camera_reseeded":false,"control_eligible":true,"dead":0.0,"event":"snapshot","focused":true,"health":100.0,"lifecycle":"alive","monotonic_usec":4897217,"phase":3,"pitch":0.0,"pointer_captured":false,"pose_present":true,"round":1,"schema":1,"sequence":328,"yaw":0.231000006198883}
CORRELATION_OBSERVE {"ack":215,"actor":1,"dead":0.0,"event":"snapshot","health":100.0,"seq":112.0}
PORT_NATIVE_TRACE {"ack":215,"actor_id":1,"controls":{"crouch":false,"fire":false,"interact":false,"jump":false,"mobility":false,"pitch":0.0,"reload":false,"sprint":false,"x":0.0,"yaw":0.231000006198883,"z":0.0},"event":"input_queue","monotonic_usec":4917031,"phase":3,"queue_result":0,"queued":true,"round":1,"schema":1,"sequence":329}
PORT_NATIVE_TRACE {"ack":215,"actor_id":1,"controls":{"crouch":false,"fire":false,"interact":false,"jump":false,"mobility":false,"pitch":0.0,"reload":false,"sprint":false,"x":0.0,"yaw":0.231000006198883,"z":0.0},"event":"input_queue","monotonic_usec":4930701,"phase":3,"queue_result":0,"queued":true,"round":1,"schema":1,"sequence":330}
PORT_NATIVE_TRACE {"ack":217,"actor_id":1,"camera_position":[8.0,1.45000004768372,34.0],"camera_reseeded":false,"control_eligible":true,"dead":0.0,"event":"snapshot","focused":true,"health":100.0,"lifecycle":"alive","monotonic_usec":4931480,"phase":3,"pitch":0.0,"pointer_captured":false,"pose_present":true,"round":1,"schema":1,"sequence":331,"yaw":0.231000006198883}
CORRELATION_OBSERVE {"ack":217,"actor":1,"dead":0.0,"event":"snapshot","health":100.0,"seq":113.0}
PORT_NATIVE_TRACE {"ack":217,"actor_id":1,"controls":{"crouch":false,"fire":false,"interact":false,"jump":false,"mobility":false,"pitch":0.0,"reload":false,"sprint":false,"x":0.0,"yaw":0.231000006198883,"z":0.0},"event":"input_queue","monotonic_usec":4944407,"phase":3,"queue_result":0,"queued":true,"round":1,"schema":1,"sequence":332}
PORT_NATIVE_TRACE {"ack":219,"actor_id":1,"camera_position":[8.0,1.45000004768372,34.0],"camera_reseeded":false,"control_eligible":true,"dead":0.0,"event":"snapshot","focused":true,"health":100.0,"lifecycle":"alive","monotonic_usec":4958661,"phase":3,"pitch":0.0,"pointer_captured":false,"pose_present":true,"round":1,"schema":1,"sequence":333,"yaw":0.231000006198883}
CORRELATION_OBSERVE {"ack":219,"actor":1,"dead":0.0,"event":"snapshot","health":100.0,"seq":114.0}
PORT_NATIVE_TRACE {"ack":219,"actor_id":1,"controls":{"crouch":false,"fire":false,"interact":false,"jump":false,"mobility":false,"pitch":0.0,"reload":false,"sprint":false,"x":0.0,"yaw":0.231000006198883,"z":0.0},"event":"input_queue","monotonic_usec":4965134,"phase":3,"queue_result":0,"queued":true,"round":1,"schema":1,"sequence":334}
PORT_NATIVE_TRACE {"ack":219,"actor_id":1,"controls":{"crouch":false,"fire":false,"interact":false,"jump":false,"mobility":false,"pitch":0.0,"reload":false,"sprint":false,"x":0.0,"yaw":0.231000006198883,"z":0.0},"event":"input_queue","monotonic_usec":4978889,"phase":3,"queue_result":0,"queued":true,"round":1,"schema":1,"sequence":335}
PORT_NATIVE_TRACE {"ack":221,"actor_id":1,"camera_position":[8.0,1.45000004768372,34.0],"camera_reseeded":false,"control_eligible":true,"dead":0.0,"event":"snapshot","focused":true,"health":100.0,"lifecycle":"alive","monotonic_usec":4993110,"phase":3,"pitch":0.0,"pointer_captured":false,"pose_present":true,"round":1,"schema":1,"sequence":336,"yaw":0.231000006198883}
CORRELATION_OBSERVE {"ack":221,"actor":1,"dead":0.0,"event":"snapshot","health":100.0,"seq":115.0}
PORT_NATIVE_TRACE {"ack":221,"actor_id":1,"controls":{"crouch":false,"fire":false,"interact":false,"jump":false,"mobility":false,"pitch":0.0,"reload":false,"sprint":false,"x":0.0,"yaw":0.231000006198883,"z":0.0},"event":"input_queue","monotonic_usec":4999602,"phase":3,"queue_result":0,"queued":true,"round":1,"schema":1,"sequence":337}
PORT_NATIVE_TRACE {"ack":221,"actor_id":1,"controls":{"crouch":false,"fire":false,"interact":false,"jump":false,"mobility":false,"pitch":0.0,"reload":false,"sprint":false,"x":0.0,"yaw":0.231000006198883,"z":0.0},"event":"input_queue","monotonic_usec":5013363,"phase":3,"queue_result":0,"queued":true,"round":1,"schema":1,"sequence":338}
PORT_NATIVE_TRACE {"ack":223,"actor_id":1,"camera_position":[8.0,1.45000004768372,34.0],"camera_reseeded":false,"control_eligible":true,"dead":0.0,"event":"snapshot","focused":true,"health":100.0,"lifecycle":"alive","monotonic_usec":5027525,"phase":3,"pitch":0.0,"pointer_captured":false,"pose_present":true,"round":1,"schema":1,"sequence":339,"yaw":0.231000006198883}
CORRELATION_OBSERVE {"ack":223,"actor":1,"dead":0.0,"event":"snapshot","health":100.0,"seq":116.0}
PORT_NATIVE_TRACE {"ack":223,"actor_id":1,"controls":{"crouch":false,"fire":false,"interact":false,"jump":false,"mobility":false,"pitch":0.0,"reload":false,"sprint":false,"x":0.0,"yaw":0.231000006198883,"z":0.0},"event":"input_queue","monotonic_usec":5034099,"phase":3,"queue_result":0,"queued":true,"round":1,"schema":1,"sequence":340}
PORT_NATIVE_TRACE {"ack":223,"actor_id":1,"controls":{"crouch":false,"fire":false,"interact":false,"jump":false,"mobility":false,"pitch":0.0,"reload":false,"sprint":false,"x":0.0,"yaw":0.231000006198883,"z":0.0},"event":"input_queue","monotonic_usec":5047966,"phase":3,"queue_result":0,"queued":true,"round":1,"schema":1,"sequence":341}
PORT_NATIVE_TRACE {"ack":223,"actor_id":1,"controls":{"crouch":false,"fire":false,"interact":false,"jump":false,"mobility":false,"pitch":0.0,"reload":false,"sprint":false,"x":0.0,"yaw":0.231000006198883,"z":0.0},"event":"input_queue","monotonic_usec":5061693,"phase":3,"queue_result":0,"queued":true,"round":1,"schema":1,"sequence":342}
PORT_NATIVE_TRACE {"ack":225,"actor_id":1,"camera_position":[8.0,1.45000004768372,34.0],"camera_reseeded":false,"control_eligible":true,"dead":0.0,"event":"snapshot","focused":true,"health":100.0,"lifecycle":"alive","monotonic_usec":5062087,"phase":3,"pitch":0.0,"pointer_captured":false,"pose_present":true,"round":1,"schema":1,"sequence":343,"yaw":0.231000006198883}
CORRELATION_OBSERVE {"ack":225,"actor":1,"dead":0.0,"event":"snapshot","health":100.0,"seq":117.0}
PORT_NATIVE_TRACE {"ack":225,"actor_id":1,"controls":{"crouch":false,"fire":false,"interact":false,"jump":false,"mobility":false,"pitch":0.0,"reload":false,"sprint":false,"x":0.0,"yaw":0.231000006198883,"z":0.0},"event":"input_queue","monotonic_usec":5082487,"phase":3,"queue_result":0,"queued":true,"round":1,"schema":1,"sequence":344}
PORT_NATIVE_TRACE {"ack":227,"actor_id":1,"camera_position":[8.0,1.45000004768372,34.0],"camera_reseeded":false,"control_eligible":true,"dead":0.0,"event":"snapshot","focused":true,"health":100.0,"lifecycle":"alive","monotonic_usec":5090144,"phase":3,"pitch":0.0,"pointer_captured":false,"pose_present":true,"round":1,"schema":1,"sequence":345,"yaw":0.231000006198883}
CORRELATION_OBSERVE {"ack":227,"actor":1,"dead":0.0,"event":"snapshot","health":100.0,"seq":118.0}
PORT_NATIVE_TRACE {"ack":227,"actor_id":1,"controls":{"crouch":false,"fire":false,"interact":false,"jump":false,"mobility":false,"pitch":0.0,"reload":false,"sprint":false,"x":0.0,"yaw":0.231000006198883,"z":0.0},"event":"input_queue","monotonic_usec":5096327,"phase":3,"queue_result":0,"queued":true,"round":1,"schema":1,"sequence":346}
GUEST_SAMPLE {"ack":227,"actor":1,"error":"","phase":3,"phase_seconds":0.0,"pose":true,"seconds":5.03400844444446,"snapshots":118,"starts":1}
PORT_NATIVE_TRACE {"ack":227,"actor_id":1,"controls":{"crouch":false,"fire":false,"interact":false,"jump":false,"mobility":false,"pitch":0.0,"reload":false,"sprint":false,"x":0.0,"yaw":0.231000006198883,"z":0.0},"event":"input_queue","monotonic_usec":5116982,"phase":3,"queue_result":0,"queued":true,"round":1,"schema":1,"sequence":347}
PORT_NATIVE_TRACE {"ack":229,"actor_id":1,"camera_position":[8.0,1.45000004768372,34.0],"camera_reseeded":false,"control_eligible":true,"dead":0.0,"event":"snapshot","focused":true,"health":100.0,"lifecycle":"alive","monotonic_usec":5125360,"phase":3,"pitch":0.0,"pointer_captured":false,"pose_present":true,"round":1,"schema":1,"sequence":348,"yaw":0.231000006198883}
CORRELATION_OBSERVE {"ack":229,"actor":1,"dead":0.0,"event":"snapshot","health":100.0,"seq":119.0}
PORT_NATIVE_TRACE {"ack":229,"actor_id":1,"controls":{"crouch":false,"fire":false,"interact":false,"jump":false,"mobility":false,"pitch":0.0,"reload":false,"sprint":false,"x":0.0,"yaw":0.231000006198883,"z":0.0},"event":"input_queue","monotonic_usec":5131073,"phase":3,"queue_result":0,"queued":true,"round":1,"schema":1,"sequence":349}
PORT_NATIVE_TRACE {"ack":229,"actor_id":1,"controls":{"crouch":false,"fire":false,"interact":false,"jump":false,"mobility":false,"pitch":0.0,"reload":false,"sprint":false,"x":0.0,"yaw":0.231000006198883,"z":0.0},"event":"input_queue","monotonic_usec":5144822,"phase":3,"queue_result":0,"queued":true,"round":1,"schema":1,"sequence":350}
PORT_NATIVE_TRACE {"ack":231,"actor_id":1,"camera_position":[8.0,1.45000004768372,34.0],"camera_reseeded":false,"control_eligible":true,"dead":0.0,"event":"snapshot","focused":true,"health":100.0,"lifecycle":"alive","monotonic_usec":5159340,"phase":3,"pitch":0.0,"pointer_captured":false,"pose_present":true,"round":1,"schema":1,"sequence":351,"yaw":0.231000006198883}
CORRELATION_OBSERVE {"ack":231,"actor":1,"dead":0.0,"event":"snapshot","health":100.0,"seq":120.0}
PORT_NATIVE_TRACE {"ack":231,"actor_id":1,"controls":{"crouch":false,"fire":false,"interact":false,"jump":false,"mobility":false,"pitch":0.0,"reload":false,"sprint":false,"x":0.0,"yaw":0.231000006198883,"z":0.0},"event":"input_queue","monotonic_usec":5165237,"phase":3,"queue_result":0,"queued":true,"round":1,"schema":1,"sequence":352}
PORT_NATIVE_TRACE {"ack":231,"actor_id":1,"controls":{"crouch":false,"fire":false,"interact":false,"jump":false,"mobility":false,"pitch":0.0,"reload":false,"sprint":false,"x":0.0,"yaw":0.231000006198883,"z":0.0},"event":"input_queue","monotonic_usec":5179357,"phase":3,"queue_result":0,"queued":true,"round":1,"schema":1,"sequence":353}
PORT_NATIVE_TRACE {"ack":233,"actor_id":1,"camera_position":[8.0,1.45000004768372,34.0],"camera_reseeded":false,"control_eligible":true,"dead":0.0,"event":"snapshot","focused":true,"health":100.0,"lifecycle":"alive","monotonic_usec":5186906,"phase":3,"pitch":0.0,"pointer_captured":false,"pose_present":true,"round":1,"schema":1,"sequence":354,"yaw":0.231000006198883}
CORRELATION_OBSERVE {"ack":233,"actor":1,"dead":0.0,"event":"snapshot","health":100.0,"seq":121.0}
PORT_NATIVE_TRACE {"ack":233,"actor_id":1,"controls":{"crouch":false,"fire":false,"interact":false,"jump":false,"mobility":false,"pitch":0.0,"reload":false,"sprint":false,"x":0.0,"yaw":0.231000006198883,"z":0.0},"event":"input_queue","monotonic_usec":5199718,"phase":3,"queue_result":0,"queued":true,"round":1,"schema":1,"sequence":355}
PORT_NATIVE_TRACE {"ack":233,"actor_id":1,"controls":{"crouch":false,"fire":false,"interact":false,"jump":false,"mobility":false,"pitch":0.0,"reload":false,"sprint":false,"x":0.0,"yaw":0.231000006198883,"z":0.0},"event":"input_queue","monotonic_usec":5213497,"phase":3,"queue_result":0,"queued":true,"round":1,"schema":1,"sequence":356}
PORT_NATIVE_TRACE {"ack":235,"actor_id":1,"camera_position":[8.0,1.45000004768372,34.0],"camera_reseeded":false,"control_eligible":true,"dead":0.0,"event":"snapshot","focused":true,"health":100.0,"lifecycle":"alive","monotonic_usec":5220758,"phase":3,"pitch":0.0,"pointer_captured":false,"pose_present":true,"round":1,"schema":1,"sequence":357,"yaw":0.231000006198883}
CORRELATION_OBSERVE {"ack":235,"actor":1,"dead":0.0,"event":"snapshot","health":100.0,"seq":122.0}
PORT_NATIVE_TRACE {"ack":235,"actor_id":1,"controls":{"crouch":false,"fire":false,"interact":false,"jump":false,"mobility":false,"pitch":0.0,"reload":false,"sprint":false,"x":0.0,"yaw":0.231000006198883,"z":0.0},"event":"input_queue","monotonic_usec":5234202,"phase":3,"queue_result":0,"queued":true,"round":1,"schema":1,"sequence":358}
PORT_NATIVE_TRACE {"ack":235,"actor_id":1,"controls":{"crouch":false,"fire":false,"interact":false,"jump":false,"mobility":false,"pitch":0.0,"reload":false,"sprint":false,"x":0.0,"yaw":0.231000006198883,"z":0.0},"event":"input_queue","monotonic_usec":5248000,"phase":3,"queue_result":0,"queued":true,"round":1,"schema":1,"sequence":359}
PORT_NATIVE_TRACE {"ack":236,"actor_id":1,"camera_position":[8.0,1.45000004768372,34.0],"camera_reseeded":false,"control_eligible":true,"dead":0.0,"event":"snapshot","focused":true,"health":100.0,"lifecycle":"alive","monotonic_usec":5248433,"phase":3,"pitch":0.0,"pointer_captured":false,"pose_present":true,"round":1,"schema":1,"sequence":360,"yaw":0.231000006198883}
CORRELATION_OBSERVE {"ack":236,"actor":1,"dead":0.0,"event":"snapshot","health":100.0,"seq":123.0}
PORT_NATIVE_TRACE {"ack":236,"actor_id":1,"controls":{"crouch":false,"fire":false,"interact":false,"jump":false,"mobility":false,"pitch":0.0,"reload":false,"sprint":false,"x":0.0,"yaw":0.231000006198883,"z":0.0},"event":"input_queue","monotonic_usec":5261795,"phase":3,"queue_result":0,"queued":true,"round":1,"schema":1,"sequence":361}
PORT_NATIVE_TRACE {"ack":236,"actor_id":1,"controls":{"crouch":false,"fire":false,"interact":false,"jump":false,"mobility":false,"pitch":0.0,"reload":false,"sprint":false,"x":0.0,"yaw":0.231000006198883,"z":0.0},"event":"input_queue","monotonic_usec":5282481,"phase":3,"queue_result":0,"queued":true,"round":1,"schema":1,"sequence":362}
PORT_NATIVE_TRACE {"ack":238,"actor_id":1,"camera_position":[8.0,1.45000004768372,34.0],"camera_reseeded":false,"control_eligible":true,"dead":0.0,"event":"snapshot","focused":true,"health":100.0,"lifecycle":"alive","monotonic_usec":5282856,"phase":3,"pitch":0.0,"pointer_captured":false,"pose_present":true,"round":1,"schema":1,"sequence":363,"yaw":0.231000006198883}
CORRELATION_OBSERVE {"ack":238,"actor":1,"dead":0.0,"event":"snapshot","health":100.0,"seq":124.0}
PORT_NATIVE_TRACE {"ack":238,"actor_id":1,"controls":{"crouch":false,"fire":false,"interact":false,"jump":false,"mobility":false,"pitch":0.0,"reload":false,"sprint":false,"x":0.0,"yaw":0.231000006198883,"z":0.0},"event":"input_queue","monotonic_usec":5296773,"phase":3,"queue_result":0,"queued":true,"round":1,"schema":1,"sequence":364}
PORT_NATIVE_TRACE {"ack":238,"actor_id":1,"controls":{"crouch":false,"fire":false,"interact":false,"jump":false,"mobility":false,"pitch":0.0,"reload":false,"sprint":false,"x":0.0,"yaw":0.231000006198883,"z":0.0},"event":"input_queue","monotonic_usec":5317381,"phase":3,"queue_result":0,"queued":true,"round":1,"schema":1,"sequence":365}
PORT_NATIVE_TRACE {"ack":240,"actor_id":1,"camera_position":[8.0,1.45000004768372,34.0],"camera_reseeded":false,"control_eligible":true,"dead":0.0,"event":"snapshot","focused":true,"health":100.0,"lifecycle":"alive","monotonic_usec":5318384,"phase":3,"pitch":0.0,"pointer_captured":false,"pose_present":true,"round":1,"schema":1,"sequence":366,"yaw":0.231000006198883}
CORRELATION_OBSERVE {"ack":240,"actor":1,"dead":0.0,"event":"snapshot","health":100.0,"seq":125.0}
PORT_NATIVE_TRACE {"ack":240,"actor_id":1,"controls":{"crouch":false,"fire":false,"interact":false,"jump":false,"mobility":false,"pitch":0.0,"reload":false,"sprint":false,"x":0.0,"yaw":0.231000006198883,"z":0.0},"event":"input_queue","monotonic_usec":5330889,"phase":3,"queue_result":0,"queued":true,"round":1,"schema":1,"sequence":367}
PORT_NATIVE_TRACE {"ack":240,"actor_id":1,"controls":{"crouch":false,"fire":false,"interact":false,"jump":false,"mobility":false,"pitch":0.0,"reload":false,"sprint":false,"x":0.0,"yaw":0.231000006198883,"z":0.0},"event":"input_queue","monotonic_usec":5345886,"phase":3,"queue_result":0,"queued":true,"round":1,"schema":1,"sequence":368}
PORT_NATIVE_TRACE {"ack":242,"actor_id":1,"camera_position":[8.0,1.45000004768372,34.0],"camera_reseeded":false,"control_eligible":true,"dead":0.0,"event":"snapshot","focused":true,"health":100.0,"lifecycle":"alive","monotonic_usec":5352400,"phase":3,"pitch":0.0,"pointer_captured":false,"pose_present":true,"round":1,"schema":1,"sequence":369,"yaw":0.231000006198883}
CORRELATION_OBSERVE {"ack":242,"actor":1,"dead":0.0,"event":"snapshot","health":100.0,"seq":126.0}
PORT_NATIVE_TRACE {"ack":242,"actor_id":1,"controls":{"crouch":false,"fire":false,"interact":false,"jump":false,"mobility":false,"pitch":0.0,"reload":false,"sprint":false,"x":0.0,"yaw":0.231000006198883,"z":0.0},"event":"input_queue","monotonic_usec":5365434,"phase":3,"queue_result":0,"queued":true,"round":1,"schema":1,"sequence":370}
PORT_NATIVE_TRACE {"ack":242,"actor_id":1,"controls":{"crouch":false,"fire":false,"interact":false,"jump":false,"mobility":false,"pitch":0.0,"reload":false,"sprint":false,"x":0.0,"yaw":0.231000006198883,"z":0.0},"event":"input_queue","monotonic_usec":5379227,"phase":3,"queue_result":0,"queued":true,"round":1,"schema":1,"sequence":371}
PORT_NATIVE_TRACE {"ack":244,"actor_id":1,"camera_position":[8.0,1.45000004768372,34.0],"camera_reseeded":false,"control_eligible":true,"dead":0.0,"event":"snapshot","focused":true,"health":100.0,"lifecycle":"alive","monotonic_usec":5380271,"phase":3,"pitch":0.0,"pointer_captured":false,"pose_present":true,"round":1,"schema":1,"sequence":372,"yaw":0.231000006198883}
CORRELATION_OBSERVE {"ack":244,"actor":1,"dead":0.0,"event":"snapshot","health":100.0,"seq":127.0}
PORT_NATIVE_TRACE {"ack":244,"actor_id":1,"controls":{"crouch":false,"fire":false,"interact":false,"jump":false,"mobility":false,"pitch":0.0,"reload":false,"sprint":false,"x":0.0,"yaw":0.231000006198883,"z":0.0},"event":"input_queue","monotonic_usec":5399992,"phase":3,"queue_result":0,"queued":true,"round":1,"schema":1,"sequence":373}
PORT_NATIVE_TRACE {"ack":244,"actor_id":1,"controls":{"crouch":false,"fire":false,"interact":false,"jump":false,"mobility":false,"pitch":0.0,"reload":false,"sprint":false,"x":0.0,"yaw":0.231000006198883,"z":0.0},"event":"input_queue","monotonic_usec":5413860,"phase":3,"queue_result":0,"queued":true,"round":1,"schema":1,"sequence":374}
PORT_NATIVE_TRACE {"ack":246,"actor_id":1,"camera_position":[8.0,1.45000004768372,34.0],"camera_reseeded":false,"control_eligible":true,"dead":0.0,"event":"snapshot","focused":true,"health":100.0,"lifecycle":"alive","monotonic_usec":5414933,"phase":3,"pitch":0.0,"pointer_captured":false,"pose_present":true,"round":1,"schema":1,"sequence":375,"yaw":0.231000006198883}
CORRELATION_OBSERVE {"ack":246,"actor":1,"dead":0.0,"event":"snapshot","health":100.0,"seq":128.0}
PORT_NATIVE_TRACE {"ack":246,"actor_id":1,"controls":{"crouch":false,"fire":false,"interact":false,"jump":false,"mobility":false,"pitch":0.0,"reload":false,"sprint":false,"x":0.0,"yaw":0.231000006198883,"z":0.0},"event":"input_queue","monotonic_usec":5434427,"phase":3,"queue_result":0,"queued":true,"round":1,"schema":1,"sequence":376}
PORT_NATIVE_TRACE {"ack":246,"actor_id":1,"controls":{"crouch":false,"fire":false,"interact":false,"jump":false,"mobility":false,"pitch":0.0,"reload":false,"sprint":false,"x":0.0,"yaw":0.231000006198883,"z":0.0},"event":"input_queue","monotonic_usec":5448203,"phase":3,"queue_result":0,"queued":true,"round":1,"schema":1,"sequence":377}
PORT_NATIVE_TRACE {"ack":248,"actor_id":1,"camera_position":[8.0,1.45000004768372,34.0],"camera_reseeded":false,"control_eligible":true,"dead":0.0,"event":"snapshot","focused":true,"health":100.0,"lifecycle":"alive","monotonic_usec":5449068,"phase":3,"pitch":0.0,"pointer_captured":false,"pose_present":true,"round":1,"schema":1,"sequence":378,"yaw":0.231000006198883}
CORRELATION_OBSERVE {"ack":248,"actor":1,"dead":0.0,"event":"snapshot","health":100.0,"seq":129.0}
PORT_NATIVE_TRACE {"ack":248,"actor_id":1,"controls":{"crouch":false,"fire":false,"interact":false,"jump":false,"mobility":false,"pitch":0.0,"reload":false,"sprint":false,"x":0.0,"yaw":0.231000006198883,"z":0.0},"event":"input_queue","monotonic_usec":5461904,"phase":3,"queue_result":0,"queued":true,"round":1,"schema":1,"sequence":379}
PORT_NATIVE_TRACE {"ack":250,"actor_id":1,"camera_position":[8.0,1.45000004768372,34.0],"camera_reseeded":false,"control_eligible":true,"dead":0.0,"event":"snapshot","focused":true,"health":100.0,"lifecycle":"alive","monotonic_usec":5475985,"phase":3,"pitch":0.0,"pointer_captured":false,"pose_present":true,"round":1,"schema":1,"sequence":380,"yaw":0.231000006198883}
CORRELATION_OBSERVE {"ack":250,"actor":1,"dead":0.0,"event":"snapshot","health":100.0,"seq":130.0}
PORT_NATIVE_TRACE {"ack":250,"actor_id":1,"controls":{"crouch":false,"fire":false,"interact":false,"jump":false,"mobility":false,"pitch":0.0,"reload":false,"sprint":false,"x":0.0,"yaw":0.231000006198883,"z":0.0},"event":"input_queue","monotonic_usec":5482600,"phase":3,"queue_result":0,"queued":true,"round":1,"schema":1,"sequence":381}
PORT_NATIVE_TRACE {"ack":250,"actor_id":1,"controls":{"crouch":false,"fire":false,"interact":false,"jump":false,"mobility":false,"pitch":0.0,"reload":false,"sprint":false,"x":0.0,"yaw":0.231000006198883,"z":0.0},"event":"input_queue","monotonic_usec":5496464,"phase":3,"queue_result":0,"queued":true,"round":1,"schema":1,"sequence":382}
PORT_NATIVE_TRACE {"ack":252,"actor_id":1,"camera_position":[8.0,1.45000004768372,34.0],"camera_reseeded":false,"control_eligible":true,"dead":0.0,"event":"snapshot","focused":true,"health":100.0,"lifecycle":"alive","monotonic_usec":5510636,"phase":3,"pitch":0.0,"pointer_captured":false,"pose_present":true,"round":1,"schema":1,"sequence":383,"yaw":0.231000006198883}
CORRELATION_OBSERVE {"ack":252,"actor":1,"dead":0.0,"event":"snapshot","health":100.0,"seq":131.0}
PORT_NATIVE_TRACE {"ack":252,"actor_id":1,"controls":{"crouch":false,"fire":false,"interact":false,"jump":false,"mobility":false,"pitch":0.0,"reload":false,"sprint":false,"x":0.0,"yaw":0.231000006198883,"z":0.0},"event":"input_queue","monotonic_usec":5517099,"phase":3,"queue_result":0,"queued":true,"round":1,"schema":1,"sequence":384}
PORT_NATIVE_TRACE {"ack":252,"actor_id":1,"controls":{"crouch":false,"fire":false,"interact":false,"jump":false,"mobility":false,"pitch":0.0,"reload":false,"sprint":false,"x":0.0,"yaw":0.231000006198883,"z":0.0},"event":"input_queue","monotonic_usec":5531003,"phase":3,"queue_result":0,"queued":true,"round":1,"schema":1,"sequence":385}
PORT_NATIVE_TRACE {"ack":252,"actor_id":1,"controls":{"crouch":false,"fire":false,"interact":false,"jump":false,"mobility":false,"pitch":0.0,"reload":false,"sprint":false,"x":0.0,"yaw":0.231000006198883,"z":0.0},"event":"input_queue","monotonic_usec":5544808,"phase":3,"queue_result":0,"queued":true,"round":1,"schema":1,"sequence":386}
PORT_NATIVE_TRACE {"ack":254,"actor_id":1,"camera_position":[8.0,1.45000004768372,34.0],"camera_reseeded":false,"control_eligible":true,"dead":0.0,"event":"snapshot","focused":true,"health":100.0,"lifecycle":"alive","monotonic_usec":5545540,"phase":3,"pitch":0.0,"pointer_captured":false,"pose_present":true,"round":1,"schema":1,"sequence":387,"yaw":0.231000006198883}
CORRELATION_OBSERVE {"ack":254,"actor":1,"dead":0.0,"event":"snapshot","health":100.0,"seq":132.0}
PORT_NATIVE_TRACE {"ack":254,"actor_id":1,"controls":{"crouch":false,"fire":false,"interact":false,"jump":false,"mobility":false,"pitch":0.0,"reload":false,"sprint":false,"x":0.0,"yaw":0.231000006198883,"z":0.0},"event":"input_queue","monotonic_usec":5565700,"phase":3,"queue_result":0,"queued":true,"round":1,"schema":1,"sequence":388}
PORT_NATIVE_TRACE {"ack":256,"actor_id":1,"camera_position":[8.0,1.45000004768372,34.0],"camera_reseeded":false,"control_eligible":true,"dead":0.0,"event":"snapshot","focused":true,"health":100.0,"lifecycle":"alive","monotonic_usec":5573289,"phase":3,"pitch":0.0,"pointer_captured":false,"pose_present":true,"round":1,"schema":1,"sequence":389,"yaw":0.231000006198883}
CORRELATION_OBSERVE {"ack":256,"actor":1,"dead":0.0,"event":"snapshot","health":100.0,"seq":133.0}
PORT_NATIVE_TRACE {"ack":256,"actor_id":1,"controls":{"crouch":false,"fire":false,"interact":false,"jump":false,"mobility":false,"pitch":0.0,"reload":false,"sprint":false,"x":0.0,"yaw":0.231000006198883,"z":0.0},"event":"input_queue","monotonic_usec":5579314,"phase":3,"queue_result":0,"queued":true,"round":1,"schema":1,"sequence":390}
PORT_NATIVE_TRACE {"ack":256,"actor_id":1,"controls":{"crouch":false,"fire":false,"interact":false,"jump":false,"mobility":false,"pitch":0.0,"reload":false,"sprint":false,"x":0.0,"yaw":0.231000006198883,"z":0.0},"event":"input_queue","monotonic_usec":5599906,"phase":3,"queue_result":0,"queued":true,"round":1,"schema":1,"sequence":391}
GUEST_SAMPLE {"ack":256,"actor":1,"error":"","phase":3,"phase_seconds":0.0,"pose":true,"seconds":5.53765400000001,"snapshots":133,"starts":1}
PORT_NATIVE_TRACE {"ack":258,"actor_id":1,"camera_position":[8.0,1.45000004768372,34.0],"camera_reseeded":false,"control_eligible":true,"dead":0.0,"event":"snapshot","focused":true,"health":100.0,"lifecycle":"alive","monotonic_usec":5607226,"phase":3,"pitch":0.0,"pointer_captured":false,"pose_present":true,"round":1,"schema":1,"sequence":392,"yaw":0.231000006198883}
CORRELATION_OBSERVE {"ack":258,"actor":1,"dead":0.0,"event":"snapshot","health":100.0,"seq":134.0}
PORT_NATIVE_TRACE {"ack":258,"actor_id":1,"controls":{"crouch":false,"fire":false,"interact":false,"jump":false,"mobility":false,"pitch":0.0,"reload":false,"sprint":false,"x":0.0,"yaw":0.231000006198883,"z":0.0},"event":"input_queue","monotonic_usec":5613707,"phase":3,"queue_result":0,"queued":true,"round":1,"schema":1,"sequence":393}
PORT_NATIVE_TRACE {"ack":258,"actor_id":1,"controls":{"crouch":false,"fire":false,"interact":false,"jump":false,"mobility":false,"pitch":0.0,"reload":false,"sprint":false,"x":0.0,"yaw":0.231000006198883,"z":0.0},"event":"input_queue","monotonic_usec":5635025,"phase":3,"queue_result":0,"queued":true,"round":1,"schema":1,"sequence":394}
PORT_NATIVE_TRACE {"ack":259,"actor_id":1,"camera_position":[8.0,1.45000004768372,34.0],"camera_reseeded":false,"control_eligible":true,"dead":0.0,"event":"snapshot","focused":true,"health":100.0,"lifecycle":"alive","monotonic_usec":5642785,"phase":3,"pitch":0.0,"pointer_captured":false,"pose_present":true,"round":1,"schema":1,"sequence":395,"yaw":0.231000006198883}
CORRELATION_OBSERVE {"ack":259,"actor":1,"dead":0.0,"event":"snapshot","health":100.0,"seq":135.0}
PORT_NATIVE_TRACE {"ack":259,"actor_id":1,"controls":{"crouch":false,"fire":false,"interact":false,"jump":false,"mobility":false,"pitch":0.0,"reload":false,"sprint":false,"x":0.0,"yaw":0.231000006198883,"z":0.0},"event":"input_queue","monotonic_usec":5648350,"phase":3,"queue_result":0,"queued":true,"round":1,"schema":1,"sequence":396}
PORT_NATIVE_TRACE {"ack":259,"actor_id":1,"controls":{"crouch":false,"fire":false,"interact":false,"jump":false,"mobility":false,"pitch":0.0,"reload":false,"sprint":false,"x":0.0,"yaw":0.231000006198883,"z":0.0},"event":"input_queue","monotonic_usec":5662319,"phase":3,"queue_result":0,"queued":true,"round":1,"schema":1,"sequence":397}
PORT_NATIVE_TRACE {"ack":262,"actor_id":1,"camera_position":[8.0,1.45000004768372,34.0],"camera_reseeded":false,"control_eligible":true,"dead":0.0,"event":"snapshot","focused":true,"health":100.0,"lifecycle":"alive","monotonic_usec":5669326,"phase":3,"pitch":0.0,"pointer_captured":false,"pose_present":true,"round":1,"schema":1,"sequence":398,"yaw":0.231000006198883}
CORRELATION_OBSERVE {"ack":262,"actor":1,"dead":0.0,"event":"snapshot","health":100.0,"seq":136.0}
PORT_NATIVE_TRACE {"ack":262,"actor_id":1,"controls":{"crouch":false,"fire":false,"interact":false,"jump":false,"mobility":false,"pitch":0.0,"reload":false,"sprint":false,"x":0.0,"yaw":0.231000006198883,"z":0.0},"event":"input_queue","monotonic_usec":5682998,"phase":3,"queue_result":0,"queued":true,"round":1,"schema":1,"sequence":399}
PORT_NATIVE_TRACE {"ack":262,"actor_id":1,"controls":{"crouch":false,"fire":false,"interact":false,"jump":false,"mobility":false,"pitch":0.0,"reload":false,"sprint":false,"x":0.0,"yaw":0.231000006198883,"z":0.0},"event":"input_queue","monotonic_usec":5696498,"phase":3,"queue_result":0,"queued":true,"round":1,"schema":1,"sequence":400}
PORT_NATIVE_TRACE {"ack":264,"actor_id":1,"camera_position":[8.0,1.45000004768372,34.0],"camera_reseeded":false,"control_eligible":true,"dead":0.0,"event":"snapshot","focused":true,"health":100.0,"lifecycle":"alive","monotonic_usec":5703814,"phase":3,"pitch":0.0,"pointer_captured":false,"pose_present":true,"round":1,"schema":1,"sequence":401,"yaw":0.231000006198883}
CORRELATION_OBSERVE {"ack":264,"actor":1,"dead":0.0,"event":"snapshot","health":100.0,"seq":137.0}
PORT_NATIVE_TRACE {"ack":264,"actor_id":1,"controls":{"crouch":false,"fire":false,"interact":false,"jump":false,"mobility":false,"pitch":0.0,"reload":false,"sprint":false,"x":0.0,"yaw":0.231000006198883,"z":0.0},"event":"input_queue","monotonic_usec":5717278,"phase":3,"queue_result":0,"queued":true,"round":1,"schema":1,"sequence":402}
PORT_NATIVE_TRACE {"ack":264,"actor_id":1,"controls":{"crouch":false,"fire":false,"interact":false,"jump":false,"mobility":false,"pitch":0.0,"reload":false,"sprint":false,"x":0.0,"yaw":0.231000006198883,"z":0.0},"event":"input_queue","monotonic_usec":5731029,"phase":3,"queue_result":0,"queued":true,"round":1,"schema":1,"sequence":403}
PORT_NATIVE_TRACE {"ack":265,"actor_id":1,"camera_position":[8.0,1.45000004768372,34.0],"camera_reseeded":false,"control_eligible":true,"dead":0.0,"event":"snapshot","focused":true,"health":100.0,"lifecycle":"alive","monotonic_usec":5738386,"phase":3,"pitch":0.0,"pointer_captured":false,"pose_present":true,"round":1,"schema":1,"sequence":404,"yaw":0.231000006198883}
CORRELATION_OBSERVE {"ack":265,"actor":1,"dead":0.0,"event":"snapshot","health":100.0,"seq":138.0}
PORT_NATIVE_TRACE {"ack":265,"actor_id":1,"controls":{"crouch":false,"fire":false,"interact":false,"jump":false,"mobility":false,"pitch":0.0,"reload":false,"sprint":false,"x":0.0,"yaw":0.231000006198883,"z":0.0},"event":"input_queue","monotonic_usec":5744840,"phase":3,"queue_result":0,"queued":true,"round":1,"schema":1,"sequence":405}
PORT_NATIVE_TRACE {"ack":265,"actor_id":1,"controls":{"crouch":false,"fire":false,"interact":false,"jump":false,"mobility":false,"pitch":0.0,"reload":false,"sprint":false,"x":0.0,"yaw":0.231000006198883,"z":0.0},"event":"input_queue","monotonic_usec":5765512,"phase":3,"queue_result":0,"queued":true,"round":1,"schema":1,"sequence":406}
PORT_NATIVE_TRACE {"ack":267,"actor_id":1,"camera_position":[8.0,1.45000004768372,34.0],"camera_reseeded":false,"control_eligible":true,"dead":0.0,"event":"snapshot","focused":true,"health":100.0,"lifecycle":"alive","monotonic_usec":5765936,"phase":3,"pitch":0.0,"pointer_captured":false,"pose_present":true,"round":1,"schema":1,"sequence":407,"yaw":0.231000006198883}
CORRELATION_OBSERVE {"ack":267,"actor":1,"dead":0.0,"event":"snapshot","health":100.0,"seq":139.0}
PORT_NATIVE_TRACE {"ack":267,"actor_id":1,"controls":{"crouch":false,"fire":false,"interact":false,"jump":false,"mobility":false,"pitch":0.0,"reload":false,"sprint":false,"x":0.0,"yaw":0.231000006198883,"z":0.0},"event":"input_queue","monotonic_usec":5779317,"phase":3,"queue_result":0,"queued":true,"round":1,"schema":1,"sequence":408}
PORT_NATIVE_TRACE {"ack":267,"actor_id":1,"controls":{"crouch":false,"fire":false,"interact":false,"jump":false,"mobility":false,"pitch":0.0,"reload":false,"sprint":false,"x":0.0,"yaw":0.231000006198883,"z":0.0},"event":"input_queue","monotonic_usec":5799987,"phase":3,"queue_result":0,"queued":true,"round":1,"schema":1,"sequence":409}
PORT_NATIVE_TRACE {"ack":269,"actor_id":1,"camera_position":[8.0,1.45000004768372,34.0],"camera_reseeded":false,"control_eligible":true,"dead":0.0,"event":"snapshot","focused":true,"health":100.0,"lifecycle":"alive","monotonic_usec":5800367,"phase":3,"pitch":0.0,"pointer_captured":false,"pose_present":true,"round":1,"schema":1,"sequence":410,"yaw":0.231000006198883}
CORRELATION_OBSERVE {"ack":269,"actor":1,"dead":0.0,"event":"snapshot","health":100.0,"seq":140.0}
PORT_NATIVE_TRACE {"ack":269,"actor_id":1,"controls":{"crouch":false,"fire":false,"interact":false,"jump":false,"mobility":false,"pitch":0.0,"reload":false,"sprint":false,"x":0.0,"yaw":0.231000006198883,"z":0.0},"event":"input_queue","monotonic_usec":5813920,"phase":3,"queue_result":0,"queued":true,"round":1,"schema":1,"sequence":411}
PORT_NATIVE_TRACE {"ack":269,"actor_id":1,"controls":{"crouch":false,"fire":false,"interact":false,"jump":false,"mobility":false,"pitch":0.0,"reload":false,"sprint":false,"x":0.0,"yaw":0.231000006198883,"z":0.0},"event":"input_queue","monotonic_usec":5834583,"phase":3,"queue_result":0,"queued":true,"round":1,"schema":1,"sequence":412}
PORT_NATIVE_TRACE {"ack":271,"actor_id":1,"camera_position":[8.0,1.45000004768372,34.0],"camera_reseeded":false,"control_eligible":true,"dead":0.0,"event":"snapshot","focused":true,"health":100.0,"lifecycle":"alive","monotonic_usec":5835429,"phase":3,"pitch":0.0,"pointer_captured":false,"pose_present":true,"round":1,"schema":1,"sequence":413,"yaw":0.231000006198883}
CORRELATION_OBSERVE {"ack":271,"actor":1,"dead":0.0,"event":"snapshot","health":100.0,"seq":141.0}
PORT_NATIVE_TRACE {"ack":271,"actor_id":1,"controls":{"crouch":false,"fire":false,"interact":false,"jump":false,"mobility":false,"pitch":0.0,"reload":false,"sprint":false,"x":0.0,"yaw":0.231000006198883,"z":0.0},"event":"input_queue","monotonic_usec":5848399,"phase":3,"queue_result":0,"queued":true,"round":1,"schema":1,"sequence":414}
PORT_NATIVE_TRACE {"ack":271,"actor_id":1,"controls":{"crouch":false,"fire":false,"interact":false,"jump":false,"mobility":false,"pitch":0.0,"reload":false,"sprint":false,"x":0.0,"yaw":0.231000006198883,"z":0.0},"event":"input_queue","monotonic_usec":5862164,"phase":3,"queue_result":0,"queued":true,"round":1,"schema":1,"sequence":415}
PORT_NATIVE_TRACE {"ack":273,"actor_id":1,"camera_position":[8.0,1.45000004768372,34.0],"camera_reseeded":false,"control_eligible":true,"dead":0.0,"event":"snapshot","focused":true,"health":100.0,"lifecycle":"alive","monotonic_usec":5863013,"phase":3,"pitch":0.0,"pointer_captured":false,"pose_present":true,"round":1,"schema":1,"sequence":416,"yaw":0.231000006198883}
CORRELATION_OBSERVE {"ack":273,"actor":1,"dead":0.0,"event":"snapshot","health":100.0,"seq":142.0}
PORT_NATIVE_TRACE {"ack":273,"actor_id":1,"controls":{"crouch":false,"fire":false,"interact":false,"jump":false,"mobility":false,"pitch":0.0,"reload":false,"sprint":false,"x":0.0,"yaw":0.231000006198883,"z":0.0},"event":"input_queue","monotonic_usec":5882916,"phase":3,"queue_result":0,"queued":true,"round":1,"schema":1,"sequence":417}
PORT_NATIVE_TRACE {"ack":273,"actor_id":1,"controls":{"crouch":false,"fire":false,"interact":false,"jump":false,"mobility":false,"pitch":0.0,"reload":false,"sprint":false,"x":0.0,"yaw":0.231000006198883,"z":0.0},"event":"input_queue","monotonic_usec":5896771,"phase":3,"queue_result":0,"queued":true,"round":1,"schema":1,"sequence":418}
PORT_NATIVE_TRACE {"ack":275,"actor_id":1,"camera_position":[8.0,1.45000004768372,34.0],"camera_reseeded":false,"control_eligible":true,"dead":0.0,"event":"snapshot","focused":true,"health":100.0,"lifecycle":"alive","monotonic_usec":5897637,"phase":3,"pitch":0.0,"pointer_captured":false,"pose_present":true,"round":1,"schema":1,"sequence":419,"yaw":0.231000006198883}
CORRELATION_OBSERVE {"ack":275,"actor":1,"dead":0.0,"event":"snapshot","health":100.0,"seq":143.0}
PORT_NATIVE_TRACE {"ack":275,"actor_id":1,"controls":{"crouch":false,"fire":false,"interact":false,"jump":false,"mobility":false,"pitch":0.0,"reload":false,"sprint":false,"x":0.0,"yaw":0.231000006198883,"z":0.0},"event":"input_queue","monotonic_usec":5917962,"phase":3,"queue_result":0,"queued":true,"round":1,"schema":1,"sequence":420}
PORT_NATIVE_TRACE {"ack":277,"actor_id":1,"camera_position":[8.0,1.45000004768372,34.0],"camera_reseeded":false,"control_eligible":true,"dead":0.0,"event":"snapshot","focused":true,"health":100.0,"lifecycle":"alive","monotonic_usec":5925356,"phase":3,"pitch":0.0,"pointer_captured":false,"pose_present":true,"round":1,"schema":1,"sequence":421,"yaw":0.231000006198883}
CORRELATION_OBSERVE {"ack":277,"actor":1,"dead":0.0,"event":"snapshot","health":100.0,"seq":144.0}
PORT_NATIVE_TRACE {"ack":277,"actor_id":1,"controls":{"crouch":false,"fire":false,"interact":false,"jump":false,"mobility":false,"pitch":0.0,"reload":false,"sprint":false,"x":0.0,"yaw":0.231000006198883,"z":0.0},"event":"input_queue","monotonic_usec":5931786,"phase":3,"queue_result":0,"queued":true,"round":1,"schema":1,"sequence":422}
PORT_NATIVE_TRACE {"ack":277,"actor_id":1,"controls":{"crouch":false,"fire":false,"interact":false,"jump":false,"mobility":false,"pitch":0.0,"reload":false,"sprint":false,"x":0.0,"yaw":0.231000006198883,"z":0.0},"event":"input_queue","monotonic_usec":5945248,"phase":3,"queue_result":0,"queued":true,"round":1,"schema":1,"sequence":423}
PORT_NATIVE_TRACE {"ack":279,"actor_id":1,"camera_position":[8.0,1.45000004768372,34.0],"camera_reseeded":false,"control_eligible":true,"dead":0.0,"event":"snapshot","focused":true,"health":100.0,"lifecycle":"alive","monotonic_usec":5959862,"phase":3,"pitch":0.0,"pointer_captured":false,"pose_present":true,"round":1,"schema":1,"sequence":424,"yaw":0.231000006198883}
CORRELATION_OBSERVE {"ack":279,"actor":1,"dead":0.0,"event":"snapshot","health":100.0,"seq":145.0}
PORT_NATIVE_TRACE {"ack":279,"actor_id":1,"controls":{"crouch":false,"fire":false,"interact":false,"jump":false,"mobility":false,"pitch":0.0,"reload":false,"sprint":false,"x":0.0,"yaw":0.231000006198883,"z":0.0},"event":"input_queue","monotonic_usec":5965946,"phase":3,"queue_result":0,"queued":true,"round":1,"schema":1,"sequence":425}
PORT_NATIVE_TRACE {"ack":279,"actor_id":1,"controls":{"crouch":false,"fire":false,"interact":false,"jump":false,"mobility":false,"pitch":0.0,"reload":false,"sprint":false,"x":0.0,"yaw":0.231000006198883,"z":0.0},"event":"input_queue","monotonic_usec":5979522,"phase":3,"queue_result":0,"queued":true,"round":1,"schema":1,"sequence":426}
PORT_NATIVE_TRACE {"ack":281,"actor_id":1,"camera_position":[8.0,1.45000004768372,34.0],"camera_reseeded":false,"control_eligible":true,"dead":0.0,"event":"snapshot","focused":true,"health":100.0,"lifecycle":"alive","monotonic_usec":5994646,"phase":3,"pitch":0.0,"pointer_captured":false,"pose_present":true,"round":1,"schema":1,"sequence":427,"yaw":0.231000006198883}
CORRELATION_OBSERVE {"ack":281,"actor":1,"dead":0.0,"event":"snapshot","health":100.0,"seq":146.0}
PORT_NATIVE_TRACE {"ack":281,"actor_id":1,"controls":{"crouch":false,"fire":false,"interact":false,"jump":false,"mobility":false,"pitch":0.0,"reload":false,"sprint":false,"x":0.0,"yaw":0.231000006198883,"z":0.0},"event":"input_queue","monotonic_usec":6000455,"phase":3,"queue_result":0,"queued":true,"round":1,"schema":1,"sequence":428}
PORT_NATIVE_TRACE {"ack":281,"actor_id":1,"controls":{"crouch":false,"fire":false,"interact":false,"jump":false,"mobility":false,"pitch":0.0,"reload":false,"sprint":false,"x":0.0,"yaw":0.231000006198883,"z":0.0},"event":"input_queue","monotonic_usec":6014258,"phase":3,"queue_result":0,"queued":true,"round":1,"schema":1,"sequence":429}
PORT_NATIVE_TRACE {"ack":281,"actor_id":1,"controls":{"crouch":false,"fire":false,"interact":false,"jump":false,"mobility":false,"pitch":0.0,"reload":false,"sprint":false,"x":0.0,"yaw":0.231000006198883,"z":0.0},"event":"input_queue","monotonic_usec":6027777,"phase":3,"queue_result":0,"queued":true,"round":1,"schema":1,"sequence":430}
PORT_NATIVE_TRACE {"ack":283,"actor_id":1,"camera_position":[8.0,1.45000004768372,34.0],"camera_reseeded":false,"control_eligible":true,"dead":0.0,"event":"snapshot","focused":true,"health":100.0,"lifecycle":"alive","monotonic_usec":6028880,"phase":3,"pitch":0.0,"pointer_captured":false,"pose_present":true,"round":1,"schema":1,"sequence":431,"yaw":0.231000006198883}
CORRELATION_OBSERVE {"ack":283,"actor":1,"dead":0.0,"event":"snapshot","health":100.0,"seq":147.0}
PORT_NATIVE_TRACE {"ack":283,"actor_id":1,"controls":{"crouch":false,"fire":false,"interact":false,"jump":false,"mobility":false,"pitch":0.0,"reload":false,"sprint":false,"x":0.0,"yaw":0.231000006198883,"z":0.0},"event":"input_queue","monotonic_usec":6048609,"phase":3,"queue_result":0,"queued":true,"round":1,"schema":1,"sequence":432}
PORT_NATIVE_TRACE {"ack":285,"actor_id":1,"camera_position":[8.0,1.45000004768372,34.0],"camera_reseeded":false,"control_eligible":true,"dead":0.0,"event":"snapshot","focused":true,"health":100.0,"lifecycle":"alive","monotonic_usec":6056458,"phase":3,"pitch":0.0,"pointer_captured":false,"pose_present":true,"round":1,"schema":1,"sequence":433,"yaw":0.231000006198883}
CORRELATION_OBSERVE {"ack":285,"actor":1,"dead":0.0,"event":"snapshot","health":100.0,"seq":148.0}
PORT_NATIVE_TRACE {"ack":285,"actor_id":1,"controls":{"crouch":false,"fire":false,"interact":false,"jump":false,"mobility":false,"pitch":0.0,"reload":false,"sprint":false,"x":0.0,"yaw":0.231000006198883,"z":0.0},"event":"input_queue","monotonic_usec":6062416,"phase":3,"queue_result":0,"queued":true,"round":1,"schema":1,"sequence":434}
PORT_NATIVE_TRACE {"ack":285,"actor_id":1,"controls":{"crouch":false,"fire":false,"interact":false,"jump":false,"mobility":false,"pitch":0.0,"reload":false,"sprint":false,"x":0.0,"yaw":0.231000006198883,"z":0.0},"event":"input_queue","monotonic_usec":6083268,"phase":3,"queue_result":0,"queued":true,"round":1,"schema":1,"sequence":435}
PORT_NATIVE_TRACE {"ack":287,"actor_id":1,"camera_position":[8.0,1.45000004768372,34.0],"camera_reseeded":false,"control_eligible":true,"dead":0.0,"event":"snapshot","focused":true,"health":100.0,"lifecycle":"alive","monotonic_usec":6090629,"phase":3,"pitch":0.0,"pointer_captured":false,"pose_present":true,"round":1,"schema":1,"sequence":436,"yaw":0.231000006198883}
CORRELATION_OBSERVE {"ack":287,"actor":1,"dead":0.0,"event":"snapshot","health":100.0,"seq":149.0}
PORT_NATIVE_TRACE {"ack":287,"actor_id":1,"controls":{"crouch":false,"fire":false,"interact":false,"jump":false,"mobility":false,"pitch":0.0,"reload":false,"sprint":false,"x":0.0,"yaw":0.231000006198883,"z":0.0},"event":"input_queue","monotonic_usec":6096867,"phase":3,"queue_result":0,"queued":true,"round":1,"schema":1,"sequence":437}
GUEST_SAMPLE {"ack":287,"actor":1,"error":"","phase":3,"phase_seconds":0.0,"pose":true,"seconds":6.04135200000001,"snapshots":149,"starts":1}
PORT_NATIVE_TRACE {"ack":287,"actor_id":1,"controls":{"crouch":false,"fire":false,"interact":false,"jump":false,"mobility":false,"pitch":0.0,"reload":false,"sprint":false,"x":0.0,"yaw":0.231000006198883,"z":0.0},"event":"input_queue","monotonic_usec":6117410,"phase":3,"queue_result":0,"queued":true,"round":1,"schema":1,"sequence":438}
PORT_NATIVE_TRACE {"ack":289,"actor_id":1,"camera_position":[8.0,1.45000004768372,34.0],"camera_reseeded":false,"control_eligible":true,"dead":0.0,"event":"snapshot","focused":true,"health":100.0,"lifecycle":"alive","monotonic_usec":6125614,"phase":3,"pitch":0.0,"pointer_captured":false,"pose_present":true,"round":1,"schema":1,"sequence":439,"yaw":0.231000006198883}
CORRELATION_OBSERVE {"ack":289,"actor":1,"dead":0.0,"event":"snapshot","health":100.0,"seq":150.0}
PORT_NATIVE_TRACE {"ack":289,"actor_id":1,"controls":{"crouch":false,"fire":false,"interact":false,"jump":false,"mobility":false,"pitch":0.0,"reload":false,"sprint":false,"x":0.0,"yaw":0.231000006198883,"z":0.0},"event":"input_queue","monotonic_usec":6131602,"phase":3,"queue_result":0,"queued":true,"round":1,"schema":1,"sequence":440}
PORT_NATIVE_TRACE {"ack":289,"actor_id":1,"controls":{"crouch":false,"fire":false,"interact":false,"jump":false,"mobility":false,"pitch":0.0,"reload":false,"sprint":false,"x":0.0,"yaw":0.231000006198883,"z":0.0},"event":"input_queue","monotonic_usec":6145408,"phase":3,"queue_result":0,"queued":true,"round":1,"schema":1,"sequence":441}
PORT_NATIVE_TRACE {"ack":291,"actor_id":1,"camera_position":[8.0,1.45000004768372,34.0],"camera_reseeded":false,"control_eligible":true,"dead":0.0,"event":"snapshot","focused":true,"health":100.0,"lifecycle":"alive","monotonic_usec":6152717,"phase":3,"pitch":0.0,"pointer_captured":false,"pose_present":true,"round":1,"schema":1,"sequence":442,"yaw":0.231000006198883}
CORRELATION_OBSERVE {"ack":291,"actor":1,"dead":0.0,"event":"snapshot","health":100.0,"seq":151.0}
PORT_NATIVE_TRACE {"ack":291,"actor_id":1,"controls":{"crouch":false,"fire":false,"interact":false,"jump":false,"mobility":false,"pitch":0.0,"reload":false,"sprint":false,"x":0.0,"yaw":0.231000006198883,"z":0.0},"event":"input_queue","monotonic_usec":6165919,"phase":3,"queue_result":0,"queued":true,"round":1,"schema":1,"sequence":443}
PORT_NATIVE_TRACE {"ack":291,"actor_id":1,"controls":{"crouch":false,"fire":false,"interact":false,"jump":false,"mobility":false,"pitch":0.0,"reload":false,"sprint":false,"x":0.0,"yaw":0.231000006198883,"z":0.0},"event":"input_queue","monotonic_usec":6179514,"phase":3,"queue_result":0,"queued":true,"round":1,"schema":1,"sequence":444}
PORT_NATIVE_TRACE {"ack":293,"actor_id":1,"camera_position":[8.0,1.45000004768372,34.0],"camera_reseeded":false,"control_eligible":true,"dead":0.0,"event":"snapshot","focused":true,"health":100.0,"lifecycle":"alive","monotonic_usec":6186836,"phase":3,"pitch":0.0,"pointer_captured":false,"pose_present":true,"round":1,"schema":1,"sequence":445,"yaw":0.231000006198883}
CORRELATION_OBSERVE {"ack":293,"actor":1,"dead":0.0,"event":"snapshot","health":100.0,"seq":152.0}
PORT_NATIVE_TRACE {"ack":293,"actor_id":1,"controls":{"crouch":false,"fire":false,"interact":false,"jump":false,"mobility":false,"pitch":0.0,"reload":false,"sprint":false,"x":0.0,"yaw":0.231000006198883,"z":0.0},"event":"input_queue","monotonic_usec":6200305,"phase":3,"queue_result":0,"queued":true,"round":1,"schema":1,"sequence":446}
PORT_NATIVE_TRACE {"ack":293,"actor_id":1,"controls":{"crouch":false,"fire":false,"interact":false,"jump":false,"mobility":false,"pitch":0.0,"reload":false,"sprint":false,"x":0.0,"yaw":0.231000006198883,"z":0.0},"event":"input_queue","monotonic_usec":6214214,"phase":3,"queue_result":0,"queued":true,"round":1,"schema":1,"sequence":447}
PORT_NATIVE_TRACE {"ack":294,"actor_id":1,"camera_position":[8.0,1.45000004768372,34.0],"camera_reseeded":false,"control_eligible":true,"dead":0.0,"event":"snapshot","focused":true,"health":100.0,"lifecycle":"alive","monotonic_usec":6221615,"phase":3,"pitch":0.0,"pointer_captured":false,"pose_present":true,"round":1,"schema":1,"sequence":448,"yaw":0.231000006198883}
CORRELATION_OBSERVE {"ack":294,"actor":1,"dead":0.0,"event":"snapshot","health":100.0,"seq":153.0}
PORT_NATIVE_TRACE {"ack":294,"actor_id":1,"controls":{"crouch":false,"fire":false,"interact":false,"jump":false,"mobility":false,"pitch":0.0,"reload":false,"sprint":false,"x":0.0,"yaw":0.231000006198883,"z":0.0},"event":"input_queue","monotonic_usec":6228522,"phase":3,"queue_result":0,"queued":true,"round":1,"schema":1,"sequence":449}
PORT_NATIVE_TRACE {"ack":294,"actor_id":1,"controls":{"crouch":false,"fire":false,"interact":false,"jump":false,"mobility":false,"pitch":0.0,"reload":false,"sprint":false,"x":0.0,"yaw":0.231000006198883,"z":0.0},"event":"input_queue","monotonic_usec":6248634,"phase":3,"queue_result":0,"queued":true,"round":1,"schema":1,"sequence":450}
PORT_NATIVE_TRACE {"ack":296,"actor_id":1,"camera_position":[8.0,1.45000004768372,34.0],"camera_reseeded":false,"control_eligible":true,"dead":0.0,"event":"snapshot","focused":true,"health":100.0,"lifecycle":"alive","monotonic_usec":6249562,"phase":3,"pitch":0.0,"pointer_captured":false,"pose_present":true,"round":1,"schema":1,"sequence":451,"yaw":0.231000006198883}
CORRELATION_OBSERVE {"ack":296,"actor":1,"dead":0.0,"event":"snapshot","health":100.0,"seq":154.0}
PORT_NATIVE_TRACE {"ack":296,"actor_id":1,"controls":{"crouch":false,"fire":false,"interact":false,"jump":false,"mobility":false,"pitch":0.0,"reload":false,"sprint":false,"x":0.0,"yaw":0.231000006198883,"z":0.0},"event":"input_queue","monotonic_usec":6262430,"phase":3,"queue_result":0,"queued":true,"round":1,"schema":1,"sequence":452}
PORT_NATIVE_TRACE {"ack":296,"actor_id":1,"controls":{"crouch":false,"fire":false,"interact":false,"jump":false,"mobility":false,"pitch":0.0,"reload":false,"sprint":false,"x":0.0,"yaw":0.231000006198883,"z":0.0},"event":"input_queue","monotonic_usec":6283157,"phase":3,"queue_result":0,"queued":true,"round":1,"schema":1,"sequence":453}
PORT_NATIVE_TRACE {"ack":298,"actor_id":1,"camera_position":[8.0,1.45000004768372,34.0],"camera_reseeded":false,"control_eligible":true,"dead":0.0,"event":"snapshot","focused":true,"health":100.0,"lifecycle":"alive","monotonic_usec":6284134,"phase":3,"pitch":0.0,"pointer_captured":false,"pose_present":true,"round":1,"schema":1,"sequence":454,"yaw":0.231000006198883}
CORRELATION_OBSERVE {"ack":298,"actor":1,"dead":0.0,"event":"snapshot","health":100.0,"seq":155.0}
PORT_NATIVE_TRACE {"ack":298,"actor_id":1,"controls":{"crouch":false,"fire":false,"interact":false,"jump":false,"mobility":false,"pitch":0.0,"reload":false,"sprint":false,"x":0.0,"yaw":0.231000006198883,"z":0.0},"event":"input_queue","monotonic_usec":6296885,"phase":3,"queue_result":0,"queued":true,"round":1,"schema":1,"sequence":455}
PORT_NATIVE_TRACE {"ack":298,"actor_id":1,"controls":{"crouch":false,"fire":false,"interact":false,"jump":false,"mobility":false,"pitch":0.0,"reload":false,"sprint":false,"x":0.0,"yaw":0.231000006198883,"z":0.0},"event":"input_queue","monotonic_usec":6317510,"phase":3,"queue_result":0,"queued":true,"round":1,"schema":1,"sequence":456}
PORT_NATIVE_TRACE {"ack":300,"actor_id":1,"camera_position":[8.0,1.45000004768372,34.0],"camera_reseeded":false,"control_eligible":true,"dead":0.0,"event":"snapshot","focused":true,"health":100.0,"lifecycle":"alive","monotonic_usec":6317874,"phase":3,"pitch":0.0,"pointer_captured":false,"pose_present":true,"round":1,"schema":1,"sequence":457,"yaw":0.231000006198883}
CORRELATION_OBSERVE {"ack":300,"actor":1,"dead":0.0,"event":"snapshot","health":100.0,"seq":156.0}
PORT_NATIVE_TRACE {"ack":300,"actor_id":1,"controls":{"crouch":false,"fire":false,"interact":false,"jump":false,"mobility":false,"pitch":0.0,"reload":false,"sprint":false,"x":0.0,"yaw":0.231000006198883,"z":0.0},"event":"input_queue","monotonic_usec":6331349,"phase":3,"queue_result":0,"queued":true,"round":1,"schema":1,"sequence":458}
PORT_NATIVE_TRACE {"ack":300,"actor_id":1,"controls":{"crouch":false,"fire":false,"interact":false,"jump":false,"mobility":false,"pitch":0.0,"reload":false,"sprint":false,"x":0.0,"yaw":0.231000006198883,"z":0.0},"event":"input_queue","monotonic_usec":6345318,"phase":3,"queue_result":0,"queued":true,"round":1,"schema":1,"sequence":459}
PORT_NATIVE_TRACE {"ack":302,"actor_id":1,"camera_position":[8.0,1.45000004768372,34.0],"camera_reseeded":false,"control_eligible":true,"dead":0.0,"event":"snapshot","focused":true,"health":100.0,"lifecycle":"alive","monotonic_usec":6346312,"phase":3,"pitch":0.0,"pointer_captured":false,"pose_present":true,"round":1,"schema":1,"sequence":460,"yaw":0.231000006198883}
CORRELATION_OBSERVE {"ack":302,"actor":1,"dead":0.0,"event":"snapshot","health":100.0,"seq":157.0}
PORT_NATIVE_TRACE {"ack":302,"actor_id":1,"controls":{"crouch":false,"fire":false,"interact":false,"jump":false,"mobility":false,"pitch":0.0,"reload":false,"sprint":false,"x":0.0,"yaw":0.231000006198883,"z":0.0},"event":"input_queue","monotonic_usec":6365910,"phase":3,"queue_result":0,"queued":true,"round":1,"schema":1,"sequence":461}
PORT_NATIVE_TRACE {"ack":302,"actor_id":1,"controls":{"crouch":false,"fire":false,"interact":false,"jump":false,"mobility":false,"pitch":0.0,"reload":false,"sprint":false,"x":0.0,"yaw":0.231000006198883,"z":0.0},"event":"input_queue","monotonic_usec":6380349,"phase":3,"queue_result":0,"queued":true,"round":1,"schema":1,"sequence":462}
PORT_NATIVE_TRACE {"ack":304,"actor_id":1,"camera_position":[8.0,1.45000004768372,34.0],"camera_reseeded":false,"control_eligible":true,"dead":0.0,"event":"snapshot","focused":true,"health":100.0,"lifecycle":"alive","monotonic_usec":6381156,"phase":3,"pitch":0.0,"pointer_captured":false,"pose_present":true,"round":1,"schema":1,"sequence":463,"yaw":0.231000006198883}
CORRELATION_OBSERVE {"ack":304,"actor":1,"dead":0.0,"event":"snapshot","health":100.0,"seq":158.0}
PORT_NATIVE_TRACE {"ack":304,"actor_id":1,"controls":{"crouch":false,"fire":false,"interact":false,"jump":false,"mobility":false,"pitch":0.0,"reload":false,"sprint":false,"x":0.0,"yaw":0.231000006198883,"z":0.0},"event":"input_queue","monotonic_usec":6400311,"phase":3,"queue_result":0,"queued":true,"round":1,"schema":1,"sequence":464}
PORT_NATIVE_TRACE {"ack":304,"actor_id":1,"controls":{"crouch":false,"fire":false,"interact":false,"jump":false,"mobility":false,"pitch":0.0,"reload":false,"sprint":false,"x":0.0,"yaw":0.231000006198883,"z":0.0},"event":"input_queue","monotonic_usec":6414330,"phase":3,"queue_result":0,"queued":true,"round":1,"schema":1,"sequence":465}
PORT_NATIVE_TRACE {"ack":306,"actor_id":1,"camera_position":[8.0,1.45000004768372,34.0],"camera_reseeded":false,"control_eligible":true,"dead":0.0,"event":"snapshot","focused":true,"health":100.0,"lifecycle":"alive","monotonic_usec":6415394,"phase":3,"pitch":0.0,"pointer_captured":false,"pose_present":true,"round":1,"schema":1,"sequence":466,"yaw":0.231000006198883}
CORRELATION_OBSERVE {"ack":306,"actor":1,"dead":0.0,"event":"snapshot","health":100.0,"seq":159.0}
PORT_NATIVE_TRACE {"ack":306,"actor_id":1,"controls":{"crouch":false,"fire":false,"interact":false,"jump":false,"mobility":false,"pitch":0.0,"reload":false,"sprint":false,"x":0.0,"yaw":0.231000006198883,"z":0.0},"event":"input_queue","monotonic_usec":6428647,"phase":3,"queue_result":0,"queued":true,"round":1,"schema":1,"sequence":467}
PORT_NATIVE_TRACE {"ack":308,"actor_id":1,"camera_position":[8.0,1.45000004768372,34.0],"camera_reseeded":false,"control_eligible":true,"dead":0.0,"event":"snapshot","focused":true,"health":100.0,"lifecycle":"alive","monotonic_usec":6442717,"phase":3,"pitch":0.0,"pointer_captured":false,"pose_present":true,"round":1,"schema":1,"sequence":468,"yaw":0.231000006198883}
CORRELATION_OBSERVE {"ack":308,"actor":1,"dead":0.0,"event":"snapshot","health":100.0,"seq":160.0}
PORT_NATIVE_TRACE {"ack":308,"actor_id":1,"controls":{"crouch":false,"fire":false,"interact":false,"jump":false,"mobility":false,"pitch":0.0,"reload":false,"sprint":false,"x":0.0,"yaw":0.231000006198883,"z":0.0},"event":"input_queue","monotonic_usec":6448937,"phase":3,"queue_result":0,"queued":true,"round":1,"schema":1,"sequence":469}
PORT_NATIVE_TRACE {"ack":308,"actor_id":1,"controls":{"crouch":false,"fire":false,"interact":false,"jump":false,"mobility":false,"pitch":0.0,"reload":false,"sprint":false,"x":0.0,"yaw":0.231000006198883,"z":0.0},"event":"input_queue","monotonic_usec":6462410,"phase":3,"queue_result":0,"queued":true,"round":1,"schema":1,"sequence":470}
PORT_NATIVE_TRACE {"ack":310,"actor_id":1,"camera_position":[8.0,1.45000004768372,34.0],"camera_reseeded":false,"control_eligible":true,"dead":0.0,"event":"snapshot","focused":true,"health":100.0,"lifecycle":"alive","monotonic_usec":6477173,"phase":3,"pitch":0.0,"pointer_captured":false,"pose_present":true,"round":1,"schema":1,"sequence":471,"yaw":0.231000006198883}
CORRELATION_OBSERVE {"ack":310,"actor":1,"dead":0.0,"event":"snapshot","health":100.0,"seq":161.0}
PORT_NATIVE_TRACE {"ack":310,"actor_id":1,"controls":{"crouch":false,"fire":false,"interact":false,"jump":false,"mobility":false,"pitch":0.0,"reload":false,"sprint":false,"x":0.0,"yaw":0.231000006198883,"z":0.0},"event":"input_queue","monotonic_usec":6483196,"phase":3,"queue_result":0,"queued":true,"round":1,"schema":1,"sequence":472}
PORT_NATIVE_TRACE {"ack":310,"actor_id":1,"controls":{"crouch":false,"fire":false,"interact":false,"jump":false,"mobility":false,"pitch":0.0,"reload":false,"sprint":false,"x":0.0,"yaw":0.231000006198883,"z":0.0},"event":"input_queue","monotonic_usec":6497133,"phase":3,"queue_result":0,"queued":true,"round":1,"schema":1,"sequence":473}
PORT_NATIVE_TRACE {"ack":312,"actor_id":1,"camera_position":[8.0,1.45000004768372,34.0],"camera_reseeded":false,"control_eligible":true,"dead":0.0,"event":"snapshot","focused":true,"health":100.0,"lifecycle":"alive","monotonic_usec":6512008,"phase":3,"pitch":0.0,"pointer_captured":false,"pose_present":true,"round":1,"schema":1,"sequence":474,"yaw":0.231000006198883}
CORRELATION_OBSERVE {"ack":312,"actor":1,"dead":0.0,"event":"snapshot","health":100.0,"seq":162.0}
PORT_NATIVE_TRACE {"ack":312,"actor_id":1,"controls":{"crouch":false,"fire":false,"interact":false,"jump":false,"mobility":false,"pitch":0.0,"reload":false,"sprint":false,"x":0.0,"yaw":0.231000006198883,"z":0.0},"event":"input_queue","monotonic_usec":6517943,"phase":3,"queue_result":0,"queued":true,"round":1,"schema":1,"sequence":475}
PORT_NATIVE_TRACE {"ack":312,"actor_id":1,"controls":{"crouch":false,"fire":false,"interact":false,"jump":false,"mobility":false,"pitch":0.0,"reload":false,"sprint":false,"x":0.0,"yaw":0.231000006198883,"z":0.0},"event":"input_queue","monotonic_usec":6531738,"phase":3,"queue_result":0,"queued":true,"round":1,"schema":1,"sequence":476}
PORT_NATIVE_TRACE {"ack":314,"actor_id":1,"camera_position":[8.0,1.45000004768372,34.0],"camera_reseeded":false,"control_eligible":true,"dead":0.0,"event":"snapshot","focused":true,"health":100.0,"lifecycle":"alive","monotonic_usec":6539208,"phase":3,"pitch":0.0,"pointer_captured":false,"pose_present":true,"round":1,"schema":1,"sequence":477,"yaw":0.231000006198883}
CORRELATION_OBSERVE {"ack":314,"actor":1,"dead":0.0,"event":"snapshot","health":100.0,"seq":163.0}
PORT_NATIVE_TRACE {"ack":314,"actor_id":1,"controls":{"crouch":false,"fire":false,"interact":false,"jump":false,"mobility":false,"pitch":0.0,"reload":false,"sprint":false,"x":0.0,"yaw":0.231000006198883,"z":0.0},"event":"input_queue","monotonic_usec":6545989,"phase":3,"queue_result":0,"queued":true,"round":1,"schema":1,"sequence":478}
PORT_NATIVE_TRACE {"ack":314,"actor_id":1,"controls":{"crouch":false,"fire":false,"interact":false,"jump":false,"mobility":false,"pitch":0.0,"reload":false,"sprint":false,"x":0.0,"yaw":0.231000006198883,"z":0.0},"event":"input_queue","monotonic_usec":6565911,"phase":3,"queue_result":0,"queued":true,"round":1,"schema":1,"sequence":479}
PORT_NATIVE_TRACE {"ack":316,"actor_id":1,"camera_position":[8.0,1.45000004768372,34.0],"camera_reseeded":false,"control_eligible":true,"dead":0.0,"event":"snapshot","focused":true,"health":100.0,"lifecycle":"alive","monotonic_usec":6573209,"phase":3,"pitch":0.0,"pointer_captured":false,"pose_present":true,"round":1,"schema":1,"sequence":480,"yaw":0.231000006198883}
CORRELATION_OBSERVE {"ack":316,"actor":1,"dead":0.0,"event":"snapshot","health":100.0,"seq":164.0}
PORT_NATIVE_TRACE {"ack":316,"actor_id":1,"controls":{"crouch":false,"fire":false,"interact":false,"jump":false,"mobility":false,"pitch":0.0,"reload":false,"sprint":false,"x":0.0,"yaw":0.231000006198883,"z":0.0},"event":"input_queue","monotonic_usec":6579789,"phase":3,"queue_result":0,"queued":true,"round":1,"schema":1,"sequence":481}
PORT_NATIVE_TRACE {"ack":316,"actor_id":1,"controls":{"crouch":false,"fire":false,"interact":false,"jump":false,"mobility":false,"pitch":0.0,"reload":false,"sprint":false,"x":0.0,"yaw":0.231000006198883,"z":0.0},"event":"input_queue","monotonic_usec":6600700,"phase":3,"queue_result":0,"queued":true,"round":1,"schema":1,"sequence":482}
PORT_NATIVE_TRACE {"ack":317,"actor_id":1,"camera_position":[8.0,1.45000004768372,34.0],"camera_reseeded":false,"control_eligible":true,"dead":0.0,"event":"snapshot","focused":true,"health":100.0,"lifecycle":"alive","monotonic_usec":6608267,"phase":3,"pitch":0.0,"pointer_captured":false,"pose_present":true,"round":1,"schema":1,"sequence":483,"yaw":0.231000006198883}
CORRELATION_OBSERVE {"ack":317,"actor":1,"dead":0.0,"event":"snapshot","health":100.0,"seq":165.0}
GUEST_SAMPLE {"ack":317,"actor":1,"error":"","phase":3,"phase_seconds":0.0,"pose":true,"seconds":6.54506300000001,"snapshots":165,"starts":1}
PORT_NATIVE_TRACE {"ack":317,"actor_id":1,"controls":{"crouch":false,"fire":false,"interact":false,"jump":false,"mobility":false,"pitch":0.0,"reload":false,"sprint":false,"x":0.0,"yaw":0.231000006198883,"z":0.0},"event":"input_queue","monotonic_usec":6614384,"phase":3,"queue_result":0,"queued":true,"round":1,"schema":1,"sequence":484}
PORT_NATIVE_TRACE {"ack":317,"actor_id":1,"controls":{"crouch":false,"fire":false,"interact":false,"jump":false,"mobility":false,"pitch":0.0,"reload":false,"sprint":false,"x":0.0,"yaw":0.231000006198883,"z":0.0},"event":"input_queue","monotonic_usec":6628086,"phase":3,"queue_result":0,"queued":true,"round":1,"schema":1,"sequence":485}
PORT_NATIVE_TRACE {"ack":320,"actor_id":1,"camera_position":[8.0,1.45000004768372,34.0],"camera_reseeded":false,"control_eligible":true,"dead":0.0,"event":"snapshot","focused":true,"health":100.0,"lifecycle":"alive","monotonic_usec":6635305,"phase":3,"pitch":0.0,"pointer_captured":false,"pose_present":true,"round":1,"schema":1,"sequence":486,"yaw":0.231000006198883}
CORRELATION_OBSERVE {"ack":320,"actor":1,"dead":0.0,"event":"snapshot","health":100.0,"seq":166.0}
PORT_NATIVE_TRACE {"ack":320,"actor_id":1,"controls":{"crouch":false,"fire":false,"interact":false,"jump":false,"mobility":false,"pitch":0.0,"reload":false,"sprint":false,"x":0.0,"yaw":0.231000006198883,"z":0.0},"event":"input_queue","monotonic_usec":6648704,"phase":3,"queue_result":0,"queued":true,"round":1,"schema":1,"sequence":487}
PORT_NATIVE_TRACE {"ack":320,"actor_id":1,"controls":{"crouch":false,"fire":false,"interact":false,"jump":false,"mobility":false,"pitch":0.0,"reload":false,"sprint":false,"x":0.0,"yaw":0.231000006198883,"z":0.0},"event":"input_queue","monotonic_usec":6662572,"phase":3,"queue_result":0,"queued":true,"round":1,"schema":1,"sequence":488}
PORT_NATIVE_TRACE {"ack":322,"actor_id":1,"camera_position":[8.0,1.45000004768372,34.0],"camera_reseeded":false,"control_eligible":true,"dead":0.0,"event":"snapshot","focused":true,"health":100.0,"lifecycle":"alive","monotonic_usec":6670279,"phase":3,"pitch":0.0,"pointer_captured":false,"pose_present":true,"round":1,"schema":1,"sequence":489,"yaw":0.231000006198883}
CORRELATION_OBSERVE {"ack":322,"actor":1,"dead":0.0,"event":"snapshot","health":100.0,"seq":167.0}
PORT_NATIVE_TRACE {"ack":322,"actor_id":1,"controls":{"crouch":false,"fire":false,"interact":false,"jump":false,"mobility":false,"pitch":0.0,"reload":false,"sprint":false,"x":0.0,"yaw":0.231000006198883,"z":0.0},"event":"input_queue","monotonic_usec":6683379,"phase":3,"queue_result":0,"queued":true,"round":1,"schema":1,"sequence":490}
PORT_NATIVE_TRACE {"ack":322,"actor_id":1,"controls":{"crouch":false,"fire":false,"interact":false,"jump":false,"mobility":false,"pitch":0.0,"reload":false,"sprint":false,"x":0.0,"yaw":0.231000006198883,"z":0.0},"event":"input_queue","monotonic_usec":6697125,"phase":3,"queue_result":0,"queued":true,"round":1,"schema":1,"sequence":491}
PORT_NATIVE_TRACE {"ack":323,"actor_id":1,"camera_position":[8.0,1.45000004768372,34.0],"camera_reseeded":false,"control_eligible":true,"dead":0.0,"event":"snapshot","focused":true,"health":100.0,"lifecycle":"alive","monotonic_usec":6704745,"phase":3,"pitch":0.0,"pointer_captured":false,"pose_present":true,"round":1,"schema":1,"sequence":492,"yaw":0.231000006198883}
CORRELATION_OBSERVE {"ack":323,"actor":1,"dead":0.0,"event":"snapshot","health":100.0,"seq":168.0}
PORT_NATIVE_TRACE {"ack":323,"actor_id":1,"controls":{"crouch":false,"fire":false,"interact":false,"jump":false,"mobility":false,"pitch":0.0,"reload":false,"sprint":false,"x":0.0,"yaw":0.231000006198883,"z":0.0},"event":"input_queue","monotonic_usec":6717807,"phase":3,"queue_result":0,"queued":true,"round":1,"schema":1,"sequence":493}
PORT_NATIVE_TRACE {"ack":323,"actor_id":1,"controls":{"crouch":false,"fire":false,"interact":false,"jump":false,"mobility":false,"pitch":0.0,"reload":false,"sprint":false,"x":0.0,"yaw":0.231000006198883,"z":0.0},"event":"input_queue","monotonic_usec":6731640,"phase":3,"queue_result":0,"queued":true,"round":1,"schema":1,"sequence":494}
PORT_NATIVE_TRACE {"ack":325,"actor_id":1,"camera_position":[8.0,1.45000004768372,34.0],"camera_reseeded":false,"control_eligible":true,"dead":0.0,"event":"snapshot","focused":true,"health":100.0,"lifecycle":"alive","monotonic_usec":6732544,"phase":3,"pitch":0.0,"pointer_captured":false,"pose_present":true,"round":1,"schema":1,"sequence":495,"yaw":0.231000006198883}
CORRELATION_OBSERVE {"ack":325,"actor":1,"dead":0.0,"event":"snapshot","health":100.0,"seq":169.0}
PORT_NATIVE_TRACE {"ack":325,"actor_id":1,"controls":{"crouch":false,"fire":false,"interact":false,"jump":false,"mobility":false,"pitch":0.0,"reload":false,"sprint":false,"x":0.0,"yaw":0.231000006198883,"z":0.0},"event":"input_queue","monotonic_usec":6745405,"phase":3,"queue_result":0,"queued":true,"round":1,"schema":1,"sequence":496}
PORT_NATIVE_TRACE {"ack":325,"actor_id":1,"controls":{"crouch":false,"fire":false,"interact":false,"jump":false,"mobility":false,"pitch":0.0,"reload":false,"sprint":false,"x":0.0,"yaw":0.231000006198883,"z":0.0},"event":"input_queue","monotonic_usec":6766132,"phase":3,"queue_result":0,"queued":true,"round":1,"schema":1,"sequence":497}
PORT_NATIVE_TRACE {"ack":327,"actor_id":1,"camera_position":[8.0,1.45000004768372,34.0],"camera_reseeded":false,"control_eligible":true,"dead":0.0,"event":"snapshot","focused":true,"health":100.0,"lifecycle":"alive","monotonic_usec":6767182,"phase":3,"pitch":0.0,"pointer_captured":false,"pose_present":true,"round":1,"schema":1,"sequence":498,"yaw":0.231000006198883}
CORRELATION_OBSERVE {"ack":327,"actor":1,"dead":0.0,"event":"snapshot","health":100.0,"seq":170.0}
PORT_NATIVE_TRACE {"ack":327,"actor_id":1,"controls":{"crouch":false,"fire":false,"interact":false,"jump":false,"mobility":false,"pitch":0.0,"reload":false,"sprint":false,"x":0.0,"yaw":0.231000006198883,"z":0.0},"event":"input_queue","monotonic_usec":6779889,"phase":3,"queue_result":0,"queued":true,"round":1,"schema":1,"sequence":499}
PORT_NATIVE_TRACE {"ack":327,"actor_id":1,"controls":{"crouch":false,"fire":false,"interact":false,"jump":false,"mobility":false,"pitch":0.0,"reload":false,"sprint":false,"x":0.0,"yaw":0.231000006198883,"z":0.0},"event":"input_queue","monotonic_usec":6800603,"phase":3,"queue_result":0,"queued":true,"round":1,"schema":1,"sequence":500}
PORT_NATIVE_TRACE {"ack":329,"actor_id":1,"camera_position":[8.0,1.45000004768372,34.0],"camera_reseeded":false,"control_eligible":true,"dead":0.0,"event":"snapshot","focused":true,"health":100.0,"lifecycle":"alive","monotonic_usec":6801411,"phase":3,"pitch":0.0,"pointer_captured":false,"pose_present":true,"round":1,"schema":1,"sequence":501,"yaw":0.231000006198883}
CORRELATION_OBSERVE {"ack":329,"actor":1,"dead":0.0,"event":"snapshot","health":100.0,"seq":171.0}
PORT_NATIVE_TRACE {"ack":329,"actor_id":1,"controls":{"crouch":false,"fire":false,"interact":false,"jump":false,"mobility":false,"pitch":0.0,"reload":false,"sprint":false,"x":0.0,"yaw":0.231000006198883,"z":0.0},"event":"input_queue","monotonic_usec":6814685,"phase":3,"queue_result":0,"queued":true,"round":1,"schema":1,"sequence":502}
PORT_NATIVE_TRACE {"ack":329,"actor_id":1,"controls":{"crouch":false,"fire":false,"interact":false,"jump":false,"mobility":false,"pitch":0.0,"reload":false,"sprint":false,"x":0.0,"yaw":0.231000006198883,"z":0.0},"event":"input_queue","monotonic_usec":6828123,"phase":3,"queue_result":0,"queued":true,"round":1,"schema":1,"sequence":503}
PORT_NATIVE_TRACE {"ack":331,"actor_id":1,"camera_position":[8.0,1.45000004768372,34.0],"camera_reseeded":false,"control_eligible":true,"dead":0.0,"event":"snapshot","focused":true,"health":100.0,"lifecycle":"alive","monotonic_usec":6828618,"phase":3,"pitch":0.0,"pointer_captured":false,"pose_present":true,"round":1,"schema":1,"sequence":504,"yaw":0.231000006198883}
CORRELATION_OBSERVE {"ack":331,"actor":1,"dead":0.0,"event":"snapshot","health":100.0,"seq":172.0}
PORT_NATIVE_TRACE {"ack":331,"actor_id":1,"controls":{"crouch":false,"fire":false,"interact":false,"jump":false,"mobility":false,"pitch":0.0,"reload":false,"sprint":false,"x":0.0,"yaw":0.231000006198883,"z":0.0},"event":"input_queue","monotonic_usec":6849446,"phase":3,"queue_result":0,"queued":true,"round":1,"schema":1,"sequence":505}
PORT_NATIVE_TRACE {"ack":331,"actor_id":1,"controls":{"crouch":false,"fire":false,"interact":false,"jump":false,"mobility":false,"pitch":0.0,"reload":false,"sprint":false,"x":0.0,"yaw":0.231000006198883,"z":0.0},"event":"input_queue","monotonic_usec":6862887,"phase":3,"queue_result":0,"queued":true,"round":1,"schema":1,"sequence":506}
PORT_NATIVE_TRACE {"ack":333,"actor_id":1,"camera_position":[8.0,1.45000004768372,34.0],"camera_reseeded":false,"control_eligible":true,"dead":0.0,"event":"snapshot","focused":true,"health":100.0,"lifecycle":"alive","monotonic_usec":6863817,"phase":3,"pitch":0.0,"pointer_captured":false,"pose_present":true,"round":1,"schema":1,"sequence":507,"yaw":0.231000006198883}
CORRELATION_OBSERVE {"ack":333,"actor":1,"dead":0.0,"event":"snapshot","health":100.0,"seq":173.0}
PORT_NATIVE_TRACE {"ack":333,"actor_id":1,"controls":{"crouch":false,"fire":false,"interact":false,"jump":false,"mobility":false,"pitch":0.0,"reload":false,"sprint":false,"x":0.0,"yaw":0.231000006198883,"z":0.0},"event":"input_queue","monotonic_usec":6884047,"phase":3,"queue_result":0,"queued":true,"round":1,"schema":1,"sequence":508}
PORT_NATIVE_TRACE {"ack":333,"actor_id":1,"controls":{"crouch":false,"fire":false,"interact":false,"jump":false,"mobility":false,"pitch":0.0,"reload":false,"sprint":false,"x":0.0,"yaw":0.231000006198883,"z":0.0},"event":"input_queue","monotonic_usec":6897287,"phase":3,"queue_result":0,"queued":true,"round":1,"schema":1,"sequence":509}
PORT_NATIVE_TRACE {"ack":335,"actor_id":1,"camera_position":[8.0,1.45000004768372,34.0],"camera_reseeded":false,"control_eligible":true,"dead":0.0,"event":"snapshot","focused":true,"health":100.0,"lifecycle":"alive","monotonic_usec":6898400,"phase":3,"pitch":0.0,"pointer_captured":false,"pose_present":true,"round":1,"schema":1,"sequence":510,"yaw":0.231000006198883}
CORRELATION_OBSERVE {"ack":335,"actor":1,"dead":0.0,"event":"snapshot","health":100.0,"seq":174.0}
PORT_NATIVE_TRACE {"ack":335,"actor_id":1,"controls":{"crouch":false,"fire":false,"interact":false,"jump":false,"mobility":false,"pitch":0.0,"reload":false,"sprint":false,"x":0.0,"yaw":0.231000006198883,"z":0.0},"event":"input_queue","monotonic_usec":6918172,"phase":3,"queue_result":0,"queued":true,"round":1,"schema":1,"sequence":511}
PORT_NATIVE_TRACE {"ack":337,"actor_id":1,"camera_position":[8.0,1.45000004768372,34.0],"camera_reseeded":false,"control_eligible":true,"dead":0.0,"event":"snapshot","focused":true,"health":100.0,"lifecycle":"alive","monotonic_usec":6925555,"phase":3,"pitch":0.0,"pointer_captured":false,"pose_present":true,"round":1,"schema":1,"sequence":512,"yaw":0.231000006198883}
CORRELATION_OBSERVE {"ack":337,"actor":1,"dead":0.0,"event":"snapshot","health":100.0,"seq":175.0}
PORT_NATIVE_TRACE {"ack":337,"actor_id":1,"controls":{"crouch":false,"fire":false,"interact":false,"jump":false,"mobility":false,"pitch":0.0,"reload":false,"sprint":false,"x":0.0,"yaw":0.231000006198883,"z":0.0},"event":"input_queue","monotonic_usec":6931954,"phase":3,"queue_result":0,"queued":true,"round":1,"schema":1,"sequence":513}
PORT_NATIVE_TRACE {"ack":337,"actor_id":1,"controls":{"crouch":false,"fire":false,"interact":false,"jump":false,"mobility":false,"pitch":0.0,"reload":false,"sprint":false,"x":0.0,"yaw":0.231000006198883,"z":0.0},"event":"input_queue","monotonic_usec":6945774,"phase":3,"queue_result":0,"queued":true,"round":1,"schema":1,"sequence":514}
PORT_NATIVE_TRACE {"ack":339,"actor_id":1,"camera_position":[8.0,1.45000004768372,34.0],"camera_reseeded":false,"control_eligible":true,"dead":0.0,"event":"snapshot","focused":true,"health":100.0,"lifecycle":"alive","monotonic_usec":6959935,"phase":3,"pitch":0.0,"pointer_captured":false,"pose_present":true,"round":1,"schema":1,"sequence":515,"yaw":0.231000006198883}
CORRELATION_OBSERVE {"ack":339,"actor":1,"dead":0.0,"event":"snapshot","health":100.0,"seq":176.0}
PORT_NATIVE_TRACE {"ack":339,"actor_id":1,"controls":{"crouch":false,"fire":false,"interact":false,"jump":false,"mobility":false,"pitch":0.0,"reload":false,"sprint":false,"x":0.0,"yaw":0.231000006198883,"z":0.0},"event":"input_queue","monotonic_usec":6966158,"phase":3,"queue_result":0,"queued":true,"round":1,"schema":1,"sequence":516}
PORT_NATIVE_TRACE {"ack":339,"actor_id":1,"controls":{"crouch":false,"fire":false,"interact":false,"jump":false,"mobility":false,"pitch":0.0,"reload":false,"sprint":false,"x":0.0,"yaw":0.231000006198883,"z":0.0},"event":"input_queue","monotonic_usec":6979989,"phase":3,"queue_result":0,"queued":true,"round":1,"schema":1,"sequence":517}
PORT_NATIVE_TRACE {"ack":341,"actor_id":1,"camera_position":[8.0,1.45000004768372,34.0],"camera_reseeded":false,"control_eligible":true,"dead":0.0,"event":"snapshot","focused":true,"health":100.0,"lifecycle":"alive","monotonic_usec":6994337,"phase":3,"pitch":0.0,"pointer_captured":false,"pose_present":true,"round":1,"schema":1,"sequence":518,"yaw":0.231000006198883}
CORRELATION_OBSERVE {"ack":341,"actor":1,"dead":0.0,"event":"snapshot","health":100.0,"seq":177.0}
PORT_NATIVE_TRACE {"ack":341,"actor_id":1,"controls":{"crouch":false,"fire":false,"interact":false,"jump":false,"mobility":false,"pitch":0.0,"reload":false,"sprint":false,"x":0.0,"yaw":0.231000006198883,"z":0.0},"event":"input_queue","monotonic_usec":7000933,"phase":3,"queue_result":0,"queued":true,"round":1,"schema":1,"sequence":519}
PORT_NATIVE_TRACE {"ack":341,"actor_id":1,"controls":{"crouch":false,"fire":false,"interact":false,"jump":false,"mobility":false,"pitch":0.0,"reload":false,"sprint":false,"x":0.0,"yaw":0.231000006198883,"z":0.0},"event":"input_queue","monotonic_usec":7015250,"phase":3,"queue_result":0,"queued":true,"round":1,"schema":1,"sequence":520}
PORT_NATIVE_TRACE {"ack":341,"actor_id":1,"controls":{"crouch":false,"fire":false,"interact":false,"jump":false,"mobility":false,"pitch":0.0,"reload":false,"sprint":false,"x":0.0,"yaw":0.231000006198883,"z":0.0},"event":"input_queue","monotonic_usec":7028403,"phase":3,"queue_result":0,"queued":true,"round":1,"schema":1,"sequence":521}
PORT_NATIVE_TRACE {"ack":343,"actor_id":1,"camera_position":[8.0,1.45000004768372,34.0],"camera_reseeded":false,"control_eligible":true,"dead":0.0,"event":"snapshot","focused":true,"health":100.0,"lifecycle":"alive","monotonic_usec":7029413,"phase":3,"pitch":0.0,"pointer_captured":false,"pose_present":true,"round":1,"schema":1,"sequence":522,"yaw":0.231000006198883}
CORRELATION_OBSERVE {"ack":343,"actor":1,"dead":0.0,"event":"snapshot","health":100.0,"seq":178.0}
PORT_NATIVE_TRACE {"ack":343,"actor_id":1,"controls":{"crouch":false,"fire":false,"interact":false,"jump":false,"mobility":false,"pitch":0.0,"reload":false,"sprint":false,"x":0.0,"yaw":0.231000006198883,"z":0.0},"event":"input_queue","monotonic_usec":7049710,"phase":3,"queue_result":0,"queued":true,"round":1,"schema":1,"sequence":523}
PORT_NATIVE_TRACE {"ack":345,"actor_id":1,"camera_position":[8.0,1.45000004768372,34.0],"camera_reseeded":false,"control_eligible":true,"dead":0.0,"event":"snapshot","focused":true,"health":100.0,"lifecycle":"alive","monotonic_usec":7056935,"phase":3,"pitch":0.0,"pointer_captured":false,"pose_present":true,"round":1,"schema":1,"sequence":524,"yaw":0.231000006198883}
CORRELATION_OBSERVE {"ack":345,"actor":1,"dead":0.0,"event":"snapshot","health":100.0,"seq":179.0}
PORT_NATIVE_TRACE {"ack":345,"actor_id":1,"controls":{"crouch":false,"fire":false,"interact":false,"jump":false,"mobility":false,"pitch":0.0,"reload":false,"sprint":false,"x":0.0,"yaw":0.231000006198883,"z":0.0},"event":"input_queue","monotonic_usec":7063136,"phase":3,"queue_result":0,"queued":true,"round":1,"schema":1,"sequence":525}
PORT_NATIVE_TRACE {"ack":345,"actor_id":1,"controls":{"crouch":false,"fire":false,"interact":false,"jump":false,"mobility":false,"pitch":0.0,"reload":false,"sprint":false,"x":0.0,"yaw":0.231000006198883,"z":0.0},"event":"input_queue","monotonic_usec":7083758,"phase":3,"queue_result":0,"queued":true,"round":1,"schema":1,"sequence":526}
PORT_NATIVE_TRACE {"ack":347,"actor_id":1,"camera_position":[8.0,1.45000004768372,34.0],"camera_reseeded":false,"control_eligible":true,"dead":0.0,"event":"snapshot","focused":true,"health":100.0,"lifecycle":"alive","monotonic_usec":7091422,"phase":3,"pitch":0.0,"pointer_captured":false,"pose_present":true,"round":1,"schema":1,"sequence":527,"yaw":0.231000006198883}
CORRELATION_OBSERVE {"ack":347,"actor":1,"dead":0.0,"event":"snapshot","health":100.0,"seq":180.0}
PORT_NATIVE_TRACE {"ack":347,"actor_id":1,"controls":{"crouch":false,"fire":false,"interact":false,"jump":false,"mobility":false,"pitch":0.0,"reload":false,"sprint":false,"x":0.0,"yaw":0.231000006198883,"z":0.0},"event":"input_queue","monotonic_usec":7097322,"phase":3,"queue_result":0,"queued":true,"round":1,"schema":1,"sequence":528}
GUEST_SAMPLE {"ack":347,"actor":1,"error":"","phase":3,"phase_seconds":0.0,"pose":true,"seconds":7.04853000000002,"snapshots":180,"starts":1}
PORT_NATIVE_TRACE {"ack":347,"actor_id":1,"controls":{"crouch":false,"fire":false,"interact":false,"jump":false,"mobility":false,"pitch":0.0,"reload":false,"sprint":false,"x":0.0,"yaw":0.231000006198883,"z":0.0},"event":"input_queue","monotonic_usec":7118035,"phase":3,"queue_result":0,"queued":true,"round":1,"schema":1,"sequence":529}
PORT_NATIVE_TRACE {"ack":349,"actor_id":1,"camera_position":[8.0,1.45000004768372,34.0],"camera_reseeded":false,"control_eligible":true,"dead":0.0,"event":"snapshot","focused":true,"health":100.0,"lifecycle":"alive","monotonic_usec":7125576,"phase":3,"pitch":0.0,"pointer_captured":false,"pose_present":true,"round":1,"schema":1,"sequence":530,"yaw":0.231000006198883}
CORRELATION_OBSERVE {"ack":349,"actor":1,"dead":0.0,"event":"snapshot","health":100.0,"seq":181.0}
PORT_NATIVE_TRACE {"ack":349,"actor_id":1,"controls":{"crouch":false,"fire":false,"interact":false,"jump":false,"mobility":false,"pitch":0.0,"reload":false,"sprint":false,"x":0.0,"yaw":0.231000006198883,"z":0.0},"event":"input_queue","monotonic_usec":7132112,"phase":3,"queue_result":0,"queued":true,"round":1,"schema":1,"sequence":531}
PORT_NATIVE_TRACE {"ack":349,"actor_id":1,"controls":{"crouch":false,"fire":false,"interact":false,"jump":false,"mobility":false,"pitch":0.0,"reload":false,"sprint":false,"x":0.0,"yaw":0.231000006198883,"z":0.0},"event":"input_queue","monotonic_usec":7145855,"phase":3,"queue_result":0,"queued":true,"round":1,"schema":1,"sequence":532}
PORT_NATIVE_TRACE {"ack":351,"actor_id":1,"camera_position":[8.0,1.45000004768372,34.0],"camera_reseeded":false,"control_eligible":true,"dead":0.0,"event":"snapshot","focused":true,"health":100.0,"lifecycle":"alive","monotonic_usec":7160321,"phase":3,"pitch":0.0,"pointer_captured":false,"pose_present":true,"round":1,"schema":1,"sequence":533,"yaw":0.231000006198883}
CORRELATION_OBSERVE {"ack":351,"actor":1,"dead":0.0,"event":"snapshot","health":100.0,"seq":182.0}
PORT_NATIVE_TRACE {"ack":351,"actor_id":1,"controls":{"crouch":false,"fire":false,"interact":false,"jump":false,"mobility":false,"pitch":0.0,"reload":false,"sprint":false,"x":0.0,"yaw":0.231000006198883,"z":0.0},"event":"input_queue","monotonic_usec":7166293,"phase":3,"queue_result":0,"queued":true,"round":1,"schema":1,"sequence":534}
PORT_NATIVE_TRACE {"ack":351,"actor_id":1,"controls":{"crouch":false,"fire":false,"interact":false,"jump":false,"mobility":false,"pitch":0.0,"reload":false,"sprint":false,"x":0.0,"yaw":0.231000006198883,"z":0.0},"event":"input_queue","monotonic_usec":7180347,"phase":3,"queue_result":0,"queued":true,"round":1,"schema":1,"sequence":535}
PORT_NATIVE_TRACE {"ack":353,"actor_id":1,"camera_position":[8.0,1.45000004768372,34.0],"camera_reseeded":false,"control_eligible":true,"dead":0.0,"event":"snapshot","focused":true,"health":100.0,"lifecycle":"alive","monotonic_usec":7187780,"phase":3,"pitch":0.0,"pointer_captured":false,"pose_present":true,"round":1,"schema":1,"sequence":536,"yaw":0.231000006198883}
CORRELATION_OBSERVE {"ack":353,"actor":1,"dead":0.0,"event":"snapshot","health":100.0,"seq":183.0}
PORT_NATIVE_TRACE {"ack":353,"actor_id":1,"controls":{"crouch":false,"fire":false,"interact":false,"jump":false,"mobility":false,"pitch":0.0,"reload":false,"sprint":false,"x":0.0,"yaw":0.231000006198883,"z":0.0},"event":"input_queue","monotonic_usec":7200705,"phase":3,"queue_result":0,"queued":true,"round":1,"schema":1,"sequence":537}
PORT_NATIVE_TRACE {"ack":353,"actor_id":1,"controls":{"crouch":false,"fire":false,"interact":false,"jump":false,"mobility":false,"pitch":0.0,"reload":false,"sprint":false,"x":0.0,"yaw":0.231000006198883,"z":0.0},"event":"input_queue","monotonic_usec":7214506,"phase":3,"queue_result":0,"queued":true,"round":1,"schema":1,"sequence":538}
PORT_NATIVE_TRACE {"ack":355,"actor_id":1,"camera_position":[8.0,1.45000004768372,34.0],"camera_reseeded":false,"control_eligible":true,"dead":0.0,"event":"snapshot","focused":true,"health":100.0,"lifecycle":"alive","monotonic_usec":7222335,"phase":3,"pitch":0.0,"pointer_captured":false,"pose_present":true,"round":1,"schema":1,"sequence":539,"yaw":0.231000006198883}
CORRELATION_OBSERVE {"ack":355,"actor":1,"dead":0.0,"event":"snapshot","health":100.0,"seq":184.0}
PORT_NATIVE_TRACE {"ack":355,"actor_id":1,"controls":{"crouch":false,"fire":false,"interact":false,"jump":false,"mobility":false,"pitch":0.0,"reload":false,"sprint":false,"x":0.0,"yaw":0.231000006198883,"z":0.0},"event":"input_queue","monotonic_usec":7228306,"phase":3,"queue_result":0,"queued":true,"round":1,"schema":1,"sequence":540}
PORT_NATIVE_TRACE {"ack":355,"actor_id":1,"controls":{"crouch":false,"fire":false,"interact":false,"jump":false,"mobility":false,"pitch":0.0,"reload":false,"sprint":false,"x":0.0,"yaw":0.231000006198883,"z":0.0},"event":"input_queue","monotonic_usec":7249174,"phase":3,"queue_result":0,"queued":true,"round":1,"schema":1,"sequence":541}
PORT_NATIVE_TRACE {"ack":356,"actor_id":1,"camera_position":[8.0,1.45000004768372,34.0],"camera_reseeded":false,"control_eligible":true,"dead":0.0,"event":"snapshot","focused":true,"health":100.0,"lifecycle":"alive","monotonic_usec":7250240,"phase":3,"pitch":0.0,"pointer_captured":false,"pose_present":true,"round":1,"schema":1,"sequence":542,"yaw":0.231000006198883}
CORRELATION_OBSERVE {"ack":356,"actor":1,"dead":0.0,"event":"snapshot","health":100.0,"seq":185.0}
PORT_NATIVE_TRACE {"ack":356,"actor_id":1,"controls":{"crouch":false,"fire":false,"interact":false,"jump":false,"mobility":false,"pitch":0.0,"reload":false,"sprint":false,"x":0.0,"yaw":0.231000006198883,"z":0.0},"event":"input_queue","monotonic_usec":7262851,"phase":3,"queue_result":0,"queued":true,"round":1,"schema":1,"sequence":543}
PORT_NATIVE_TRACE {"ack":356,"actor_id":1,"controls":{"crouch":false,"fire":false,"interact":false,"jump":false,"mobility":false,"pitch":0.0,"reload":false,"sprint":false,"x":0.0,"yaw":0.231000006198883,"z":0.0},"event":"input_queue","monotonic_usec":7283598,"phase":3,"queue_result":0,"queued":true,"round":1,"schema":1,"sequence":544}
PORT_NATIVE_TRACE {"ack":358,"actor_id":1,"camera_position":[8.0,1.45000004768372,34.0],"camera_reseeded":false,"control_eligible":true,"dead":0.0,"event":"snapshot","focused":true,"health":100.0,"lifecycle":"alive","monotonic_usec":7284488,"phase":3,"pitch":0.0,"pointer_captured":false,"pose_present":true,"round":1,"schema":1,"sequence":545,"yaw":0.231000006198883}
CORRELATION_OBSERVE {"ack":358,"actor":1,"dead":0.0,"event":"snapshot","health":100.0,"seq":186.0}
PORT_NATIVE_TRACE {"ack":358,"actor_id":1,"controls":{"crouch":false,"fire":false,"interact":false,"jump":false,"mobility":false,"pitch":0.0,"reload":false,"sprint":false,"x":0.0,"yaw":0.231000006198883,"z":0.0},"event":"input_queue","monotonic_usec":7297422,"phase":3,"queue_result":0,"queued":true,"round":1,"schema":1,"sequence":546}
PORT_NATIVE_TRACE {"ack":358,"actor_id":1,"controls":{"crouch":false,"fire":false,"interact":false,"jump":false,"mobility":false,"pitch":0.0,"reload":false,"sprint":false,"x":0.0,"yaw":0.231000006198883,"z":0.0},"event":"input_queue","monotonic_usec":7318105,"phase":3,"queue_result":0,"queued":true,"round":1,"schema":1,"sequence":547}
PORT_NATIVE_TRACE {"ack":360,"actor_id":1,"camera_position":[8.0,1.45000004768372,34.0],"camera_reseeded":false,"control_eligible":true,"dead":0.0,"event":"snapshot","focused":true,"health":100.0,"lifecycle":"alive","monotonic_usec":7318698,"phase":3,"pitch":0.0,"pointer_captured":false,"pose_present":true,"round":1,"schema":1,"sequence":548,"yaw":0.231000006198883}
CORRELATION_OBSERVE {"ack":360,"actor":1,"dead":0.0,"event":"snapshot","health":100.0,"seq":187.0}
PORT_NATIVE_TRACE {"ack":360,"actor_id":1,"controls":{"crouch":false,"fire":false,"interact":false,"jump":false,"mobility":false,"pitch":0.0,"reload":false,"sprint":false,"x":0.0,"yaw":0.231000006198883,"z":0.0},"event":"input_queue","monotonic_usec":7331794,"phase":3,"queue_result":0,"queued":true,"round":1,"schema":1,"sequence":549}
PORT_NATIVE_TRACE {"ack":360,"actor_id":1,"controls":{"crouch":false,"fire":false,"interact":false,"jump":false,"mobility":false,"pitch":0.0,"reload":false,"sprint":false,"x":0.0,"yaw":0.231000006198883,"z":0.0},"event":"input_queue","monotonic_usec":7345666,"phase":3,"queue_result":0,"queued":true,"round":1,"schema":1,"sequence":550}
PORT_NATIVE_TRACE {"ack":362,"actor_id":1,"camera_position":[8.0,1.45000004768372,34.0],"camera_reseeded":false,"control_eligible":true,"dead":0.0,"event":"snapshot","focused":true,"health":100.0,"lifecycle":"alive","monotonic_usec":7346484,"phase":3,"pitch":0.0,"pointer_captured":false,"pose_present":true,"round":1,"schema":1,"sequence":551,"yaw":0.231000006198883}
CORRELATION_OBSERVE {"ack":362,"actor":1,"dead":0.0,"event":"snapshot","health":100.0,"seq":188.0}
PORT_NATIVE_TRACE {"ack":362,"actor_id":1,"controls":{"crouch":false,"fire":false,"interact":false,"jump":false,"mobility":false,"pitch":0.0,"reload":false,"sprint":false,"x":0.0,"yaw":0.231000006198883,"z":0.0},"event":"input_queue","monotonic_usec":7366375,"phase":3,"queue_result":0,"queued":true,"round":1,"schema":1,"sequence":552}
PORT_NATIVE_TRACE {"ack":362,"actor_id":1,"controls":{"crouch":false,"fire":false,"interact":false,"jump":false,"mobility":false,"pitch":0.0,"reload":false,"sprint":false,"x":0.0,"yaw":0.231000006198883,"z":0.0},"event":"input_queue","monotonic_usec":7380191,"phase":3,"queue_result":0,"queued":true,"round":1,"schema":1,"sequence":553}
PORT_NATIVE_TRACE {"ack":364,"actor_id":1,"camera_position":[8.0,1.45000004768372,34.0],"camera_reseeded":false,"control_eligible":true,"dead":0.0,"event":"snapshot","focused":true,"health":100.0,"lifecycle":"alive","monotonic_usec":7381005,"phase":3,"pitch":0.0,"pointer_captured":false,"pose_present":true,"round":1,"schema":1,"sequence":554,"yaw":0.231000006198883}
CORRELATION_OBSERVE {"ack":364,"actor":1,"dead":0.0,"event":"snapshot","health":100.0,"seq":189.0}
PORT_NATIVE_TRACE {"ack":364,"actor_id":1,"controls":{"crouch":false,"fire":false,"interact":false,"jump":false,"mobility":false,"pitch":0.0,"reload":false,"sprint":false,"x":0.0,"yaw":0.231000006198883,"z":0.0},"event":"input_queue","monotonic_usec":7401014,"phase":3,"queue_result":0,"queued":true,"round":1,"schema":1,"sequence":555}
PORT_NATIVE_TRACE {"ack":364,"actor_id":1,"controls":{"crouch":false,"fire":false,"interact":false,"jump":false,"mobility":false,"pitch":0.0,"reload":false,"sprint":false,"x":0.0,"yaw":0.231000006198883,"z":0.0},"event":"input_queue","monotonic_usec":7414940,"phase":3,"queue_result":0,"queued":true,"round":1,"schema":1,"sequence":556}
PORT_NATIVE_TRACE {"ack":366,"actor_id":1,"camera_position":[8.0,1.45000004768372,34.0],"camera_reseeded":false,"control_eligible":true,"dead":0.0,"event":"snapshot","focused":true,"health":100.0,"lifecycle":"alive","monotonic_usec":7415795,"phase":3,"pitch":0.0,"pointer_captured":false,"pose_present":true,"round":1,"schema":1,"sequence":557,"yaw":0.231000006198883}
CORRELATION_OBSERVE {"ack":366,"actor":1,"dead":0.0,"event":"snapshot","health":100.0,"seq":190.0}
PORT_NATIVE_TRACE {"ack":366,"actor_id":1,"controls":{"crouch":false,"fire":false,"interact":false,"jump":false,"mobility":false,"pitch":0.0,"reload":false,"sprint":false,"x":0.0,"yaw":0.231000006198883,"z":0.0},"event":"input_queue","monotonic_usec":7428555,"phase":3,"queue_result":0,"queued":true,"round":1,"schema":1,"sequence":558}
PORT_NATIVE_TRACE {"ack":366,"actor_id":1,"controls":{"crouch":false,"fire":false,"interact":false,"jump":false,"mobility":false,"pitch":0.0,"reload":false,"sprint":false,"x":0.0,"yaw":0.231000006198883,"z":0.0},"event":"input_queue","monotonic_usec":7449473,"phase":3,"queue_result":0,"queued":true,"round":1,"schema":1,"sequence":559}
PORT_NATIVE_TRACE {"ack":368,"actor_id":1,"camera_position":[8.0,1.45000004768372,34.0],"camera_reseeded":false,"control_eligible":true,"dead":0.0,"event":"snapshot","focused":true,"health":100.0,"lifecycle":"alive","monotonic_usec":7450310,"phase":3,"pitch":0.0,"pointer_captured":false,"pose_present":true,"round":1,"schema":1,"sequence":560,"yaw":0.231000006198883}
CORRELATION_OBSERVE {"ack":368,"actor":1,"dead":0.0,"event":"snapshot","health":100.0,"seq":191.0}
PORT_NATIVE_TRACE {"ack":368,"actor_id":1,"controls":{"crouch":false,"fire":false,"interact":false,"jump":false,"mobility":false,"pitch":0.0,"reload":false,"sprint":false,"x":0.0,"yaw":0.231000006198883,"z":0.0},"event":"input_queue","monotonic_usec":7463297,"phase":3,"queue_result":0,"queued":true,"round":1,"schema":1,"sequence":561}
PORT_NATIVE_TRACE {"ack":370,"actor_id":1,"camera_position":[8.0,1.45000004768372,34.0],"camera_reseeded":false,"control_eligible":true,"dead":0.0,"event":"snapshot","focused":true,"health":100.0,"lifecycle":"alive","monotonic_usec":7477557,"phase":3,"pitch":0.0,"pointer_captured":false,"pose_present":true,"round":1,"schema":1,"sequence":562,"yaw":0.231000006198883}
CORRELATION_OBSERVE {"ack":370,"actor":1,"dead":0.0,"event":"snapshot","health":100.0,"seq":192.0}
PORT_NATIVE_TRACE {"ack":370,"actor_id":1,"controls":{"crouch":false,"fire":false,"interact":false,"jump":false,"mobility":false,"pitch":0.0,"reload":false,"sprint":false,"x":0.0,"yaw":0.231000006198883,"z":0.0},"event":"input_queue","monotonic_usec":7483939,"phase":3,"queue_result":0,"queued":true,"round":1,"schema":1,"sequence":563}
PORT_NATIVE_TRACE {"ack":370,"actor_id":1,"controls":{"crouch":false,"fire":false,"interact":false,"jump":false,"mobility":false,"pitch":0.0,"reload":false,"sprint":false,"x":0.0,"yaw":0.231000006198883,"z":0.0},"event":"input_queue","monotonic_usec":7497488,"phase":3,"queue_result":0,"queued":true,"round":1,"schema":1,"sequence":564}
PORT_NATIVE_TRACE {"ack":372,"actor_id":1,"camera_position":[8.0,1.45000004768372,34.0],"camera_reseeded":false,"control_eligible":true,"dead":0.0,"event":"snapshot","focused":true,"health":100.0,"lifecycle":"alive","monotonic_usec":7512140,"phase":3,"pitch":0.0,"pointer_captured":false,"pose_present":true,"round":1,"schema":1,"sequence":565,"yaw":0.231000006198883}
CORRELATION_OBSERVE {"ack":372,"actor":1,"dead":0.0,"event":"snapshot","health":100.0,"seq":193.0}
PORT_NATIVE_TRACE {"ack":372,"actor_id":1,"controls":{"crouch":false,"fire":false,"interact":false,"jump":false,"mobility":false,"pitch":0.0,"reload":false,"sprint":false,"x":0.0,"yaw":0.231000006198883,"z":0.0},"event":"input_queue","monotonic_usec":7518506,"phase":3,"queue_result":0,"queued":true,"round":1,"schema":1,"sequence":566}
PORT_NATIVE_TRACE {"ack":372,"actor_id":1,"controls":{"crouch":false,"fire":false,"interact":false,"jump":false,"mobility":false,"pitch":0.0,"reload":false,"sprint":false,"x":0.0,"yaw":0.231000006198883,"z":0.0},"event":"input_queue","monotonic_usec":7532295,"phase":3,"queue_result":0,"queued":true,"round":1,"schema":1,"sequence":567}
PORT_NATIVE_TRACE {"ack":374,"actor_id":1,"camera_position":[8.0,1.45000004768372,34.0],"camera_reseeded":false,"control_eligible":true,"dead":0.0,"event":"snapshot","focused":true,"health":100.0,"lifecycle":"alive","monotonic_usec":7539788,"phase":3,"pitch":0.0,"pointer_captured":false,"pose_present":true,"round":1,"schema":1,"sequence":568,"yaw":0.231000006198883}
CORRELATION_OBSERVE {"ack":374,"actor":1,"dead":0.0,"event":"snapshot","health":100.0,"seq":194.0}
PORT_NATIVE_TRACE {"ack":374,"actor_id":1,"controls":{"crouch":false,"fire":false,"interact":false,"jump":false,"mobility":false,"pitch":0.0,"reload":false,"sprint":false,"x":0.0,"yaw":0.231000006198883,"z":0.0},"event":"input_queue","monotonic_usec":7545748,"phase":3,"queue_result":0,"queued":true,"round":1,"schema":1,"sequence":569}
PORT_NATIVE_TRACE {"ack":374,"actor_id":1,"controls":{"crouch":false,"fire":false,"interact":false,"jump":false,"mobility":false,"pitch":0.0,"reload":false,"sprint":false,"x":0.0,"yaw":0.231000006198883,"z":0.0},"event":"input_queue","monotonic_usec":7566477,"phase":3,"queue_result":0,"queued":true,"round":1,"schema":1,"sequence":570}
PORT_NATIVE_TRACE {"ack":376,"actor_id":1,"camera_position":[8.0,1.45000004768372,34.0],"camera_reseeded":false,"control_eligible":true,"dead":0.0,"event":"snapshot","focused":true,"health":100.0,"lifecycle":"alive","monotonic_usec":7574179,"phase":3,"pitch":0.0,"pointer_captured":false,"pose_present":true,"round":1,"schema":1,"sequence":571,"yaw":0.231000006198883}
CORRELATION_OBSERVE {"ack":376,"actor":1,"dead":0.0,"event":"snapshot","health":100.0,"seq":195.0}
PORT_NATIVE_TRACE {"ack":376,"actor_id":1,"controls":{"crouch":false,"fire":false,"interact":false,"jump":false,"mobility":false,"pitch":0.0,"reload":false,"sprint":false,"x":0.0,"yaw":0.231000006198883,"z":0.0},"event":"input_queue","monotonic_usec":7580944,"phase":3,"queue_result":0,"queued":true,"round":1,"schema":1,"sequence":572}
PORT_NATIVE_TRACE {"ack":376,"actor_id":1,"controls":{"crouch":false,"fire":false,"interact":false,"jump":false,"mobility":false,"pitch":0.0,"reload":false,"sprint":false,"x":0.0,"yaw":0.231000006198883,"z":0.0},"event":"input_queue","monotonic_usec":7601243,"phase":3,"queue_result":0,"queued":true,"round":1,"schema":1,"sequence":573}
PORT_NATIVE_TRACE {"ack":378,"actor_id":1,"camera_position":[8.0,1.45000004768372,34.0],"camera_reseeded":false,"control_eligible":true,"dead":0.0,"event":"snapshot","focused":true,"health":100.0,"lifecycle":"alive","monotonic_usec":7608779,"phase":3,"pitch":0.0,"pointer_captured":false,"pose_present":true,"round":1,"schema":1,"sequence":574,"yaw":0.231000006198883}
CORRELATION_OBSERVE {"ack":378,"actor":1,"dead":0.0,"event":"snapshot","health":100.0,"seq":196.0}
PORT_NATIVE_TRACE {"ack":378,"actor_id":1,"controls":{"crouch":false,"fire":false,"interact":false,"jump":false,"mobility":false,"pitch":0.0,"reload":false,"sprint":false,"x":0.0,"yaw":0.231000006198883,"z":0.0},"event":"input_queue","monotonic_usec":7614871,"phase":3,"queue_result":0,"queued":true,"round":1,"schema":1,"sequence":575}
GUEST_SAMPLE {"ack":378,"actor":1,"error":"","phase":3,"phase_seconds":0.0,"pose":true,"seconds":7.55193800000004,"snapshots":196,"starts":1}
PORT_NATIVE_TRACE {"ack":378,"actor_id":1,"controls":{"crouch":false,"fire":false,"interact":false,"jump":false,"mobility":false,"pitch":0.0,"reload":false,"sprint":false,"x":0.0,"yaw":0.231000006198883,"z":0.0},"event":"input_queue","monotonic_usec":7628709,"phase":3,"queue_result":0,"queued":true,"round":1,"schema":1,"sequence":576}
PORT_NATIVE_TRACE {"ack":380,"actor_id":1,"camera_position":[8.0,1.45000004768372,34.0],"camera_reseeded":false,"control_eligible":true,"dead":0.0,"event":"snapshot","focused":true,"health":100.0,"lifecycle":"alive","monotonic_usec":7643340,"phase":3,"pitch":0.0,"pointer_captured":false,"pose_present":true,"round":1,"schema":1,"sequence":577,"yaw":0.231000006198883}
CORRELATION_OBSERVE {"ack":380,"actor":1,"dead":0.0,"event":"snapshot","health":100.0,"seq":197.0}
PORT_NATIVE_TRACE {"ack":380,"actor_id":1,"controls":{"crouch":false,"fire":false,"interact":false,"jump":false,"mobility":false,"pitch":0.0,"reload":false,"sprint":false,"x":0.0,"yaw":0.231000006198883,"z":0.0},"event":"input_queue","monotonic_usec":7649321,"phase":3,"queue_result":0,"queued":true,"round":1,"schema":1,"sequence":578}
PORT_NATIVE_TRACE {"ack":380,"actor_id":1,"controls":{"crouch":false,"fire":false,"interact":false,"jump":false,"mobility":false,"pitch":0.0,"reload":false,"sprint":false,"x":0.0,"yaw":0.231000006198883,"z":0.0},"event":"input_queue","monotonic_usec":7663082,"phase":3,"queue_result":0,"queued":true,"round":1,"schema":1,"sequence":579}
PORT_NATIVE_TRACE {"ack":382,"actor_id":1,"camera_position":[8.0,1.45000004768372,34.0],"camera_reseeded":false,"control_eligible":true,"dead":0.0,"event":"snapshot","focused":true,"health":100.0,"lifecycle":"alive","monotonic_usec":7670671,"phase":3,"pitch":0.0,"pointer_captured":false,"pose_present":true,"round":1,"schema":1,"sequence":580,"yaw":0.231000006198883}
CORRELATION_OBSERVE {"ack":382,"actor":1,"dead":0.0,"event":"snapshot","health":100.0,"seq":198.0}
PORT_NATIVE_TRACE {"ack":382,"actor_id":1,"controls":{"crouch":false,"fire":false,"interact":false,"jump":false,"mobility":false,"pitch":0.0,"reload":false,"sprint":false,"x":0.0,"yaw":0.231000006198883,"z":0.0},"event":"input_queue","monotonic_usec":7683799,"phase":3,"queue_result":0,"queued":true,"round":1,"schema":1,"sequence":581}
PORT_NATIVE_TRACE {"ack":382,"actor_id":1,"controls":{"crouch":false,"fire":false,"interact":false,"jump":false,"mobility":false,"pitch":0.0,"reload":false,"sprint":false,"x":0.0,"yaw":0.231000006198883,"z":0.0},"event":"input_queue","monotonic_usec":7697594,"phase":3,"queue_result":0,"queued":true,"round":1,"schema":1,"sequence":582}
PORT_NATIVE_TRACE {"ack":383,"actor_id":1,"camera_position":[8.0,1.45000004768372,34.0],"camera_reseeded":false,"control_eligible":true,"dead":0.0,"event":"snapshot","focused":true,"health":100.0,"lifecycle":"alive","monotonic_usec":7705373,"phase":3,"pitch":0.0,"pointer_captured":false,"pose_present":true,"round":1,"schema":1,"sequence":583,"yaw":0.231000006198883}
CORRELATION_OBSERVE {"ack":383,"actor":1,"dead":0.0,"event":"snapshot","health":100.0,"seq":199.0}
PORT_NATIVE_TRACE {"ack":383,"actor_id":1,"controls":{"crouch":false,"fire":false,"interact":false,"jump":false,"mobility":false,"pitch":0.0,"reload":false,"sprint":false,"x":0.0,"yaw":0.231000006198883,"z":0.0},"event":"input_queue","monotonic_usec":7718304,"phase":3,"queue_result":0,"queued":true,"round":1,"schema":1,"sequence":584}
PORT_NATIVE_TRACE {"ack":383,"actor_id":1,"controls":{"crouch":false,"fire":false,"interact":false,"jump":false,"mobility":false,"pitch":0.0,"reload":false,"sprint":false,"x":0.0,"yaw":0.231000006198883,"z":0.0},"event":"input_queue","monotonic_usec":7732068,"phase":3,"queue_result":0,"queued":true,"round":1,"schema":1,"sequence":585}
PORT_NATIVE_TRACE {"ack":385,"actor_id":1,"camera_position":[8.0,1.45000004768372,34.0],"camera_reseeded":false,"control_eligible":true,"dead":0.0,"event":"snapshot","focused":true,"health":100.0,"lifecycle":"alive","monotonic_usec":7732764,"phase":3,"pitch":0.0,"pointer_captured":false,"pose_present":true,"round":1,"schema":1,"sequence":586,"yaw":0.231000006198883}
CORRELATION_OBSERVE {"ack":385,"actor":1,"dead":0.0,"event":"snapshot","health":100.0,"seq":200.0}
PORT_NATIVE_TRACE {"ack":385,"actor_id":1,"controls":{"crouch":false,"fire":false,"interact":false,"jump":false,"mobility":false,"pitch":0.0,"reload":false,"sprint":false,"x":0.0,"yaw":0.231000006198883,"z":0.0},"event":"input_queue","monotonic_usec":7745898,"phase":3,"queue_result":0,"queued":true,"round":1,"schema":1,"sequence":587}
PORT_NATIVE_TRACE {"ack":385,"actor_id":1,"controls":{"crouch":false,"fire":false,"interact":false,"jump":false,"mobility":false,"pitch":0.0,"reload":false,"sprint":false,"x":0.0,"yaw":0.231000006198883,"z":0.0},"event":"input_queue","monotonic_usec":7766604,"phase":3,"queue_result":0,"queued":true,"round":1,"schema":1,"sequence":588}
PORT_NATIVE_TRACE {"ack":387,"actor_id":1,"camera_position":[8.0,1.45000004768372,34.0],"camera_reseeded":false,"control_eligible":true,"dead":0.0,"event":"snapshot","focused":true,"health":100.0,"lifecycle":"alive","monotonic_usec":7767500,"phase":3,"pitch":0.0,"pointer_captured":false,"pose_present":true,"round":1,"schema":1,"sequence":589,"yaw":0.231000006198883}
CORRELATION_OBSERVE {"ack":387,"actor":1,"dead":0.0,"event":"snapshot","health":100.0,"seq":201.0}
PORT_NATIVE_TRACE {"ack":387,"actor_id":1,"controls":{"crouch":false,"fire":false,"interact":false,"jump":false,"mobility":false,"pitch":0.0,"reload":false,"sprint":false,"x":0.0,"yaw":0.231000006198883,"z":0.0},"event":"input_queue","monotonic_usec":7780405,"phase":3,"queue_result":0,"queued":true,"round":1,"schema":1,"sequence":590}
PORT_NATIVE_TRACE {"ack":387,"actor_id":1,"controls":{"crouch":false,"fire":false,"interact":false,"jump":false,"mobility":false,"pitch":0.0,"reload":false,"sprint":false,"x":0.0,"yaw":0.231000006198883,"z":0.0},"event":"input_queue","monotonic_usec":7801094,"phase":3,"queue_result":0,"queued":true,"round":1,"schema":1,"sequence":591}
PORT_NATIVE_TRACE {"ack":389,"actor_id":1,"camera_position":[8.0,1.45000004768372,34.0],"camera_reseeded":false,"control_eligible":true,"dead":0.0,"event":"snapshot","focused":true,"health":100.0,"lifecycle":"alive","monotonic_usec":7802066,"phase":3,"pitch":0.0,"pointer_captured":false,"pose_present":true,"round":1,"schema":1,"sequence":592,"yaw":0.231000006198883}
CORRELATION_OBSERVE {"ack":389,"actor":1,"dead":0.0,"event":"snapshot","health":100.0,"seq":202.0}
PORT_NATIVE_TRACE {"ack":389,"actor_id":1,"controls":{"crouch":false,"fire":false,"interact":false,"jump":false,"mobility":false,"pitch":0.0,"reload":false,"sprint":false,"x":0.0,"yaw":0.231000006198883,"z":0.0},"event":"input_queue","monotonic_usec":7814896,"phase":3,"queue_result":0,"queued":true,"round":1,"schema":1,"sequence":593}
PORT_NATIVE_TRACE {"ack":389,"actor_id":1,"controls":{"crouch":false,"fire":false,"interact":false,"jump":false,"mobility":false,"pitch":0.0,"reload":false,"sprint":false,"x":0.0,"yaw":0.231000006198883,"z":0.0},"event":"input_queue","monotonic_usec":7828692,"phase":3,"queue_result":0,"queued":true,"round":1,"schema":1,"sequence":594}
PORT_NATIVE_TRACE {"ack":391,"actor_id":1,"camera_position":[8.0,1.45000004768372,34.0],"camera_reseeded":false,"control_eligible":true,"dead":0.0,"event":"snapshot","focused":true,"health":100.0,"lifecycle":"alive","monotonic_usec":7829544,"phase":3,"pitch":0.0,"pointer_captured":false,"pose_present":true,"round":1,"schema":1,"sequence":595,"yaw":0.231000006198883}
CORRELATION_OBSERVE {"ack":391,"actor":1,"dead":0.0,"event":"snapshot","health":100.0,"seq":203.0}
PORT_NATIVE_TRACE {"ack":391,"actor_id":1,"controls":{"crouch":false,"fire":false,"interact":false,"jump":false,"mobility":false,"pitch":0.0,"reload":false,"sprint":false,"x":0.0,"yaw":0.231000006198883,"z":0.0},"event":"input_queue","monotonic_usec":7849436,"phase":3,"queue_result":0,"queued":true,"round":1,"schema":1,"sequence":596}
PORT_NATIVE_TRACE {"ack":391,"actor_id":1,"controls":{"crouch":false,"fire":false,"interact":false,"jump":false,"mobility":false,"pitch":0.0,"reload":false,"sprint":false,"x":0.0,"yaw":0.231000006198883,"z":0.0},"event":"input_queue","monotonic_usec":7863190,"phase":3,"queue_result":0,"queued":true,"round":1,"schema":1,"sequence":597}
PORT_NATIVE_TRACE {"ack":393,"actor_id":1,"camera_position":[8.0,1.45000004768372,34.0],"camera_reseeded":false,"control_eligible":true,"dead":0.0,"event":"snapshot","focused":true,"health":100.0,"lifecycle":"alive","monotonic_usec":7863966,"phase":3,"pitch":0.0,"pointer_captured":false,"pose_present":true,"round":1,"schema":1,"sequence":598,"yaw":0.231000006198883}
CORRELATION_OBSERVE {"ack":393,"actor":1,"dead":0.0,"event":"snapshot","health":100.0,"seq":204.0}
PORT_NATIVE_TRACE {"ack":393,"actor_id":1,"controls":{"crouch":false,"fire":false,"interact":false,"jump":false,"mobility":false,"pitch":0.0,"reload":false,"sprint":false,"x":0.0,"yaw":0.231000006198883,"z":0.0},"event":"input_queue","monotonic_usec":7883894,"phase":3,"queue_result":0,"queued":true,"round":1,"schema":1,"sequence":599}
PORT_NATIVE_TRACE {"ack":393,"actor_id":1,"controls":{"crouch":false,"fire":false,"interact":false,"jump":false,"mobility":false,"pitch":0.0,"reload":false,"sprint":false,"x":0.0,"yaw":0.231000006198883,"z":0.0},"event":"input_queue","monotonic_usec":7897713,"phase":3,"queue_result":0,"queued":true,"round":1,"schema":1,"sequence":600}
PORT_NATIVE_TRACE {"ack":395,"actor_id":1,"camera_position":[8.0,1.45000004768372,34.0],"camera_reseeded":false,"control_eligible":true,"dead":0.0,"event":"snapshot","focused":true,"health":100.0,"lifecycle":"alive","monotonic_usec":7898588,"phase":3,"pitch":0.0,"pointer_captured":false,"pose_present":true,"round":1,"schema":1,"sequence":601,"yaw":0.231000006198883}
CORRELATION_OBSERVE {"ack":395,"actor":1,"dead":0.0,"event":"snapshot","health":100.0,"seq":205.0}
PORT_NATIVE_TRACE {"ack":395,"actor_id":1,"controls":{"crouch":false,"fire":false,"interact":false,"jump":false,"mobility":false,"pitch":0.0,"reload":false,"sprint":false,"x":0.0,"yaw":0.231000006198883,"z":0.0},"event":"input_queue","monotonic_usec":7918438,"phase":3,"queue_result":0,"queued":true,"round":1,"schema":1,"sequence":602}
PORT_NATIVE_TRACE {"ack":397,"actor_id":1,"camera_position":[8.0,1.45000004768372,34.0],"camera_reseeded":false,"control_eligible":true,"dead":0.0,"event":"snapshot","focused":true,"health":100.0,"lifecycle":"alive","monotonic_usec":7926147,"phase":3,"pitch":0.0,"pointer_captured":false,"pose_present":true,"round":1,"schema":1,"sequence":603,"yaw":0.231000006198883}
CORRELATION_OBSERVE {"ack":397,"actor":1,"dead":0.0,"event":"snapshot","health":100.0,"seq":206.0}
PORT_NATIVE_TRACE {"ack":397,"actor_id":1,"controls":{"crouch":false,"fire":false,"interact":false,"jump":false,"mobility":false,"pitch":0.0,"reload":false,"sprint":false,"x":0.0,"yaw":0.231000006198883,"z":0.0},"event":"input_queue","monotonic_usec":7932200,"phase":3,"queue_result":0,"queued":true,"round":1,"schema":1,"sequence":604}
PORT_NATIVE_TRACE {"ack":397,"actor_id":1,"controls":{"crouch":false,"fire":false,"interact":false,"jump":false,"mobility":false,"pitch":0.0,"reload":false,"sprint":false,"x":0.0,"yaw":0.231000006198883,"z":0.0},"event":"input_queue","monotonic_usec":7946023,"phase":3,"queue_result":0,"queued":true,"round":1,"schema":1,"sequence":605}
PORT_NATIVE_TRACE {"ack":399,"actor_id":1,"camera_position":[8.0,1.45000004768372,34.0],"camera_reseeded":false,"control_eligible":true,"dead":0.0,"event":"snapshot","focused":true,"health":100.0,"lifecycle":"alive","monotonic_usec":7960522,"phase":3,"pitch":0.0,"pointer_captured":false,"pose_present":true,"round":1,"schema":1,"sequence":606,"yaw":0.231000006198883}
CORRELATION_OBSERVE {"ack":399,"actor":1,"dead":0.0,"event":"snapshot","health":100.0,"seq":207.0}
PORT_NATIVE_TRACE {"ack":399,"actor_id":1,"controls":{"crouch":false,"fire":false,"interact":false,"jump":false,"mobility":false,"pitch":0.0,"reload":false,"sprint":false,"x":0.0,"yaw":0.231000006198883,"z":0.0},"event":"input_queue","monotonic_usec":7966726,"phase":3,"queue_result":0,"queued":true,"round":1,"schema":1,"sequence":607}
PORT_NATIVE_TRACE {"ack":399,"actor_id":1,"controls":{"crouch":false,"fire":false,"interact":false,"jump":false,"mobility":false,"pitch":0.0,"reload":false,"sprint":false,"x":0.0,"yaw":0.231000006198883,"z":0.0},"event":"input_queue","monotonic_usec":7980565,"phase":3,"queue_result":0,"queued":true,"round":1,"schema":1,"sequence":608}
PORT_NATIVE_TRACE {"ack":401,"actor_id":1,"camera_position":[8.0,1.45000004768372,34.0],"camera_reseeded":false,"control_eligible":true,"dead":0.0,"event":"snapshot","focused":true,"health":100.0,"lifecycle":"alive","monotonic_usec":7995220,"phase":3,"pitch":0.0,"pointer_captured":false,"pose_present":true,"round":1,"schema":1,"sequence":609,"yaw":0.231000006198883}
CORRELATION_OBSERVE {"ack":401,"actor":1,"dead":0.0,"event":"snapshot","health":100.0,"seq":208.0}
PORT_NATIVE_TRACE {"ack":401,"actor_id":1,"controls":{"crouch":false,"fire":false,"interact":false,"jump":false,"mobility":false,"pitch":0.0,"reload":false,"sprint":false,"x":0.0,"yaw":0.231000006198883,"z":0.0},"event":"input_queue","monotonic_usec":8001198,"phase":3,"queue_result":0,"queued":true,"round":1,"schema":1,"sequence":610}
PORT_NATIVE_TRACE {"ack":401,"actor_id":1,"controls":{"crouch":false,"fire":false,"interact":false,"jump":false,"mobility":false,"pitch":0.0,"reload":false,"sprint":false,"x":0.0,"yaw":0.231000006198883,"z":0.0},"event":"input_queue","monotonic_usec":8014967,"phase":3,"queue_result":0,"queued":true,"round":1,"schema":1,"sequence":611}
PORT_NATIVE_TRACE {"ack":403,"actor_id":1,"camera_position":[8.0,1.45000004768372,34.0],"camera_reseeded":false,"control_eligible":true,"dead":0.0,"event":"snapshot","focused":true,"health":100.0,"lifecycle":"alive","monotonic_usec":8022618,"phase":3,"pitch":0.0,"pointer_captured":false,"pose_present":true,"round":1,"schema":1,"sequence":612,"yaw":0.231000006198883}
CORRELATION_OBSERVE {"ack":403,"actor":1,"dead":0.0,"event":"snapshot","health":100.0,"seq":209.0}
PORT_NATIVE_TRACE {"ack":403,"actor_id":1,"controls":{"crouch":false,"fire":false,"interact":false,"jump":false,"mobility":false,"pitch":0.0,"reload":false,"sprint":false,"x":0.0,"yaw":0.231000006198883,"z":0.0},"event":"input_queue","monotonic_usec":8028800,"phase":3,"queue_result":0,"queued":true,"round":1,"schema":1,"sequence":613}
PORT_NATIVE_TRACE {"ack":403,"actor_id":1,"controls":{"crouch":false,"fire":false,"interact":false,"jump":false,"mobility":false,"pitch":0.0,"reload":false,"sprint":false,"x":0.0,"yaw":0.231000006198883,"z":0.0},"event":"input_queue","monotonic_usec":8049507,"phase":3,"queue_result":0,"queued":true,"round":1,"schema":1,"sequence":614}
PORT_NATIVE_TRACE {"ack":405,"actor_id":1,"camera_position":[8.0,1.45000004768372,34.0],"camera_reseeded":false,"control_eligible":true,"dead":0.0,"event":"snapshot","focused":true,"health":100.0,"lifecycle":"alive","monotonic_usec":8057261,"phase":3,"pitch":0.0,"pointer_captured":false,"pose_present":true,"round":1,"schema":1,"sequence":615,"yaw":0.231000006198883}
CORRELATION_OBSERVE {"ack":405,"actor":1,"dead":0.0,"event":"snapshot","health":100.0,"seq":210.0}
PORT_NATIVE_TRACE {"ack":405,"actor_id":1,"controls":{"crouch":false,"fire":false,"interact":false,"jump":false,"mobility":false,"pitch":0.0,"reload":false,"sprint":false,"x":0.0,"yaw":0.231000006198883,"z":0.0},"event":"input_queue","monotonic_usec":8063297,"phase":3,"queue_result":0,"queued":true,"round":1,"schema":1,"sequence":616}
PORT_NATIVE_TRACE {"ack":405,"actor_id":1,"controls":{"crouch":false,"fire":false,"interact":false,"jump":false,"mobility":false,"pitch":0.0,"reload":false,"sprint":false,"x":0.0,"yaw":0.231000006198883,"z":0.0},"event":"input_queue","monotonic_usec":8083917,"phase":3,"queue_result":0,"queued":true,"round":1,"schema":1,"sequence":617}
PORT_NATIVE_TRACE {"ack":406,"actor_id":1,"camera_position":[8.0,1.45000004768372,34.0],"camera_reseeded":false,"control_eligible":true,"dead":0.0,"event":"snapshot","focused":true,"health":100.0,"lifecycle":"alive","monotonic_usec":8084362,"phase":3,"pitch":0.0,"pointer_captured":false,"pose_present":true,"round":1,"schema":1,"sequence":618,"yaw":0.231000006198883}
CORRELATION_OBSERVE {"ack":406,"actor":1,"dead":0.0,"event":"snapshot","health":100.0,"seq":211.0}
PORT_NATIVE_TRACE {"ack":406,"actor_id":1,"controls":{"crouch":false,"fire":false,"interact":false,"jump":false,"mobility":false,"pitch":0.0,"reload":false,"sprint":false,"x":0.0,"yaw":0.231000006198883,"z":0.0},"event":"input_queue","monotonic_usec":8097788,"phase":3,"queue_result":0,"queued":true,"round":1,"schema":1,"sequence":619}
PORT_NATIVE_TRACE {"ack":406,"actor_id":1,"controls":{"crouch":false,"fire":false,"interact":false,"jump":false,"mobility":false,"pitch":0.0,"reload":false,"sprint":false,"x":0.0,"yaw":0.231000006198883,"z":0.0},"event":"input_queue","monotonic_usec":8118510,"phase":3,"queue_result":0,"queued":true,"round":1,"schema":1,"sequence":620}
PORT_NATIVE_TRACE {"ack":408,"actor_id":1,"camera_position":[8.0,1.45000004768372,34.0],"camera_reseeded":false,"control_eligible":true,"dead":0.0,"event":"snapshot","focused":true,"health":100.0,"lifecycle":"alive","monotonic_usec":8119488,"phase":3,"pitch":0.0,"pointer_captured":false,"pose_present":true,"round":1,"schema":1,"sequence":621,"yaw":0.231000006198883}
CORRELATION_OBSERVE {"ack":408,"actor":1,"dead":0.0,"event":"snapshot","health":100.0,"seq":212.0}
GUEST_SAMPLE {"ack":408,"actor":1,"error":"","phase":3,"phase_seconds":0.0,"pose":true,"seconds":8.05534600000005,"snapshots":212,"starts":1}
PORT_NATIVE_TRACE {"ack":408,"actor_id":1,"controls":{"crouch":false,"fire":false,"interact":false,"jump":false,"mobility":false,"pitch":0.0,"reload":false,"sprint":false,"x":0.0,"yaw":0.231000006198883,"z":0.0},"event":"input_queue","monotonic_usec":8132287,"phase":3,"queue_result":0,"queued":true,"round":1,"schema":1,"sequence":622}
PORT_NATIVE_TRACE {"ack":408,"actor_id":1,"controls":{"crouch":false,"fire":false,"interact":false,"jump":false,"mobility":false,"pitch":0.0,"reload":false,"sprint":false,"x":0.0,"yaw":0.231000006198883,"z":0.0},"event":"input_queue","monotonic_usec":8146076,"phase":3,"queue_result":0,"queued":true,"round":1,"schema":1,"sequence":623}
PORT_NATIVE_TRACE {"ack":411,"actor_id":1,"camera_position":[8.0,1.45000004768372,34.0],"camera_reseeded":false,"control_eligible":true,"dead":0.0,"event":"snapshot","focused":true,"health":100.0,"lifecycle":"alive","monotonic_usec":8153744,"phase":3,"pitch":0.0,"pointer_captured":false,"pose_present":true,"round":1,"schema":1,"sequence":624,"yaw":0.231000006198883}
CORRELATION_OBSERVE {"ack":411,"actor":1,"dead":0.0,"event":"snapshot","health":100.0,"seq":213.0}
PORT_NATIVE_TRACE {"ack":411,"actor_id":1,"controls":{"crouch":false,"fire":false,"interact":false,"jump":false,"mobility":false,"pitch":0.0,"reload":false,"sprint":false,"x":0.0,"yaw":0.231000006198883,"z":0.0},"event":"input_queue","monotonic_usec":8166853,"phase":3,"queue_result":0,"queued":true,"round":1,"schema":1,"sequence":625}
PORT_NATIVE_TRACE {"ack":411,"actor_id":1,"controls":{"crouch":false,"fire":false,"interact":false,"jump":false,"mobility":false,"pitch":0.0,"reload":false,"sprint":false,"x":0.0,"yaw":0.231000006198883,"z":0.0},"event":"input_queue","monotonic_usec":8180579,"phase":3,"queue_result":0,"queued":true,"round":1,"schema":1,"sequence":626}
PORT_NATIVE_TRACE {"ack":413,"actor_id":1,"camera_position":[8.0,1.45000004768372,34.0],"camera_reseeded":false,"control_eligible":true,"dead":0.0,"event":"snapshot","focused":true,"health":100.0,"lifecycle":"alive","monotonic_usec":8188412,"phase":3,"pitch":0.0,"pointer_captured":false,"pose_present":true,"round":1,"schema":1,"sequence":627,"yaw":0.231000006198883}
CORRELATION_OBSERVE {"ack":413,"actor":1,"dead":0.0,"event":"snapshot","health":100.0,"seq":214.0}
PORT_NATIVE_TRACE {"ack":413,"actor_id":1,"controls":{"crouch":false,"fire":false,"interact":false,"jump":false,"mobility":false,"pitch":0.0,"reload":false,"sprint":false,"x":0.0,"yaw":0.231000006198883,"z":0.0},"event":"input_queue","monotonic_usec":8201333,"phase":3,"queue_result":0,"queued":true,"round":1,"schema":1,"sequence":628}
PORT_NATIVE_TRACE {"ack":413,"actor_id":1,"controls":{"crouch":false,"fire":false,"interact":false,"jump":false,"mobility":false,"pitch":0.0,"reload":false,"sprint":false,"x":0.0,"yaw":0.231000006198883,"z":0.0},"event":"input_queue","monotonic_usec":8215166,"phase":3,"queue_result":0,"queued":true,"round":1,"schema":1,"sequence":629}
PORT_NATIVE_TRACE {"ack":414,"actor_id":1,"camera_position":[8.0,1.45000004768372,34.0],"camera_reseeded":false,"control_eligible":true,"dead":0.0,"event":"snapshot","focused":true,"health":100.0,"lifecycle":"alive","monotonic_usec":8215739,"phase":3,"pitch":0.0,"pointer_captured":false,"pose_present":true,"round":1,"schema":1,"sequence":630,"yaw":0.231000006198883}
CORRELATION_OBSERVE {"ack":414,"actor":1,"dead":0.0,"event":"snapshot","health":100.0,"seq":215.0}
PORT_NATIVE_TRACE {"ack":414,"actor_id":1,"controls":{"crouch":false,"fire":false,"interact":false,"jump":false,"mobility":false,"pitch":0.0,"reload":false,"sprint":false,"x":0.0,"yaw":0.231000006198883,"z":0.0},"event":"input_queue","monotonic_usec":8228906,"phase":3,"queue_result":0,"queued":true,"round":1,"schema":1,"sequence":631}
PORT_NATIVE_TRACE {"ack":414,"actor_id":1,"controls":{"crouch":false,"fire":false,"interact":false,"jump":false,"mobility":false,"pitch":0.0,"reload":false,"sprint":false,"x":0.0,"yaw":0.231000006198883,"z":0.0},"event":"input_queue","monotonic_usec":8249561,"phase":3,"queue_result":0,"queued":true,"round":1,"schema":1,"sequence":632}
PORT_NATIVE_TRACE {"ack":416,"actor_id":1,"camera_position":[8.0,1.45000004768372,34.0],"camera_reseeded":false,"control_eligible":true,"dead":0.0,"event":"snapshot","focused":true,"health":100.0,"lifecycle":"alive","monotonic_usec":8250086,"phase":3,"pitch":0.0,"pointer_captured":false,"pose_present":true,"round":1,"schema":1,"sequence":633,"yaw":0.231000006198883}
CORRELATION_OBSERVE {"ack":416,"actor":1,"dead":0.0,"event":"snapshot","health":100.0,"seq":216.0}
PORT_NATIVE_TRACE {"ack":416,"actor_id":1,"controls":{"crouch":false,"fire":false,"interact":false,"jump":false,"mobility":false,"pitch":0.0,"reload":false,"sprint":false,"x":0.0,"yaw":0.231000006198883,"z":0.0},"event":"input_queue","monotonic_usec":8263334,"phase":3,"queue_result":0,"queued":true,"round":1,"schema":1,"sequence":634}
PORT_NATIVE_TRACE {"ack":416,"actor_id":1,"controls":{"crouch":false,"fire":false,"interact":false,"jump":false,"mobility":false,"pitch":0.0,"reload":false,"sprint":false,"x":0.0,"yaw":0.231000006198883,"z":0.0},"event":"input_queue","monotonic_usec":8284028,"phase":3,"queue_result":0,"queued":true,"round":1,"schema":1,"sequence":635}
PORT_NATIVE_TRACE {"ack":418,"actor_id":1,"camera_position":[8.0,1.45000004768372,34.0],"camera_reseeded":false,"control_eligible":true,"dead":0.0,"event":"snapshot","focused":true,"health":100.0,"lifecycle":"alive","monotonic_usec":8284549,"phase":3,"pitch":0.0,"pointer_captured":false,"pose_present":true,"round":1,"schema":1,"sequence":636,"yaw":0.231000006198883}
CORRELATION_OBSERVE {"ack":418,"actor":1,"dead":0.0,"event":"snapshot","health":100.0,"seq":217.0}
PORT_NATIVE_TRACE {"ack":418,"actor_id":1,"controls":{"crouch":false,"fire":false,"interact":false,"jump":false,"mobility":false,"pitch":0.0,"reload":false,"sprint":false,"x":0.0,"yaw":0.231000006198883,"z":0.0},"event":"input_queue","monotonic_usec":8297899,"phase":3,"queue_result":0,"queued":true,"round":1,"schema":1,"sequence":637}
PORT_NATIVE_TRACE {"ack":418,"actor_id":1,"controls":{"crouch":false,"fire":false,"interact":false,"jump":false,"mobility":false,"pitch":0.0,"reload":false,"sprint":false,"x":0.0,"yaw":0.231000006198883,"z":0.0},"event":"input_queue","monotonic_usec":8318835,"phase":3,"queue_result":0,"queued":true,"round":1,"schema":1,"sequence":638}
PORT_NATIVE_TRACE {"ack":420,"actor_id":1,"camera_position":[8.0,1.45000004768372,34.0],"camera_reseeded":false,"control_eligible":true,"dead":0.0,"event":"snapshot","focused":true,"health":100.0,"lifecycle":"alive","monotonic_usec":8319788,"phase":3,"pitch":0.0,"pointer_captured":false,"pose_present":true,"round":1,"schema":1,"sequence":639,"yaw":0.231000006198883}
CORRELATION_OBSERVE {"ack":420,"actor":1,"dead":0.0,"event":"snapshot","health":100.0,"seq":218.0}
PORT_NATIVE_TRACE {"ack":420,"actor_id":1,"controls":{"crouch":false,"fire":false,"interact":false,"jump":false,"mobility":false,"pitch":0.0,"reload":false,"sprint":false,"x":0.0,"yaw":0.231000006198883,"z":0.0},"event":"input_queue","monotonic_usec":8332943,"phase":3,"queue_result":0,"queued":true,"round":1,"schema":1,"sequence":640}
PORT_NATIVE_TRACE {"ack":420,"actor_id":1,"controls":{"crouch":false,"fire":false,"interact":false,"jump":false,"mobility":false,"pitch":0.0,"reload":false,"sprint":false,"x":0.0,"yaw":0.231000006198883,"z":0.0},"event":"input_queue","monotonic_usec":8346267,"phase":3,"queue_result":0,"queued":true,"round":1,"schema":1,"sequence":641}
PORT_NATIVE_TRACE {"ack":422,"actor_id":1,"camera_position":[8.0,1.45000004768372,34.0],"camera_reseeded":false,"control_eligible":true,"dead":0.0,"event":"snapshot","focused":true,"health":100.0,"lifecycle":"alive","monotonic_usec":8347347,"phase":3,"pitch":0.0,"pointer_captured":false,"pose_present":true,"round":1,"schema":1,"sequence":642,"yaw":0.231000006198883}
CORRELATION_OBSERVE {"ack":422,"actor":1,"dead":0.0,"event":"snapshot","health":100.0,"seq":219.0}
PORT_NATIVE_TRACE {"ack":422,"actor_id":1,"controls":{"crouch":false,"fire":false,"interact":false,"jump":false,"mobility":false,"pitch":0.0,"reload":false,"sprint":false,"x":0.0,"yaw":0.231000006198883,"z":0.0},"event":"input_queue","monotonic_usec":8366916,"phase":3,"queue_result":0,"queued":true,"round":1,"schema":1,"sequence":643}
PORT_NATIVE_TRACE {"ack":422,"actor_id":1,"controls":{"crouch":false,"fire":false,"interact":false,"jump":false,"mobility":false,"pitch":0.0,"reload":false,"sprint":false,"x":0.0,"yaw":0.231000006198883,"z":0.0},"event":"input_queue","monotonic_usec":8380665,"phase":3,"queue_result":0,"queued":true,"round":1,"schema":1,"sequence":644}
PORT_NATIVE_TRACE {"ack":424,"actor_id":1,"camera_position":[8.0,1.45000004768372,34.0],"camera_reseeded":false,"control_eligible":true,"dead":0.0,"event":"snapshot","focused":true,"health":100.0,"lifecycle":"alive","monotonic_usec":8381541,"phase":3,"pitch":0.0,"pointer_captured":false,"pose_present":true,"round":1,"schema":1,"sequence":645,"yaw":0.231000006198883}
CORRELATION_OBSERVE {"ack":424,"actor":1,"dead":0.0,"event":"snapshot","health":100.0,"seq":220.0}
PORT_NATIVE_TRACE {"ack":424,"actor_id":1,"controls":{"crouch":false,"fire":false,"interact":false,"jump":false,"mobility":false,"pitch":0.0,"reload":false,"sprint":false,"x":0.0,"yaw":0.231000006198883,"z":0.0},"event":"input_queue","monotonic_usec":8402143,"phase":3,"queue_result":0,"queued":true,"round":1,"schema":1,"sequence":646}
PORT_NATIVE_TRACE {"ack":426,"actor_id":1,"camera_position":[8.0,1.45000004768372,34.0],"camera_reseeded":false,"control_eligible":true,"dead":0.0,"event":"snapshot","focused":true,"health":100.0,"lifecycle":"alive","monotonic_usec":8409219,"phase":3,"pitch":0.0,"pointer_captured":false,"pose_present":true,"round":1,"schema":1,"sequence":647,"yaw":0.231000006198883}
CORRELATION_OBSERVE {"ack":426,"actor":1,"dead":0.0,"event":"snapshot","health":100.0,"seq":221.0}
PORT_NATIVE_TRACE {"ack":426,"actor_id":1,"controls":{"crouch":false,"fire":false,"interact":false,"jump":false,"mobility":false,"pitch":0.0,"reload":false,"sprint":false,"x":0.0,"yaw":0.231000006198883,"z":0.0},"event":"input_queue","monotonic_usec":8415495,"phase":3,"queue_result":0,"queued":true,"round":1,"schema":1,"sequence":648}
PORT_NATIVE_TRACE {"ack":426,"actor_id":1,"controls":{"crouch":false,"fire":false,"interact":false,"jump":false,"mobility":false,"pitch":0.0,"reload":false,"sprint":false,"x":0.0,"yaw":0.231000006198883,"z":0.0},"event":"input_queue","monotonic_usec":8429106,"phase":3,"queue_result":0,"queued":true,"round":1,"schema":1,"sequence":649}
PORT_NATIVE_TRACE {"ack":428,"actor_id":1,"camera_position":[8.0,1.45000004768372,34.0],"camera_reseeded":false,"control_eligible":true,"dead":0.0,"event":"snapshot","focused":true,"health":100.0,"lifecycle":"alive","monotonic_usec":8444042,"phase":3,"pitch":0.0,"pointer_captured":false,"pose_present":true,"round":1,"schema":1,"sequence":650,"yaw":0.231000006198883}
CORRELATION_OBSERVE {"ack":428,"actor":1,"dead":0.0,"event":"snapshot","health":100.0,"seq":222.0}
PORT_NATIVE_TRACE {"ack":428,"actor_id":1,"controls":{"crouch":false,"fire":false,"interact":false,"jump":false,"mobility":false,"pitch":0.0,"reload":false,"sprint":false,"x":0.0,"yaw":0.231000006198883,"z":0.0},"event":"input_queue","monotonic_usec":8450013,"phase":3,"queue_result":0,"queued":true,"round":1,"schema":1,"sequence":651}
PORT_NATIVE_TRACE {"ack":428,"actor_id":1,"controls":{"crouch":false,"fire":false,"interact":false,"jump":false,"mobility":false,"pitch":0.0,"reload":false,"sprint":false,"x":0.0,"yaw":0.231000006198883,"z":0.0},"event":"input_queue","monotonic_usec":8463778,"phase":3,"queue_result":0,"queued":true,"round":1,"schema":1,"sequence":652}
PORT_NATIVE_TRACE {"ack":430,"actor_id":1,"camera_position":[8.0,1.45000004768372,34.0],"camera_reseeded":false,"control_eligible":true,"dead":0.0,"event":"snapshot","focused":true,"health":100.0,"lifecycle":"alive","monotonic_usec":8478293,"phase":3,"pitch":0.0,"pointer_captured":false,"pose_present":true,"round":1,"schema":1,"sequence":653,"yaw":0.231000006198883}
CORRELATION_OBSERVE {"ack":430,"actor":1,"dead":0.0,"event":"snapshot","health":100.0,"seq":223.0}
PORT_NATIVE_TRACE {"ack":430,"actor_id":1,"controls":{"crouch":false,"fire":false,"interact":false,"jump":false,"mobility":false,"pitch":0.0,"reload":false,"sprint":false,"x":0.0,"yaw":0.231000006198883,"z":0.0},"event":"input_queue","monotonic_usec":8484266,"phase":3,"queue_result":0,"queued":true,"round":1,"schema":1,"sequence":654}
PORT_NATIVE_TRACE {"ack":430,"actor_id":1,"controls":{"crouch":false,"fire":false,"interact":false,"jump":false,"mobility":false,"pitch":0.0,"reload":false,"sprint":false,"x":0.0,"yaw":0.231000006198883,"z":0.0},"event":"input_queue","monotonic_usec":8497975,"phase":3,"queue_result":0,"queued":true,"round":1,"schema":1,"sequence":655}
PORT_NATIVE_TRACE {"ack":432,"actor_id":1,"camera_position":[8.0,1.45000004768372,34.0],"camera_reseeded":false,"control_eligible":true,"dead":0.0,"event":"snapshot","focused":true,"health":100.0,"lifecycle":"alive","monotonic_usec":8505934,"phase":3,"pitch":0.0,"pointer_captured":false,"pose_present":true,"round":1,"schema":1,"sequence":656,"yaw":0.231000006198883}
CORRELATION_OBSERVE {"ack":432,"actor":1,"dead":0.0,"event":"snapshot","health":100.0,"seq":224.0}
PORT_NATIVE_TRACE {"ack":432,"actor_id":1,"controls":{"crouch":false,"fire":false,"interact":false,"jump":false,"mobility":false,"pitch":0.0,"reload":false,"sprint":false,"x":0.0,"yaw":0.231000006198883,"z":0.0},"event":"input_queue","monotonic_usec":8518954,"phase":3,"queue_result":0,"queued":true,"round":1,"schema":1,"sequence":657}
PORT_NATIVE_TRACE {"ack":432,"actor_id":1,"controls":{"crouch":false,"fire":false,"interact":false,"jump":false,"mobility":false,"pitch":0.0,"reload":false,"sprint":false,"x":0.0,"yaw":0.231000006198883,"z":0.0},"event":"input_queue","monotonic_usec":8532508,"phase":3,"queue_result":0,"queued":true,"round":1,"schema":1,"sequence":658}
PORT_NATIVE_TRACE {"ack":434,"actor_id":1,"camera_position":[8.0,1.45000004768372,34.0],"camera_reseeded":false,"control_eligible":true,"dead":0.0,"event":"snapshot","focused":true,"health":100.0,"lifecycle":"alive","monotonic_usec":8540239,"phase":3,"pitch":0.0,"pointer_captured":false,"pose_present":true,"round":1,"schema":1,"sequence":659,"yaw":0.231000006198883}
CORRELATION_OBSERVE {"ack":434,"actor":1,"dead":0.0,"event":"snapshot","health":100.0,"seq":225.0}
PORT_NATIVE_TRACE {"ack":434,"actor_id":1,"controls":{"crouch":false,"fire":false,"interact":false,"jump":false,"mobility":false,"pitch":0.0,"reload":false,"sprint":false,"x":0.0,"yaw":0.231000006198883,"z":0.0},"event":"input_queue","monotonic_usec":8546295,"phase":3,"queue_result":0,"queued":true,"round":1,"schema":1,"sequence":660}
PORT_NATIVE_TRACE {"ack":434,"actor_id":1,"controls":{"crouch":false,"fire":false,"interact":false,"jump":false,"mobility":false,"pitch":0.0,"reload":false,"sprint":false,"x":0.0,"yaw":0.231000006198883,"z":0.0},"event":"input_queue","monotonic_usec":8567233,"phase":3,"queue_result":0,"queued":true,"round":1,"schema":1,"sequence":661}
PORT_NATIVE_TRACE {"ack":436,"actor_id":1,"camera_position":[8.0,1.45000004768372,34.0],"camera_reseeded":false,"control_eligible":true,"dead":0.0,"event":"snapshot","focused":true,"health":100.0,"lifecycle":"alive","monotonic_usec":8574981,"phase":3,"pitch":0.0,"pointer_captured":false,"pose_present":true,"round":1,"schema":1,"sequence":662,"yaw":0.231000006198883}
CORRELATION_OBSERVE {"ack":436,"actor":1,"dead":0.0,"event":"snapshot","health":100.0,"seq":226.0}
PORT_NATIVE_TRACE {"ack":436,"actor_id":1,"controls":{"crouch":false,"fire":false,"interact":false,"jump":false,"mobility":false,"pitch":0.0,"reload":false,"sprint":false,"x":0.0,"yaw":0.231000006198883,"z":0.0},"event":"input_queue","monotonic_usec":8581067,"phase":3,"queue_result":0,"queued":true,"round":1,"schema":1,"sequence":663}
PORT_NATIVE_TRACE {"ack":436,"actor_id":1,"controls":{"crouch":false,"fire":false,"interact":false,"jump":false,"mobility":false,"pitch":0.0,"reload":false,"sprint":false,"x":0.0,"yaw":0.231000006198883,"z":0.0},"event":"input_queue","monotonic_usec":8601718,"phase":3,"queue_result":0,"queued":true,"round":1,"schema":1,"sequence":664}
PORT_NATIVE_TRACE {"ack":437,"actor_id":1,"camera_position":[8.0,1.45000004768372,34.0],"camera_reseeded":false,"control_eligible":true,"dead":0.0,"event":"snapshot","focused":true,"health":100.0,"lifecycle":"alive","monotonic_usec":8602685,"phase":3,"pitch":0.0,"pointer_captured":false,"pose_present":true,"round":1,"schema":1,"sequence":665,"yaw":0.231000006198883}
CORRELATION_OBSERVE {"ack":437,"actor":1,"dead":0.0,"event":"snapshot","health":100.0,"seq":227.0}
PORT_NATIVE_TRACE {"ack":437,"actor_id":1,"controls":{"crouch":false,"fire":false,"interact":false,"jump":false,"mobility":false,"pitch":0.0,"reload":false,"sprint":false,"x":0.0,"yaw":0.231000006198883,"z":0.0},"event":"input_queue","monotonic_usec":8615637,"phase":3,"queue_result":0,"queued":true,"round":1,"schema":1,"sequence":666}
GUEST_SAMPLE {"ack":437,"actor":1,"error":"","phase":3,"phase_seconds":0.0,"pose":true,"seconds":8.558754,"snapshots":227,"starts":1}
PORT_NATIVE_TRACE {"ack":437,"actor_id":1,"controls":{"crouch":false,"fire":false,"interact":false,"jump":false,"mobility":false,"pitch":0.0,"reload":false,"sprint":false,"x":0.0,"yaw":0.231000006198883,"z":0.0},"event":"input_queue","monotonic_usec":8629139,"phase":3,"queue_result":0,"queued":true,"round":1,"schema":1,"sequence":667}
PORT_NATIVE_TRACE {"ack":440,"actor_id":1,"camera_position":[8.0,1.45000004768372,34.0],"camera_reseeded":false,"control_eligible":true,"dead":0.0,"event":"snapshot","focused":true,"health":100.0,"lifecycle":"alive","monotonic_usec":8636796,"phase":3,"pitch":0.0,"pointer_captured":false,"pose_present":true,"round":1,"schema":1,"sequence":668,"yaw":0.231000006198883}
CORRELATION_OBSERVE {"ack":440,"actor":1,"dead":0.0,"event":"snapshot","health":100.0,"seq":228.0}
PORT_NATIVE_TRACE {"ack":440,"actor_id":1,"controls":{"crouch":false,"fire":false,"interact":false,"jump":false,"mobility":false,"pitch":0.0,"reload":false,"sprint":false,"x":0.0,"yaw":0.231000006198883,"z":0.0},"event":"input_queue","monotonic_usec":8650052,"phase":3,"queue_result":0,"queued":true,"round":1,"schema":1,"sequence":669}
PORT_NATIVE_TRACE {"ack":440,"actor_id":1,"controls":{"crouch":false,"fire":false,"interact":false,"jump":false,"mobility":false,"pitch":0.0,"reload":false,"sprint":false,"x":0.0,"yaw":0.231000006198883,"z":0.0},"event":"input_queue","monotonic_usec":8664152,"phase":3,"queue_result":0,"queued":true,"round":1,"schema":1,"sequence":670}
PORT_NATIVE_TRACE {"ack":442,"actor_id":1,"camera_position":[8.0,1.45000004768372,34.0],"camera_reseeded":false,"control_eligible":true,"dead":0.0,"event":"snapshot","focused":true,"health":100.0,"lifecycle":"alive","monotonic_usec":8671355,"phase":3,"pitch":0.0,"pointer_captured":false,"pose_present":true,"round":1,"schema":1,"sequence":671,"yaw":0.231000006198883}
CORRELATION_OBSERVE {"ack":442,"actor":1,"dead":0.0,"event":"snapshot","health":100.0,"seq":229.0}
PORT_NATIVE_TRACE {"ack":442,"actor_id":1,"controls":{"crouch":false,"fire":false,"interact":false,"jump":false,"mobility":false,"pitch":0.0,"reload":false,"sprint":false,"x":0.0,"yaw":0.231000006198883,"z":0.0},"event":"input_queue","monotonic_usec":8684546,"phase":3,"queue_result":0,"queued":true,"round":1,"schema":1,"sequence":672}
PORT_NATIVE_TRACE {"ack":442,"actor_id":1,"controls":{"crouch":false,"fire":false,"interact":false,"jump":false,"mobility":false,"pitch":0.0,"reload":false,"sprint":false,"x":0.0,"yaw":0.231000006198883,"z":0.0},"event":"input_queue","monotonic_usec":8698109,"phase":3,"queue_result":0,"queued":true,"round":1,"schema":1,"sequence":673}
PORT_NATIVE_TRACE {"ack":443,"actor_id":1,"camera_position":[8.0,1.45000004768372,34.0],"camera_reseeded":false,"control_eligible":true,"dead":0.0,"event":"snapshot","focused":true,"health":100.0,"lifecycle":"alive","monotonic_usec":8705965,"phase":3,"pitch":0.0,"pointer_captured":false,"pose_present":true,"round":1,"schema":1,"sequence":674,"yaw":0.231000006198883}
CORRELATION_OBSERVE {"ack":443,"actor":1,"dead":0.0,"event":"snapshot","health":100.0,"seq":230.0}
PORT_NATIVE_TRACE {"ack":443,"actor_id":1,"controls":{"crouch":false,"fire":false,"interact":false,"jump":false,"mobility":false,"pitch":0.0,"reload":false,"sprint":false,"x":0.0,"yaw":0.231000006198883,"z":0.0},"event":"input_queue","monotonic_usec":8719603,"phase":3,"queue_result":0,"queued":true,"round":1,"schema":1,"sequence":675}
PORT_NATIVE_TRACE {"ack":443,"actor_id":1,"controls":{"crouch":false,"fire":false,"interact":false,"jump":false,"mobility":false,"pitch":0.0,"reload":false,"sprint":false,"x":0.0,"yaw":0.231000006198883,"z":0.0},"event":"input_queue","monotonic_usec":8732671,"phase":3,"queue_result":0,"queued":true,"round":1,"schema":1,"sequence":676}
PORT_NATIVE_TRACE {"ack":445,"actor_id":1,"camera_position":[8.0,1.45000004768372,34.0],"camera_reseeded":false,"control_eligible":true,"dead":0.0,"event":"snapshot","focused":true,"health":100.0,"lifecycle":"alive","monotonic_usec":8733755,"phase":3,"pitch":0.0,"pointer_captured":false,"pose_present":true,"round":1,"schema":1,"sequence":677,"yaw":0.231000006198883}
CORRELATION_OBSERVE {"ack":445,"actor":1,"dead":0.0,"event":"snapshot","health":100.0,"seq":231.0}
PORT_NATIVE_TRACE {"ack":445,"actor_id":1,"controls":{"crouch":false,"fire":false,"interact":false,"jump":false,"mobility":false,"pitch":0.0,"reload":false,"sprint":false,"x":0.0,"yaw":0.231000006198883,"z":0.0},"event":"input_queue","monotonic_usec":8746386,"phase":3,"queue_result":0,"queued":true,"round":1,"schema":1,"sequence":678}
PORT_NATIVE_TRACE {"ack":445,"actor_id":1,"controls":{"crouch":false,"fire":false,"interact":false,"jump":false,"mobility":false,"pitch":0.0,"reload":false,"sprint":false,"x":0.0,"yaw":0.231000006198883,"z":0.0},"event":"input_queue","monotonic_usec":8767018,"phase":3,"queue_result":0,"queued":true,"round":1,"schema":1,"sequence":679}
PORT_NATIVE_TRACE {"ack":447,"actor_id":1,"camera_position":[8.0,1.45000004768372,34.0],"camera_reseeded":false,"control_eligible":true,"dead":0.0,"event":"snapshot","focused":true,"health":100.0,"lifecycle":"alive","monotonic_usec":8767497,"phase":3,"pitch":0.0,"pointer_captured":false,"pose_present":true,"round":1,"schema":1,"sequence":680,"yaw":0.231000006198883}
CORRELATION_OBSERVE {"ack":447,"actor":1,"dead":0.0,"event":"snapshot","health":100.0,"seq":232.0}
PORT_NATIVE_TRACE {"ack":447,"actor_id":1,"controls":{"crouch":false,"fire":false,"interact":false,"jump":false,"mobility":false,"pitch":0.0,"reload":false,"sprint":false,"x":0.0,"yaw":0.231000006198883,"z":0.0},"event":"input_queue","monotonic_usec":8780899,"phase":3,"queue_result":0,"queued":true,"round":1,"schema":1,"sequence":681}
PORT_NATIVE_TRACE {"ack":447,"actor_id":1,"controls":{"crouch":false,"fire":false,"interact":false,"jump":false,"mobility":false,"pitch":0.0,"reload":false,"sprint":false,"x":0.0,"yaw":0.231000006198883,"z":0.0},"event":"input_queue","monotonic_usec":8801616,"phase":3,"queue_result":0,"queued":true,"round":1,"schema":1,"sequence":682}
PORT_NATIVE_TRACE {"ack":449,"actor_id":1,"camera_position":[8.0,1.45000004768372,34.0],"camera_reseeded":false,"control_eligible":true,"dead":0.0,"event":"snapshot","focused":true,"health":100.0,"lifecycle":"alive","monotonic_usec":8802614,"phase":3,"pitch":0.0,"pointer_captured":false,"pose_present":true,"round":1,"schema":1,"sequence":683,"yaw":0.231000006198883}
CORRELATION_OBSERVE {"ack":449,"actor":1,"dead":0.0,"event":"snapshot","health":100.0,"seq":233.0}
PORT_NATIVE_TRACE {"ack":449,"actor_id":1,"controls":{"crouch":false,"fire":false,"interact":false,"jump":false,"mobility":false,"pitch":0.0,"reload":false,"sprint":false,"x":0.0,"yaw":0.231000006198883,"z":0.0},"event":"input_queue","monotonic_usec":8815320,"phase":3,"queue_result":0,"queued":true,"round":1,"schema":1,"sequence":684}
PORT_NATIVE_TRACE {"ack":449,"actor_id":1,"controls":{"crouch":false,"fire":false,"interact":false,"jump":false,"mobility":false,"pitch":0.0,"reload":false,"sprint":false,"x":0.0,"yaw":0.231000006198883,"z":0.0},"event":"input_queue","monotonic_usec":8829209,"phase":3,"queue_result":0,"queued":true,"round":1,"schema":1,"sequence":685}
PORT_NATIVE_TRACE {"ack":451,"actor_id":1,"camera_position":[8.0,1.45000004768372,34.0],"camera_reseeded":false,"control_eligible":true,"dead":0.0,"event":"snapshot","focused":true,"health":100.0,"lifecycle":"alive","monotonic_usec":8830125,"phase":3,"pitch":0.0,"pointer_captured":false,"pose_present":true,"round":1,"schema":1,"sequence":686,"yaw":0.231000006198883}
CORRELATION_OBSERVE {"ack":451,"actor":1,"dead":0.0,"event":"snapshot","health":100.0,"seq":234.0}
PORT_NATIVE_TRACE {"ack":451,"actor_id":1,"controls":{"crouch":false,"fire":false,"interact":false,"jump":false,"mobility":false,"pitch":0.0,"reload":false,"sprint":false,"x":0.0,"yaw":0.231000006198883,"z":0.0},"event":"input_queue","monotonic_usec":8849882,"phase":3,"queue_result":0,"queued":true,"round":1,"schema":1,"sequence":687}
PORT_NATIVE_TRACE {"ack":451,"actor_id":1,"controls":{"crouch":false,"fire":false,"interact":false,"jump":false,"mobility":false,"pitch":0.0,"reload":false,"sprint":false,"x":0.0,"yaw":0.231000006198883,"z":0.0},"event":"input_queue","monotonic_usec":8863986,"phase":3,"queue_result":0,"queued":true,"round":1,"schema":1,"sequence":688}
PORT_NATIVE_TRACE {"ack":453,"actor_id":1,"camera_position":[8.0,1.45000004768372,34.0],"camera_reseeded":false,"control_eligible":true,"dead":0.0,"event":"snapshot","focused":true,"health":100.0,"lifecycle":"alive","monotonic_usec":8865111,"phase":3,"pitch":0.0,"pointer_captured":false,"pose_present":true,"round":1,"schema":1,"sequence":689,"yaw":0.231000006198883}
CORRELATION_OBSERVE {"ack":453,"actor":1,"dead":0.0,"event":"snapshot","health":100.0,"seq":235.0}
PORT_NATIVE_TRACE {"ack":453,"actor_id":1,"controls":{"crouch":false,"fire":false,"interact":false,"jump":false,"mobility":false,"pitch":0.0,"reload":false,"sprint":false,"x":0.0,"yaw":0.231000006198883,"z":0.0},"event":"input_queue","monotonic_usec":8884308,"phase":3,"queue_result":0,"queued":true,"round":1,"schema":1,"sequence":690}
PORT_NATIVE_TRACE {"ack":453,"actor_id":1,"controls":{"crouch":false,"fire":false,"interact":false,"jump":false,"mobility":false,"pitch":0.0,"reload":false,"sprint":false,"x":0.0,"yaw":0.231000006198883,"z":0.0},"event":"input_queue","monotonic_usec":8898228,"phase":3,"queue_result":0,"queued":true,"round":1,"schema":1,"sequence":691}
PORT_NATIVE_TRACE {"ack":455,"actor_id":1,"camera_position":[8.0,1.45000004768372,34.0],"camera_reseeded":false,"control_eligible":true,"dead":0.0,"event":"snapshot","focused":true,"health":100.0,"lifecycle":"alive","monotonic_usec":8899071,"phase":3,"pitch":0.0,"pointer_captured":false,"pose_present":true,"round":1,"schema":1,"sequence":692,"yaw":0.231000006198883}
CORRELATION_OBSERVE {"ack":455,"actor":1,"dead":0.0,"event":"snapshot","health":100.0,"seq":236.0}
PORT_NATIVE_TRACE {"ack":455,"actor_id":1,"controls":{"crouch":false,"fire":false,"interact":false,"jump":false,"mobility":false,"pitch":0.0,"reload":false,"sprint":false,"x":0.0,"yaw":0.231000006198883,"z":0.0},"event":"input_queue","monotonic_usec":8918891,"phase":3,"queue_result":0,"queued":true,"round":1,"schema":1,"sequence":693}
PORT_NATIVE_TRACE {"ack":457,"actor_id":1,"camera_position":[8.0,1.45000004768372,34.0],"camera_reseeded":false,"control_eligible":true,"dead":0.0,"event":"snapshot","focused":true,"health":100.0,"lifecycle":"alive","monotonic_usec":8927022,"phase":3,"pitch":0.0,"pointer_captured":false,"pose_present":true,"round":1,"schema":1,"sequence":694,"yaw":0.231000006198883}
CORRELATION_OBSERVE {"ack":457,"actor":1,"dead":0.0,"event":"snapshot","health":100.0,"seq":237.0}
PORT_NATIVE_TRACE {"ack":457,"actor_id":1,"controls":{"crouch":false,"fire":false,"interact":false,"jump":false,"mobility":false,"pitch":0.0,"reload":false,"sprint":false,"x":0.0,"yaw":0.231000006198883,"z":0.0},"event":"input_queue","monotonic_usec":8933252,"phase":3,"queue_result":0,"queued":true,"round":1,"schema":1,"sequence":695}
PORT_NATIVE_TRACE {"ack":457,"actor_id":1,"controls":{"crouch":false,"fire":false,"interact":false,"jump":false,"mobility":false,"pitch":0.0,"reload":false,"sprint":false,"x":0.0,"yaw":0.231000006198883,"z":0.0},"event":"input_queue","monotonic_usec":8946623,"phase":3,"queue_result":0,"queued":true,"round":1,"schema":1,"sequence":696}
PORT_NATIVE_TRACE {"ack":459,"actor_id":1,"camera_position":[8.0,1.45000004768372,34.0],"camera_reseeded":false,"control_eligible":true,"dead":0.0,"event":"snapshot","focused":true,"health":100.0,"lifecycle":"alive","monotonic_usec":8960848,"phase":3,"pitch":0.0,"pointer_captured":false,"pose_present":true,"round":1,"schema":1,"sequence":697,"yaw":0.231000006198883}
CORRELATION_OBSERVE {"ack":459,"actor":1,"dead":0.0,"event":"snapshot","health":100.0,"seq":238.0}
PORT_NATIVE_TRACE {"ack":459,"actor_id":1,"controls":{"crouch":false,"fire":false,"interact":false,"jump":false,"mobility":false,"pitch":0.0,"reload":false,"sprint":false,"x":0.0,"yaw":0.231000006198883,"z":0.0},"event":"input_queue","monotonic_usec":8967510,"phase":3,"queue_result":0,"queued":true,"round":1,"schema":1,"sequence":698}
PORT_NATIVE_TRACE {"ack":459,"actor_id":1,"controls":{"crouch":false,"fire":false,"interact":false,"jump":false,"mobility":false,"pitch":0.0,"reload":false,"sprint":false,"x":0.0,"yaw":0.231000006198883,"z":0.0},"event":"input_queue","monotonic_usec":8980983,"phase":3,"queue_result":0,"queued":true,"round":1,"schema":1,"sequence":699}
PORT_NATIVE_TRACE {"ack":461,"actor_id":1,"camera_position":[8.0,1.45000004768372,34.0],"camera_reseeded":false,"control_eligible":true,"dead":0.0,"event":"snapshot","focused":true,"health":100.0,"lifecycle":"alive","monotonic_usec":8996018,"phase":3,"pitch":0.0,"pointer_captured":false,"pose_present":true,"round":1,"schema":1,"sequence":700,"yaw":0.231000006198883}
CORRELATION_OBSERVE {"ack":461,"actor":1,"dead":0.0,"event":"snapshot","health":100.0,"seq":239.0}
PORT_NATIVE_TRACE {"ack":461,"actor_id":1,"controls":{"crouch":false,"fire":false,"interact":false,"jump":false,"mobility":false,"pitch":0.0,"reload":false,"sprint":false,"x":0.0,"yaw":0.231000006198883,"z":0.0},"event":"input_queue","monotonic_usec":9001989,"phase":3,"queue_result":0,"queued":true,"round":1,"schema":1,"sequence":701}
PORT_NATIVE_TRACE {"ack":461,"actor_id":1,"controls":{"crouch":false,"fire":false,"interact":false,"jump":false,"mobility":false,"pitch":0.0,"reload":false,"sprint":false,"x":0.0,"yaw":0.231000006198883,"z":0.0},"event":"input_queue","monotonic_usec":9015484,"phase":3,"queue_result":0,"queued":true,"round":1,"schema":1,"sequence":702}
PORT_NATIVE_TRACE {"ack":463,"actor_id":1,"camera_position":[8.0,1.45000004768372,34.0],"camera_reseeded":false,"control_eligible":true,"dead":0.0,"event":"snapshot","focused":true,"health":100.0,"lifecycle":"alive","monotonic_usec":9023422,"phase":3,"pitch":0.0,"pointer_captured":false,"pose_present":true,"round":1,"schema":1,"sequence":703,"yaw":0.231000006198883}
CORRELATION_OBSERVE {"ack":463,"actor":1,"dead":0.0,"event":"snapshot","health":100.0,"seq":240.0}
PORT_NATIVE_TRACE {"ack":463,"actor_id":1,"controls":{"crouch":false,"fire":false,"interact":false,"jump":false,"mobility":false,"pitch":0.0,"reload":false,"sprint":false,"x":0.0,"yaw":0.231000006198883,"z":0.0},"event":"input_queue","monotonic_usec":9029317,"phase":3,"queue_result":0,"queued":true,"round":1,"schema":1,"sequence":704}
PORT_NATIVE_TRACE {"ack":463,"actor_id":1,"controls":{"crouch":false,"fire":false,"interact":false,"jump":false,"mobility":false,"pitch":0.0,"reload":false,"sprint":false,"x":0.0,"yaw":0.231000006198883,"z":0.0},"event":"input_queue","monotonic_usec":9050146,"phase":3,"queue_result":0,"queued":true,"round":1,"schema":1,"sequence":705}
PORT_NATIVE_TRACE {"ack":465,"actor_id":1,"camera_position":[8.0,1.45000004768372,34.0],"camera_reseeded":false,"control_eligible":true,"dead":0.0,"event":"snapshot","focused":true,"health":100.0,"lifecycle":"alive","monotonic_usec":9058151,"phase":3,"pitch":0.0,"pointer_captured":false,"pose_present":true,"round":1,"schema":1,"sequence":706,"yaw":0.231000006198883}
CORRELATION_OBSERVE {"ack":465,"actor":1,"dead":0.0,"event":"snapshot","health":100.0,"seq":241.0}
PORT_NATIVE_TRACE {"ack":465,"actor_id":1,"controls":{"crouch":false,"fire":false,"interact":false,"jump":false,"mobility":false,"pitch":0.0,"reload":false,"sprint":false,"x":0.0,"yaw":0.231000006198883,"z":0.0},"event":"input_queue","monotonic_usec":9064357,"phase":3,"queue_result":0,"queued":true,"round":1,"schema":1,"sequence":707}
PORT_NATIVE_TRACE {"ack":465,"actor_id":1,"controls":{"crouch":false,"fire":false,"interact":false,"jump":false,"mobility":false,"pitch":0.0,"reload":false,"sprint":false,"x":0.0,"yaw":0.231000006198883,"z":0.0},"event":"input_queue","monotonic_usec":9085599,"phase":3,"queue_result":0,"queued":true,"round":1,"schema":1,"sequence":708}
PORT_NATIVE_TRACE {"ack":466,"actor_id":1,"camera_position":[8.0,1.45000004768372,34.0],"camera_reseeded":false,"control_eligible":true,"dead":0.0,"event":"snapshot","focused":true,"health":100.0,"lifecycle":"alive","monotonic_usec":9092523,"phase":3,"pitch":0.0,"pointer_captured":false,"pose_present":true,"round":1,"schema":1,"sequence":709,"yaw":0.231000006198883}
CORRELATION_OBSERVE {"ack":466,"actor":1,"dead":0.0,"event":"snapshot","health":100.0,"seq":242.0}
PORT_NATIVE_TRACE {"ack":466,"actor_id":1,"controls":{"crouch":false,"fire":false,"interact":false,"jump":false,"mobility":false,"pitch":0.0,"reload":false,"sprint":false,"x":0.0,"yaw":0.231000006198883,"z":0.0},"event":"input_queue","monotonic_usec":9098359,"phase":3,"queue_result":0,"queued":true,"round":1,"schema":1,"sequence":710}
PORT_NATIVE_TRACE {"ack":466,"actor_id":1,"controls":{"crouch":false,"fire":false,"interact":false,"jump":false,"mobility":false,"pitch":0.0,"reload":false,"sprint":false,"x":0.0,"yaw":0.231000006198883,"z":0.0},"event":"input_queue","monotonic_usec":9119105,"phase":3,"queue_result":0,"queued":true,"round":1,"schema":1,"sequence":711}
PORT_NATIVE_TRACE {"ack":468,"actor_id":1,"camera_position":[8.0,1.45000004768372,34.0],"camera_reseeded":false,"control_eligible":true,"dead":0.0,"event":"snapshot","focused":true,"health":100.0,"lifecycle":"alive","monotonic_usec":9127325,"phase":3,"pitch":0.0,"pointer_captured":false,"pose_present":true,"round":1,"schema":1,"sequence":712,"yaw":0.231000006198883}
CORRELATION_OBSERVE {"ack":468,"actor":1,"dead":0.0,"event":"snapshot","health":100.0,"seq":243.0}
GUEST_SAMPLE {"ack":468,"actor":1,"error":"","phase":3,"phase_seconds":0.0,"pose":true,"seconds":9.06216199999995,"snapshots":243,"starts":1}
PORT_NATIVE_TRACE {"ack":468,"actor_id":1,"controls":{"crouch":false,"fire":false,"interact":false,"jump":false,"mobility":false,"pitch":0.0,"reload":false,"sprint":false,"x":0.0,"yaw":0.231000006198883,"z":0.0},"event":"input_queue","monotonic_usec":9133276,"phase":3,"queue_result":0,"queued":true,"round":1,"schema":1,"sequence":713}
PORT_NATIVE_TRACE {"ack":468,"actor_id":1,"controls":{"crouch":false,"fire":false,"interact":false,"jump":false,"mobility":false,"pitch":0.0,"reload":false,"sprint":false,"x":0.0,"yaw":0.231000006198883,"z":0.0},"event":"input_queue","monotonic_usec":9147029,"phase":3,"queue_result":0,"queued":true,"round":1,"schema":1,"sequence":714}
PORT_NATIVE_TRACE {"ack":471,"actor_id":1,"camera_position":[8.0,1.45000004768372,34.0],"camera_reseeded":false,"control_eligible":true,"dead":0.0,"event":"snapshot","focused":true,"health":100.0,"lifecycle":"alive","monotonic_usec":9154329,"phase":3,"pitch":0.0,"pointer_captured":false,"pose_present":true,"round":1,"schema":1,"sequence":715,"yaw":0.231000006198883}
CORRELATION_OBSERVE {"ack":471,"actor":1,"dead":0.0,"event":"snapshot","health":100.0,"seq":244.0}
PORT_NATIVE_TRACE {"ack":471,"actor_id":1,"controls":{"crouch":false,"fire":false,"interact":false,"jump":false,"mobility":false,"pitch":0.0,"reload":false,"sprint":false,"x":0.0,"yaw":0.231000006198883,"z":0.0},"event":"input_queue","monotonic_usec":9167337,"phase":3,"queue_result":0,"queued":true,"round":1,"schema":1,"sequence":716}
PORT_NATIVE_TRACE {"ack":471,"actor_id":1,"controls":{"crouch":false,"fire":false,"interact":false,"jump":false,"mobility":false,"pitch":0.0,"reload":false,"sprint":false,"x":0.0,"yaw":0.231000006198883,"z":0.0},"event":"input_queue","monotonic_usec":9181083,"phase":3,"queue_result":0,"queued":true,"round":1,"schema":1,"sequence":717}
PORT_NATIVE_TRACE {"ack":473,"actor_id":1,"camera_position":[8.0,1.45000004768372,34.0],"camera_reseeded":false,"control_eligible":true,"dead":0.0,"event":"snapshot","focused":true,"health":100.0,"lifecycle":"alive","monotonic_usec":9188793,"phase":3,"pitch":0.0,"pointer_captured":false,"pose_present":true,"round":1,"schema":1,"sequence":718,"yaw":0.231000006198883}
CORRELATION_OBSERVE {"ack":473,"actor":1,"dead":0.0,"event":"snapshot","health":100.0,"seq":245.0}
PORT_NATIVE_TRACE {"ack":473,"actor_id":1,"controls":{"crouch":false,"fire":false,"interact":false,"jump":false,"mobility":false,"pitch":0.0,"reload":false,"sprint":false,"x":0.0,"yaw":0.231000006198883,"z":0.0},"event":"input_queue","monotonic_usec":9201972,"phase":3,"queue_result":0,"queued":true,"round":1,"schema":1,"sequence":719}
PORT_NATIVE_TRACE {"ack":473,"actor_id":1,"controls":{"crouch":false,"fire":false,"interact":false,"jump":false,"mobility":false,"pitch":0.0,"reload":false,"sprint":false,"x":0.0,"yaw":0.231000006198883,"z":0.0},"event":"input_queue","monotonic_usec":9215532,"phase":3,"queue_result":0,"queued":true,"round":1,"schema":1,"sequence":720}
PORT_NATIVE_TRACE {"ack":474,"actor_id":1,"camera_position":[8.0,1.45000004768372,34.0],"camera_reseeded":false,"control_eligible":true,"dead":0.0,"event":"snapshot","focused":true,"health":100.0,"lifecycle":"alive","monotonic_usec":9223960,"phase":3,"pitch":0.0,"pointer_captured":false,"pose_present":true,"round":1,"schema":1,"sequence":721,"yaw":0.231000006198883}
CORRELATION_OBSERVE {"ack":474,"actor":1,"dead":0.0,"event":"snapshot","health":100.0,"seq":246.0}
PORT_NATIVE_TRACE {"ack":474,"actor_id":1,"controls":{"crouch":false,"fire":false,"interact":false,"jump":false,"mobility":false,"pitch":0.0,"reload":false,"sprint":false,"x":0.0,"yaw":0.231000006198883,"z":0.0},"event":"input_queue","monotonic_usec":9229379,"phase":3,"queue_result":0,"queued":true,"round":1,"schema":1,"sequence":722}
PORT_NATIVE_TRACE {"ack":474,"actor_id":1,"controls":{"crouch":false,"fire":false,"interact":false,"jump":false,"mobility":false,"pitch":0.0,"reload":false,"sprint":false,"x":0.0,"yaw":0.231000006198883,"z":0.0},"event":"input_queue","monotonic_usec":9250156,"phase":3,"queue_result":0,"queued":true,"round":1,"schema":1,"sequence":723}
PORT_NATIVE_TRACE {"ack":476,"actor_id":1,"camera_position":[8.0,1.45000004768372,34.0],"camera_reseeded":false,"control_eligible":true,"dead":0.0,"event":"snapshot","focused":true,"health":100.0,"lifecycle":"alive","monotonic_usec":9250911,"phase":3,"pitch":0.0,"pointer_captured":false,"pose_present":true,"round":1,"schema":1,"sequence":724,"yaw":0.231000006198883}
CORRELATION_OBSERVE {"ack":476,"actor":1,"dead":0.0,"event":"snapshot","health":100.0,"seq":247.0}
PORT_NATIVE_TRACE {"ack":476,"actor_id":1,"controls":{"crouch":false,"fire":false,"interact":false,"jump":false,"mobility":false,"pitch":0.0,"reload":false,"sprint":false,"x":0.0,"yaw":0.231000006198883,"z":0.0},"event":"input_queue","monotonic_usec":9264193,"phase":3,"queue_result":0,"queued":true,"round":1,"schema":1,"sequence":725}
PORT_NATIVE_TRACE {"ack":476,"actor_id":1,"controls":{"crouch":false,"fire":false,"interact":false,"jump":false,"mobility":false,"pitch":0.0,"reload":false,"sprint":false,"x":0.0,"yaw":0.231000006198883,"z":0.0},"event":"input_queue","monotonic_usec":9285085,"phase":3,"queue_result":0,"queued":true,"round":1,"schema":1,"sequence":726}
PORT_NATIVE_TRACE {"ack":478,"actor_id":1,"camera_position":[8.0,1.45000004768372,34.0],"camera_reseeded":false,"control_eligible":true,"dead":0.0,"event":"snapshot","focused":true,"health":100.0,"lifecycle":"alive","monotonic_usec":9286267,"phase":3,"pitch":0.0,"pointer_captured":false,"pose_present":true,"round":1,"schema":1,"sequence":727,"yaw":0.231000006198883}
CORRELATION_OBSERVE {"ack":478,"actor":1,"dead":0.0,"event":"snapshot","health":100.0,"seq":248.0}
PORT_NATIVE_TRACE {"ack":478,"actor_id":1,"controls":{"crouch":false,"fire":false,"interact":false,"jump":false,"mobility":false,"pitch":0.0,"reload":false,"sprint":false,"x":0.0,"yaw":0.231000006198883,"z":0.0},"event":"input_queue","monotonic_usec":9298639,"phase":3,"queue_result":0,"queued":true,"round":1,"schema":1,"sequence":728}
PORT_NATIVE_TRACE {"ack":478,"actor_id":1,"controls":{"crouch":false,"fire":false,"interact":false,"jump":false,"mobility":false,"pitch":0.0,"reload":false,"sprint":false,"x":0.0,"yaw":0.231000006198883,"z":0.0},"event":"input_queue","monotonic_usec":9319124,"phase":3,"queue_result":0,"queued":true,"round":1,"schema":1,"sequence":729}
PORT_NATIVE_TRACE {"ack":480,"actor_id":1,"camera_position":[8.0,1.45000004768372,34.0],"camera_reseeded":false,"control_eligible":true,"dead":0.0,"event":"snapshot","focused":true,"health":100.0,"lifecycle":"alive","monotonic_usec":9319679,"phase":3,"pitch":0.0,"pointer_captured":false,"pose_present":true,"round":1,"schema":1,"sequence":730,"yaw":0.231000006198883}
CORRELATION_OBSERVE {"ack":480,"actor":1,"dead":0.0,"event":"snapshot","health":100.0,"seq":249.0}
PORT_NATIVE_TRACE {"ack":480,"actor_id":1,"controls":{"crouch":false,"fire":false,"interact":false,"jump":false,"mobility":false,"pitch":0.0,"reload":false,"sprint":false,"x":0.0,"yaw":0.231000006198883,"z":0.0},"event":"input_queue","monotonic_usec":9333073,"phase":3,"queue_result":0,"queued":true,"round":1,"schema":1,"sequence":731}
PORT_NATIVE_TRACE {"ack":480,"actor_id":1,"controls":{"crouch":false,"fire":false,"interact":false,"jump":false,"mobility":false,"pitch":0.0,"reload":false,"sprint":false,"x":0.0,"yaw":0.231000006198883,"z":0.0},"event":"input_queue","monotonic_usec":9346677,"phase":3,"queue_result":0,"queued":true,"round":1,"schema":1,"sequence":732}
PORT_NATIVE_TRACE {"ack":482,"actor_id":1,"camera_position":[8.0,1.45000004768372,34.0],"camera_reseeded":false,"control_eligible":true,"dead":0.0,"event":"snapshot","focused":true,"health":100.0,"lifecycle":"alive","monotonic_usec":9354484,"phase":3,"pitch":0.0,"pointer_captured":false,"pose_present":true,"round":1,"schema":1,"sequence":733,"yaw":0.231000006198883}
CORRELATION_OBSERVE {"ack":482,"actor":1,"dead":0.0,"event":"snapshot","health":100.0,"seq":250.0}
PORT_NATIVE_TRACE {"ack":482,"actor_id":1,"controls":{"crouch":false,"fire":false,"interact":false,"jump":false,"mobility":false,"pitch":0.0,"reload":false,"sprint":false,"x":0.0,"yaw":0.231000006198883,"z":0.0},"event":"input_queue","monotonic_usec":9367394,"phase":3,"queue_result":0,"queued":true,"round":1,"schema":1,"sequence":734}
PORT_NATIVE_TRACE {"ack":482,"actor_id":1,"controls":{"crouch":false,"fire":false,"interact":false,"jump":false,"mobility":false,"pitch":0.0,"reload":false,"sprint":false,"x":0.0,"yaw":0.231000006198883,"z":0.0},"event":"input_queue","monotonic_usec":9381242,"phase":3,"queue_result":0,"queued":true,"round":1,"schema":1,"sequence":735}
PORT_NATIVE_TRACE {"ack":484,"actor_id":1,"camera_position":[8.0,1.45000004768372,34.0],"camera_reseeded":false,"control_eligible":true,"dead":0.0,"event":"snapshot","focused":true,"health":100.0,"lifecycle":"alive","monotonic_usec":9382264,"phase":3,"pitch":0.0,"pointer_captured":false,"pose_present":true,"round":1,"schema":1,"sequence":736,"yaw":0.231000006198883}
CORRELATION_OBSERVE {"ack":484,"actor":1,"dead":0.0,"event":"snapshot","health":100.0,"seq":251.0}
PORT_NATIVE_TRACE {"ack":484,"actor_id":1,"controls":{"crouch":false,"fire":false,"interact":false,"jump":false,"mobility":false,"pitch":0.0,"reload":false,"sprint":false,"x":0.0,"yaw":0.231000006198883,"z":0.0},"event":"input_queue","monotonic_usec":9401834,"phase":3,"queue_result":0,"queued":true,"round":1,"schema":1,"sequence":737}
PORT_NATIVE_TRACE {"ack":484,"actor_id":1,"controls":{"crouch":false,"fire":false,"interact":false,"jump":false,"mobility":false,"pitch":0.0,"reload":false,"sprint":false,"x":0.0,"yaw":0.231000006198883,"z":0.0},"event":"input_queue","monotonic_usec":9415673,"phase":3,"queue_result":0,"queued":true,"round":1,"schema":1,"sequence":738}
PORT_NATIVE_TRACE {"ack":486,"actor_id":1,"camera_position":[8.0,1.45000004768372,34.0],"camera_reseeded":false,"control_eligible":true,"dead":0.0,"event":"snapshot","focused":true,"health":100.0,"lifecycle":"alive","monotonic_usec":9416583,"phase":3,"pitch":0.0,"pointer_captured":false,"pose_present":true,"round":1,"schema":1,"sequence":739,"yaw":0.231000006198883}
CORRELATION_OBSERVE {"ack":486,"actor":1,"dead":0.0,"event":"snapshot","health":100.0,"seq":252.0}
PORT_NATIVE_TRACE {"ack":486,"actor_id":1,"controls":{"crouch":false,"fire":false,"interact":false,"jump":false,"mobility":false,"pitch":0.0,"reload":false,"sprint":false,"x":0.0,"yaw":0.231000006198883,"z":0.0},"event":"input_queue","monotonic_usec":9429501,"phase":3,"queue_result":0,"queued":true,"round":1,"schema":1,"sequence":740}
PORT_NATIVE_TRACE {"ack":486,"actor_id":1,"controls":{"crouch":false,"fire":false,"interact":false,"jump":false,"mobility":false,"pitch":0.0,"reload":false,"sprint":false,"x":0.0,"yaw":0.231000006198883,"z":0.0},"event":"input_queue","monotonic_usec":9450194,"phase":3,"queue_result":0,"queued":true,"round":1,"schema":1,"sequence":741}
PORT_NATIVE_TRACE {"ack":488,"actor_id":1,"camera_position":[8.0,1.45000004768372,34.0],"camera_reseeded":false,"control_eligible":true,"dead":0.0,"event":"snapshot","focused":true,"health":100.0,"lifecycle":"alive","monotonic_usec":9450838,"phase":3,"pitch":0.0,"pointer_captured":false,"pose_present":true,"round":1,"schema":1,"sequence":742,"yaw":0.231000006198883}
CORRELATION_OBSERVE {"ack":488,"actor":1,"dead":0.0,"event":"snapshot","health":100.0,"seq":253.0}
PORT_NATIVE_TRACE {"ack":488,"actor_id":1,"controls":{"crouch":false,"fire":false,"interact":false,"jump":false,"mobility":false,"pitch":0.0,"reload":false,"sprint":false,"x":0.0,"yaw":0.231000006198883,"z":0.0},"event":"input_queue","monotonic_usec":9464018,"phase":3,"queue_result":0,"queued":true,"round":1,"schema":1,"sequence":743}
PORT_NATIVE_TRACE {"ack":490,"actor_id":1,"camera_position":[8.0,1.45000004768372,34.0],"camera_reseeded":false,"control_eligible":true,"dead":0.0,"event":"snapshot","focused":true,"health":100.0,"lifecycle":"alive","monotonic_usec":9478550,"phase":3,"pitch":0.0,"pointer_captured":false,"pose_present":true,"round":1,"schema":1,"sequence":744,"yaw":0.231000006198883}
CORRELATION_OBSERVE {"ack":490,"actor":1,"dead":0.0,"event":"snapshot","health":100.0,"seq":254.0}
PORT_NATIVE_TRACE {"ack":490,"actor_id":1,"controls":{"crouch":false,"fire":false,"interact":false,"jump":false,"mobility":false,"pitch":0.0,"reload":false,"sprint":false,"x":0.0,"yaw":0.231000006198883,"z":0.0},"event":"input_queue","monotonic_usec":9485295,"phase":3,"queue_result":0,"queued":true,"round":1,"schema":1,"sequence":745}
PORT_NATIVE_TRACE {"ack":490,"actor_id":1,"controls":{"crouch":false,"fire":false,"interact":false,"jump":false,"mobility":false,"pitch":0.0,"reload":false,"sprint":false,"x":0.0,"yaw":0.231000006198883,"z":0.0},"event":"input_queue","monotonic_usec":9499101,"phase":3,"queue_result":0,"queued":true,"round":1,"schema":1,"sequence":746}
PORT_NATIVE_TRACE {"ack":492,"actor_id":1,"camera_position":[8.0,1.45000004768372,34.0],"camera_reseeded":false,"control_eligible":true,"dead":0.0,"event":"snapshot","focused":true,"health":100.0,"lifecycle":"alive","monotonic_usec":9513233,"phase":3,"pitch":0.0,"pointer_captured":false,"pose_present":true,"round":1,"schema":1,"sequence":747,"yaw":0.231000006198883}
CORRELATION_OBSERVE {"ack":492,"actor":1,"dead":0.0,"event":"snapshot","health":100.0,"seq":255.0}
PORT_NATIVE_TRACE {"ack":492,"actor_id":1,"controls":{"crouch":false,"fire":false,"interact":false,"jump":false,"mobility":false,"pitch":0.0,"reload":false,"sprint":false,"x":0.0,"yaw":0.231000006198883,"z":0.0},"event":"input_queue","monotonic_usec":9519537,"phase":3,"queue_result":0,"queued":true,"round":1,"schema":1,"sequence":748}
PORT_NATIVE_TRACE {"ack":492,"actor_id":1,"controls":{"crouch":false,"fire":false,"interact":false,"jump":false,"mobility":false,"pitch":0.0,"reload":false,"sprint":false,"x":0.0,"yaw":0.231000006198883,"z":0.0},"event":"input_queue","monotonic_usec":9533770,"phase":3,"queue_result":0,"queued":true,"round":1,"schema":1,"sequence":749}
PORT_NATIVE_TRACE {"ack":492,"actor_id":1,"controls":{"crouch":false,"fire":false,"interact":false,"jump":false,"mobility":false,"pitch":0.0,"reload":false,"sprint":false,"x":0.0,"yaw":0.231000006198883,"z":0.0},"event":"input_queue","monotonic_usec":9548057,"phase":3,"queue_result":0,"queued":true,"round":1,"schema":1,"sequence":750}
PORT_NATIVE_TRACE {"ack":494,"actor_id":1,"camera_position":[8.0,1.45000004768372,34.0],"camera_reseeded":false,"control_eligible":true,"dead":0.0,"event":"snapshot","focused":true,"health":100.0,"lifecycle":"alive","monotonic_usec":9549018,"phase":3,"pitch":0.0,"pointer_captured":false,"pose_present":true,"round":1,"schema":1,"sequence":751,"yaw":0.231000006198883}
CORRELATION_OBSERVE {"ack":494,"actor":1,"dead":0.0,"event":"snapshot","health":100.0,"seq":256.0}
PORT_NATIVE_TRACE {"ack":494,"actor_id":1,"controls":{"crouch":false,"fire":false,"interact":false,"jump":false,"mobility":false,"pitch":0.0,"reload":false,"sprint":false,"x":0.0,"yaw":0.231000006198883,"z":0.0},"event":"input_queue","monotonic_usec":9567754,"phase":3,"queue_result":0,"queued":true,"round":1,"schema":1,"sequence":752}
PORT_NATIVE_TRACE {"ack":494,"actor_id":1,"controls":{"crouch":false,"fire":false,"interact":false,"jump":false,"mobility":false,"pitch":0.0,"reload":false,"sprint":false,"x":0.0,"yaw":0.231000006198883,"z":0.0},"event":"input_queue","monotonic_usec":9581213,"phase":3,"queue_result":0,"queued":true,"round":1,"schema":1,"sequence":753}
PORT_NATIVE_TRACE {"ack":496,"actor_id":1,"camera_position":[8.0,1.45000004768372,34.0],"camera_reseeded":false,"control_eligible":true,"dead":0.0,"event":"snapshot","focused":true,"health":100.0,"lifecycle":"alive","monotonic_usec":9581890,"phase":3,"pitch":0.0,"pointer_captured":false,"pose_present":true,"round":1,"schema":1,"sequence":754,"yaw":0.231000006198883}
CORRELATION_OBSERVE {"ack":496,"actor":1,"dead":0.0,"event":"snapshot","health":100.0,"seq":257.0}
PORT_NATIVE_TRACE {"ack":496,"actor_id":1,"controls":{"crouch":false,"fire":false,"interact":false,"jump":false,"mobility":false,"pitch":0.0,"reload":false,"sprint":false,"x":0.0,"yaw":0.231000006198883,"z":0.0},"event":"input_queue","monotonic_usec":9602009,"phase":3,"queue_result":0,"queued":true,"round":1,"schema":1,"sequence":755}
PORT_NATIVE_TRACE {"ack":498,"actor_id":1,"camera_position":[8.0,1.45000004768372,34.0],"camera_reseeded":false,"control_eligible":true,"dead":0.0,"event":"snapshot","focused":true,"health":100.0,"lifecycle":"alive","monotonic_usec":9610286,"phase":3,"pitch":0.0,"pointer_captured":false,"pose_present":true,"round":1,"schema":1,"sequence":756,"yaw":0.231000006198883}
CORRELATION_OBSERVE {"ack":498,"actor":1,"dead":0.0,"event":"snapshot","health":100.0,"seq":258.0}
PORT_NATIVE_TRACE {"ack":498,"actor_id":1,"controls":{"crouch":false,"fire":false,"interact":false,"jump":false,"mobility":false,"pitch":0.0,"reload":false,"sprint":false,"x":0.0,"yaw":0.231000006198883,"z":0.0},"event":"input_queue","monotonic_usec":9616346,"phase":3,"queue_result":0,"queued":true,"round":1,"schema":1,"sequence":757}
PORT_NATIVE_TRACE {"ack":498,"actor_id":1,"controls":{"crouch":false,"fire":false,"interact":false,"jump":false,"mobility":false,"pitch":0.0,"reload":false,"sprint":false,"x":0.0,"yaw":0.231000006198883,"z":0.0},"event":"input_queue","monotonic_usec":9629770,"phase":3,"queue_result":0,"queued":true,"round":1,"schema":1,"sequence":758}
GUEST_SAMPLE {"ack":498,"actor":1,"error":"","phase":3,"phase_seconds":0.0,"pose":true,"seconds":9.56556999999991,"snapshots":258,"starts":1}
PORT_NATIVE_TRACE {"ack":500,"actor_id":1,"camera_position":[8.0,1.45000004768372,34.0],"camera_reseeded":false,"control_eligible":true,"dead":0.0,"event":"snapshot","focused":true,"health":100.0,"lifecycle":"alive","monotonic_usec":9644316,"phase":3,"pitch":0.0,"pointer_captured":false,"pose_present":true,"round":1,"schema":1,"sequence":759,"yaw":0.231000006198883}
CORRELATION_OBSERVE {"ack":500,"actor":1,"dead":0.0,"event":"snapshot","health":100.0,"seq":259.0}
PORT_NATIVE_TRACE {"ack":500,"actor_id":1,"controls":{"crouch":false,"fire":false,"interact":false,"jump":false,"mobility":false,"pitch":0.0,"reload":false,"sprint":false,"x":0.0,"yaw":0.231000006198883,"z":0.0},"event":"input_queue","monotonic_usec":9650333,"phase":3,"queue_result":0,"queued":true,"round":1,"schema":1,"sequence":760}
PORT_NATIVE_TRACE {"ack":500,"actor_id":1,"controls":{"crouch":false,"fire":false,"interact":false,"jump":false,"mobility":false,"pitch":0.0,"reload":false,"sprint":false,"x":0.0,"yaw":0.231000006198883,"z":0.0},"event":"input_queue","monotonic_usec":9664086,"phase":3,"queue_result":0,"queued":true,"round":1,"schema":1,"sequence":761}
PORT_NATIVE_TRACE {"ack":502,"actor_id":1,"camera_position":[8.0,1.45000004768372,34.0],"camera_reseeded":false,"control_eligible":true,"dead":0.0,"event":"snapshot","focused":true,"health":100.0,"lifecycle":"alive","monotonic_usec":9671713,"phase":3,"pitch":0.0,"pointer_captured":false,"pose_present":true,"round":1,"schema":1,"sequence":762,"yaw":0.231000006198883}
CORRELATION_OBSERVE {"ack":502,"actor":1,"dead":0.0,"event":"snapshot","health":100.0,"seq":260.0}
PORT_NATIVE_TRACE {"ack":502,"actor_id":1,"controls":{"crouch":false,"fire":false,"interact":false,"jump":false,"mobility":false,"pitch":0.0,"reload":false,"sprint":false,"x":0.0,"yaw":0.231000006198883,"z":0.0},"event":"input_queue","monotonic_usec":9685324,"phase":3,"queue_result":0,"queued":true,"round":1,"schema":1,"sequence":763}
PORT_NATIVE_TRACE {"ack":502,"actor_id":1,"controls":{"crouch":false,"fire":false,"interact":false,"jump":false,"mobility":false,"pitch":0.0,"reload":false,"sprint":false,"x":0.0,"yaw":0.231000006198883,"z":0.0},"event":"input_queue","monotonic_usec":9698902,"phase":3,"queue_result":0,"queued":true,"round":1,"schema":1,"sequence":764}
PORT_NATIVE_TRACE {"ack":504,"actor_id":1,"camera_position":[8.0,1.45000004768372,34.0],"camera_reseeded":false,"control_eligible":true,"dead":0.0,"event":"snapshot","focused":true,"health":100.0,"lifecycle":"alive","monotonic_usec":9707207,"phase":3,"pitch":0.0,"pointer_captured":false,"pose_present":true,"round":1,"schema":1,"sequence":765,"yaw":0.231000006198883}
CORRELATION_OBSERVE {"ack":504,"actor":1,"dead":0.0,"event":"snapshot","health":100.0,"seq":261.0}
PORT_NATIVE_TRACE {"ack":504,"actor_id":1,"controls":{"crouch":false,"fire":false,"interact":false,"jump":false,"mobility":false,"pitch":0.0,"reload":false,"sprint":false,"x":0.0,"yaw":0.231000006198883,"z":0.0},"event":"input_queue","monotonic_usec":9719328,"phase":3,"queue_result":0,"queued":true,"round":1,"schema":1,"sequence":766}
PORT_NATIVE_TRACE {"ack":504,"actor_id":1,"controls":{"crouch":false,"fire":false,"interact":false,"jump":false,"mobility":false,"pitch":0.0,"reload":false,"sprint":false,"x":0.0,"yaw":0.231000006198883,"z":0.0},"event":"input_queue","monotonic_usec":9733035,"phase":3,"queue_result":0,"queued":true,"round":1,"schema":1,"sequence":767}
PORT_NATIVE_TRACE {"ack":506,"actor_id":1,"camera_position":[8.0,1.45000004768372,34.0],"camera_reseeded":false,"control_eligible":true,"dead":0.0,"event":"snapshot","focused":true,"health":100.0,"lifecycle":"alive","monotonic_usec":9740712,"phase":3,"pitch":0.0,"pointer_captured":false,"pose_present":true,"round":1,"schema":1,"sequence":768,"yaw":0.231000006198883}
CORRELATION_OBSERVE {"ack":506,"actor":1,"dead":0.0,"event":"snapshot","health":100.0,"seq":262.0}
PORT_NATIVE_TRACE {"ack":506,"actor_id":1,"controls":{"crouch":false,"fire":false,"interact":false,"jump":false,"mobility":false,"pitch":0.0,"reload":false,"sprint":false,"x":0.0,"yaw":0.231000006198883,"z":0.0},"event":"input_queue","monotonic_usec":9747519,"phase":3,"queue_result":0,"queued":true,"round":1,"schema":1,"sequence":769}
PORT_NATIVE_TRACE {"ack":506,"actor_id":1,"controls":{"crouch":false,"fire":false,"interact":false,"jump":false,"mobility":false,"pitch":0.0,"reload":false,"sprint":false,"x":0.0,"yaw":0.231000006198883,"z":0.0},"event":"input_queue","monotonic_usec":9767772,"phase":3,"queue_result":0,"queued":true,"round":1,"schema":1,"sequence":770}
PORT_NATIVE_TRACE {"ack":507,"actor_id":1,"camera_position":[8.0,1.45000004768372,34.0],"camera_reseeded":false,"control_eligible":true,"dead":0.0,"event":"snapshot","focused":true,"health":100.0,"lifecycle":"alive","monotonic_usec":9768731,"phase":3,"pitch":0.0,"pointer_captured":false,"pose_present":true,"round":1,"schema":1,"sequence":771,"yaw":0.231000006198883}
CORRELATION_OBSERVE {"ack":507,"actor":1,"dead":0.0,"event":"snapshot","health":100.0,"seq":263.0}
PORT_NATIVE_TRACE {"ack":507,"actor_id":1,"controls":{"crouch":false,"fire":false,"interact":false,"jump":false,"mobility":false,"pitch":0.0,"reload":false,"sprint":false,"x":0.0,"yaw":0.231000006198883,"z":0.0},"event":"input_queue","monotonic_usec":9781312,"phase":3,"queue_result":0,"queued":true,"round":1,"schema":1,"sequence":772}
PORT_NATIVE_TRACE {"ack":507,"actor_id":1,"controls":{"crouch":false,"fire":false,"interact":false,"jump":false,"mobility":false,"pitch":0.0,"reload":false,"sprint":false,"x":0.0,"yaw":0.231000006198883,"z":0.0},"event":"input_queue","monotonic_usec":9802174,"phase":3,"queue_result":0,"queued":true,"round":1,"schema":1,"sequence":773}
PORT_NATIVE_TRACE {"ack":509,"actor_id":1,"camera_position":[8.0,1.45000004768372,34.0],"camera_reseeded":false,"control_eligible":true,"dead":0.0,"event":"snapshot","focused":true,"health":100.0,"lifecycle":"alive","monotonic_usec":9802736,"phase":3,"pitch":0.0,"pointer_captured":false,"pose_present":true,"round":1,"schema":1,"sequence":774,"yaw":0.231000006198883}
CORRELATION_OBSERVE {"ack":509,"actor":1,"dead":0.0,"event":"snapshot","health":100.0,"seq":264.0}
PORT_NATIVE_TRACE {"ack":509,"actor_id":1,"controls":{"crouch":false,"fire":false,"interact":false,"jump":false,"mobility":false,"pitch":0.0,"reload":false,"sprint":false,"x":0.0,"yaw":0.231000006198883,"z":0.0},"event":"input_queue","monotonic_usec":9815884,"phase":3,"queue_result":0,"queued":true,"round":1,"schema":1,"sequence":775}
PORT_NATIVE_TRACE {"ack":509,"actor_id":1,"controls":{"crouch":false,"fire":false,"interact":false,"jump":false,"mobility":false,"pitch":0.0,"reload":false,"sprint":false,"x":0.0,"yaw":0.231000006198883,"z":0.0},"event":"input_queue","monotonic_usec":9829966,"phase":3,"queue_result":0,"queued":true,"round":1,"schema":1,"sequence":776}
PORT_NATIVE_TRACE {"ack":512,"actor_id":1,"camera_position":[8.0,1.45000004768372,34.0],"camera_reseeded":false,"control_eligible":true,"dead":0.0,"event":"snapshot","focused":true,"health":100.0,"lifecycle":"alive","monotonic_usec":9837961,"phase":3,"pitch":0.0,"pointer_captured":false,"pose_present":true,"round":1,"schema":1,"sequence":777,"yaw":0.231000006198883}
CORRELATION_OBSERVE {"ack":512,"actor":1,"dead":0.0,"event":"snapshot","health":100.0,"seq":265.0}
PORT_NATIVE_TRACE {"ack":512,"actor_id":1,"controls":{"crouch":false,"fire":false,"interact":false,"jump":false,"mobility":false,"pitch":0.0,"reload":false,"sprint":false,"x":0.0,"yaw":0.231000006198883,"z":0.0},"event":"input_queue","monotonic_usec":9850653,"phase":3,"queue_result":0,"queued":true,"round":1,"schema":1,"sequence":778}
PORT_NATIVE_TRACE {"ack":512,"actor_id":1,"controls":{"crouch":false,"fire":false,"interact":false,"jump":false,"mobility":false,"pitch":0.0,"reload":false,"sprint":false,"x":0.0,"yaw":0.231000006198883,"z":0.0},"event":"input_queue","monotonic_usec":9864208,"phase":3,"queue_result":0,"queued":true,"round":1,"schema":1,"sequence":779}
PORT_NATIVE_TRACE {"ack":513,"actor_id":1,"camera_position":[8.0,1.45000004768372,34.0],"camera_reseeded":false,"control_eligible":true,"dead":0.0,"event":"snapshot","focused":true,"health":100.0,"lifecycle":"alive","monotonic_usec":9864890,"phase":3,"pitch":0.0,"pointer_captured":false,"pose_present":true,"round":1,"schema":1,"sequence":780,"yaw":0.231000006198883}
CORRELATION_OBSERVE {"ack":513,"actor":1,"dead":0.0,"event":"snapshot","health":100.0,"seq":266.0}
PORT_NATIVE_TRACE {"ack":513,"actor_id":1,"controls":{"crouch":false,"fire":false,"interact":false,"jump":false,"mobility":false,"pitch":0.0,"reload":false,"sprint":false,"x":0.0,"yaw":0.231000006198883,"z":0.0},"event":"input_queue","monotonic_usec":9885480,"phase":3,"queue_result":0,"queued":true,"round":1,"schema":1,"sequence":781}
PORT_NATIVE_TRACE {"ack":513,"actor_id":1,"controls":{"crouch":false,"fire":false,"interact":false,"jump":false,"mobility":false,"pitch":0.0,"reload":false,"sprint":false,"x":0.0,"yaw":0.231000006198883,"z":0.0},"event":"input_queue","monotonic_usec":9898800,"phase":3,"queue_result":0,"queued":true,"round":1,"schema":1,"sequence":782}
PORT_NATIVE_TRACE {"ack":515,"actor_id":1,"camera_position":[8.0,1.45000004768372,34.0],"camera_reseeded":false,"control_eligible":true,"dead":0.0,"event":"snapshot","focused":true,"health":100.0,"lifecycle":"alive","monotonic_usec":9899530,"phase":3,"pitch":0.0,"pointer_captured":false,"pose_present":true,"round":1,"schema":1,"sequence":783,"yaw":0.231000006198883}
CORRELATION_OBSERVE {"ack":515,"actor":1,"dead":0.0,"event":"snapshot","health":100.0,"seq":267.0}
PORT_NATIVE_TRACE {"ack":515,"actor_id":1,"controls":{"crouch":false,"fire":false,"interact":false,"jump":false,"mobility":false,"pitch":0.0,"reload":false,"sprint":false,"x":0.0,"yaw":0.231000006198883,"z":0.0},"event":"input_queue","monotonic_usec":9919531,"phase":3,"queue_result":0,"queued":true,"round":1,"schema":1,"sequence":784}
PORT_NATIVE_TRACE {"ack":515,"actor_id":1,"controls":{"crouch":false,"fire":false,"interact":false,"jump":false,"mobility":false,"pitch":0.0,"reload":false,"sprint":false,"x":0.0,"yaw":0.231000006198883,"z":0.0},"event":"input_queue","monotonic_usec":9933787,"phase":3,"queue_result":0,"queued":true,"round":1,"schema":1,"sequence":785}
PORT_NATIVE_TRACE {"ack":517,"actor_id":1,"camera_position":[8.0,1.45000004768372,34.0],"camera_reseeded":false,"control_eligible":true,"dead":0.0,"event":"snapshot","focused":true,"health":100.0,"lifecycle":"alive","monotonic_usec":9934529,"phase":3,"pitch":0.0,"pointer_captured":false,"pose_present":true,"round":1,"schema":1,"sequence":786,"yaw":0.231000006198883}
CORRELATION_OBSERVE {"ack":517,"actor":1,"dead":0.0,"event":"snapshot","health":100.0,"seq":268.0}
PORT_NATIVE_TRACE {"ack":517,"actor_id":1,"controls":{"crouch":false,"fire":false,"interact":false,"jump":false,"mobility":false,"pitch":0.0,"reload":false,"sprint":false,"x":0.0,"yaw":0.231000006198883,"z":0.0},"event":"input_queue","monotonic_usec":9947251,"phase":3,"queue_result":0,"queued":true,"round":1,"schema":1,"sequence":787}
PORT_NATIVE_TRACE {"ack":517,"actor_id":1,"controls":{"crouch":false,"fire":false,"interact":false,"jump":false,"mobility":false,"pitch":0.0,"reload":false,"sprint":false,"x":0.0,"yaw":0.231000006198883,"z":0.0},"event":"input_queue","monotonic_usec":9967970,"phase":3,"queue_result":0,"queued":true,"round":1,"schema":1,"sequence":788}
PORT_NATIVE_TRACE {"ack":519,"actor_id":1,"camera_position":[8.0,1.45000004768372,34.0],"camera_reseeded":false,"control_eligible":true,"dead":0.0,"event":"snapshot","focused":true,"health":100.0,"lifecycle":"alive","monotonic_usec":9969169,"phase":3,"pitch":0.0,"pointer_captured":false,"pose_present":true,"round":1,"schema":1,"sequence":789,"yaw":0.231000006198883}
CORRELATION_OBSERVE {"ack":519,"actor":1,"dead":0.0,"event":"snapshot","health":100.0,"seq":269.0}
PORT_NATIVE_TRACE {"ack":519,"actor_id":1,"controls":{"crouch":false,"fire":false,"interact":false,"jump":false,"mobility":false,"pitch":0.0,"reload":false,"sprint":false,"x":0.0,"yaw":0.231000006198883,"z":0.0},"event":"input_queue","monotonic_usec":9981569,"phase":3,"queue_result":0,"queued":true,"round":1,"schema":1,"sequence":790}
PORT_NATIVE_TRACE {"ack":521,"actor_id":1,"camera_position":[8.0,1.45000004768372,34.0],"camera_reseeded":false,"control_eligible":true,"dead":0.0,"event":"snapshot","focused":true,"health":100.0,"lifecycle":"alive","monotonic_usec":9995612,"phase":3,"pitch":0.0,"pointer_captured":false,"pose_present":true,"round":1,"schema":1,"sequence":791,"yaw":0.231000006198883}
CORRELATION_OBSERVE {"ack":521,"actor":1,"dead":0.0,"event":"snapshot","health":100.0,"seq":270.0}
PORT_NATIVE_TRACE {"ack":521,"actor_id":1,"controls":{"crouch":false,"fire":false,"interact":false,"jump":false,"mobility":false,"pitch":0.0,"reload":false,"sprint":false,"x":0.0,"yaw":0.231000006198883,"z":0.0},"event":"input_queue","monotonic_usec":10002184,"phase":3,"queue_result":0,"queued":true,"round":1,"schema":1,"sequence":792}
PORT_NATIVE_TRACE {"ack":521,"actor_id":1,"controls":{"crouch":false,"fire":false,"interact":false,"jump":false,"mobility":false,"pitch":0.0,"reload":false,"sprint":false,"x":0.0,"yaw":0.231000006198883,"z":0.0},"event":"input_queue","monotonic_usec":10015908,"phase":3,"queue_result":0,"queued":true,"round":1,"schema":1,"sequence":793}
PORT_NATIVE_TRACE {"ack":521,"actor_id":1,"controls":{"crouch":false,"fire":false,"interact":false,"jump":false,"mobility":false,"pitch":0.0,"reload":false,"sprint":false,"x":0.0,"yaw":0.231000006198883,"z":0.0},"event":"input_queue","monotonic_usec":10029825,"phase":3,"queue_result":0,"queued":true,"round":1,"schema":1,"sequence":794}
PORT_NATIVE_TRACE {"ack":523,"actor_id":1,"camera_position":[8.0,1.45000004768372,34.0],"camera_reseeded":false,"control_eligible":true,"dead":0.0,"event":"snapshot","focused":true,"health":100.0,"lifecycle":"alive","monotonic_usec":10030802,"phase":3,"pitch":0.0,"pointer_captured":false,"pose_present":true,"round":1,"schema":1,"sequence":795,"yaw":0.231000006198883}
CORRELATION_OBSERVE {"ack":523,"actor":1,"dead":0.0,"event":"snapshot","health":100.0,"seq":271.0}
PORT_NATIVE_TRACE {"ack":523,"actor_id":1,"controls":{"crouch":false,"fire":false,"interact":false,"jump":false,"mobility":false,"pitch":0.0,"reload":false,"sprint":false,"x":0.0,"yaw":0.231000006198883,"z":0.0},"event":"input_queue","monotonic_usec":10050758,"phase":3,"queue_result":0,"queued":true,"round":1,"schema":1,"sequence":796}
PORT_NATIVE_TRACE {"ack":523,"actor_id":1,"controls":{"crouch":false,"fire":false,"interact":false,"jump":false,"mobility":false,"pitch":0.0,"reload":false,"sprint":false,"x":0.0,"yaw":0.231000006198883,"z":0.0},"event":"input_queue","monotonic_usec":10064915,"phase":3,"queue_result":0,"queued":true,"round":1,"schema":1,"sequence":797}
PORT_NATIVE_TRACE {"ack":525,"actor_id":1,"camera_position":[8.0,1.45000004768372,34.0],"camera_reseeded":false,"control_eligible":true,"dead":0.0,"event":"snapshot","focused":true,"health":100.0,"lifecycle":"alive","monotonic_usec":10065596,"phase":3,"pitch":0.0,"pointer_captured":false,"pose_present":true,"round":1,"schema":1,"sequence":798,"yaw":0.231000006198883}
CORRELATION_OBSERVE {"ack":525,"actor":1,"dead":0.0,"event":"snapshot","health":100.0,"seq":272.0}
PORT_NATIVE_TRACE {"ack":525,"actor_id":1,"controls":{"crouch":false,"fire":false,"interact":false,"jump":false,"mobility":false,"pitch":0.0,"reload":false,"sprint":false,"x":0.0,"yaw":0.231000006198883,"z":0.0},"event":"input_queue","monotonic_usec":10085001,"phase":3,"queue_result":0,"queued":true,"round":1,"schema":1,"sequence":799}
PORT_NATIVE_TRACE {"ack":525,"actor_id":1,"controls":{"crouch":false,"fire":false,"interact":false,"jump":false,"mobility":false,"pitch":0.0,"reload":false,"sprint":false,"x":0.0,"yaw":0.231000006198883,"z":0.0},"event":"input_queue","monotonic_usec":10099341,"phase":3,"queue_result":0,"queued":true,"round":1,"schema":1,"sequence":800}
PORT_NATIVE_TRACE {"ack":527,"actor_id":1,"camera_position":[8.0,1.45000004768372,34.0],"camera_reseeded":false,"control_eligible":true,"dead":0.0,"event":"snapshot","focused":true,"health":100.0,"lifecycle":"alive","monotonic_usec":10100175,"phase":3,"pitch":0.0,"pointer_captured":false,"pose_present":true,"round":1,"schema":1,"sequence":801,"yaw":0.231000006198883}
CORRELATION_OBSERVE {"ack":527,"actor":1,"dead":0.0,"event":"snapshot","health":100.0,"seq":273.0}
PORT_NATIVE_TRACE {"ack":527,"actor_id":1,"controls":{"crouch":false,"fire":false,"interact":false,"jump":false,"mobility":false,"pitch":0.0,"reload":false,"sprint":false,"x":0.0,"yaw":0.231000006198883,"z":0.0},"event":"input_queue","monotonic_usec":10119609,"phase":3,"queue_result":0,"queued":true,"round":1,"schema":1,"sequence":802}
PORT_NATIVE_TRACE {"ack":529,"actor_id":1,"camera_position":[8.0,1.45000004768372,34.0],"camera_reseeded":false,"control_eligible":true,"dead":0.0,"event":"snapshot","focused":true,"health":100.0,"lifecycle":"alive","monotonic_usec":10126802,"phase":3,"pitch":0.0,"pointer_captured":false,"pose_present":true,"round":1,"schema":1,"sequence":803,"yaw":0.231000006198883}
CORRELATION_OBSERVE {"ack":529,"actor":1,"dead":0.0,"event":"snapshot","health":100.0,"seq":274.0}
PORT_NATIVE_TRACE {"ack":529,"actor_id":1,"controls":{"crouch":false,"fire":false,"interact":false,"jump":false,"mobility":false,"pitch":0.0,"reload":false,"sprint":false,"x":0.0,"yaw":0.231000006198883,"z":0.0},"event":"input_queue","monotonic_usec":10133302,"phase":3,"queue_result":0,"queued":true,"round":1,"schema":1,"sequence":804}
GUEST_SAMPLE {"ack":529,"actor":1,"error":"","phase":3,"phase_seconds":0.0,"pose":true,"seconds":10.0689779999999,"snapshots":274,"starts":1}
PORT_NATIVE_TRACE {"ack":529,"actor_id":1,"controls":{"crouch":false,"fire":false,"interact":false,"jump":false,"mobility":false,"pitch":0.0,"reload":false,"sprint":false,"x":0.0,"yaw":0.231000006198883,"z":0.0},"event":"input_queue","monotonic_usec":10147348,"phase":3,"queue_result":0,"queued":true,"round":1,"schema":1,"sequence":805}
PORT_NATIVE_TRACE {"ack":531,"actor_id":1,"camera_position":[8.0,1.45000004768372,34.0],"camera_reseeded":false,"control_eligible":true,"dead":0.0,"event":"snapshot","focused":true,"health":100.0,"lifecycle":"alive","monotonic_usec":10161679,"phase":3,"pitch":0.0,"pointer_captured":false,"pose_present":true,"round":1,"schema":1,"sequence":806,"yaw":0.231000006198883}
CORRELATION_OBSERVE {"ack":531,"actor":1,"dead":0.0,"event":"snapshot","health":100.0,"seq":275.0}
PORT_NATIVE_TRACE {"ack":531,"actor_id":1,"controls":{"crouch":false,"fire":false,"interact":false,"jump":false,"mobility":false,"pitch":0.0,"reload":false,"sprint":false,"x":0.0,"yaw":0.231000006198883,"z":0.0},"event":"input_queue","monotonic_usec":10168067,"phase":3,"queue_result":0,"queued":true,"round":1,"schema":1,"sequence":807}
PORT_NATIVE_TRACE {"ack":531,"actor_id":1,"controls":{"crouch":false,"fire":false,"interact":false,"jump":false,"mobility":false,"pitch":0.0,"reload":false,"sprint":false,"x":0.0,"yaw":0.231000006198883,"z":0.0},"event":"input_queue","monotonic_usec":10181818,"phase":3,"queue_result":0,"queued":true,"round":1,"schema":1,"sequence":808}
PORT_NATIVE_TRACE {"ack":533,"actor_id":1,"camera_position":[8.0,1.45000004768372,34.0],"camera_reseeded":false,"control_eligible":true,"dead":0.0,"event":"snapshot","focused":true,"health":100.0,"lifecycle":"alive","monotonic_usec":10196375,"phase":3,"pitch":0.0,"pointer_captured":false,"pose_present":true,"round":1,"schema":1,"sequence":809,"yaw":0.231000006198883}
CORRELATION_OBSERVE {"ack":533,"actor":1,"dead":0.0,"event":"snapshot","health":100.0,"seq":276.0}
PORT_NATIVE_TRACE {"ack":533,"actor_id":1,"controls":{"crouch":false,"fire":false,"interact":false,"jump":false,"mobility":false,"pitch":0.0,"reload":false,"sprint":false,"x":0.0,"yaw":0.231000006198883,"z":0.0},"event":"input_queue","monotonic_usec":10202297,"phase":3,"queue_result":0,"queued":true,"round":1,"schema":1,"sequence":810}
PORT_NATIVE_TRACE {"ack":533,"actor_id":1,"controls":{"crouch":false,"fire":false,"interact":false,"jump":false,"mobility":false,"pitch":0.0,"reload":false,"sprint":false,"x":0.0,"yaw":0.231000006198883,"z":0.0},"event":"input_queue","monotonic_usec":10216264,"phase":3,"queue_result":0,"queued":true,"round":1,"schema":1,"sequence":811}
PORT_NATIVE_TRACE {"ack":535,"actor_id":1,"camera_position":[8.0,1.45000004768372,34.0],"camera_reseeded":false,"control_eligible":true,"dead":0.0,"event":"snapshot","focused":true,"health":100.0,"lifecycle":"alive","monotonic_usec":10223797,"phase":3,"pitch":0.0,"pointer_captured":false,"pose_present":true,"round":1,"schema":1,"sequence":812,"yaw":0.231000006198883}
CORRELATION_OBSERVE {"ack":535,"actor":1,"dead":0.0,"event":"snapshot","health":100.0,"seq":277.0}
PORT_NATIVE_TRACE {"ack":535,"actor_id":1,"controls":{"crouch":false,"fire":false,"interact":false,"jump":false,"mobility":false,"pitch":0.0,"reload":false,"sprint":false,"x":0.0,"yaw":0.231000006198883,"z":0.0},"event":"input_queue","monotonic_usec":10229898,"phase":3,"queue_result":0,"queued":true,"round":1,"schema":1,"sequence":813}
PORT_NATIVE_TRACE {"ack":535,"actor_id":1,"controls":{"crouch":false,"fire":false,"interact":false,"jump":false,"mobility":false,"pitch":0.0,"reload":false,"sprint":false,"x":0.0,"yaw":0.231000006198883,"z":0.0},"event":"input_queue","monotonic_usec":10250850,"phase":3,"queue_result":0,"queued":true,"round":1,"schema":1,"sequence":814}
PORT_NATIVE_TRACE {"ack":537,"actor_id":1,"camera_position":[8.0,1.45000004768372,34.0],"camera_reseeded":false,"control_eligible":true,"dead":0.0,"event":"snapshot","focused":true,"health":100.0,"lifecycle":"alive","monotonic_usec":10258353,"phase":3,"pitch":0.0,"pointer_captured":false,"pose_present":true,"round":1,"schema":1,"sequence":815,"yaw":0.231000006198883}
CORRELATION_OBSERVE {"ack":537,"actor":1,"dead":0.0,"event":"snapshot","health":100.0,"seq":278.0}
PORT_NATIVE_TRACE {"ack":537,"actor_id":1,"controls":{"crouch":false,"fire":false,"interact":false,"jump":false,"mobility":false,"pitch":0.0,"reload":false,"sprint":false,"x":0.0,"yaw":0.231000006198883,"z":0.0},"event":"input_queue","monotonic_usec":10264415,"phase":3,"queue_result":0,"queued":true,"round":1,"schema":1,"sequence":816}
PORT_NATIVE_TRACE {"ack":537,"actor_id":1,"controls":{"crouch":false,"fire":false,"interact":false,"jump":false,"mobility":false,"pitch":0.0,"reload":false,"sprint":false,"x":0.0,"yaw":0.231000006198883,"z":0.0},"event":"input_queue","monotonic_usec":10285227,"phase":3,"queue_result":0,"queued":true,"round":1,"schema":1,"sequence":817}
PORT_NATIVE_TRACE {"ack":538,"actor_id":1,"camera_position":[8.0,1.45000004768372,34.0],"camera_reseeded":false,"control_eligible":true,"dead":0.0,"event":"snapshot","focused":true,"health":100.0,"lifecycle":"alive","monotonic_usec":10292793,"phase":3,"pitch":0.0,"pointer_captured":false,"pose_present":true,"round":1,"schema":1,"sequence":818,"yaw":0.231000006198883}
CORRELATION_OBSERVE {"ack":538,"actor":1,"dead":0.0,"event":"snapshot","health":100.0,"seq":279.0}
PORT_NATIVE_TRACE {"ack":538,"actor_id":1,"controls":{"crouch":false,"fire":false,"interact":false,"jump":false,"mobility":false,"pitch":0.0,"reload":false,"sprint":false,"x":0.0,"yaw":0.231000006198883,"z":0.0},"event":"input_queue","monotonic_usec":10299200,"phase":3,"queue_result":0,"queued":true,"round":1,"schema":1,"sequence":819}
PORT_NATIVE_TRACE {"ack":538,"actor_id":1,"controls":{"crouch":false,"fire":false,"interact":false,"jump":false,"mobility":false,"pitch":0.0,"reload":false,"sprint":false,"x":0.0,"yaw":0.231000006198883,"z":0.0},"event":"input_queue","monotonic_usec":10319705,"phase":3,"queue_result":0,"queued":true,"round":1,"schema":1,"sequence":820}
PORT_NATIVE_TRACE {"ack":540,"actor_id":1,"camera_position":[8.0,1.45000004768372,34.0],"camera_reseeded":false,"control_eligible":true,"dead":0.0,"event":"snapshot","focused":true,"health":100.0,"lifecycle":"alive","monotonic_usec":10320762,"phase":3,"pitch":0.0,"pointer_captured":false,"pose_present":true,"round":1,"schema":1,"sequence":821,"yaw":0.231000006198883}
CORRELATION_OBSERVE {"ack":540,"actor":1,"dead":0.0,"event":"snapshot","health":100.0,"seq":280.0}
PORT_NATIVE_TRACE {"ack":540,"actor_id":1,"controls":{"crouch":false,"fire":false,"interact":false,"jump":false,"mobility":false,"pitch":0.0,"reload":false,"sprint":false,"x":0.0,"yaw":0.231000006198883,"z":0.0},"event":"input_queue","monotonic_usec":10333455,"phase":3,"queue_result":0,"queued":true,"round":1,"schema":1,"sequence":822}
PORT_NATIVE_TRACE {"ack":540,"actor_id":1,"controls":{"crouch":false,"fire":false,"interact":false,"jump":false,"mobility":false,"pitch":0.0,"reload":false,"sprint":false,"x":0.0,"yaw":0.231000006198883,"z":0.0},"event":"input_queue","monotonic_usec":10348265,"phase":3,"queue_result":0,"queued":true,"round":1,"schema":1,"sequence":823}
PORT_NATIVE_TRACE {"ack":543,"actor_id":1,"camera_position":[8.0,1.45000004768372,34.0],"camera_reseeded":false,"control_eligible":true,"dead":0.0,"event":"snapshot","focused":true,"health":100.0,"lifecycle":"alive","monotonic_usec":10354550,"phase":3,"pitch":0.0,"pointer_captured":false,"pose_present":true,"round":1,"schema":1,"sequence":824,"yaw":0.231000006198883}
CORRELATION_OBSERVE {"ack":543,"actor":1,"dead":0.0,"event":"snapshot","health":100.0,"seq":281.0}
PORT_NATIVE_TRACE {"ack":543,"actor_id":1,"controls":{"crouch":false,"fire":false,"interact":false,"jump":false,"mobility":false,"pitch":0.0,"reload":false,"sprint":false,"x":0.0,"yaw":0.231000006198883,"z":0.0},"event":"input_queue","monotonic_usec":10368461,"phase":3,"queue_result":0,"queued":true,"round":1,"schema":1,"sequence":825}
PORT_NATIVE_TRACE {"ack":543,"actor_id":1,"controls":{"crouch":false,"fire":false,"interact":false,"jump":false,"mobility":false,"pitch":0.0,"reload":false,"sprint":false,"x":0.0,"yaw":0.231000006198883,"z":0.0},"event":"input_queue","monotonic_usec":10381744,"phase":3,"queue_result":0,"queued":true,"round":1,"schema":1,"sequence":826}
PORT_NATIVE_TRACE {"ack":544,"actor_id":1,"camera_position":[8.0,1.45000004768372,34.0],"camera_reseeded":false,"control_eligible":true,"dead":0.0,"event":"snapshot","focused":true,"health":100.0,"lifecycle":"alive","monotonic_usec":10390203,"phase":3,"pitch":0.0,"pointer_captured":false,"pose_present":true,"round":1,"schema":1,"sequence":827,"yaw":0.231000006198883}
CORRELATION_OBSERVE {"ack":544,"actor":1,"dead":0.0,"event":"snapshot","health":100.0,"seq":282.0}
PORT_NATIVE_TRACE {"ack":544,"actor_id":1,"controls":{"crouch":false,"fire":false,"interact":false,"jump":false,"mobility":false,"pitch":0.0,"reload":false,"sprint":false,"x":0.0,"yaw":0.231000006198883,"z":0.0},"event":"input_queue","monotonic_usec":10402759,"phase":3,"queue_result":0,"queued":true,"round":1,"schema":1,"sequence":828}
PORT_NATIVE_TRACE {"ack":544,"actor_id":1,"controls":{"crouch":false,"fire":false,"interact":false,"jump":false,"mobility":false,"pitch":0.0,"reload":false,"sprint":false,"x":0.0,"yaw":0.231000006198883,"z":0.0},"event":"input_queue","monotonic_usec":10416390,"phase":3,"queue_result":0,"queued":true,"round":1,"schema":1,"sequence":829}
PORT_NATIVE_TRACE {"ack":546,"actor_id":1,"camera_position":[8.0,1.45000004768372,34.0],"camera_reseeded":false,"control_eligible":true,"dead":0.0,"event":"snapshot","focused":true,"health":100.0,"lifecycle":"alive","monotonic_usec":10417096,"phase":3,"pitch":0.0,"pointer_captured":false,"pose_present":true,"round":1,"schema":1,"sequence":830,"yaw":0.231000006198883}
CORRELATION_OBSERVE {"ack":546,"actor":1,"dead":0.0,"event":"snapshot","health":100.0,"seq":283.0}
PORT_NATIVE_TRACE {"ack":546,"actor_id":1,"controls":{"crouch":false,"fire":false,"interact":false,"jump":false,"mobility":false,"pitch":0.0,"reload":false,"sprint":false,"x":0.0,"yaw":0.231000006198883,"z":0.0},"event":"input_queue","monotonic_usec":10430312,"phase":3,"queue_result":0,"queued":true,"round":1,"schema":1,"sequence":831}
PORT_NATIVE_TRACE {"ack":546,"actor_id":1,"controls":{"crouch":false,"fire":false,"interact":false,"jump":false,"mobility":false,"pitch":0.0,"reload":false,"sprint":false,"x":0.0,"yaw":0.231000006198883,"z":0.0},"event":"input_queue","monotonic_usec":10450959,"phase":3,"queue_result":0,"queued":true,"round":1,"schema":1,"sequence":832}
PORT_NATIVE_TRACE {"ack":548,"actor_id":1,"camera_position":[8.0,1.45000004768372,34.0],"camera_reseeded":false,"control_eligible":true,"dead":0.0,"event":"snapshot","focused":true,"health":100.0,"lifecycle":"alive","monotonic_usec":10451910,"phase":3,"pitch":0.0,"pointer_captured":false,"pose_present":true,"round":1,"schema":1,"sequence":833,"yaw":0.231000006198883}
CORRELATION_OBSERVE {"ack":548,"actor":1,"dead":0.0,"event":"snapshot","health":100.0,"seq":284.0}
PORT_NATIVE_TRACE {"ack":548,"actor_id":1,"controls":{"crouch":false,"fire":false,"interact":false,"jump":false,"mobility":false,"pitch":0.0,"reload":false,"sprint":false,"x":0.0,"yaw":0.231000006198883,"z":0.0},"event":"input_queue","monotonic_usec":10464531,"phase":3,"queue_result":0,"queued":true,"round":1,"schema":1,"sequence":834}
PORT_NATIVE_TRACE {"ack":548,"actor_id":1,"controls":{"crouch":false,"fire":false,"interact":false,"jump":false,"mobility":false,"pitch":0.0,"reload":false,"sprint":false,"x":0.0,"yaw":0.231000006198883,"z":0.0},"event":"input_queue","monotonic_usec":10485114,"phase":3,"queue_result":0,"queued":true,"round":1,"schema":1,"sequence":835}
PORT_NATIVE_TRACE {"ack":550,"actor_id":1,"camera_position":[8.0,1.45000004768372,34.0],"camera_reseeded":false,"control_eligible":true,"dead":0.0,"event":"snapshot","focused":true,"health":100.0,"lifecycle":"alive","monotonic_usec":10485623,"phase":3,"pitch":0.0,"pointer_captured":false,"pose_present":true,"round":1,"schema":1,"sequence":836,"yaw":0.231000006198883}
CORRELATION_OBSERVE {"ack":550,"actor":1,"dead":0.0,"event":"snapshot","health":100.0,"seq":285.0}
PORT_NATIVE_TRACE {"ack":550,"actor_id":1,"controls":{"crouch":false,"fire":false,"interact":false,"jump":false,"mobility":false,"pitch":0.0,"reload":false,"sprint":false,"x":0.0,"yaw":0.231000006198883,"z":0.0},"event":"input_queue","monotonic_usec":10498900,"phase":3,"queue_result":0,"queued":true,"round":1,"schema":1,"sequence":837}
PORT_NATIVE_TRACE {"ack":552,"actor_id":1,"camera_position":[8.0,1.45000004768372,34.0],"camera_reseeded":false,"control_eligible":true,"dead":0.0,"event":"snapshot","focused":true,"health":100.0,"lifecycle":"alive","monotonic_usec":10513124,"phase":3,"pitch":0.0,"pointer_captured":false,"pose_present":true,"round":1,"schema":1,"sequence":838,"yaw":0.231000006198883}
CORRELATION_OBSERVE {"ack":552,"actor":1,"dead":0.0,"event":"snapshot","health":100.0,"seq":286.0}
PORT_NATIVE_TRACE {"ack":552,"actor_id":1,"controls":{"crouch":false,"fire":false,"interact":false,"jump":false,"mobility":false,"pitch":0.0,"reload":false,"sprint":false,"x":0.0,"yaw":0.231000006198883,"z":0.0},"event":"input_queue","monotonic_usec":10519708,"phase":3,"queue_result":0,"queued":true,"round":1,"schema":1,"sequence":839}
PORT_NATIVE_TRACE {"ack":552,"actor_id":1,"controls":{"crouch":false,"fire":false,"interact":false,"jump":false,"mobility":false,"pitch":0.0,"reload":false,"sprint":false,"x":0.0,"yaw":0.231000006198883,"z":0.0},"event":"input_queue","monotonic_usec":10533400,"phase":3,"queue_result":0,"queued":true,"round":1,"schema":1,"sequence":840}
PORT_NATIVE_TRACE {"ack":552,"actor_id":1,"controls":{"crouch":false,"fire":false,"interact":false,"jump":false,"mobility":false,"pitch":0.0,"reload":false,"sprint":false,"x":0.0,"yaw":0.231000006198883,"z":0.0},"event":"input_queue","monotonic_usec":10547285,"phase":3,"queue_result":0,"queued":true,"round":1,"schema":1,"sequence":841}
PORT_NATIVE_TRACE {"ack":554,"actor_id":1,"camera_position":[8.0,1.45000004768372,34.0],"camera_reseeded":false,"control_eligible":true,"dead":0.0,"event":"snapshot","focused":true,"health":100.0,"lifecycle":"alive","monotonic_usec":10548122,"phase":3,"pitch":0.0,"pointer_captured":false,"pose_present":true,"round":1,"schema":1,"sequence":842,"yaw":0.231000006198883}
CORRELATION_OBSERVE {"ack":554,"actor":1,"dead":0.0,"event":"snapshot","health":100.0,"seq":287.0}
PORT_NATIVE_TRACE {"ack":554,"actor_id":1,"controls":{"crouch":false,"fire":false,"interact":false,"jump":false,"mobility":false,"pitch":0.0,"reload":false,"sprint":false,"x":0.0,"yaw":0.231000006198883,"z":0.0},"event":"input_queue","monotonic_usec":10568001,"phase":3,"queue_result":0,"queued":true,"round":1,"schema":1,"sequence":843}
PORT_NATIVE_TRACE {"ack":554,"actor_id":1,"controls":{"crouch":false,"fire":false,"interact":false,"jump":false,"mobility":false,"pitch":0.0,"reload":false,"sprint":false,"x":0.0,"yaw":0.231000006198883,"z":0.0},"event":"input_queue","monotonic_usec":10581793,"phase":3,"queue_result":0,"queued":true,"round":1,"schema":1,"sequence":844}
PORT_NATIVE_TRACE {"ack":556,"actor_id":1,"camera_position":[8.0,1.45000004768372,34.0],"camera_reseeded":false,"control_eligible":true,"dead":0.0,"event":"snapshot","focused":true,"health":100.0,"lifecycle":"alive","monotonic_usec":10582659,"phase":3,"pitch":0.0,"pointer_captured":false,"pose_present":true,"round":1,"schema":1,"sequence":845,"yaw":0.231000006198883}
CORRELATION_OBSERVE {"ack":556,"actor":1,"dead":0.0,"event":"snapshot","health":100.0,"seq":288.0}
PORT_NATIVE_TRACE {"ack":556,"actor_id":1,"controls":{"crouch":false,"fire":false,"interact":false,"jump":false,"mobility":false,"pitch":0.0,"reload":false,"sprint":false,"x":0.0,"yaw":0.231000006198883,"z":0.0},"event":"input_queue","monotonic_usec":10602931,"phase":3,"queue_result":0,"queued":true,"round":1,"schema":1,"sequence":846}
PORT_NATIVE_TRACE {"ack":558,"actor_id":1,"camera_position":[8.0,1.45000004768372,34.0],"camera_reseeded":false,"control_eligible":true,"dead":0.0,"event":"snapshot","focused":true,"health":100.0,"lifecycle":"alive","monotonic_usec":10609950,"phase":3,"pitch":0.0,"pointer_captured":false,"pose_present":true,"round":1,"schema":1,"sequence":847,"yaw":0.231000006198883}
CORRELATION_OBSERVE {"ack":558,"actor":1,"dead":0.0,"event":"snapshot","health":100.0,"seq":289.0}
PORT_NATIVE_TRACE {"ack":558,"actor_id":1,"controls":{"crouch":false,"fire":false,"interact":false,"jump":false,"mobility":false,"pitch":0.0,"reload":false,"sprint":false,"x":0.0,"yaw":0.231000006198883,"z":0.0},"event":"input_queue","monotonic_usec":10616845,"phase":3,"queue_result":0,"queued":true,"round":1,"schema":1,"sequence":848}
PORT_NATIVE_TRACE {"ack":558,"actor_id":1,"controls":{"crouch":false,"fire":false,"interact":false,"jump":false,"mobility":false,"pitch":0.0,"reload":false,"sprint":false,"x":0.0,"yaw":0.231000006198883,"z":0.0},"event":"input_queue","monotonic_usec":10630829,"phase":3,"queue_result":0,"queued":true,"round":1,"schema":1,"sequence":849}
GUEST_SAMPLE {"ack":558,"actor":1,"error":"","phase":3,"phase_seconds":0.0,"pose":true,"seconds":10.5723859999998,"snapshots":289,"starts":1}
PORT_NATIVE_TRACE {"ack":560,"actor_id":1,"camera_position":[8.0,1.45000004768372,34.0],"camera_reseeded":false,"control_eligible":true,"dead":0.0,"event":"snapshot","focused":true,"health":100.0,"lifecycle":"alive","monotonic_usec":10644976,"phase":3,"pitch":0.0,"pointer_captured":false,"pose_present":true,"round":1,"schema":1,"sequence":850,"yaw":0.231000006198883}
CORRELATION_OBSERVE {"ack":560,"actor":1,"dead":0.0,"event":"snapshot","health":100.0,"seq":290.0}
PORT_NATIVE_TRACE {"ack":560,"actor_id":1,"controls":{"crouch":false,"fire":false,"interact":false,"jump":false,"mobility":false,"pitch":0.0,"reload":false,"sprint":false,"x":0.0,"yaw":0.231000006198883,"z":0.0},"event":"input_queue","monotonic_usec":10651343,"phase":3,"queue_result":0,"queued":true,"round":1,"schema":1,"sequence":851}
PORT_NATIVE_TRACE {"ack":560,"actor_id":1,"controls":{"crouch":false,"fire":false,"interact":false,"jump":false,"mobility":false,"pitch":0.0,"reload":false,"sprint":false,"x":0.0,"yaw":0.231000006198883,"z":0.0},"event":"input_queue","monotonic_usec":10664900,"phase":3,"queue_result":0,"queued":true,"round":1,"schema":1,"sequence":852}
PORT_NATIVE_TRACE {"ack":562,"actor_id":1,"camera_position":[8.0,1.45000004768372,34.0],"camera_reseeded":false,"control_eligible":true,"dead":0.0,"event":"snapshot","focused":true,"health":100.0,"lifecycle":"alive","monotonic_usec":10679017,"phase":3,"pitch":0.0,"pointer_captured":false,"pose_present":true,"round":1,"schema":1,"sequence":853,"yaw":0.231000006198883}
CORRELATION_OBSERVE {"ack":562,"actor":1,"dead":0.0,"event":"snapshot","health":100.0,"seq":291.0}
PORT_NATIVE_TRACE {"ack":562,"actor_id":1,"controls":{"crouch":false,"fire":false,"interact":false,"jump":false,"mobility":false,"pitch":0.0,"reload":false,"sprint":false,"x":0.0,"yaw":0.231000006198883,"z":0.0},"event":"input_queue","monotonic_usec":10685866,"phase":3,"queue_result":0,"queued":true,"round":1,"schema":1,"sequence":854}
PORT_NATIVE_TRACE {"ack":562,"actor_id":1,"controls":{"crouch":false,"fire":false,"interact":false,"jump":false,"mobility":false,"pitch":0.0,"reload":false,"sprint":false,"x":0.0,"yaw":0.231000006198883,"z":0.0},"event":"input_queue","monotonic_usec":10699213,"phase":3,"queue_result":0,"queued":true,"round":1,"schema":1,"sequence":855}
PORT_NATIVE_TRACE {"ack":564,"actor_id":1,"camera_position":[8.0,1.45000004768372,34.0],"camera_reseeded":false,"control_eligible":true,"dead":0.0,"event":"snapshot","focused":true,"health":100.0,"lifecycle":"alive","monotonic_usec":10714255,"phase":3,"pitch":0.0,"pointer_captured":false,"pose_present":true,"round":1,"schema":1,"sequence":856,"yaw":0.231000006198883}
CORRELATION_OBSERVE {"ack":564,"actor":1,"dead":0.0,"event":"snapshot","health":100.0,"seq":292.0}
PORT_NATIVE_TRACE {"ack":564,"actor_id":1,"controls":{"crouch":false,"fire":false,"interact":false,"jump":false,"mobility":false,"pitch":0.0,"reload":false,"sprint":false,"x":0.0,"yaw":0.231000006198883,"z":0.0},"event":"input_queue","monotonic_usec":10720352,"phase":3,"queue_result":0,"queued":true,"round":1,"schema":1,"sequence":857}
PORT_NATIVE_TRACE {"ack":564,"actor_id":1,"controls":{"crouch":false,"fire":false,"interact":false,"jump":false,"mobility":false,"pitch":0.0,"reload":false,"sprint":false,"x":0.0,"yaw":0.231000006198883,"z":0.0},"event":"input_queue","monotonic_usec":10733836,"phase":3,"queue_result":0,"queued":true,"round":1,"schema":1,"sequence":858}
PORT_NATIVE_TRACE {"ack":564,"actor_id":1,"controls":{"crouch":false,"fire":false,"interact":false,"jump":false,"mobility":false,"pitch":0.0,"reload":false,"sprint":false,"x":0.0,"yaw":0.231000006198883,"z":0.0},"event":"input_queue","monotonic_usec":10747337,"phase":3,"queue_result":0,"queued":true,"round":1,"schema":1,"sequence":859}
PORT_NATIVE_TRACE {"ack":566,"actor_id":1,"camera_position":[8.0,1.45000004768372,34.0],"camera_reseeded":false,"control_eligible":true,"dead":0.0,"event":"snapshot","focused":true,"health":100.0,"lifecycle":"alive","monotonic_usec":10747854,"phase":3,"pitch":0.0,"pointer_captured":false,"pose_present":true,"round":1,"schema":1,"sequence":860,"yaw":0.231000006198883}
CORRELATION_OBSERVE {"ack":566,"actor":1,"dead":0.0,"event":"snapshot","health":100.0,"seq":293.0}
PORT_NATIVE_TRACE {"ack":566,"actor_id":1,"controls":{"crouch":false,"fire":false,"interact":false,"jump":false,"mobility":false,"pitch":0.0,"reload":false,"sprint":false,"x":0.0,"yaw":0.231000006198883,"z":0.0},"event":"input_queue","monotonic_usec":10768050,"phase":3,"queue_result":0,"queued":true,"round":1,"schema":1,"sequence":861}
PORT_NATIVE_TRACE {"ack":568,"actor_id":1,"camera_position":[8.0,1.45000004768372,34.0],"camera_reseeded":false,"control_eligible":true,"dead":0.0,"event":"snapshot","focused":true,"health":100.0,"lifecycle":"alive","monotonic_usec":10775315,"phase":3,"pitch":0.0,"pointer_captured":false,"pose_present":true,"round":1,"schema":1,"sequence":862,"yaw":0.231000006198883}
CORRELATION_OBSERVE {"ack":568,"actor":1,"dead":0.0,"event":"snapshot","health":100.0,"seq":294.0}
PORT_NATIVE_TRACE {"ack":568,"actor_id":1,"controls":{"crouch":false,"fire":false,"interact":false,"jump":false,"mobility":false,"pitch":0.0,"reload":false,"sprint":false,"x":0.0,"yaw":0.231000006198883,"z":0.0},"event":"input_queue","monotonic_usec":10781879,"phase":3,"queue_result":0,"queued":true,"round":1,"schema":1,"sequence":863}
PORT_NATIVE_TRACE {"ack":568,"actor_id":1,"controls":{"crouch":false,"fire":false,"interact":false,"jump":false,"mobility":false,"pitch":0.0,"reload":false,"sprint":false,"x":0.0,"yaw":0.231000006198883,"z":0.0},"event":"input_queue","monotonic_usec":10802521,"phase":3,"queue_result":0,"queued":true,"round":1,"schema":1,"sequence":864}
PORT_NATIVE_TRACE {"ack":570,"actor_id":1,"camera_position":[8.0,1.45000004768372,34.0],"camera_reseeded":false,"control_eligible":true,"dead":0.0,"event":"snapshot","focused":true,"health":100.0,"lifecycle":"alive","monotonic_usec":10809836,"phase":3,"pitch":0.0,"pointer_captured":false,"pose_present":true,"round":1,"schema":1,"sequence":865,"yaw":0.231000006198883}
CORRELATION_OBSERVE {"ack":570,"actor":1,"dead":0.0,"event":"snapshot","health":100.0,"seq":295.0}
PORT_NATIVE_TRACE {"ack":570,"actor_id":1,"controls":{"crouch":false,"fire":false,"interact":false,"jump":false,"mobility":false,"pitch":0.0,"reload":false,"sprint":false,"x":0.0,"yaw":0.231000006198883,"z":0.0},"event":"input_queue","monotonic_usec":10816303,"phase":3,"queue_result":0,"queued":true,"round":1,"schema":1,"sequence":866}
PORT_NATIVE_TRACE {"ack":570,"actor_id":1,"controls":{"crouch":false,"fire":false,"interact":false,"jump":false,"mobility":false,"pitch":0.0,"reload":false,"sprint":false,"x":0.0,"yaw":0.231000006198883,"z":0.0},"event":"input_queue","monotonic_usec":10830177,"phase":3,"queue_result":0,"queued":true,"round":1,"schema":1,"sequence":867}
PORT_NATIVE_TRACE {"ack":572,"actor_id":1,"camera_position":[8.0,1.45000004768372,34.0],"camera_reseeded":false,"control_eligible":true,"dead":0.0,"event":"snapshot","focused":true,"health":100.0,"lifecycle":"alive","monotonic_usec":10844977,"phase":3,"pitch":0.0,"pointer_captured":false,"pose_present":true,"round":1,"schema":1,"sequence":868,"yaw":0.231000006198883}
CORRELATION_OBSERVE {"ack":572,"actor":1,"dead":0.0,"event":"snapshot","health":100.0,"seq":296.0}
PORT_NATIVE_TRACE {"ack":572,"actor_id":1,"controls":{"crouch":false,"fire":false,"interact":false,"jump":false,"mobility":false,"pitch":0.0,"reload":false,"sprint":false,"x":0.0,"yaw":0.231000006198883,"z":0.0},"event":"input_queue","monotonic_usec":10850916,"phase":3,"queue_result":0,"queued":true,"round":1,"schema":1,"sequence":869}
PORT_NATIVE_TRACE {"ack":572,"actor_id":1,"controls":{"crouch":false,"fire":false,"interact":false,"jump":false,"mobility":false,"pitch":0.0,"reload":false,"sprint":false,"x":0.0,"yaw":0.231000006198883,"z":0.0},"event":"input_queue","monotonic_usec":10864604,"phase":3,"queue_result":0,"queued":true,"round":1,"schema":1,"sequence":870}
PORT_NATIVE_TRACE {"ack":574,"actor_id":1,"camera_position":[8.0,1.45000004768372,34.0],"camera_reseeded":false,"control_eligible":true,"dead":0.0,"event":"snapshot","focused":true,"health":100.0,"lifecycle":"alive","monotonic_usec":10871768,"phase":3,"pitch":0.0,"pointer_captured":false,"pose_present":true,"round":1,"schema":1,"sequence":871,"yaw":0.231000006198883}
CORRELATION_OBSERVE {"ack":574,"actor":1,"dead":0.0,"event":"snapshot","health":100.0,"seq":297.0}
PORT_NATIVE_TRACE {"ack":574,"actor_id":1,"controls":{"crouch":false,"fire":false,"interact":false,"jump":false,"mobility":false,"pitch":0.0,"reload":false,"sprint":false,"x":0.0,"yaw":0.231000006198883,"z":0.0},"event":"input_queue","monotonic_usec":10885392,"phase":3,"queue_result":0,"queued":true,"round":1,"schema":1,"sequence":872}
PORT_NATIVE_TRACE {"ack":574,"actor_id":1,"controls":{"crouch":false,"fire":false,"interact":false,"jump":false,"mobility":false,"pitch":0.0,"reload":false,"sprint":false,"x":0.0,"yaw":0.231000006198883,"z":0.0},"event":"input_queue","monotonic_usec":10899179,"phase":3,"queue_result":0,"queued":true,"round":1,"schema":1,"sequence":873}
PORT_NATIVE_TRACE {"ack":576,"actor_id":1,"camera_position":[8.0,1.45000004768372,34.0],"camera_reseeded":false,"control_eligible":true,"dead":0.0,"event":"snapshot","focused":true,"health":100.0,"lifecycle":"alive","monotonic_usec":10907138,"phase":3,"pitch":0.0,"pointer_captured":false,"pose_present":true,"round":1,"schema":1,"sequence":874,"yaw":0.231000006198883}
CORRELATION_OBSERVE {"ack":576,"actor":1,"dead":0.0,"event":"snapshot","health":100.0,"seq":298.0}
PORT_NATIVE_TRACE {"ack":576,"actor_id":1,"controls":{"crouch":false,"fire":false,"interact":false,"jump":false,"mobility":false,"pitch":0.0,"reload":false,"sprint":false,"x":0.0,"yaw":0.231000006198883,"z":0.0},"event":"input_queue","monotonic_usec":10920516,"phase":3,"queue_result":0,"queued":true,"round":1,"schema":1,"sequence":875}
PORT_NATIVE_TRACE {"ack":576,"actor_id":1,"controls":{"crouch":false,"fire":false,"interact":false,"jump":false,"mobility":false,"pitch":0.0,"reload":false,"sprint":false,"x":0.0,"yaw":0.231000006198883,"z":0.0},"event":"input_queue","monotonic_usec":10933987,"phase":3,"queue_result":0,"queued":true,"round":1,"schema":1,"sequence":876}
PORT_NATIVE_TRACE {"ack":578,"actor_id":1,"camera_position":[8.0,1.45000004768372,34.0],"camera_reseeded":false,"control_eligible":true,"dead":0.0,"event":"snapshot","focused":true,"health":100.0,"lifecycle":"alive","monotonic_usec":10941720,"phase":3,"pitch":0.0,"pointer_captured":false,"pose_present":true,"round":1,"schema":1,"sequence":877,"yaw":0.231000006198883}
CORRELATION_OBSERVE {"ack":578,"actor":1,"dead":0.0,"event":"snapshot","health":100.0,"seq":299.0}
PORT_NATIVE_TRACE {"ack":578,"actor_id":1,"controls":{"crouch":false,"fire":false,"interact":false,"jump":false,"mobility":false,"pitch":0.0,"reload":false,"sprint":false,"x":0.0,"yaw":0.231000006198883,"z":0.0},"event":"input_queue","monotonic_usec":10947774,"phase":3,"queue_result":0,"queued":true,"round":1,"schema":1,"sequence":878}
PORT_NATIVE_TRACE {"ack":578,"actor_id":1,"controls":{"crouch":false,"fire":false,"interact":false,"jump":false,"mobility":false,"pitch":0.0,"reload":false,"sprint":false,"x":0.0,"yaw":0.231000006198883,"z":0.0},"event":"input_queue","monotonic_usec":10968733,"phase":3,"queue_result":0,"queued":true,"round":1,"schema":1,"sequence":879}
PORT_NATIVE_TRACE {"ack":579,"actor_id":1,"camera_position":[8.0,1.45000004768372,34.0],"camera_reseeded":false,"control_eligible":true,"dead":0.0,"event":"snapshot","focused":true,"health":100.0,"lifecycle":"alive","monotonic_usec":10969714,"phase":3,"pitch":0.0,"pointer_captured":false,"pose_present":true,"round":1,"schema":1,"sequence":880,"yaw":0.231000006198883}
CORRELATION_OBSERVE {"ack":579,"actor":1,"dead":0.0,"event":"snapshot","health":100.0,"seq":300.0}
PORT_NATIVE_TRACE {"ack":579,"actor_id":1,"controls":{"crouch":false,"fire":false,"interact":false,"jump":false,"mobility":false,"pitch":0.0,"reload":false,"sprint":false,"x":0.0,"yaw":0.231000006198883,"z":0.0},"event":"input_queue","monotonic_usec":10982637,"phase":3,"queue_result":0,"queued":true,"round":1,"schema":1,"sequence":881}
PORT_NATIVE_TRACE {"ack":579,"actor_id":1,"controls":{"crouch":false,"fire":false,"interact":false,"jump":false,"mobility":false,"pitch":0.0,"reload":false,"sprint":false,"x":0.0,"yaw":0.231000006198883,"z":0.0},"event":"input_queue","monotonic_usec":11003219,"phase":3,"queue_result":0,"queued":true,"round":1,"schema":1,"sequence":882}
PORT_NATIVE_TRACE {"ack":581,"actor_id":1,"camera_position":[8.0,1.45000004768372,34.0],"camera_reseeded":false,"control_eligible":true,"dead":0.0,"event":"snapshot","focused":true,"health":100.0,"lifecycle":"alive","monotonic_usec":11004051,"phase":3,"pitch":0.0,"pointer_captured":false,"pose_present":true,"round":1,"schema":1,"sequence":883,"yaw":0.231000006198883}
CORRELATION_OBSERVE {"ack":581,"actor":1,"dead":0.0,"event":"snapshot","health":100.0,"seq":301.0}
PORT_NATIVE_TRACE {"ack":581,"actor_id":1,"controls":{"crouch":false,"fire":false,"interact":false,"jump":false,"mobility":false,"pitch":0.0,"reload":false,"sprint":false,"x":0.0,"yaw":0.231000006198883,"z":0.0},"event":"input_queue","monotonic_usec":11016639,"phase":3,"queue_result":0,"queued":true,"round":1,"schema":1,"sequence":884}
PORT_NATIVE_TRACE {"ack":581,"actor_id":1,"controls":{"crouch":false,"fire":false,"interact":false,"jump":false,"mobility":false,"pitch":0.0,"reload":false,"sprint":false,"x":0.0,"yaw":0.231000006198883,"z":0.0},"event":"input_queue","monotonic_usec":11030308,"phase":3,"queue_result":0,"queued":true,"round":1,"schema":1,"sequence":885}
PORT_NATIVE_TRACE {"ack":584,"actor_id":1,"camera_position":[8.0,1.45000004768372,34.0],"camera_reseeded":false,"control_eligible":true,"dead":0.0,"event":"snapshot","focused":true,"health":100.0,"lifecycle":"alive","monotonic_usec":11038290,"phase":3,"pitch":0.0,"pointer_captured":false,"pose_present":true,"round":1,"schema":1,"sequence":886,"yaw":0.231000006198883}
CORRELATION_OBSERVE {"ack":584,"actor":1,"dead":0.0,"event":"snapshot","health":100.0,"seq":302.0}
PORT_NATIVE_TRACE {"ack":584,"actor_id":1,"controls":{"crouch":false,"fire":false,"interact":false,"jump":false,"mobility":false,"pitch":0.0,"reload":false,"sprint":false,"x":0.0,"yaw":0.231000006198883,"z":0.0},"event":"input_queue","monotonic_usec":11051619,"phase":3,"queue_result":0,"queued":true,"round":1,"schema":1,"sequence":887}
PORT_NATIVE_TRACE {"ack":584,"actor_id":1,"controls":{"crouch":false,"fire":false,"interact":false,"jump":false,"mobility":false,"pitch":0.0,"reload":false,"sprint":false,"x":0.0,"yaw":0.231000006198883,"z":0.0},"event":"input_queue","monotonic_usec":11064965,"phase":3,"queue_result":0,"queued":true,"round":1,"schema":1,"sequence":888}
PORT_NATIVE_TRACE {"ack":585,"actor_id":1,"camera_position":[8.0,1.45000004768372,34.0],"camera_reseeded":false,"control_eligible":true,"dead":0.0,"event":"snapshot","focused":true,"health":100.0,"lifecycle":"alive","monotonic_usec":11072738,"phase":3,"pitch":0.0,"pointer_captured":false,"pose_present":true,"round":1,"schema":1,"sequence":889,"yaw":0.231000006198883}
CORRELATION_OBSERVE {"ack":585,"actor":1,"dead":0.0,"event":"snapshot","health":100.0,"seq":303.0}
PORT_NATIVE_TRACE {"ack":585,"actor_id":1,"controls":{"crouch":false,"fire":false,"interact":false,"jump":false,"mobility":false,"pitch":0.0,"reload":false,"sprint":false,"x":0.0,"yaw":0.231000006198883,"z":0.0},"event":"input_queue","monotonic_usec":11085744,"phase":3,"queue_result":0,"queued":true,"round":1,"schema":1,"sequence":890}
PORT_NATIVE_TRACE {"ack":585,"actor_id":1,"controls":{"crouch":false,"fire":false,"interact":false,"jump":false,"mobility":false,"pitch":0.0,"reload":false,"sprint":false,"x":0.0,"yaw":0.231000006198883,"z":0.0},"event":"input_queue","monotonic_usec":11099297,"phase":3,"queue_result":0,"queued":true,"round":1,"schema":1,"sequence":891}
PORT_NATIVE_TRACE {"ack":587,"actor_id":1,"camera_position":[8.0,1.45000004768372,34.0],"camera_reseeded":false,"control_eligible":true,"dead":0.0,"event":"snapshot","focused":true,"health":100.0,"lifecycle":"alive","monotonic_usec":11100368,"phase":3,"pitch":0.0,"pointer_captured":false,"pose_present":true,"round":1,"schema":1,"sequence":892,"yaw":0.231000006198883}
CORRELATION_OBSERVE {"ack":587,"actor":1,"dead":0.0,"event":"snapshot","health":100.0,"seq":304.0}
PORT_NATIVE_TRACE {"ack":587,"actor_id":1,"controls":{"crouch":false,"fire":false,"interact":false,"jump":false,"mobility":false,"pitch":0.0,"reload":false,"sprint":false,"x":0.0,"yaw":0.231000006198883,"z":0.0},"event":"input_queue","monotonic_usec":11120290,"phase":3,"queue_result":0,"queued":true,"round":1,"schema":1,"sequence":893}
PORT_NATIVE_TRACE {"ack":587,"actor_id":1,"controls":{"crouch":false,"fire":false,"interact":false,"jump":false,"mobility":false,"pitch":0.0,"reload":false,"sprint":false,"x":0.0,"yaw":0.231000006198883,"z":0.0},"event":"input_queue","monotonic_usec":11134017,"phase":3,"queue_result":0,"queued":true,"round":1,"schema":1,"sequence":894}
PORT_NATIVE_TRACE {"ack":589,"actor_id":1,"camera_position":[8.0,1.45000004768372,34.0],"camera_reseeded":false,"control_eligible":true,"dead":0.0,"event":"snapshot","focused":true,"health":100.0,"lifecycle":"alive","monotonic_usec":11134709,"phase":3,"pitch":0.0,"pointer_captured":false,"pose_present":true,"round":1,"schema":1,"sequence":895,"yaw":0.231000006198883}
CORRELATION_OBSERVE {"ack":589,"actor":1,"dead":0.0,"event":"snapshot","health":100.0,"seq":305.0}
GUEST_SAMPLE {"ack":589,"actor":1,"error":"","phase":3,"phase_seconds":0.0,"pose":true,"seconds":11.0757939999998,"snapshots":305,"starts":1}
PORT_NATIVE_TRACE {"ack":589,"actor_id":1,"controls":{"crouch":false,"fire":false,"interact":false,"jump":false,"mobility":false,"pitch":0.0,"reload":false,"sprint":false,"x":0.0,"yaw":0.231000006198883,"z":0.0},"event":"input_queue","monotonic_usec":11148221,"phase":3,"queue_result":0,"queued":true,"round":1,"schema":1,"sequence":896}
PORT_NATIVE_TRACE {"ack":589,"actor_id":1,"controls":{"crouch":false,"fire":false,"interact":false,"jump":false,"mobility":false,"pitch":0.0,"reload":false,"sprint":false,"x":0.0,"yaw":0.231000006198883,"z":0.0},"event":"input_queue","monotonic_usec":11168377,"phase":3,"queue_result":0,"queued":true,"round":1,"schema":1,"sequence":897}
PORT_NATIVE_TRACE {"ack":591,"actor_id":1,"camera_position":[8.0,1.45000004768372,34.0],"camera_reseeded":false,"control_eligible":true,"dead":0.0,"event":"snapshot","focused":true,"health":100.0,"lifecycle":"alive","monotonic_usec":11169052,"phase":3,"pitch":0.0,"pointer_captured":false,"pose_present":true,"round":1,"schema":1,"sequence":898,"yaw":0.231000006198883}
CORRELATION_OBSERVE {"ack":591,"actor":1,"dead":0.0,"event":"snapshot","health":100.0,"seq":306.0}
PORT_NATIVE_TRACE {"ack":591,"actor_id":1,"controls":{"crouch":false,"fire":false,"interact":false,"jump":false,"mobility":false,"pitch":0.0,"reload":false,"sprint":false,"x":0.0,"yaw":0.231000006198883,"z":0.0},"event":"input_queue","monotonic_usec":11182114,"phase":3,"queue_result":0,"queued":true,"round":1,"schema":1,"sequence":899}
PORT_NATIVE_TRACE {"ack":593,"actor_id":1,"camera_position":[8.0,1.45000004768372,34.0],"camera_reseeded":false,"control_eligible":true,"dead":0.0,"event":"snapshot","focused":true,"health":100.0,"lifecycle":"alive","monotonic_usec":11196422,"phase":3,"pitch":0.0,"pointer_captured":false,"pose_present":true,"round":1,"schema":1,"sequence":900,"yaw":0.231000006198883}
CORRELATION_OBSERVE {"ack":593,"actor":1,"dead":0.0,"event":"snapshot","health":100.0,"seq":307.0}
PORT_NATIVE_TRACE {"ack":593,"actor_id":1,"controls":{"crouch":false,"fire":false,"interact":false,"jump":false,"mobility":false,"pitch":0.0,"reload":false,"sprint":false,"x":0.0,"yaw":0.231000006198883,"z":0.0},"event":"input_queue","monotonic_usec":11203353,"phase":3,"queue_result":0,"queued":true,"round":1,"schema":1,"sequence":901}
PORT_NATIVE_TRACE {"ack":593,"actor_id":1,"controls":{"crouch":false,"fire":false,"interact":false,"jump":false,"mobility":false,"pitch":0.0,"reload":false,"sprint":false,"x":0.0,"yaw":0.231000006198883,"z":0.0},"event":"input_queue","monotonic_usec":11216716,"phase":3,"queue_result":0,"queued":true,"round":1,"schema":1,"sequence":902}
PORT_NATIVE_TRACE {"ack":593,"actor_id":1,"controls":{"crouch":false,"fire":false,"interact":false,"jump":false,"mobility":false,"pitch":0.0,"reload":false,"sprint":false,"x":0.0,"yaw":0.231000006198883,"z":0.0},"event":"input_queue","monotonic_usec":11230410,"phase":3,"queue_result":0,"queued":true,"round":1,"schema":1,"sequence":903}
PORT_NATIVE_TRACE {"ack":595,"actor_id":1,"camera_position":[8.0,1.45000004768372,34.0],"camera_reseeded":false,"control_eligible":true,"dead":0.0,"event":"snapshot","focused":true,"health":100.0,"lifecycle":"alive","monotonic_usec":11231082,"phase":3,"pitch":0.0,"pointer_captured":false,"pose_present":true,"round":1,"schema":1,"sequence":904,"yaw":0.231000006198883}
CORRELATION_OBSERVE {"ack":595,"actor":1,"dead":0.0,"event":"snapshot","health":100.0,"seq":308.0}
PORT_NATIVE_TRACE {"ack":595,"actor_id":1,"controls":{"crouch":false,"fire":false,"interact":false,"jump":false,"mobility":false,"pitch":0.0,"reload":false,"sprint":false,"x":0.0,"yaw":0.231000006198883,"z":0.0},"event":"input_queue","monotonic_usec":11251678,"phase":3,"queue_result":0,"queued":true,"round":1,"schema":1,"sequence":905}
PORT_NATIVE_TRACE {"ack":595,"actor_id":1,"controls":{"crouch":false,"fire":false,"interact":false,"jump":false,"mobility":false,"pitch":0.0,"reload":false,"sprint":false,"x":0.0,"yaw":0.231000006198883,"z":0.0},"event":"input_queue","monotonic_usec":11264874,"phase":3,"queue_result":0,"queued":true,"round":1,"schema":1,"sequence":906}
PORT_NATIVE_TRACE {"ack":597,"actor_id":1,"camera_position":[8.0,1.45000004768372,34.0],"camera_reseeded":false,"control_eligible":true,"dead":0.0,"event":"snapshot","focused":true,"health":100.0,"lifecycle":"alive","monotonic_usec":11265856,"phase":3,"pitch":0.0,"pointer_captured":false,"pose_present":true,"round":1,"schema":1,"sequence":907,"yaw":0.231000006198883}
CORRELATION_OBSERVE {"ack":597,"actor":1,"dead":0.0,"event":"snapshot","health":100.0,"seq":309.0}
PORT_NATIVE_TRACE {"ack":597,"actor_id":1,"controls":{"crouch":false,"fire":false,"interact":false,"jump":false,"mobility":false,"pitch":0.0,"reload":false,"sprint":false,"x":0.0,"yaw":0.231000006198883,"z":0.0},"event":"input_queue","monotonic_usec":11285817,"phase":3,"queue_result":0,"queued":true,"round":1,"schema":1,"sequence":908}
PORT_NATIVE_TRACE {"ack":599,"actor_id":1,"camera_position":[8.0,1.45000004768372,34.0],"camera_reseeded":false,"control_eligible":true,"dead":0.0,"event":"snapshot","focused":true,"health":100.0,"lifecycle":"alive","monotonic_usec":11293460,"phase":3,"pitch":0.0,"pointer_captured":false,"pose_present":true,"round":1,"schema":1,"sequence":909,"yaw":0.231000006198883}
CORRELATION_OBSERVE {"ack":599,"actor":1,"dead":0.0,"event":"snapshot","health":100.0,"seq":310.0}
PORT_NATIVE_TRACE {"ack":599,"actor_id":1,"controls":{"crouch":false,"fire":false,"interact":false,"jump":false,"mobility":false,"pitch":0.0,"reload":false,"sprint":false,"x":0.0,"yaw":0.231000006198883,"z":0.0},"event":"input_queue","monotonic_usec":11299403,"phase":3,"queue_result":0,"queued":true,"round":1,"schema":1,"sequence":910}
PORT_NATIVE_TRACE {"ack":599,"actor_id":1,"controls":{"crouch":false,"fire":false,"interact":false,"jump":false,"mobility":false,"pitch":0.0,"reload":false,"sprint":false,"x":0.0,"yaw":0.231000006198883,"z":0.0},"event":"input_queue","monotonic_usec":11320400,"phase":3,"queue_result":0,"queued":true,"round":1,"schema":1,"sequence":911}
PORT_NATIVE_TRACE {"ack":601,"actor_id":1,"camera_position":[8.0,1.45000004768372,34.0],"camera_reseeded":false,"control_eligible":true,"dead":0.0,"event":"snapshot","focused":true,"health":100.0,"lifecycle":"alive","monotonic_usec":11328254,"phase":3,"pitch":0.0,"pointer_captured":false,"pose_present":true,"round":1,"schema":1,"sequence":912,"yaw":0.231000006198883}
CORRELATION_OBSERVE {"ack":601,"actor":1,"dead":0.0,"event":"snapshot","health":100.0,"seq":311.0}
PORT_NATIVE_TRACE {"ack":601,"actor_id":1,"controls":{"crouch":false,"fire":false,"interact":false,"jump":false,"mobility":false,"pitch":0.0,"reload":false,"sprint":false,"x":0.0,"yaw":0.231000006198883,"z":0.0},"event":"input_queue","monotonic_usec":11334182,"phase":3,"queue_result":0,"queued":true,"round":1,"schema":1,"sequence":913}
PORT_NATIVE_TRACE {"ack":601,"actor_id":1,"controls":{"crouch":false,"fire":false,"interact":false,"jump":false,"mobility":false,"pitch":0.0,"reload":false,"sprint":false,"x":0.0,"yaw":0.231000006198883,"z":0.0},"event":"input_queue","monotonic_usec":11347998,"phase":3,"queue_result":0,"queued":true,"round":1,"schema":1,"sequence":914}
PORT_NATIVE_TRACE {"ack":603,"actor_id":1,"camera_position":[8.0,1.45000004768372,34.0],"camera_reseeded":false,"control_eligible":true,"dead":0.0,"event":"snapshot","focused":true,"health":100.0,"lifecycle":"alive","monotonic_usec":11362419,"phase":3,"pitch":0.0,"pointer_captured":false,"pose_present":true,"round":1,"schema":1,"sequence":915,"yaw":0.231000006198883}
CORRELATION_OBSERVE {"ack":603,"actor":1,"dead":0.0,"event":"snapshot","health":100.0,"seq":312.0}
PORT_NATIVE_TRACE {"ack":603,"actor_id":1,"controls":{"crouch":false,"fire":false,"interact":false,"jump":false,"mobility":false,"pitch":0.0,"reload":false,"sprint":false,"x":0.0,"yaw":0.231000006198883,"z":0.0},"event":"input_queue","monotonic_usec":11368631,"phase":3,"queue_result":0,"queued":true,"round":1,"schema":1,"sequence":916}
PORT_NATIVE_TRACE {"ack":603,"actor_id":1,"controls":{"crouch":false,"fire":false,"interact":false,"jump":false,"mobility":false,"pitch":0.0,"reload":false,"sprint":false,"x":0.0,"yaw":0.231000006198883,"z":0.0},"event":"input_queue","monotonic_usec":11382215,"phase":3,"queue_result":0,"queued":true,"round":1,"schema":1,"sequence":917}
PORT_NATIVE_TRACE {"ack":605,"actor_id":1,"camera_position":[8.0,1.45000004768372,34.0],"camera_reseeded":false,"control_eligible":true,"dead":0.0,"event":"snapshot","focused":true,"health":100.0,"lifecycle":"alive","monotonic_usec":11389998,"phase":3,"pitch":0.0,"pointer_captured":false,"pose_present":true,"round":1,"schema":1,"sequence":918,"yaw":0.231000006198883}
CORRELATION_OBSERVE {"ack":605,"actor":1,"dead":0.0,"event":"snapshot","health":100.0,"seq":313.0}
PORT_NATIVE_TRACE {"ack":605,"actor_id":1,"controls":{"crouch":false,"fire":false,"interact":false,"jump":false,"mobility":false,"pitch":0.0,"reload":false,"sprint":false,"x":0.0,"yaw":0.231000006198883,"z":0.0},"event":"input_queue","monotonic_usec":11402844,"phase":3,"queue_result":0,"queued":true,"round":1,"schema":1,"sequence":919}
PORT_NATIVE_TRACE {"ack":605,"actor_id":1,"controls":{"crouch":false,"fire":false,"interact":false,"jump":false,"mobility":false,"pitch":0.0,"reload":false,"sprint":false,"x":0.0,"yaw":0.231000006198883,"z":0.0},"event":"input_queue","monotonic_usec":11416601,"phase":3,"queue_result":0,"queued":true,"round":1,"schema":1,"sequence":920}
PORT_NATIVE_TRACE {"ack":607,"actor_id":1,"camera_position":[8.0,1.45000004768372,34.0],"camera_reseeded":false,"control_eligible":true,"dead":0.0,"event":"snapshot","focused":true,"health":100.0,"lifecycle":"alive","monotonic_usec":11423914,"phase":3,"pitch":0.0,"pointer_captured":false,"pose_present":true,"round":1,"schema":1,"sequence":921,"yaw":0.231000006198883}
CORRELATION_OBSERVE {"ack":607,"actor":1,"dead":0.0,"event":"snapshot","health":100.0,"seq":314.0}
PORT_NATIVE_TRACE {"ack":607,"actor_id":1,"controls":{"crouch":false,"fire":false,"interact":false,"jump":false,"mobility":false,"pitch":0.0,"reload":false,"sprint":false,"x":0.0,"yaw":0.231000006198883,"z":0.0},"event":"input_queue","monotonic_usec":11430495,"phase":3,"queue_result":0,"queued":true,"round":1,"schema":1,"sequence":922}
PORT_NATIVE_TRACE {"ack":607,"actor_id":1,"controls":{"crouch":false,"fire":false,"interact":false,"jump":false,"mobility":false,"pitch":0.0,"reload":false,"sprint":false,"x":0.0,"yaw":0.231000006198883,"z":0.0},"event":"input_queue","monotonic_usec":11451144,"phase":3,"queue_result":0,"queued":true,"round":1,"schema":1,"sequence":923}
PORT_NATIVE_TRACE {"ack":609,"actor_id":1,"camera_position":[8.0,1.45000004768372,34.0],"camera_reseeded":false,"control_eligible":true,"dead":0.0,"event":"snapshot","focused":true,"health":100.0,"lifecycle":"alive","monotonic_usec":11458471,"phase":3,"pitch":0.0,"pointer_captured":false,"pose_present":true,"round":1,"schema":1,"sequence":924,"yaw":0.231000006198883}
CORRELATION_OBSERVE {"ack":609,"actor":1,"dead":0.0,"event":"snapshot","health":100.0,"seq":315.0}
PORT_NATIVE_TRACE {"ack":609,"actor_id":1,"controls":{"crouch":false,"fire":false,"interact":false,"jump":false,"mobility":false,"pitch":0.0,"reload":false,"sprint":false,"x":0.0,"yaw":0.231000006198883,"z":0.0},"event":"input_queue","monotonic_usec":11464908,"phase":3,"queue_result":0,"queued":true,"round":1,"schema":1,"sequence":925}
PORT_NATIVE_TRACE {"ack":609,"actor_id":1,"controls":{"crouch":false,"fire":false,"interact":false,"jump":false,"mobility":false,"pitch":0.0,"reload":false,"sprint":false,"x":0.0,"yaw":0.231000006198883,"z":0.0},"event":"input_queue","monotonic_usec":11485593,"phase":3,"queue_result":0,"queued":true,"round":1,"schema":1,"sequence":926}
PORT_NATIVE_TRACE {"ack":610,"actor_id":1,"camera_position":[8.0,1.45000004768372,34.0],"camera_reseeded":false,"control_eligible":true,"dead":0.0,"event":"snapshot","focused":true,"health":100.0,"lifecycle":"alive","monotonic_usec":11486017,"phase":3,"pitch":0.0,"pointer_captured":false,"pose_present":true,"round":1,"schema":1,"sequence":927,"yaw":0.231000006198883}
CORRELATION_OBSERVE {"ack":610,"actor":1,"dead":0.0,"event":"snapshot","health":100.0,"seq":316.0}
PORT_NATIVE_TRACE {"ack":610,"actor_id":1,"controls":{"crouch":false,"fire":false,"interact":false,"jump":false,"mobility":false,"pitch":0.0,"reload":false,"sprint":false,"x":0.0,"yaw":0.231000006198883,"z":0.0},"event":"input_queue","monotonic_usec":11499591,"phase":3,"queue_result":0,"queued":true,"round":1,"schema":1,"sequence":928}
PORT_NATIVE_TRACE {"ack":610,"actor_id":1,"controls":{"crouch":false,"fire":false,"interact":false,"jump":false,"mobility":false,"pitch":0.0,"reload":false,"sprint":false,"x":0.0,"yaw":0.231000006198883,"z":0.0},"event":"input_queue","monotonic_usec":11520214,"phase":3,"queue_result":0,"queued":true,"round":1,"schema":1,"sequence":929}
PORT_NATIVE_TRACE {"ack":612,"actor_id":1,"camera_position":[8.0,1.45000004768372,34.0],"camera_reseeded":false,"control_eligible":true,"dead":0.0,"event":"snapshot","focused":true,"health":100.0,"lifecycle":"alive","monotonic_usec":11520890,"phase":3,"pitch":0.0,"pointer_captured":false,"pose_present":true,"round":1,"schema":1,"sequence":930,"yaw":0.231000006198883}
CORRELATION_OBSERVE {"ack":612,"actor":1,"dead":0.0,"event":"snapshot","health":100.0,"seq":317.0}
PORT_NATIVE_TRACE {"ack":612,"actor_id":1,"controls":{"crouch":false,"fire":false,"interact":false,"jump":false,"mobility":false,"pitch":0.0,"reload":false,"sprint":false,"x":0.0,"yaw":0.231000006198883,"z":0.0},"event":"input_queue","monotonic_usec":11534015,"phase":3,"queue_result":0,"queued":true,"round":1,"schema":1,"sequence":931}
PORT_NATIVE_TRACE {"ack":612,"actor_id":1,"controls":{"crouch":false,"fire":false,"interact":false,"jump":false,"mobility":false,"pitch":0.0,"reload":false,"sprint":false,"x":0.0,"yaw":0.231000006198883,"z":0.0},"event":"input_queue","monotonic_usec":11547836,"phase":3,"queue_result":0,"queued":true,"round":1,"schema":1,"sequence":932}
PORT_NATIVE_TRACE {"ack":614,"actor_id":1,"camera_position":[8.0,1.45000004768372,34.0],"camera_reseeded":false,"control_eligible":true,"dead":0.0,"event":"snapshot","focused":true,"health":100.0,"lifecycle":"alive","monotonic_usec":11555079,"phase":3,"pitch":0.0,"pointer_captured":false,"pose_present":true,"round":1,"schema":1,"sequence":933,"yaw":0.231000006198883}
CORRELATION_OBSERVE {"ack":614,"actor":1,"dead":0.0,"event":"snapshot","health":100.0,"seq":318.0}
PORT_NATIVE_TRACE {"ack":614,"actor_id":1,"controls":{"crouch":false,"fire":false,"interact":false,"jump":false,"mobility":false,"pitch":0.0,"reload":false,"sprint":false,"x":0.0,"yaw":0.231000006198883,"z":0.0},"event":"input_queue","monotonic_usec":11568494,"phase":3,"queue_result":0,"queued":true,"round":1,"schema":1,"sequence":934}
PORT_NATIVE_TRACE {"ack":614,"actor_id":1,"controls":{"crouch":false,"fire":false,"interact":false,"jump":false,"mobility":false,"pitch":0.0,"reload":false,"sprint":false,"x":0.0,"yaw":0.231000006198883,"z":0.0},"event":"input_queue","monotonic_usec":11582464,"phase":3,"queue_result":0,"queued":true,"round":1,"schema":1,"sequence":935}
PORT_NATIVE_TRACE {"ack":616,"actor_id":1,"camera_position":[8.0,1.45000004768372,34.0],"camera_reseeded":false,"control_eligible":true,"dead":0.0,"event":"snapshot","focused":true,"health":100.0,"lifecycle":"alive","monotonic_usec":11583146,"phase":3,"pitch":0.0,"pointer_captured":false,"pose_present":true,"round":1,"schema":1,"sequence":936,"yaw":0.231000006198883}
CORRELATION_OBSERVE {"ack":616,"actor":1,"dead":0.0,"event":"snapshot","health":100.0,"seq":319.0}
PORT_NATIVE_TRACE {"ack":616,"actor_id":1,"controls":{"crouch":false,"fire":false,"interact":false,"jump":false,"mobility":false,"pitch":0.0,"reload":false,"sprint":false,"x":0.0,"yaw":0.231000006198883,"z":0.0},"event":"input_queue","monotonic_usec":11602998,"phase":3,"queue_result":0,"queued":true,"round":1,"schema":1,"sequence":937}
PORT_NATIVE_TRACE {"ack":616,"actor_id":1,"controls":{"crouch":false,"fire":false,"interact":false,"jump":false,"mobility":false,"pitch":0.0,"reload":false,"sprint":false,"x":0.0,"yaw":0.231000006198883,"z":0.0},"event":"input_queue","monotonic_usec":11616852,"phase":3,"queue_result":0,"queued":true,"round":1,"schema":1,"sequence":938}
PORT_NATIVE_TRACE {"ack":618,"actor_id":1,"camera_position":[8.0,1.45000004768372,34.0],"camera_reseeded":false,"control_eligible":true,"dead":0.0,"event":"snapshot","focused":true,"health":100.0,"lifecycle":"alive","monotonic_usec":11617772,"phase":3,"pitch":0.0,"pointer_captured":false,"pose_present":true,"round":1,"schema":1,"sequence":939,"yaw":0.231000006198883}
CORRELATION_OBSERVE {"ack":618,"actor":1,"dead":0.0,"event":"snapshot","health":100.0,"seq":320.0}
PORT_NATIVE_TRACE {"ack":618,"actor_id":1,"controls":{"crouch":false,"fire":false,"interact":false,"jump":false,"mobility":false,"pitch":0.0,"reload":false,"sprint":false,"x":0.0,"yaw":0.231000006198883,"z":0.0},"event":"input_queue","monotonic_usec":11630866,"phase":3,"queue_result":0,"queued":true,"round":1,"schema":1,"sequence":940}
GUEST_SAMPLE {"ack":618,"actor":1,"error":"","phase":3,"phase_seconds":0.0,"pose":true,"seconds":11.5792019999997,"snapshots":320,"starts":1}
PORT_NATIVE_TRACE {"ack":618,"actor_id":1,"controls":{"crouch":false,"fire":false,"interact":false,"jump":false,"mobility":false,"pitch":0.0,"reload":false,"sprint":false,"x":0.0,"yaw":0.231000006198883,"z":0.0},"event":"input_queue","monotonic_usec":11652041,"phase":3,"queue_result":0,"queued":true,"round":1,"schema":1,"sequence":941}
PORT_NATIVE_TRACE {"ack":620,"actor_id":1,"camera_position":[8.0,1.45000004768372,34.0],"camera_reseeded":false,"control_eligible":true,"dead":0.0,"event":"snapshot","focused":true,"health":100.0,"lifecycle":"alive","monotonic_usec":11652800,"phase":3,"pitch":0.0,"pointer_captured":false,"pose_present":true,"round":1,"schema":1,"sequence":942,"yaw":0.231000006198883}
CORRELATION_OBSERVE {"ack":620,"actor":1,"dead":0.0,"event":"snapshot","health":100.0,"seq":321.0}
PORT_NATIVE_TRACE {"ack":620,"actor_id":1,"controls":{"crouch":false,"fire":false,"interact":false,"jump":false,"mobility":false,"pitch":0.0,"reload":false,"sprint":false,"x":0.0,"yaw":0.231000006198883,"z":0.0},"event":"input_queue","monotonic_usec":11665213,"phase":3,"queue_result":0,"queued":true,"round":1,"schema":1,"sequence":943}
PORT_NATIVE_TRACE {"ack":620,"actor_id":1,"controls":{"crouch":false,"fire":false,"interact":false,"jump":false,"mobility":false,"pitch":0.0,"reload":false,"sprint":false,"x":0.0,"yaw":0.231000006198883,"z":0.0},"event":"input_queue","monotonic_usec":11685858,"phase":3,"queue_result":0,"queued":true,"round":1,"schema":1,"sequence":944}
PORT_NATIVE_TRACE {"ack":622,"actor_id":1,"camera_position":[8.0,1.45000004768372,34.0],"camera_reseeded":false,"control_eligible":true,"dead":0.0,"event":"snapshot","focused":true,"health":100.0,"lifecycle":"alive","monotonic_usec":11686862,"phase":3,"pitch":0.0,"pointer_captured":false,"pose_present":true,"round":1,"schema":1,"sequence":945,"yaw":0.231000006198883}
CORRELATION_OBSERVE {"ack":622,"actor":1,"dead":0.0,"event":"snapshot","health":100.0,"seq":322.0}
PORT_NATIVE_TRACE {"ack":622,"actor_id":1,"controls":{"crouch":false,"fire":false,"interact":false,"jump":false,"mobility":false,"pitch":0.0,"reload":false,"sprint":false,"x":0.0,"yaw":0.231000006198883,"z":0.0},"event":"input_queue","monotonic_usec":11700304,"phase":3,"queue_result":0,"queued":true,"round":1,"schema":1,"sequence":946}
PORT_NATIVE_TRACE {"ack":624,"actor_id":1,"camera_position":[8.0,1.45000004768372,34.0],"camera_reseeded":false,"control_eligible":true,"dead":0.0,"event":"snapshot","focused":true,"health":100.0,"lifecycle":"alive","monotonic_usec":11714524,"phase":3,"pitch":0.0,"pointer_captured":false,"pose_present":true,"round":1,"schema":1,"sequence":947,"yaw":0.231000006198883}
CORRELATION_OBSERVE {"ack":624,"actor":1,"dead":0.0,"event":"snapshot","health":100.0,"seq":323.0}
PORT_NATIVE_TRACE {"ack":624,"actor_id":1,"controls":{"crouch":false,"fire":false,"interact":false,"jump":false,"mobility":false,"pitch":0.0,"reload":false,"sprint":false,"x":0.0,"yaw":0.231000006198883,"z":0.0},"event":"input_queue","monotonic_usec":11720640,"phase":3,"queue_result":0,"queued":true,"round":1,"schema":1,"sequence":948}
PORT_NATIVE_TRACE {"ack":624,"actor_id":1,"controls":{"crouch":false,"fire":false,"interact":false,"jump":false,"mobility":false,"pitch":0.0,"reload":false,"sprint":false,"x":0.0,"yaw":0.231000006198883,"z":0.0},"event":"input_queue","monotonic_usec":11734224,"phase":3,"queue_result":0,"queued":true,"round":1,"schema":1,"sequence":949}
PORT_NATIVE_TRACE {"ack":624,"actor_id":1,"controls":{"crouch":false,"fire":false,"interact":false,"jump":false,"mobility":false,"pitch":0.0,"reload":false,"sprint":false,"x":0.0,"yaw":0.231000006198883,"z":0.0},"event":"input_queue","monotonic_usec":11747846,"phase":3,"queue_result":0,"queued":true,"round":1,"schema":1,"sequence":950}
PORT_NATIVE_TRACE {"ack":626,"actor_id":1,"camera_position":[8.0,1.45000004768372,34.0],"camera_reseeded":false,"control_eligible":true,"dead":0.0,"event":"snapshot","focused":true,"health":100.0,"lifecycle":"alive","monotonic_usec":11748386,"phase":3,"pitch":0.0,"pointer_captured":false,"pose_present":true,"round":1,"schema":1,"sequence":951,"yaw":0.231000006198883}
CORRELATION_OBSERVE {"ack":626,"actor":1,"dead":0.0,"event":"snapshot","health":100.0,"seq":324.0}
PORT_NATIVE_TRACE {"ack":626,"actor_id":1,"controls":{"crouch":false,"fire":false,"interact":false,"jump":false,"mobility":false,"pitch":0.0,"reload":false,"sprint":false,"x":0.0,"yaw":0.231000006198883,"z":0.0},"event":"input_queue","monotonic_usec":11768913,"phase":3,"queue_result":0,"queued":true,"round":1,"schema":1,"sequence":952}
PORT_NATIVE_TRACE {"ack":626,"actor_id":1,"controls":{"crouch":false,"fire":false,"interact":false,"jump":false,"mobility":false,"pitch":0.0,"reload":false,"sprint":false,"x":0.0,"yaw":0.231000006198883,"z":0.0},"event":"input_queue","monotonic_usec":11782378,"phase":3,"queue_result":0,"queued":true,"round":1,"schema":1,"sequence":953}
PORT_NATIVE_TRACE {"ack":628,"actor_id":1,"camera_position":[8.0,1.45000004768372,34.0],"camera_reseeded":false,"control_eligible":true,"dead":0.0,"event":"snapshot","focused":true,"health":100.0,"lifecycle":"alive","monotonic_usec":11783337,"phase":3,"pitch":0.0,"pointer_captured":false,"pose_present":true,"round":1,"schema":1,"sequence":954,"yaw":0.231000006198883}
CORRELATION_OBSERVE {"ack":628,"actor":1,"dead":0.0,"event":"snapshot","health":100.0,"seq":325.0}
PORT_NATIVE_TRACE {"ack":628,"actor_id":1,"controls":{"crouch":false,"fire":false,"interact":false,"jump":false,"mobility":false,"pitch":0.0,"reload":false,"sprint":false,"x":0.0,"yaw":0.231000006198883,"z":0.0},"event":"input_queue","monotonic_usec":11803385,"phase":3,"queue_result":0,"queued":true,"round":1,"schema":1,"sequence":955}
PORT_NATIVE_TRACE {"ack":628,"actor_id":1,"controls":{"crouch":false,"fire":false,"interact":false,"jump":false,"mobility":false,"pitch":0.0,"reload":false,"sprint":false,"x":0.0,"yaw":0.231000006198883,"z":0.0},"event":"input_queue","monotonic_usec":11816944,"phase":3,"queue_result":0,"queued":true,"round":1,"schema":1,"sequence":956}
PORT_NATIVE_TRACE {"ack":630,"actor_id":1,"camera_position":[8.0,1.45000004768372,34.0],"camera_reseeded":false,"control_eligible":true,"dead":0.0,"event":"snapshot","focused":true,"health":100.0,"lifecycle":"alive","monotonic_usec":11817824,"phase":3,"pitch":0.0,"pointer_captured":false,"pose_present":true,"round":1,"schema":1,"sequence":957,"yaw":0.231000006198883}
CORRELATION_OBSERVE {"ack":630,"actor":1,"dead":0.0,"event":"snapshot","health":100.0,"seq":326.0}
PORT_NATIVE_TRACE {"ack":630,"actor_id":1,"controls":{"crouch":false,"fire":false,"interact":false,"jump":false,"mobility":false,"pitch":0.0,"reload":false,"sprint":false,"x":0.0,"yaw":0.231000006198883,"z":0.0},"event":"input_queue","monotonic_usec":11830955,"phase":3,"queue_result":0,"queued":true,"round":1,"schema":1,"sequence":958}
PORT_NATIVE_TRACE {"ack":630,"actor_id":1,"controls":{"crouch":false,"fire":false,"interact":false,"jump":false,"mobility":false,"pitch":0.0,"reload":false,"sprint":false,"x":0.0,"yaw":0.231000006198883,"z":0.0},"event":"input_queue","monotonic_usec":11851957,"phase":3,"queue_result":0,"queued":true,"round":1,"schema":1,"sequence":959}
PORT_NATIVE_TRACE {"ack":632,"actor_id":1,"camera_position":[8.0,1.45000004768372,34.0],"camera_reseeded":false,"control_eligible":true,"dead":0.0,"event":"snapshot","focused":true,"health":100.0,"lifecycle":"alive","monotonic_usec":11852998,"phase":3,"pitch":0.0,"pointer_captured":false,"pose_present":true,"round":1,"schema":1,"sequence":960,"yaw":0.231000006198883}
CORRELATION_OBSERVE {"ack":632,"actor":1,"dead":0.0,"event":"snapshot","health":100.0,"seq":327.0}
PORT_NATIVE_TRACE {"ack":632,"actor_id":1,"controls":{"crouch":false,"fire":false,"interact":false,"jump":false,"mobility":false,"pitch":0.0,"reload":false,"sprint":false,"x":0.0,"yaw":0.231000006198883,"z":0.0},"event":"input_queue","monotonic_usec":11865282,"phase":3,"queue_result":0,"queued":true,"round":1,"schema":1,"sequence":961}
PORT_NATIVE_TRACE {"ack":634,"actor_id":1,"camera_position":[8.0,1.45000004768372,34.0],"camera_reseeded":false,"control_eligible":true,"dead":0.0,"event":"snapshot","focused":true,"health":100.0,"lifecycle":"alive","monotonic_usec":11879434,"phase":3,"pitch":0.0,"pointer_captured":false,"pose_present":true,"round":1,"schema":1,"sequence":962,"yaw":0.231000006198883}
CORRELATION_OBSERVE {"ack":634,"actor":1,"dead":0.0,"event":"snapshot","health":100.0,"seq":328.0}
PORT_NATIVE_TRACE {"ack":634,"actor_id":1,"controls":{"crouch":false,"fire":false,"interact":false,"jump":false,"mobility":false,"pitch":0.0,"reload":false,"sprint":false,"x":0.0,"yaw":0.231000006198883,"z":0.0},"event":"input_queue","monotonic_usec":11885827,"phase":3,"queue_result":0,"queued":true,"round":1,"schema":1,"sequence":963}
PORT_NATIVE_TRACE {"ack":634,"actor_id":1,"controls":{"crouch":false,"fire":false,"interact":false,"jump":false,"mobility":false,"pitch":0.0,"reload":false,"sprint":false,"x":0.0,"yaw":0.231000006198883,"z":0.0},"event":"input_queue","monotonic_usec":11899703,"phase":3,"queue_result":0,"queued":true,"round":1,"schema":1,"sequence":964}
PORT_NATIVE_TRACE {"ack":636,"actor_id":1,"camera_position":[8.0,1.45000004768372,34.0],"camera_reseeded":false,"control_eligible":true,"dead":0.0,"event":"snapshot","focused":true,"health":100.0,"lifecycle":"alive","monotonic_usec":11914709,"phase":3,"pitch":0.0,"pointer_captured":false,"pose_present":true,"round":1,"schema":1,"sequence":965,"yaw":0.231000006198883}
CORRELATION_OBSERVE {"ack":636,"actor":1,"dead":0.0,"event":"snapshot","health":100.0,"seq":329.0}
PORT_NATIVE_TRACE {"ack":636,"actor_id":1,"controls":{"crouch":false,"fire":false,"interact":false,"jump":false,"mobility":false,"pitch":0.0,"reload":false,"sprint":false,"x":0.0,"yaw":0.231000006198883,"z":0.0},"event":"input_queue","monotonic_usec":11920481,"phase":3,"queue_result":0,"queued":true,"round":1,"schema":1,"sequence":966}
PORT_NATIVE_TRACE {"ack":636,"actor_id":1,"controls":{"crouch":false,"fire":false,"interact":false,"jump":false,"mobility":false,"pitch":0.0,"reload":false,"sprint":false,"x":0.0,"yaw":0.231000006198883,"z":0.0},"event":"input_queue","monotonic_usec":11934166,"phase":3,"queue_result":0,"queued":true,"round":1,"schema":1,"sequence":967}
PORT_NATIVE_TRACE {"ack":638,"actor_id":1,"camera_position":[8.0,1.45000004768372,34.0],"camera_reseeded":false,"control_eligible":true,"dead":0.0,"event":"snapshot","focused":true,"health":100.0,"lifecycle":"alive","monotonic_usec":11941263,"phase":3,"pitch":0.0,"pointer_captured":false,"pose_present":true,"round":1,"schema":1,"sequence":968,"yaw":0.231000006198883}
CORRELATION_OBSERVE {"ack":638,"actor":1,"dead":0.0,"event":"snapshot","health":100.0,"seq":330.0}
PORT_NATIVE_TRACE {"ack":638,"actor_id":1,"controls":{"crouch":false,"fire":false,"interact":false,"jump":false,"mobility":false,"pitch":0.0,"reload":false,"sprint":false,"x":0.0,"yaw":0.231000006198883,"z":0.0},"event":"input_queue","monotonic_usec":11948169,"phase":3,"queue_result":0,"queued":true,"round":1,"schema":1,"sequence":969}
PORT_NATIVE_TRACE {"ack":638,"actor_id":1,"controls":{"crouch":false,"fire":false,"interact":false,"jump":false,"mobility":false,"pitch":0.0,"reload":false,"sprint":false,"x":0.0,"yaw":0.231000006198883,"z":0.0},"event":"input_queue","monotonic_usec":11968700,"phase":3,"queue_result":0,"queued":true,"round":1,"schema":1,"sequence":970}
PORT_NATIVE_TRACE {"ack":640,"actor_id":1,"camera_position":[8.0,1.45000004768372,34.0],"camera_reseeded":false,"control_eligible":true,"dead":0.0,"event":"snapshot","focused":true,"health":100.0,"lifecycle":"alive","monotonic_usec":11976560,"phase":3,"pitch":0.0,"pointer_captured":false,"pose_present":true,"round":1,"schema":1,"sequence":971,"yaw":0.231000006198883}
CORRELATION_OBSERVE {"ack":640,"actor":1,"dead":0.0,"event":"snapshot","health":100.0,"seq":331.0}
PORT_NATIVE_TRACE {"ack":640,"actor_id":1,"controls":{"crouch":false,"fire":false,"interact":false,"jump":false,"mobility":false,"pitch":0.0,"reload":false,"sprint":false,"x":0.0,"yaw":0.231000006198883,"z":0.0},"event":"input_queue","monotonic_usec":11982796,"phase":3,"queue_result":0,"queued":true,"round":1,"schema":1,"sequence":972}
PORT_NATIVE_TRACE {"ack":640,"actor_id":1,"controls":{"crouch":false,"fire":false,"interact":false,"jump":false,"mobility":false,"pitch":0.0,"reload":false,"sprint":false,"x":0.0,"yaw":0.231000006198883,"z":0.0},"event":"input_queue","monotonic_usec":12003478,"phase":3,"queue_result":0,"queued":true,"round":1,"schema":1,"sequence":973}
PORT_NATIVE_TRACE {"ack":642,"actor_id":1,"camera_position":[8.0,1.45000004768372,34.0],"camera_reseeded":false,"control_eligible":true,"dead":0.0,"event":"snapshot","focused":true,"health":100.0,"lifecycle":"alive","monotonic_usec":12010965,"phase":3,"pitch":0.0,"pointer_captured":false,"pose_present":true,"round":1,"schema":1,"sequence":974,"yaw":0.231000006198883}
CORRELATION_OBSERVE {"ack":642,"actor":1,"dead":0.0,"event":"snapshot","health":100.0,"seq":332.0}
PORT_NATIVE_TRACE {"ack":642,"actor_id":1,"controls":{"crouch":false,"fire":false,"interact":false,"jump":false,"mobility":false,"pitch":0.0,"reload":false,"sprint":false,"x":0.0,"yaw":0.231000006198883,"z":0.0},"event":"input_queue","monotonic_usec":12017671,"phase":3,"queue_result":0,"queued":true,"round":1,"schema":1,"sequence":975}
PORT_NATIVE_TRACE {"ack":642,"actor_id":1,"controls":{"crouch":false,"fire":false,"interact":false,"jump":false,"mobility":false,"pitch":0.0,"reload":false,"sprint":false,"x":0.0,"yaw":0.231000006198883,"z":0.0},"event":"input_queue","monotonic_usec":12037724,"phase":3,"queue_result":0,"queued":true,"round":1,"schema":1,"sequence":976}
PORT_NATIVE_TRACE {"ack":643,"actor_id":1,"camera_position":[8.0,1.45000004768372,34.0],"camera_reseeded":false,"control_eligible":true,"dead":0.0,"event":"snapshot","focused":true,"health":100.0,"lifecycle":"alive","monotonic_usec":12038752,"phase":3,"pitch":0.0,"pointer_captured":false,"pose_present":true,"round":1,"schema":1,"sequence":977,"yaw":0.231000006198883}
CORRELATION_OBSERVE {"ack":643,"actor":1,"dead":0.0,"event":"snapshot","health":100.0,"seq":333.0}
PORT_NATIVE_TRACE {"ack":643,"actor_id":1,"controls":{"crouch":false,"fire":false,"interact":false,"jump":false,"mobility":false,"pitch":0.0,"reload":false,"sprint":false,"x":0.0,"yaw":0.231000006198883,"z":0.0},"event":"input_queue","monotonic_usec":12052039,"phase":3,"queue_result":0,"queued":true,"round":1,"schema":1,"sequence":978}
PORT_NATIVE_TRACE {"ack":643,"actor_id":1,"controls":{"crouch":false,"fire":false,"interact":false,"jump":false,"mobility":false,"pitch":0.0,"reload":false,"sprint":false,"x":0.0,"yaw":0.231000006198883,"z":0.0},"event":"input_queue","monotonic_usec":12065894,"phase":3,"queue_result":0,"queued":true,"round":1,"schema":1,"sequence":979}
PORT_NATIVE_TRACE {"ack":646,"actor_id":1,"camera_position":[8.0,1.45000004768372,34.0],"camera_reseeded":false,"control_eligible":true,"dead":0.0,"event":"snapshot","focused":true,"health":100.0,"lifecycle":"alive","monotonic_usec":12072609,"phase":3,"pitch":0.0,"pointer_captured":false,"pose_present":true,"round":1,"schema":1,"sequence":980,"yaw":0.231000006198883}
CORRELATION_OBSERVE {"ack":646,"actor":1,"dead":0.0,"event":"snapshot","health":100.0,"seq":334.0}
