caseIndex,role,radius,yawDegrees,inputIndex,frame,delta,along,y,dy,velocity,parentDelta,parentRealVelocity,lastMotion,grounded,onWall,floorNormal,targetContactAngles,intentQueryTargetAngles,targetContactsStrict46Compatible,targetContactsEngineAngleCompatible,proposalAccepted,proposalReason,applied,ordinary
0,baseline,0.35,-45,0,22,0.0166666666666667,-0.8999999255915682,0.0166666638106108,0.0,"[-4.24264049530029,0.0,4.24264049530029]","[-0.0707107186317444,0.0,0.0707107186317444]","[-4.24264287948608,0.0,4.24264287948608]","[-0.070710688829422,0.0,0.070710688829422]",True,False,"[0.0,1.0,0.0]",[],[],0,0,False,no_bounded_riser,0,True
0,baseline,0.35,-45,1,23,0.0166666666666667,-0.7999999525911037,0.0166666638106108,0.0,"[-4.24264049530029,0.0,4.24264049530029]","[-0.0707106590270996,0.0,0.0707106590270996]","[-4.24263954162598,0.0,4.24263954162598]","[-0.070710688829422,0.0,0.070710688829422]",True,False,"[0.0,1.0,0.0]",[],[],0,0,False,no_bounded_riser,0,True
0,baseline,0.35,-45,2,24,0.0166666666666667,-0.6999999374437915,0.0166666638106108,0.0,"[-4.24264049530029,0.0,4.24264049530029]","[-0.070710688829422,0.0,0.070710688829422]","[-4.24264097213745,0.0,4.24264097213745]","[-0.070710688829422,0.0,0.070710688829422]",True,False,"[0.0,1.0,0.0]",[],[],0,0,False,no_bounded_riser,0,True
0,baseline,0.35,-45,3,25,0.0166666666666667,-0.5999999222964791,0.0166666638106108,0.0,"[-4.24264049530029,0.0,4.24264049530029]","[-0.070710688829422,0.0,0.070710688829422]","[-4.24264097213745,0.0,4.24264097213745]","[-0.070710688829422,0.0,0.070710688829422]",True,False,"[0.0,1.0,0.0]",[],[],0,0,False,no_bounded_riser,0,True
0,baseline,0.35,-45,4,26,0.0166666666666667,-0.49999990714916687,0.0166666638106108,0.0,"[-4.24264049530029,0.0,4.24264049530029]","[-0.070710688829422,0.0,0.070710688829422]","[-4.24264097213745,0.0,4.24264097213745]","[-0.070710688829422,0.0,0.070710688829422]",True,False,"[0.0,1.0,0.0]",[],[],0,0,False,no_bounded_riser,0,True
0,baseline,0.35,-45,5,27,0.0166666666666667,-0.39999989200185454,0.0166666638106108,0.0,"[-4.24264049530029,0.0,4.24264049530029]","[-0.070710688829422,0.0,0.070710688829422]","[-4.24264097213745,0.0,4.24264097213745]","[-0.070710688829422,0.0,0.070710688829422]",True,False,"[0.0,1.0,0.0]",[],[],0,0,False,no_bounded_riser,0,True
0,baseline,0.35,-45,6,28,0.0166666666666667,-0.2999998768545422,0.0166666638106108,0.0,"[-4.24264049530029,0.0,4.24264049530029]","[-0.070710688829422,0.0,0.070710688829422]","[-4.24264097213745,0.0,4.24264097213745]","[-0.070710688829422,0.0,0.070710688829422]",True,False,"[0.0,1.0,0.0]",[],[],0,0,False,no_bounded_riser,0,True
0,baseline,0.35,-45,7,29,0.0166666666666667,-0.2999998768545422,0.0166666638106108,0.0,"[0.0,0.0,0.0]","[0.0,0.0,0.0]","[0.0,0.0,0.0]","[-0.0187825262546539,0.0,0.0187825262546539]",True,True,"[0.0,1.0,0.0]",[51.30689215669124],[51.30689215669124],0,0,True,three_sweeps_and_continuous_static_landing,0,True
0,baseline,0.35,-45,8,30,0.0166666666666667,-0.2999998768545422,0.0166666638106108,0.0,"[0.0,0.0,0.0]","[0.0,0.0,0.0]","[0.0,0.0,0.0]","[-0.0187825262546539,0.0,0.0187825262546539]",True,True,"[0.0,1.0,0.0]",[51.30689215669124],[51.30689215669124],0,0,True,three_sweeps_and_continuous_static_landing,0,True
0,baseline,0.35,-45,9,31,0.0166666666666667,-0.2999998768545422,0.0166666638106108,0.0,"[0.0,0.0,0.0]","[0.0,0.0,0.0]","[0.0,0.0,0.0]","[-0.0187825262546539,0.0,0.0187825262546539]",True,True,"[0.0,1.0,0.0]",[51.30689215669124],[51.30689215669124],0,0,True,three_sweeps_and_continuous_static_landing,0,True
0,baseline,0.35,-45,10,32,0.0166666666666667,-0.2999998768545422,0.0166666638106108,0.0,"[0.0,0.0,0.0]","[0.0,0.0,0.0]","[0.0,0.0,0.0]","[-0.0187825262546539,0.0,0.0187825262546539]",True,True,"[0.0,1.0,0.0]",[51.30689215669124],[51.30689215669124],0,0,True,three_sweeps_and_continuous_static_landing,0,True
0,baseline,0.35,-45,11,33,0.0166666666666667,-0.2999998768545422,0.0166666638106108,0.0,"[0.0,0.0,0.0]","[0.0,0.0,0.0]","[0.0,0.0,0.0]","[-0.0187825262546539,0.0,0.0187825262546539]",True,True,"[0.0,1.0,0.0]",[51.30689215669124],[51.30689215669124],0,0,True,three_sweeps_and_continuous_static_landing,0,True
0,baseline,0.35,-45,12,34,0.0166666666666667,-0.2999998768545422,0.0166666638106108,0.0,"[0.0,0.0,0.0]","[0.0,0.0,0.0]","[0.0,0.0,0.0]","[-0.0187825262546539,0.0,0.0187825262546539]",True,True,"[0.0,1.0,0.0]",[51.30689215669124],[51.30689215669124],0,0,True,three_sweeps_and_continuous_static_landing,0,True
0,baseline,0.35,-45,13,35,0.0166666666666667,-0.2999998768545422,0.0166666638106108,0.0,"[0.0,0.0,0.0]","[0.0,0.0,0.0]","[0.0,0.0,0.0]","[-0.0187825262546539,0.0,0.0187825262546539]",True,True,"[0.0,1.0,0.0]",[51.30689215669124],[51.30689215669124],0,0,True,three_sweeps_and_continuous_static_landing,0,True
0,baseline,0.35,-45,14,36,0.0166666666666667,-0.2999998768545422,0.0166666638106108,0.0,"[0.0,0.0,0.0]","[0.0,0.0,0.0]","[0.0,0.0,0.0]","[-0.0187825262546539,0.0,0.0187825262546539]",True,True,"[0.0,1.0,0.0]",[51.30689215669124],[51.30689215669124],0,0,True,three_sweeps_and_continuous_static_landing,0,True
0,baseline,0.35,-45,15,37,0.0166666666666667,-0.2999998768545422,0.0166666638106108,0.0,"[0.0,0.0,0.0]","[0.0,0.0,0.0]","[0.0,0.0,0.0]","[-0.0187825262546539,0.0,0.0187825262546539]",True,True,"[0.0,1.0,0.0]",[51.30689215669124],[51.30689215669124],0,0,True,three_sweeps_and_continuous_static_landing,0,True
0,baseline,0.35,-45,16,38,0.0166666666666667,-0.2999998768545422,0.0166666638106108,0.0,"[0.0,0.0,0.0]","[0.0,0.0,0.0]","[0.0,0.0,0.0]","[-0.0187825262546539,0.0,0.0187825262546539]",True,True,"[0.0,1.0,0.0]",[51.30689215669124],[51.30689215669124],0,0,True,three_sweeps_and_continuous_static_landing,0,True
0,baseline,0.35,-45,17,39,0.0166666666666667,-0.2999998768545422,0.0166666638106108,0.0,"[0.0,0.0,0.0]","[0.0,0.0,0.0]","[0.0,0.0,0.0]","[-0.0187825262546539,0.0,0.0187825262546539]",True,True,"[0.0,1.0,0.0]",[51.30689215669124],[51.30689215669124],0,0,True,three_sweeps_and_continuous_static_landing,0,True
0,baseline,0.35,-45,18,40,0.0166666666666667,-0.2999998768545422,0.0166666638106108,0.0,"[0.0,0.0,0.0]","[0.0,0.0,0.0]","[0.0,0.0,0.0]","[-0.0187825262546539,0.0,0.0187825262546539]",True,True,"[0.0,1.0,0.0]",[51.30689215669124],[51.30689215669124],0,0,True,three_sweeps_and_continuous_static_landing,0,True
0,baseline,0.35,-45,19,41,0.0166666666666667,-0.2999998768545422,0.0166666638106108,0.0,"[0.0,0.0,0.0]","[0.0,0.0,0.0]","[0.0,0.0,0.0]","[-0.0187825262546539,0.0,0.0187825262546539]",True,True,"[0.0,1.0,0.0]",[51.30689215669124],[51.30689215669124],0,0,True,three_sweeps_and_continuous_static_landing,0,True
0,baseline,0.35,-45,20,42,0.0166666666666667,-0.2999998768545422,0.0166666638106108,0.0,"[0.0,0.0,0.0]","[0.0,0.0,0.0]","[0.0,0.0,0.0]","[-0.0187825262546539,0.0,0.0187825262546539]",True,True,"[0.0,1.0,0.0]",[51.30689215669124],[51.30689215669124],0,0,True,three_sweeps_and_continuous_static_landing,0,True
0,baseline,0.35,-45,21,43,0.0166666666666667,-0.2999998768545422,0.0166666638106108,0.0,"[0.0,0.0,0.0]","[0.0,0.0,0.0]","[0.0,0.0,0.0]","[-0.0187825262546539,0.0,0.0187825262546539]",True,True,"[0.0,1.0,0.0]",[51.30689215669124],[51.30689215669124],0,0,True,three_sweeps_and_continuous_static_landing,0,True
0,baseline,0.35,-45,22,44,0.0166666666666667,-0.2999998768545422,0.0166666638106108,0.0,"[0.0,0.0,0.0]","[0.0,0.0,0.0]","[0.0,0.0,0.0]","[-0.0187825262546539,0.0,0.0187825262546539]",True,True,"[0.0,1.0,0.0]",[51.30689215669124],[51.30689215669124],0,0,True,three_sweeps_and_continuous_static_landing,0,True
0,baseline,0.35,-45,23,45,0.0166666666666667,-0.2999998768545422,0.0166666638106108,0.0,"[0.0,0.0,0.0]","[0.0,0.0,0.0]","[0.0,0.0,0.0]","[-0.0187825262546539,0.0,0.0187825262546539]",True,True,"[0.0,1.0,0.0]",[51.30689215669124],[51.30689215669124],0,0,True,three_sweeps_and_continuous_static_landing,0,True
0,baseline,0.35,-45,24,46,0.0166666666666667,-0.2999998768545422,0.0166666638106108,0.0,"[0.0,0.0,0.0]","[0.0,0.0,0.0]","[0.0,0.0,0.0]","[-0.0187825262546539,0.0,0.0187825262546539]",True,True,"[0.0,1.0,0.0]",[51.30689215669124],[51.30689215669124],0,0,True,three_sweeps_and_continuous_static_landing,0,True
0,baseline,0.35,-45,25,47,0.0166666666666667,-0.2999998768545422,0.0166666638106108,0.0,"[0.0,0.0,0.0]","[0.0,0.0,0.0]","[0.0,0.0,0.0]","[-0.0187825262546539,0.0,0.0187825262546539]",True,True,"[0.0,1.0,0.0]",[51.30689215669124],[51.30689215669124],0,0,True,three_sweeps_and_continuous_static_landing,0,True
0,baseline,0.35,-45,26,48,0.0166666666666667,-0.2999998768545422,0.0166666638106108,0.0,"[0.0,0.0,0.0]","[0.0,0.0,0.0]","[0.0,0.0,0.0]","[-0.0187825262546539,0.0,0.0187825262546539]",True,True,"[0.0,1.0,0.0]",[51.30689215669124],[51.30689215669124],0,0,True,three_sweeps_and_continuous_static_landing,0,True
0,baseline,0.35,-45,27,49,0.0166666666666667,-0.2999998768545422,0.0166666638106108,0.0,"[0.0,0.0,0.0]","[0.0,0.0,0.0]","[0.0,0.0,0.0]","[-0.0187825262546539,0.0,0.0187825262546539]",True,True,"[0.0,1.0,0.0]",[51.30689215669124],[51.30689215669124],0,0,True,three_sweeps_and_continuous_static_landing,0,True
0,baseline,0.35,-45,28,50,0.0166666666666667,-0.2999998768545422,0.0166666638106108,0.0,"[0.0,0.0,0.0]","[0.0,0.0,0.0]","[0.0,0.0,0.0]","[-0.0187825262546539,0.0,0.0187825262546539]",True,True,"[0.0,1.0,0.0]",[51.30689215669124],[51.30689215669124],0,0,True,three_sweeps_and_continuous_static_landing,0,True
0,baseline,0.35,-45,29,51,0.0166666666666667,-0.2999998768545422,0.0166666638106108,0.0,"[0.0,0.0,0.0]","[0.0,0.0,0.0]","[0.0,0.0,0.0]","[-0.0187825262546539,0.0,0.0187825262546539]",True,True,"[0.0,1.0,0.0]",[51.30689215669124],[51.30689215669124],0,0,True,three_sweeps_and_continuous_static_landing,0,True
0,baseline,0.35,-45,30,52,0.0166666666666667,-0.2999998768545422,0.0166666638106108,0.0,"[0.0,0.0,0.0]","[0.0,0.0,0.0]","[0.0,0.0,0.0]","[-0.0187825262546539,0.0,0.0187825262546539]",True,True,"[0.0,1.0,0.0]",[51.30689215669124],[51.30689215669124],0,0,True,three_sweeps_and_continuous_static_landing,0,True
0,baseline,0.35,-45,31,53,0.0166666666666667,-0.2999998768545422,0.0166666638106108,0.0,"[0.0,0.0,0.0]","[0.0,0.0,0.0]","[0.0,0.0,0.0]","[-0.0187825262546539,0.0,0.0187825262546539]",True,True,"[0.0,1.0,0.0]",[51.30689215669124],[51.30689215669124],0,0,True,three_sweeps_and_continuous_static_landing,0,True
0,baseline,0.35,-45,32,54,0.0166666666666667,-0.2999998768545422,0.0166666638106108,0.0,"[0.0,0.0,0.0]","[0.0,0.0,0.0]","[0.0,0.0,0.0]","[-0.0187825262546539,0.0,0.0187825262546539]",True,True,"[0.0,1.0,0.0]",[51.30689215669124],[51.30689215669124],0,0,True,three_sweeps_and_continuous_static_landing,0,True
0,baseline,0.35,-45,33,55,0.0166666666666667,-0.2999998768545422,0.0166666638106108,0.0,"[0.0,0.0,0.0]","[0.0,0.0,0.0]","[0.0,0.0,0.0]","[-0.0187825262546539,0.0,0.0187825262546539]",True,True,"[0.0,1.0,0.0]",[51.30689215669124],[51.30689215669124],0,0,True,three_sweeps_and_continuous_static_landing,0,True
0,baseline,0.35,-45,34,56,0.0166666666666667,-0.2999998768545422,0.0166666638106108,0.0,"[0.0,0.0,0.0]","[0.0,0.0,0.0]","[0.0,0.0,0.0]","[-0.0187825262546539,0.0,0.0187825262546539]",True,True,"[0.0,1.0,0.0]",[51.30689215669124],[51.30689215669124],0,0,True,three_sweeps_and_continuous_static_landing,0,True
0,baseline,0.35,-45,35,57,0.0166666666666667,-0.2999998768545422,0.0166666638106108,0.0,"[0.0,0.0,0.0]","[0.0,0.0,0.0]","[0.0,0.0,0.0]","[-0.0187825262546539,0.0,0.0187825262546539]",True,True,"[0.0,1.0,0.0]",[51.30689215669124],[51.30689215669124],0,0,True,three_sweeps_and_continuous_static_landing,0,True
0,baseline,0.35,-45,36,58,0.0166666666666667,-0.2999998768545422,0.0166666638106108,0.0,"[0.0,0.0,0.0]","[0.0,0.0,0.0]","[0.0,0.0,0.0]","[-0.0187825262546539,0.0,0.0187825262546539]",True,True,"[0.0,1.0,0.0]",[51.30689215669124],[51.30689215669124],0,0,True,three_sweeps_and_continuous_static_landing,0,True
0,baseline,0.35,-45,37,59,0.0166666666666667,-0.2999998768545422,0.0166666638106108,0.0,"[0.0,0.0,0.0]","[0.0,0.0,0.0]","[0.0,0.0,0.0]","[-0.0187825262546539,0.0,0.0187825262546539]",True,True,"[0.0,1.0,0.0]",[51.30689215669124],[51.30689215669124],0,0,True,three_sweeps_and_continuous_static_landing,0,True
0,baseline,0.35,-45,38,60,0.0166666666666667,-0.2999998768545422,0.0166666638106108,0.0,"[0.0,0.0,0.0]","[0.0,0.0,0.0]","[0.0,0.0,0.0]","[-0.0187825262546539,0.0,0.0187825262546539]",True,True,"[0.0,1.0,0.0]",[51.30689215669124],[51.30689215669124],0,0,True,three_sweeps_and_continuous_static_landing,0,True
0,baseline,0.35,-45,39,61,0.0166666666666667,-0.2999998768545422,0.0166666638106108,0.0,"[0.0,0.0,0.0]","[0.0,0.0,0.0]","[0.0,0.0,0.0]","[-0.0187825262546539,0.0,0.0187825262546539]",True,True,"[0.0,1.0,0.0]",[51.30689215669124],[51.30689215669124],0,0,True,three_sweeps_and_continuous_static_landing,0,True
0,baseline,0.35,-45,40,62,0.0166666666666667,-0.2999998768545422,0.0166666638106108,0.0,"[0.0,0.0,0.0]","[0.0,0.0,0.0]","[0.0,0.0,0.0]","[-0.0187825262546539,0.0,0.0187825262546539]",True,True,"[0.0,1.0,0.0]",[51.30689215669124],[51.30689215669124],0,0,True,three_sweeps_and_continuous_static_landing,0,True
0,baseline,0.35,-45,41,63,0.0166666666666667,-0.2999998768545422,0.0166666638106108,0.0,"[0.0,0.0,0.0]","[0.0,0.0,0.0]","[0.0,0.0,0.0]","[-0.0187825262546539,0.0,0.0187825262546539]",True,True,"[0.0,1.0,0.0]",[51.30689215669124],[51.30689215669124],0,0,True,three_sweeps_and_continuous_static_landing,0,True
0,baseline,0.35,-45,42,64,0.0166666666666667,-0.2999998768545422,0.0166666638106108,0.0,"[0.0,0.0,0.0]","[0.0,0.0,0.0]","[0.0,0.0,0.0]","[-0.0187825262546539,0.0,0.0187825262546539]",True,True,"[0.0,1.0,0.0]",[51.30689215669124],[51.30689215669124],0,0,True,three_sweeps_and_continuous_static_landing,0,True
0,baseline,0.35,-45,43,65,0.0166666666666667,-0.2999998768545422,0.0166666638106108,0.0,"[0.0,0.0,0.0]","[0.0,0.0,0.0]","[0.0,0.0,0.0]","[-0.0187825262546539,0.0,0.0187825262546539]",True,True,"[0.0,1.0,0.0]",[51.30689215669124],[51.30689215669124],0,0,True,three_sweeps_and_continuous_static_landing,0,True
0,baseline,0.35,-45,44,66,0.0166666666666667,-0.2999998768545422,0.0166666638106108,0.0,"[0.0,0.0,0.0]","[0.0,0.0,0.0]","[0.0,0.0,0.0]","[-0.0187825262546539,0.0,0.0187825262546539]",True,True,"[0.0,1.0,0.0]",[51.30689215669124],[51.30689215669124],0,0,True,three_sweeps_and_continuous_static_landing,0,True
0,baseline,0.35,-45,45,67,0.0166666666666667,-0.2999998768545422,0.0166666638106108,0.0,"[0.0,0.0,0.0]","[0.0,0.0,0.0]","[0.0,0.0,0.0]","[-0.0187825262546539,0.0,0.0187825262546539]",True,True,"[0.0,1.0,0.0]",[51.30689215669124],[51.30689215669124],0,0,True,three_sweeps_and_continuous_static_landing,0,True
0,baseline,0.35,-45,46,68,0.0166666666666667,-0.2999998768545422,0.0166666638106108,0.0,"[0.0,0.0,0.0]","[0.0,0.0,0.0]","[0.0,0.0,0.0]","[-0.0187825262546539,0.0,0.0187825262546539]",True,True,"[0.0,1.0,0.0]",[51.30689215669124],[51.30689215669124],0,0,True,three_sweeps_and_continuous_static_landing,0,True
0,baseline,0.35,-45,47,69,0.0166666666666667,-0.2999998768545422,0.0166666638106108,0.0,"[0.0,0.0,0.0]","[0.0,0.0,0.0]","[0.0,0.0,0.0]","[-0.0187825262546539,0.0,0.0187825262546539]",True,True,"[0.0,1.0,0.0]",[51.30689215669124],[51.30689215669124],0,0,True,three_sweeps_and_continuous_static_landing,0,True
0,baseline,0.35,-45,48,70,0.0166666666666667,-0.2999998768545422,0.0166666638106108,0.0,"[0.0,0.0,0.0]","[0.0,0.0,0.0]","[0.0,0.0,0.0]","[-0.0187825262546539,0.0,0.0187825262546539]",True,True,"[0.0,1.0,0.0]",[51.30689215669124],[51.30689215669124],0,0,True,three_sweeps_and_continuous_static_landing,0,True
0,baseline,0.35,-45,49,71,0.0166666666666667,-0.2999998768545422,0.0166666638106108,0.0,"[0.0,0.0,0.0]","[0.0,0.0,0.0]","[0.0,0.0,0.0]","[-0.0187825262546539,0.0,0.0187825262546539]",True,True,"[0.0,1.0,0.0]",[51.30689215669124],[51.30689215669124],0,0,True,three_sweeps_and_continuous_static_landing,0,True
0,baseline,0.35,-45,50,72,0.0166666666666667,-0.2999998768545422,0.0166666638106108,0.0,"[0.0,0.0,0.0]","[0.0,0.0,0.0]","[0.0,0.0,0.0]","[-0.0187825262546539,0.0,0.0187825262546539]",True,True,"[0.0,1.0,0.0]",[51.30689215669124],[51.30689215669124],0,0,True,three_sweeps_and_continuous_static_landing,0,True
0,baseline,0.35,-45,51,73,0.0166666666666667,-0.2999998768545422,0.0166666638106108,0.0,"[0.0,0.0,0.0]","[0.0,0.0,0.0]","[0.0,0.0,0.0]","[-0.0187825262546539,0.0,0.0187825262546539]",True,True,"[0.0,1.0,0.0]",[51.30689215669124],[51.30689215669124],0,0,True,three_sweeps_and_continuous_static_landing,0,True
0,baseline,0.35,-45,52,74,0.0166666666666667,-0.2999998768545422,0.0166666638106108,0.0,"[0.0,0.0,0.0]","[0.0,0.0,0.0]","[0.0,0.0,0.0]","[-0.0187825262546539,0.0,0.0187825262546539]",True,True,"[0.0,1.0,0.0]",[51.30689215669124],[51.30689215669124],0,0,True,three_sweeps_and_continuous_static_landing,0,True
0,baseline,0.35,-45,53,75,0.0166666666666667,-0.2999998768545422,0.0166666638106108,0.0,"[0.0,0.0,0.0]","[0.0,0.0,0.0]","[0.0,0.0,0.0]","[-0.0187825262546539,0.0,0.0187825262546539]",True,True,"[0.0,1.0,0.0]",[51.30689215669124],[51.30689215669124],0,0,True,three_sweeps_and_continuous_static_landing,0,True
0,baseline,0.35,-45,54,76,0.0166666666666667,-0.2999998768545422,0.0166666638106108,0.0,"[0.0,0.0,0.0]","[0.0,0.0,0.0]","[0.0,0.0,0.0]","[-0.0187825262546539,0.0,0.0187825262546539]",True,True,"[0.0,1.0,0.0]",[51.30689215669124],[51.30689215669124],0,0,True,three_sweeps_and_continuous_static_landing,0,True
0,baseline,0.35,-45,55,77,0.0166666666666667,-0.2999998768545422,0.0166666638106108,0.0,"[0.0,0.0,0.0]","[0.0,0.0,0.0]","[0.0,0.0,0.0]","[-0.0187825262546539,0.0,0.0187825262546539]",True,True,"[0.0,1.0,0.0]",[51.30689215669124],[51.30689215669124],0,0,True,three_sweeps_and_continuous_static_landing,0,True
0,baseline,0.35,-45,56,78,0.0166666666666667,-0.2999998768545422,0.0166666638106108,0.0,"[0.0,0.0,0.0]","[0.0,0.0,0.0]","[0.0,0.0,0.0]","[-0.0187825262546539,0.0,0.0187825262546539]",True,True,"[0.0,1.0,0.0]",[51.30689215669124],[51.30689215669124],0,0,True,three_sweeps_and_continuous_static_landing,0,True
0,baseline,0.35,-45,57,79,0.0166666666666667,-0.2999998768545422,0.0166666638106108,0.0,"[0.0,0.0,0.0]","[0.0,0.0,0.0]","[0.0,0.0,0.0]","[-0.0187825262546539,0.0,0.0187825262546539]",True,True,"[0.0,1.0,0.0]",[51.30689215669124],[51.30689215669124],0,0,True,three_sweeps_and_continuous_static_landing,0,True
0,baseline,0.35,-45,58,80,0.0166666666666667,-0.2999998768545422,0.0166666638106108,0.0,"[0.0,0.0,0.0]","[0.0,0.0,0.0]","[0.0,0.0,0.0]","[-0.0187825262546539,0.0,0.0187825262546539]",True,True,"[0.0,1.0,0.0]",[51.30689215669124],[51.30689215669124],0,0,True,three_sweeps_and_continuous_static_landing,0,True
0,baseline,0.35,-45,59,81,0.0166666666666667,-0.2999998768545422,0.0166666638106108,0.0,"[0.0,0.0,0.0]","[0.0,0.0,0.0]","[0.0,0.0,0.0]","[-0.0187825262546539,0.0,0.0187825262546539]",True,True,"[0.0,1.0,0.0]",[51.30689215669124],[51.30689215669124],0,0,True,three_sweeps_and_continuous_static_landing,0,True
0,baseline,0.35,-45,60,82,0.0166666666666667,-0.2999998768545422,0.0166666638106108,0.0,"[0.0,0.0,0.0]","[0.0,0.0,0.0]","[0.0,0.0,0.0]","[-0.0187825262546539,0.0,0.0187825262546539]",True,True,"[0.0,1.0,0.0]",[51.30689215669124],[51.30689215669124],0,0,True,three_sweeps_and_continuous_static_landing,0,True
0,baseline,0.35,-45,61,83,0.0166666666666667,-0.2999998768545422,0.0166666638106108,0.0,"[0.0,0.0,0.0]","[0.0,0.0,0.0]","[0.0,0.0,0.0]","[-0.0187825262546539,0.0,0.0187825262546539]",True,True,"[0.0,1.0,0.0]",[51.30689215669124],[51.30689215669124],0,0,True,three_sweeps_and_continuous_static_landing,0,True
0,baseline,0.35,-45,62,84,0.0166666666666667,-0.2999998768545422,0.0166666638106108,0.0,"[0.0,0.0,0.0]","[0.0,0.0,0.0]","[0.0,0.0,0.0]","[-0.0187825262546539,0.0,0.0187825262546539]",True,True,"[0.0,1.0,0.0]",[51.30689215669124],[51.30689215669124],0,0,True,three_sweeps_and_continuous_static_landing,0,True
0,baseline,0.35,-45,63,85,0.0166666666666667,-0.2999998768545422,0.0166666638106108,0.0,"[0.0,0.0,0.0]","[0.0,0.0,0.0]","[0.0,0.0,0.0]","[-0.0187825262546539,0.0,0.0187825262546539]",True,True,"[0.0,1.0,0.0]",[51.30689215669124],[51.30689215669124],0,0,True,three_sweeps_and_continuous_static_landing,0,True
0,baseline,0.35,-45,64,86,0.0166666666666667,-0.2999998768545422,0.0166666638106108,0.0,"[0.0,0.0,0.0]","[0.0,0.0,0.0]","[0.0,0.0,0.0]","[-0.0187825262546539,0.0,0.0187825262546539]",True,True,"[0.0,1.0,0.0]",[51.30689215669124],[51.30689215669124],0,0,True,three_sweeps_and_continuous_static_landing,0,True
0,baseline,0.35,-45,65,87,0.0166666666666667,-0.2999998768545422,0.0166666638106108,0.0,"[0.0,0.0,0.0]","[0.0,0.0,0.0]","[0.0,0.0,0.0]","[-0.0187825262546539,0.0,0.0187825262546539]",True,True,"[0.0,1.0,0.0]",[51.30689215669124],[51.30689215669124],0,0,True,three_sweeps_and_continuous_static_landing,0,True
0,baseline,0.35,-45,66,88,0.0166666666666667,-0.2999998768545422,0.0166666638106108,0.0,"[0.0,0.0,0.0]","[0.0,0.0,0.0]","[0.0,0.0,0.0]","[-0.0187825262546539,0.0,0.0187825262546539]",True,True,"[0.0,1.0,0.0]",[51.30689215669124],[51.30689215669124],0,0,True,three_sweeps_and_continuous_static_landing,0,True
0,baseline,0.35,-45,67,89,0.0166666666666667,-0.2999998768545422,0.0166666638106108,0.0,"[0.0,0.0,0.0]","[0.0,0.0,0.0]","[0.0,0.0,0.0]","[-0.0187825262546539,0.0,0.0187825262546539]",True,True,"[0.0,1.0,0.0]",[51.30689215669124],[51.30689215669124],0,0,True,three_sweeps_and_continuous_static_landing,0,True
0,baseline,0.35,-45,68,90,0.0166666666666667,-0.2999998768545422,0.0166666638106108,0.0,"[0.0,0.0,0.0]","[0.0,0.0,0.0]","[0.0,0.0,0.0]","[-0.0187825262546539,0.0,0.0187825262546539]",True,True,"[0.0,1.0,0.0]",[51.30689215669124],[51.30689215669124],0,0,True,three_sweeps_and_continuous_static_landing,0,True
0,baseline,0.35,-45,69,91,0.0166666666666667,-0.2999998768545422,0.0166666638106108,0.0,"[0.0,0.0,0.0]","[0.0,0.0,0.0]","[0.0,0.0,0.0]","[-0.0187825262546539,0.0,0.0187825262546539]",True,True,"[0.0,1.0,0.0]",[51.30689215669124],[51.30689215669124],0,0,True,three_sweeps_and_continuous_static_landing,0,True
0,baseline,0.35,-45,70,92,0.0166666666666667,-0.2999998768545422,0.0166666638106108,0.0,"[0.0,0.0,0.0]","[0.0,0.0,0.0]","[0.0,0.0,0.0]","[-0.0187825262546539,0.0,0.0187825262546539]",True,True,"[0.0,1.0,0.0]",[51.30689215669124],[51.30689215669124],0,0,True,three_sweeps_and_continuous_static_landing,0,True
0,baseline,0.35,-45,71,93,0.0166666666666667,-0.2999998768545422,0.0166666638106108,0.0,"[0.0,0.0,0.0]","[0.0,0.0,0.0]","[0.0,0.0,0.0]","[-0.0187825262546539,0.0,0.0187825262546539]",True,True,"[0.0,1.0,0.0]",[51.30689215669124],[51.30689215669124],0,0,True,three_sweeps_and_continuous_static_landing,0,True
0,baseline,0.35,-45,72,94,0.0166666666666667,-0.2999998768545422,0.0166666638106108,0.0,"[0.0,0.0,0.0]","[0.0,0.0,0.0]","[0.0,0.0,0.0]","[-0.0187825262546539,0.0,0.0187825262546539]",True,True,"[0.0,1.0,0.0]",[51.30689215669124],[51.30689215669124],0,0,True,three_sweeps_and_continuous_static_landing,0,True
0,baseline,0.35,-45,73,95,0.0166666666666667,-0.2999998768545422,0.0166666638106108,0.0,"[0.0,0.0,0.0]","[0.0,0.0,0.0]","[0.0,0.0,0.0]","[-0.0187825262546539,0.0,0.0187825262546539]",True,True,"[0.0,1.0,0.0]",[51.30689215669124],[51.30689215669124],0,0,True,three_sweeps_and_continuous_static_landing,0,True
0,baseline,0.35,-45,74,96,0.0166666666666667,-0.2999998768545422,0.0166666638106108,0.0,"[0.0,0.0,0.0]","[0.0,0.0,0.0]","[0.0,0.0,0.0]","[-0.0187825262546539,0.0,0.0187825262546539]",True,True,"[0.0,1.0,0.0]",[51.30689215669124],[51.30689215669124],0,0,True,three_sweeps_and_continuous_static_landing,0,True
0,baseline,0.35,-45,75,97,0.0166666666666667,-0.2999998768545422,0.0166666638106108,0.0,"[0.0,0.0,0.0]","[0.0,0.0,0.0]","[0.0,0.0,0.0]","[-0.0187825262546539,0.0,0.0187825262546539]",True,True,"[0.0,1.0,0.0]",[51.30689215669124],[51.30689215669124],0,0,True,three_sweeps_and_continuous_static_landing,0,True
0,baseline,0.35,-45,76,98,0.0166666666666667,-0.2999998768545422,0.0166666638106108,0.0,"[0.0,0.0,0.0]","[0.0,0.0,0.0]","[0.0,0.0,0.0]","[-0.0187825262546539,0.0,0.0187825262546539]",True,True,"[0.0,1.0,0.0]",[51.30689215669124],[51.30689215669124],0,0,True,three_sweeps_and_continuous_static_landing,0,True
0,baseline,0.35,-45,77,99,0.0166666666666667,-0.2999998768545422,0.0166666638106108,0.0,"[0.0,0.0,0.0]","[0.0,0.0,0.0]","[0.0,0.0,0.0]","[-0.0187825262546539,0.0,0.0187825262546539]",True,True,"[0.0,1.0,0.0]",[51.30689215669124],[51.30689215669124],0,0,True,three_sweeps_and_continuous_static_landing,0,True
0,baseline,0.35,-45,78,100,0.0166666666666667,-0.2999998768545422,0.0166666638106108,0.0,"[0.0,0.0,0.0]","[0.0,0.0,0.0]","[0.0,0.0,0.0]","[-0.0187825262546539,0.0,0.0187825262546539]",True,True,"[0.0,1.0,0.0]",[51.30689215669124],[51.30689215669124],0,0,True,three_sweeps_and_continuous_static_landing,0,True
0,baseline,0.35,-45,79,101,0.0166666666666667,-0.2999998768545422,0.0166666638106108,0.0,"[0.0,0.0,0.0]","[0.0,0.0,0.0]","[0.0,0.0,0.0]","[-0.0187825262546539,0.0,0.0187825262546539]",True,True,"[0.0,1.0,0.0]",[51.30689215669124],[51.30689215669124],0,0,True,three_sweeps_and_continuous_static_landing,0,True
0,baseline,0.35,-45,80,102,0.0166666666666667,-0.2999998768545422,0.0166666638106108,0.0,"[0.0,0.0,0.0]","[0.0,0.0,0.0]","[0.0,0.0,0.0]","[-0.0187825262546539,0.0,0.0187825262546539]",True,True,"[0.0,1.0,0.0]",[51.30689215669124],[51.30689215669124],0,0,True,three_sweeps_and_continuous_static_landing,0,True
0,baseline,0.35,-45,81,103,0.0166666666666667,-0.2999998768545422,0.0166666638106108,0.0,"[0.0,0.0,0.0]","[0.0,0.0,0.0]","[0.0,0.0,0.0]","[-0.0187825262546539,0.0,0.0187825262546539]",True,True,"[0.0,1.0,0.0]",[51.30689215669124],[51.30689215669124],0,0,True,three_sweeps_and_continuous_static_landing,0,True
0,baseline,0.35,-45,82,104,0.0166666666666667,-0.2999998768545422,0.0166666638106108,0.0,"[0.0,0.0,0.0]","[0.0,0.0,0.0]","[0.0,0.0,0.0]","[-0.0187825262546539,0.0,0.0187825262546539]",True,True,"[0.0,1.0,0.0]",[51.30689215669124],[51.30689215669124],0,0,True,three_sweeps_and_continuous_static_landing,0,True
0,baseline,0.35,-45,83,105,0.0166666666666667,-0.2999998768545422,0.0166666638106108,0.0,"[0.0,0.0,0.0]","[0.0,0.0,0.0]","[0.0,0.0,0.0]","[-0.0187825262546539,0.0,0.0187825262546539]",True,True,"[0.0,1.0,0.0]",[51.30689215669124],[51.30689215669124],0,0,True,three_sweeps_and_continuous_static_landing,0,True
0,baseline,0.35,-45,84,106,0.0166666666666667,-0.2999998768545422,0.0166666638106108,0.0,"[0.0,0.0,0.0]","[0.0,0.0,0.0]","[0.0,0.0,0.0]","[-0.0187825262546539,0.0,0.0187825262546539]",True,True,"[0.0,1.0,0.0]",[51.30689215669124],[51.30689215669124],0,0,True,three_sweeps_and_continuous_static_landing,0,True
0,baseline,0.35,-45,85,107,0.0166666666666667,-0.2999998768545422,0.0166666638106108,0.0,"[0.0,0.0,0.0]","[0.0,0.0,0.0]","[0.0,0.0,0.0]","[-0.0187825262546539,0.0,0.0187825262546539]",True,True,"[0.0,1.0,0.0]",[51.30689215669124],[51.30689215669124],0,0,True,three_sweeps_and_continuous_static_landing,0,True
0,baseline,0.35,-45,86,108,0.0166666666666667,-0.2999998768545422,0.0166666638106108,0.0,"[0.0,0.0,0.0]","[0.0,0.0,0.0]","[0.0,0.0,0.0]","[-0.0187825262546539,0.0,0.0187825262546539]",True,True,"[0.0,1.0,0.0]",[51.30689215669124],[51.30689215669124],0,0,True,three_sweeps_and_continuous_static_landing,0,True
0,baseline,0.35,-45,87,109,0.0166666666666667,-0.2999998768545422,0.0166666638106108,0.0,"[0.0,0.0,0.0]","[0.0,0.0,0.0]","[0.0,0.0,0.0]","[-0.0187825262546539,0.0,0.0187825262546539]",True,True,"[0.0,1.0,0.0]",[51.30689215669124],[51.30689215669124],0,0,True,three_sweeps_and_continuous_static_landing,0,True
0,baseline,0.35,-45,88,110,0.0166666666666667,-0.2999998768545422,0.0166666638106108,0.0,"[0.0,0.0,0.0]","[0.0,0.0,0.0]","[0.0,0.0,0.0]","[-0.0187825262546539,0.0,0.0187825262546539]",True,True,"[0.0,1.0,0.0]",[51.30689215669124],[51.30689215669124],0,0,True,three_sweeps_and_continuous_static_landing,0,True
0,baseline,0.35,-45,89,111,0.0166666666666667,-0.2999998768545422,0.0166666638106108,0.0,"[0.0,0.0,0.0]","[0.0,0.0,0.0]","[0.0,0.0,0.0]","[-0.0187825262546539,0.0,0.0187825262546539]",True,True,"[0.0,1.0,0.0]",[51.30689215669124],[51.30689215669124],0,0,True,three_sweeps_and_continuous_static_landing,0,True
0,baseline,0.35,-45,90,112,0.0166666666666667,-0.2999998768545422,0.0166666638106108,0.0,"[0.0,0.0,0.0]","[0.0,0.0,0.0]","[0.0,0.0,0.0]","[-0.0187825262546539,0.0,0.0187825262546539]",True,True,"[0.0,1.0,0.0]",[51.30689215669124],[51.30689215669124],0,0,True,three_sweeps_and_continuous_static_landing,0,True
0,baseline,0.35,-45,91,113,0.0166666666666667,-0.2999998768545422,0.0166666638106108,0.0,"[0.0,0.0,0.0]","[0.0,0.0,0.0]","[0.0,0.0,0.0]","[-0.0187825262546539,0.0,0.0187825262546539]",True,True,"[0.0,1.0,0.0]",[51.30689215669124],[51.30689215669124],0,0,True,three_sweeps_and_continuous_static_landing,0,True
0,baseline,0.35,-45,92,114,0.0166666666666667,-0.2999998768545422,0.0166666638106108,0.0,"[0.0,0.0,0.0]","[0.0,0.0,0.0]","[0.0,0.0,0.0]","[-0.0187825262546539,0.0,0.0187825262546539]",True,True,"[0.0,1.0,0.0]",[51.30689215669124],[51.30689215669124],0,0,True,three_sweeps_and_continuous_static_landing,0,True
0,baseline,0.35,-45,93,115,0.0166666666666667,-0.2999998768545422,0.0166666638106108,0.0,"[0.0,0.0,0.0]","[0.0,0.0,0.0]","[0.0,0.0,0.0]","[-0.0187825262546539,0.0,0.0187825262546539]",True,True,"[0.0,1.0,0.0]",[51.30689215669124],[51.30689215669124],0,0,True,three_sweeps_and_continuous_static_landing,0,True
0,baseline,0.35,-45,94,116,0.0166666666666667,-0.2999998768545422,0.0166666638106108,0.0,"[0.0,0.0,0.0]","[0.0,0.0,0.0]","[0.0,0.0,0.0]","[-0.0187825262546539,0.0,0.0187825262546539]",True,True,"[0.0,1.0,0.0]",[51.30689215669124],[51.30689215669124],0,0,True,three_sweeps_and_continuous_static_landing,0,True
0,baseline,0.35,-45,95,117,0.0166666666666667,-0.2999998768545422,0.0166666638106108,0.0,"[0.0,0.0,0.0]","[0.0,0.0,0.0]","[0.0,0.0,0.0]","[-0.0187825262546539,0.0,0.0187825262546539]",True,True,"[0.0,1.0,0.0]",[51.30689215669124],[51.30689215669124],0,0,True,three_sweeps_and_continuous_static_landing,0,True
0,baseline,0.35,-45,96,118,0.0166666666666667,-0.2999998768545422,0.0166666638106108,0.0,"[0.0,0.0,0.0]","[0.0,0.0,0.0]","[0.0,0.0,0.0]","[-0.0187825262546539,0.0,0.0187825262546539]",True,True,"[0.0,1.0,0.0]",[51.30689215669124],[51.30689215669124],0,0,True,three_sweeps_and_continuous_static_landing,0,True
0,baseline,0.35,-45,97,119,0.0166666666666667,-0.2999998768545422,0.0166666638106108,0.0,"[0.0,0.0,0.0]","[0.0,0.0,0.0]","[0.0,0.0,0.0]","[-0.0187825262546539,0.0,0.0187825262546539]",True,True,"[0.0,1.0,0.0]",[51.30689215669124],[51.30689215669124],0,0,True,three_sweeps_and_continuous_static_landing,0,True
0,baseline,0.35,-45,98,120,0.0166666666666667,-0.2999998768545422,0.0166666638106108,0.0,"[0.0,0.0,0.0]","[0.0,0.0,0.0]","[0.0,0.0,0.0]","[-0.0187825262546539,0.0,0.0187825262546539]",True,True,"[0.0,1.0,0.0]",[51.30689215669124],[51.30689215669124],0,0,True,three_sweeps_and_continuous_static_landing,0,True
0,baseline,0.35,-45,99,121,0.0166666666666667,-0.2999998768545422,0.0166666638106108,0.0,"[0.0,0.0,0.0]","[0.0,0.0,0.0]","[0.0,0.0,0.0]","[-0.0187825262546539,0.0,0.0187825262546539]",True,True,"[0.0,1.0,0.0]",[51.30689215669124],[51.30689215669124],0,0,True,three_sweeps_and_continuous_static_landing,0,True
0,baseline,0.35,-45,100,122,0.0166666666666667,-0.2999998768545422,0.0166666638106108,0.0,"[0.0,0.0,0.0]","[0.0,0.0,0.0]","[0.0,0.0,0.0]","[-0.0187825262546539,0.0,0.0187825262546539]",True,True,"[0.0,1.0,0.0]",[51.30689215669124],[51.30689215669124],0,0,True,three_sweeps_and_continuous_static_landing,0,True
0,baseline,0.35,-45,101,123,0.0166666666666667,-0.2999998768545422,0.0166666638106108,0.0,"[0.0,0.0,0.0]","[0.0,0.0,0.0]","[0.0,0.0,0.0]","[-0.0187825262546539,0.0,0.0187825262546539]",True,True,"[0.0,1.0,0.0]",[51.30689215669124],[51.30689215669124],0,0,True,three_sweeps_and_continuous_static_landing,0,True
0,baseline,0.35,-45,102,124,0.0166666666666667,-0.2999998768545422,0.0166666638106108,0.0,"[0.0,0.0,0.0]","[0.0,0.0,0.0]","[0.0,0.0,0.0]","[-0.0187825262546539,0.0,0.0187825262546539]",True,True,"[0.0,1.0,0.0]",[51.30689215669124],[51.30689215669124],0,0,True,three_sweeps_and_continuous_static_landing,0,True
0,baseline,0.35,-45,103,125,0.0166666666666667,-0.2999998768545422,0.0166666638106108,0.0,"[0.0,0.0,0.0]","[0.0,0.0,0.0]","[0.0,0.0,0.0]","[-0.0187825262546539,0.0,0.0187825262546539]",True,True,"[0.0,1.0,0.0]",[51.30689215669124],[51.30689215669124],0,0,True,three_sweeps_and_continuous_static_landing,0,True
0,baseline,0.35,-45,104,126,0.0166666666666667,-0.2999998768545422,0.0166666638106108,0.0,"[0.0,0.0,0.0]","[0.0,0.0,0.0]","[0.0,0.0,0.0]","[-0.0187825262546539,0.0,0.0187825262546539]",True,True,"[0.0,1.0,0.0]",[51.30689215669124],[51.30689215669124],0,0,True,three_sweeps_and_continuous_static_landing,0,True
0,baseline,0.35,-45,105,127,0.0166666666666667,-0.2999998768545422,0.0166666638106108,0.0,"[0.0,0.0,0.0]","[0.0,0.0,0.0]","[0.0,0.0,0.0]","[-0.0187825262546539,0.0,0.0187825262546539]",True,True,"[0.0,1.0,0.0]",[51.30689215669124],[51.30689215669124],0,0,True,three_sweeps_and_continuous_static_landing,0,True
0,baseline,0.35,-45,106,128,0.0166666666666667,-0.2999998768545422,0.0166666638106108,0.0,"[0.0,0.0,0.0]","[0.0,0.0,0.0]","[0.0,0.0,0.0]","[-0.0187825262546539,0.0,0.0187825262546539]",True,True,"[0.0,1.0,0.0]",[51.30689215669124],[51.30689215669124],0,0,True,three_sweeps_and_continuous_static_landing,0,True
0,baseline,0.35,-45,107,129,0.0166666666666667,-0.2999998768545422,0.0166666638106108,0.0,"[0.0,0.0,0.0]","[0.0,0.0,0.0]","[0.0,0.0,0.0]","[-0.0187825262546539,0.0,0.0187825262546539]",True,True,"[0.0,1.0,0.0]",[51.30689215669124],[51.30689215669124],0,0,True,three_sweeps_and_continuous_static_landing,0,True
0,baseline,0.35,-45,108,130,0.0166666666666667,-0.2999998768545422,0.0166666638106108,0.0,"[0.0,0.0,0.0]","[0.0,0.0,0.0]","[0.0,0.0,0.0]","[-0.0187825262546539,0.0,0.0187825262546539]",True,True,"[0.0,1.0,0.0]",[51.30689215669124],[51.30689215669124],0,0,True,three_sweeps_and_continuous_static_landing,0,True
0,baseline,0.35,-45,109,131,0.0166666666666667,-0.2999998768545422,0.0166666638106108,0.0,"[0.0,0.0,0.0]","[0.0,0.0,0.0]","[0.0,0.0,0.0]","[-0.0187825262546539,0.0,0.0187825262546539]",True,True,"[0.0,1.0,0.0]",[51.30689215669124],[51.30689215669124],0,0,True,three_sweeps_and_continuous_static_landing,0,True
0,baseline,0.35,-45,110,132,0.0166666666666667,-0.2999998768545422,0.0166666638106108,0.0,"[0.0,0.0,0.0]","[0.0,0.0,0.0]","[0.0,0.0,0.0]","[-0.0187825262546539,0.0,0.0187825262546539]",True,True,"[0.0,1.0,0.0]",[51.30689215669124],[51.30689215669124],0,0,True,three_sweeps_and_continuous_static_landing,0,True
0,baseline,0.35,-45,111,133,0.0166666666666667,-0.2999998768545422,0.0166666638106108,0.0,"[0.0,0.0,0.0]","[0.0,0.0,0.0]","[0.0,0.0,0.0]","[-0.0187825262546539,0.0,0.0187825262546539]",True,True,"[0.0,1.0,0.0]",[51.30689215669124],[51.30689215669124],0,0,True,three_sweeps_and_continuous_static_landing,0,True
0,baseline,0.35,-45,112,134,0.0166666666666667,-0.2999998768545422,0.0166666638106108,0.0,"[0.0,0.0,0.0]","[0.0,0.0,0.0]","[0.0,0.0,0.0]","[-0.0187825262546539,0.0,0.0187825262546539]",True,True,"[0.0,1.0,0.0]",[51.30689215669124],[51.30689215669124],0,0,True,three_sweeps_and_continuous_static_landing,0,True
0,baseline,0.35,-45,113,135,0.0166666666666667,-0.2999998768545422,0.0166666638106108,0.0,"[0.0,0.0,0.0]","[0.0,0.0,0.0]","[0.0,0.0,0.0]","[-0.0187825262546539,0.0,0.0187825262546539]",True,True,"[0.0,1.0,0.0]",[51.30689215669124],[51.30689215669124],0,0,True,three_sweeps_and_continuous_static_landing,0,True
0,baseline,0.35,-45,114,136,0.0166666666666667,-0.2999998768545422,0.0166666638106108,0.0,"[0.0,0.0,0.0]","[0.0,0.0,0.0]","[0.0,0.0,0.0]","[-0.0187825262546539,0.0,0.0187825262546539]",True,True,"[0.0,1.0,0.0]",[51.30689215669124],[51.30689215669124],0,0,True,three_sweeps_and_continuous_static_landing,0,True
0,baseline,0.35,-45,115,137,0.0166666666666667,-0.2999998768545422,0.0166666638106108,0.0,"[0.0,0.0,0.0]","[0.0,0.0,0.0]","[0.0,0.0,0.0]","[-0.0187825262546539,0.0,0.0187825262546539]",True,True,"[0.0,1.0,0.0]",[51.30689215669124],[51.30689215669124],0,0,True,three_sweeps_and_continuous_static_landing,0,True
0,baseline,0.35,-45,116,138,0.0166666666666667,-0.2999998768545422,0.0166666638106108,0.0,"[0.0,0.0,0.0]","[0.0,0.0,0.0]","[0.0,0.0,0.0]","[-0.0187825262546539,0.0,0.0187825262546539]",True,True,"[0.0,1.0,0.0]",[51.30689215669124],[51.30689215669124],0,0,True,three_sweeps_and_continuous_static_landing,0,True
0,baseline,0.35,-45,117,139,0.0166666666666667,-0.2999998768545422,0.0166666638106108,0.0,"[0.0,0.0,0.0]","[0.0,0.0,0.0]","[0.0,0.0,0.0]","[-0.0187825262546539,0.0,0.0187825262546539]",True,True,"[0.0,1.0,0.0]",[51.30689215669124],[51.30689215669124],0,0,True,three_sweeps_and_continuous_static_landing,0,True
0,baseline,0.35,-45,118,140,0.0166666666666667,-0.2999998768545422,0.0166666638106108,0.0,"[0.0,0.0,0.0]","[0.0,0.0,0.0]","[0.0,0.0,0.0]","[-0.0187825262546539,0.0,0.0187825262546539]",True,True,"[0.0,1.0,0.0]",[51.30689215669124],[51.30689215669124],0,0,True,three_sweeps_and_continuous_static_landing,0,True
0,baseline,0.35,-45,119,141,0.0166666666666667,-0.2999998768545422,0.0166666638106108,0.0,"[0.0,0.0,0.0]","[0.0,0.0,0.0]","[0.0,0.0,0.0]","[-0.0187825262546539,0.0,0.0187825262546539]",True,True,"[0.0,1.0,0.0]",[51.30689215669124],[51.30689215669124],0,0,True,three_sweeps_and_continuous_static_landing,0,True
0,baseline,0.35,-45,120,142,0.0166666666666667,-0.2999998768545422,0.0166666638106108,0.0,"[0.0,0.0,0.0]","[0.0,0.0,0.0]","[0.0,0.0,0.0]","[-0.0187825262546539,0.0,0.0187825262546539]",True,True,"[0.0,1.0,0.0]",[51.30689215669124],[51.30689215669124],0,0,True,three_sweeps_and_continuous_static_landing,0,True
0,baseline,0.35,-45,121,143,0.0166666666666667,-0.2999998768545422,0.0166666638106108,0.0,"[0.0,0.0,0.0]","[0.0,0.0,0.0]","[0.0,0.0,0.0]","[-0.0187825262546539,0.0,0.0187825262546539]",True,True,"[0.0,1.0,0.0]",[51.30689215669124],[51.30689215669124],0,0,True,three_sweeps_and_continuous_static_landing,0,True
0,baseline,0.35,-45,122,144,0.0166666666666667,-0.2999998768545422,0.0166666638106108,0.0,"[0.0,0.0,0.0]","[0.0,0.0,0.0]","[0.0,0.0,0.0]","[-0.0187825262546539,0.0,0.0187825262546539]",True,True,"[0.0,1.0,0.0]",[51.30689215669124],[51.30689215669124],0,0,True,three_sweeps_and_continuous_static_landing,0,True
0,baseline,0.35,-45,123,145,0.0166666666666667,-0.2999998768545422,0.0166666638106108,0.0,"[0.0,0.0,0.0]","[0.0,0.0,0.0]","[0.0,0.0,0.0]","[-0.0187825262546539,0.0,0.0187825262546539]",True,True,"[0.0,1.0,0.0]",[51.30689215669124],[51.30689215669124],0,0,True,three_sweeps_and_continuous_static_landing,0,True
0,baseline,0.35,-45,124,146,0.0166666666666667,-0.2999998768545422,0.0166666638106108,0.0,"[0.0,0.0,0.0]","[0.0,0.0,0.0]","[0.0,0.0,0.0]","[-0.0187825262546539,0.0,0.0187825262546539]",True,True,"[0.0,1.0,0.0]",[51.30689215669124],[51.30689215669124],0,0,True,three_sweeps_and_continuous_static_landing,0,True
0,baseline,0.35,-45,125,147,0.0166666666666667,-0.2999998768545422,0.0166666638106108,0.0,"[0.0,0.0,0.0]","[0.0,0.0,0.0]","[0.0,0.0,0.0]","[-0.0187825262546539,0.0,0.0187825262546539]",True,True,"[0.0,1.0,0.0]",[51.30689215669124],[51.30689215669124],0,0,True,three_sweeps_and_continuous_static_landing,0,True
0,baseline,0.35,-45,126,148,0.0166666666666667,-0.2999998768545422,0.0166666638106108,0.0,"[0.0,0.0,0.0]","[0.0,0.0,0.0]","[0.0,0.0,0.0]","[-0.0187825262546539,0.0,0.0187825262546539]",True,True,"[0.0,1.0,0.0]",[51.30689215669124],[51.30689215669124],0,0,True,three_sweeps_and_continuous_static_landing,0,True
0,candidate,0.35,-45,0,169,0.0166666666666667,-0.8999999255915682,0.0166666638106108,0.0,"[-4.24264049530029,0.0,4.24264049530029]","[-0.0707107186317444,0.0,0.0707107186317444]","[-4.24264287948608,0.0,4.24264287948608]","[-0.070710688829422,0.0,0.070710688829422]",True,False,"[0.0,1.0,0.0]",[],[],0,0,False,no_bounded_riser,0,True
0,candidate,0.35,-45,1,170,0.0166666666666667,-0.7999999525911037,0.0166666638106108,0.0,"[-4.24264049530029,0.0,4.24264049530029]","[-0.0707106590270996,0.0,0.0707106590270996]","[-4.24263954162598,0.0,4.24263954162598]","[-0.070710688829422,0.0,0.070710688829422]",True,False,"[0.0,1.0,0.0]",[],[],0,0,False,no_bounded_riser,0,True
0,candidate,0.35,-45,2,171,0.0166666666666667,-0.6999999374437915,0.0166666638106108,0.0,"[-4.24264049530029,0.0,4.24264049530029]","[-0.070710688829422,0.0,0.070710688829422]","[-4.24264097213745,0.0,4.24264097213745]","[-0.070710688829422,0.0,0.070710688829422]",True,False,"[0.0,1.0,0.0]",[],[],0,0,False,no_bounded_riser,0,True
0,candidate,0.35,-45,3,172,0.0166666666666667,-0.5999999222964791,0.0166666638106108,0.0,"[-4.24264049530029,0.0,4.24264049530029]","[-0.070710688829422,0.0,0.070710688829422]","[-4.24264097213745,0.0,4.24264097213745]","[-0.070710688829422,0.0,0.070710688829422]",True,False,"[0.0,1.0,0.0]",[],[],0,0,False,no_bounded_riser,0,True
0,candidate,0.35,-45,4,173,0.0166666666666667,-0.49999990714916687,0.0166666638106108,0.0,"[-4.24264049530029,0.0,4.24264049530029]","[-0.070710688829422,0.0,0.070710688829422]","[-4.24264097213745,0.0,4.24264097213745]","[-0.070710688829422,0.0,0.070710688829422]",True,False,"[0.0,1.0,0.0]",[],[],0,0,False,no_bounded_riser,0,True
0,candidate,0.35,-45,5,174,0.0166666666666667,-0.39999989200185454,0.0166666638106108,0.0,"[-4.24264049530029,0.0,4.24264049530029]","[-0.070710688829422,0.0,0.070710688829422]","[-4.24264097213745,0.0,4.24264097213745]","[-0.070710688829422,0.0,0.070710688829422]",True,False,"[0.0,1.0,0.0]",[],[],0,0,False,no_bounded_riser,0,True
0,candidate,0.35,-45,6,175,0.0166666666666667,-0.2999998768545422,0.0166666638106108,0.0,"[-4.24264049530029,0.0,4.24264049530029]","[-0.070710688829422,0.0,0.070710688829422]","[-4.24264097213745,0.0,4.24264097213745]","[-0.070710688829422,0.0,0.070710688829422]",True,False,"[0.0,1.0,0.0]",[],[],0,0,False,no_bounded_riser,0,True
0,candidate,0.35,-45,7,176,0.0166666666666667,-0.19999986170722994,0.0877559557557106,0.0710892900824547,"[-4.24264049530029,0.0,4.24264049530029]","[-0.070710688829422,-0.0843750014901161,0.070710688829422]","[-4.24264097213745,-5.0625,4.24264097213745]","[-0.070710688829422,0.0,0.070710688829422]",True,False,"[0.40467157959938,0.82004988193512,-0.40467157959938]",[],[51.30689215669124],0,0,True,three_sweeps_and_continuous_static_landing,1,False
0,candidate,0.35,-45,8,177,0.0166666666666667,-0.1319097734765468,0.14460888504982,0.0568529292941093,"[-4.24264049530029,0.0,4.24264049530029]","[-0.0481470823287964,0.0568529292941093,0.0481468439102173]","[-2.8888247013092,3.41117548942566,2.88881039619446]","[-0.0214103236794472,0.0344928205013275,0.0214102938771248]",True,False,"[0.25278103351593,0.933918356895447,-0.25278103351593]","[30.647545359505788,27.564595861445923,20.945905238816067]",[30.647545359505788],3,3,False,ordinary_walkable_contact,0,True
0,candidate,0.35,-45,9,178,0.0166666666666667,-0.03476992776288071,0.161133751273155,0.0165248662233353,"[-4.24264049530029,0.0,4.24264049530029]","[-0.0686882436275482,0.0165248662233353,0.0686882436275482]","[-4.1212944984436,0.991491913795471,4.1212944984436]","[-0.0175887197256088,0.0165248662233353,0.0175887197256088]",True,False,"[0.0677668526768684,0.99539703130722,-0.0677668526768684]","[9.756307562684254,5.499502053022537]",[9.756307562684254],2,2,False,ordinary_walkable_contact,0,True
0,candidate,0.35,-45,10,179,0.0166666666666667,0.06523007684771948,0.167980521917343,0.00684677064418793,"[-4.24264049530029,0.0,4.24264049530029]","[-0.0707106813788414,0.00684677064418793,0.0707106813788414]","[-4.24264049530029,0.410806208848953,4.24264049530029]","[-0.000365480780601501,0.00684677064418793,0.000365480780601501]",True,False,"[0.0,1.0,0.0]","[0.0,0.0]",[],2,2,False,no_bounded_riser,0,True
0,candidate,0.35,-45,11,180,0.0166666666666667,0.1652300919950317,0.167980521917343,0.0,"[-4.24264049530029,0.0,4.24264049530029]","[-0.070710688829422,0.0,0.070710688829422]","[-4.24264097213745,0.0,4.24264097213745]","[-0.070710688829422,0.0,0.070710688829422]",True,False,"[0.0,1.0,0.0]",[0.0],[],1,1,False,no_bounded_riser,0,True
0,candidate,0.35,-45,12,181,0.0166666666666667,0.265230117679056,0.167980521917343,0.0,"[-4.24264049530029,0.0,4.24264049530029]","[-0.0707106962800026,0.0,0.0707106962800026]","[-4.24264144897461,0.0,4.24264144897461]","[-0.070710688829422,0.0,0.070710688829422]",True,False,"[0.0,1.0,0.0]",[0.0],[],1,1,False,no_bounded_riser,0,True
0,candidate,0.35,-45,13,182,0.0166666666666667,0.3652301328263683,0.167980521917343,0.0,"[-4.24264049530029,0.0,4.24264049530029]","[-0.070710688829422,0.0,0.070710688829422]","[-4.24264097213745,0.0,4.24264097213745]","[-0.070710688829422,0.0,0.070710688829422]",True,False,"[0.0,1.0,0.0]",[0.0],[],1,1,False,no_bounded_riser,0,True
0,candidate,0.35,-45,14,183,0.0166666666666667,0.46523014797368056,0.167980521917343,0.0,"[-4.24264049530029,0.0,4.24264049530029]","[-0.070710688829422,0.0,0.070710688829422]","[-4.24264097213745,0.0,4.24264097213745]","[-0.070710688829422,0.0,0.070710688829422]",True,False,"[0.0,1.0,0.0]",[0.0],[],1,1,False,no_bounded_riser,0,True
0,candidate,0.35,-45,15,184,0.0166666666666667,0.5652301631209928,0.167980521917343,0.0,"[-4.24264049530029,0.0,4.24264049530029]","[-0.070710688829422,0.0,0.070710688829422]","[-4.24264097213745,0.0,4.24264097213745]","[-0.070710688829422,0.0,0.070710688829422]",True,False,"[0.0,1.0,0.0]",[0.0],[],1,1,False,no_bounded_riser,0,True
0,candidate,0.35,-45,16,185,0.0166666666666667,0.6652301782683052,0.167980521917343,0.0,"[-4.24264049530029,0.0,4.24264049530029]","[-0.070710688829422,0.0,0.070710688829422]","[-4.24264097213745,0.0,4.24264097213745]","[-0.070710688829422,0.0,0.070710688829422]",True,False,"[0.0,1.0,0.0]",[0.0],[],1,1,False,no_bounded_riser,0,True
0,candidate,0.35,-45,17,186,0.0166666666666667,0.7652301512687696,0.167980521917343,0.0,"[-4.24264049530029,0.0,4.24264049530029]","[-0.0707106590270996,0.0,0.0707106590270996]","[-4.24263954162598,0.0,4.24263954162598]","[-0.070710688829422,0.0,0.070710688829422]",True,False,"[0.0,1.0,0.0]",[0.0],[],1,1,False,no_bounded_riser,0,True
0,candidate,0.35,-45,18,187,0.0166666666666667,0.8652301242692325,0.167980521917343,0.0,"[-4.24264049530029,0.0,4.24264049530029]","[-0.0707106590270996,0.0,0.0707106590270996]","[-4.24263954162598,0.0,4.24263954162598]","[-0.070710688829422,0.0,0.070710688829422]",True,False,"[0.0,1.0,0.0]",[0.0],[],1,1,False,no_bounded_riser,0,True
0,candidate,0.35,-45,19,188,0.0166666666666667,0.9652300972696968,0.167980521917343,0.0,"[-4.24264049530029,0.0,4.24264049530029]","[-0.0707106590270996,0.0,0.0707106590270996]","[-4.24263954162598,0.0,4.24263954162598]","[-0.070710688829422,0.0,0.070710688829422]",True,False,"[0.0,1.0,0.0]",[0.0],[],1,1,False,no_bounded_riser,0,True
0,candidate,0.35,-45,20,189,0.0166666666666667,1.0652300702701605,0.167980521917343,0.0,"[-4.24264049530029,0.0,4.24264049530029]","[-0.0707106590270996,0.0,0.0707106590270996]","[-4.24263954162598,0.0,4.24263954162598]","[-0.070710688829422,0.0,0.070710688829422]",True,False,"[0.0,1.0,0.0]",[0.0],[],1,1,False,no_bounded_riser,0,True
1,baseline,0.35,45,0,210,0.0166666666666667,-0.8999999255915682,0.0166666638106108,0.0,"[4.24264049530029,0.0,4.24264049530029]","[0.0707107186317444,0.0,0.0707107186317444]","[4.24264287948608,0.0,4.24264287948608]","[0.070710688829422,0.0,0.070710688829422]",True,False,"[0.0,1.0,0.0]",[],[],0,0,False,no_bounded_riser,0,True
1,baseline,0.35,45,1,211,0.0166666666666667,-0.7999999525911037,0.0166666638106108,0.0,"[4.24264049530029,0.0,4.24264049530029]","[0.0707106590270996,0.0,0.0707106590270996]","[4.24263954162598,0.0,4.24263954162598]","[0.070710688829422,0.0,0.070710688829422]",True,False,"[0.0,1.0,0.0]",[],[],0,0,False,no_bounded_riser,0,True
1,baseline,0.35,45,2,212,0.0166666666666667,-0.6999999374437915,0.0166666638106108,0.0,"[4.24264049530029,0.0,4.24264049530029]","[0.070710688829422,0.0,0.070710688829422]","[4.24264097213745,0.0,4.24264097213745]","[0.070710688829422,0.0,0.070710688829422]",True,False,"[0.0,1.0,0.0]",[],[],0,0,False,no_bounded_riser,0,True
1,baseline,0.35,45,3,213,0.0166666666666667,-0.5999999222964791,0.0166666638106108,0.0,"[4.24264049530029,0.0,4.24264049530029]","[0.070710688829422,0.0,0.070710688829422]","[4.24264097213745,0.0,4.24264097213745]","[0.070710688829422,0.0,0.070710688829422]",True,False,"[0.0,1.0,0.0]",[],[],0,0,False,no_bounded_riser,0,True
1,baseline,0.35,45,4,214,0.0166666666666667,-0.49999990714916687,0.0166666638106108,0.0,"[4.24264049530029,0.0,4.24264049530029]","[0.070710688829422,0.0,0.070710688829422]","[4.24264097213745,0.0,4.24264097213745]","[0.070710688829422,0.0,0.070710688829422]",True,False,"[0.0,1.0,0.0]",[],[],0,0,False,no_bounded_riser,0,True
1,baseline,0.35,45,5,215,0.0166666666666667,-0.39999989200185454,0.0166666638106108,0.0,"[4.24264049530029,0.0,4.24264049530029]","[0.070710688829422,0.0,0.070710688829422]","[4.24264097213745,0.0,4.24264097213745]","[0.070710688829422,0.0,0.070710688829422]",True,False,"[0.0,1.0,0.0]",[],[],0,0,False,no_bounded_riser,0,True
1,baseline,0.35,45,6,216,0.0166666666666667,-0.2999998768545422,0.0166666638106108,0.0,"[4.24264049530029,0.0,4.24264049530029]","[0.070710688829422,0.0,0.070710688829422]","[4.24264097213745,0.0,4.24264097213745]","[0.070710688829422,0.0,0.070710688829422]",True,False,"[0.0,1.0,0.0]",[],[],0,0,False,no_bounded_riser,0,True
1,baseline,0.35,45,7,217,0.0166666666666667,-0.2999998768545422,0.0166666638106108,0.0,"[0.0,0.0,0.0]","[0.0,0.0,0.0]","[0.0,0.0,0.0]","[0.0187825262546539,0.0,0.0187825262546539]",True,True,"[0.0,1.0,0.0]",[51.30689215669124],[51.30689215669124],0,0,True,three_sweeps_and_continuous_static_landing,0,True
1,baseline,0.35,45,8,218,0.0166666666666667,-0.2999998768545422,0.0166666638106108,0.0,"[0.0,0.0,0.0]","[0.0,0.0,0.0]","[0.0,0.0,0.0]","[0.0187825262546539,0.0,0.0187825262546539]",True,True,"[0.0,1.0,0.0]",[51.30689215669124],[51.30689215669124],0,0,True,three_sweeps_and_continuous_static_landing,0,True
1,baseline,0.35,45,9,219,0.0166666666666667,-0.2999998768545422,0.0166666638106108,0.0,"[0.0,0.0,0.0]","[0.0,0.0,0.0]","[0.0,0.0,0.0]","[0.0187825262546539,0.0,0.0187825262546539]",True,True,"[0.0,1.0,0.0]",[51.30689215669124],[51.30689215669124],0,0,True,three_sweeps_and_continuous_static_landing,0,True
1,baseline,0.35,45,10,220,0.0166666666666667,-0.2999998768545422,0.0166666638106108,0.0,"[0.0,0.0,0.0]","[0.0,0.0,0.0]","[0.0,0.0,0.0]","[0.0187825262546539,0.0,0.0187825262546539]",True,True,"[0.0,1.0,0.0]",[51.30689215669124],[51.30689215669124],0,0,True,three_sweeps_and_continuous_static_landing,0,True
1,baseline,0.35,45,11,221,0.0166666666666667,-0.2999998768545422,0.0166666638106108,0.0,"[0.0,0.0,0.0]","[0.0,0.0,0.0]","[0.0,0.0,0.0]","[0.0187825262546539,0.0,0.0187825262546539]",True,True,"[0.0,1.0,0.0]",[51.30689215669124],[51.30689215669124],0,0,True,three_sweeps_and_continuous_static_landing,0,True
1,baseline,0.35,45,12,222,0.0166666666666667,-0.2999998768545422,0.0166666638106108,0.0,"[0.0,0.0,0.0]","[0.0,0.0,0.0]","[0.0,0.0,0.0]","[0.0187825262546539,0.0,0.0187825262546539]",True,True,"[0.0,1.0,0.0]",[51.30689215669124],[51.30689215669124],0,0,True,three_sweeps_and_continuous_static_landing,0,True
1,baseline,0.35,45,13,223,0.0166666666666667,-0.2999998768545422,0.0166666638106108,0.0,"[0.0,0.0,0.0]","[0.0,0.0,0.0]","[0.0,0.0,0.0]","[0.0187825262546539,0.0,0.0187825262546539]",True,True,"[0.0,1.0,0.0]",[51.30689215669124],[51.30689215669124],0,0,True,three_sweeps_and_continuous_static_landing,0,True
1,baseline,0.35,45,14,224,0.0166666666666667,-0.2999998768545422,0.0166666638106108,0.0,"[0.0,0.0,0.0]","[0.0,0.0,0.0]","[0.0,0.0,0.0]","[0.0187825262546539,0.0,0.0187825262546539]",True,True,"[0.0,1.0,0.0]",[51.30689215669124],[51.30689215669124],0,0,True,three_sweeps_and_continuous_static_landing,0,True
1,baseline,0.35,45,15,225,0.0166666666666667,-0.2999998768545422,0.0166666638106108,0.0,"[0.0,0.0,0.0]","[0.0,0.0,0.0]","[0.0,0.0,0.0]","[0.0187825262546539,0.0,0.0187825262546539]",True,True,"[0.0,1.0,0.0]",[51.30689215669124],[51.30689215669124],0,0,True,three_sweeps_and_continuous_static_landing,0,True
1,baseline,0.35,45,16,226,0.0166666666666667,-0.2999998768545422,0.0166666638106108,0.0,"[0.0,0.0,0.0]","[0.0,0.0,0.0]","[0.0,0.0,0.0]","[0.0187825262546539,0.0,0.0187825262546539]",True,True,"[0.0,1.0,0.0]",[51.30689215669124],[51.30689215669124],0,0,True,three_sweeps_and_continuous_static_landing,0,True
1,baseline,0.35,45,17,227,0.0166666666666667,-0.2999998768545422,0.0166666638106108,0.0,"[0.0,0.0,0.0]","[0.0,0.0,0.0]","[0.0,0.0,0.0]","[0.0187825262546539,0.0,0.0187825262546539]",True,True,"[0.0,1.0,0.0]",[51.30689215669124],[51.30689215669124],0,0,True,three_sweeps_and_continuous_static_landing,0,True
1,baseline,0.35,45,18,228,0.0166666666666667,-0.2999998768545422,0.0166666638106108,0.0,"[0.0,0.0,0.0]","[0.0,0.0,0.0]","[0.0,0.0,0.0]","[0.0187825262546539,0.0,0.0187825262546539]",True,True,"[0.0,1.0,0.0]",[51.30689215669124],[51.30689215669124],0,0,True,three_sweeps_and_continuous_static_landing,0,True
1,baseline,0.35,45,19,229,0.0166666666666667,-0.2999998768545422,0.0166666638106108,0.0,"[0.0,0.0,0.0]","[0.0,0.0,0.0]","[0.0,0.0,0.0]","[0.0187825262546539,0.0,0.0187825262546539]",True,True,"[0.0,1.0,0.0]",[51.30689215669124],[51.30689215669124],0,0,True,three_sweeps_and_continuous_static_landing,0,True
1,baseline,0.35,45,20,230,0.0166666666666667,-0.2999998768545422,0.0166666638106108,0.0,"[0.0,0.0,0.0]","[0.0,0.0,0.0]","[0.0,0.0,0.0]","[0.0187825262546539,0.0,0.0187825262546539]",True,True,"[0.0,1.0,0.0]",[51.30689215669124],[51.30689215669124],0,0,True,three_sweeps_and_continuous_static_landing,0,True
1,baseline,0.35,45,21,231,0.0166666666666667,-0.2999998768545422,0.0166666638106108,0.0,"[0.0,0.0,0.0]","[0.0,0.0,0.0]","[0.0,0.0,0.0]","[0.0187825262546539,0.0,0.0187825262546539]",True,True,"[0.0,1.0,0.0]",[51.30689215669124],[51.30689215669124],0,0,True,three_sweeps_and_continuous_static_landing,0,True
1,baseline,0.35,45,22,232,0.0166666666666667,-0.2999998768545422,0.0166666638106108,0.0,"[0.0,0.0,0.0]","[0.0,0.0,0.0]","[0.0,0.0,0.0]","[0.0187825262546539,0.0,0.0187825262546539]",True,True,"[0.0,1.0,0.0]",[51.30689215669124],[51.30689215669124],0,0,True,three_sweeps_and_continuous_static_landing,0,True
1,baseline,0.35,45,23,233,0.0166666666666667,-0.2999998768545422,0.0166666638106108,0.0,"[0.0,0.0,0.0]","[0.0,0.0,0.0]","[0.0,0.0,0.0]","[0.0187825262546539,0.0,0.0187825262546539]",True,True,"[0.0,1.0,0.0]",[51.30689215669124],[51.30689215669124],0,0,True,three_sweeps_and_continuous_static_landing,0,True
1,baseline,0.35,45,24,234,0.0166666666666667,-0.2999998768545422,0.0166666638106108,0.0,"[0.0,0.0,0.0]","[0.0,0.0,0.0]","[0.0,0.0,0.0]","[0.0187825262546539,0.0,0.0187825262546539]",True,True,"[0.0,1.0,0.0]",[51.30689215669124],[51.30689215669124],0,0,True,three_sweeps_and_continuous_static_landing,0,True
1,baseline,0.35,45,25,235,0.0166666666666667,-0.2999998768545422,0.0166666638106108,0.0,"[0.0,0.0,0.0]","[0.0,0.0,0.0]","[0.0,0.0,0.0]","[0.0187825262546539,0.0,0.0187825262546539]",True,True,"[0.0,1.0,0.0]",[51.30689215669124],[51.30689215669124],0,0,True,three_sweeps_and_continuous_static_landing,0,True
1,baseline,0.35,45,26,236,0.0166666666666667,-0.2999998768545422,0.0166666638106108,0.0,"[0.0,0.0,0.0]","[0.0,0.0,0.0]","[0.0,0.0,0.0]","[0.0187825262546539,0.0,0.0187825262546539]",True,True,"[0.0,1.0,0.0]",[51.30689215669124],[51.30689215669124],0,0,True,three_sweeps_and_continuous_static_landing,0,True
1,baseline,0.35,45,27,237,0.0166666666666667,-0.2999998768545422,0.0166666638106108,0.0,"[0.0,0.0,0.0]","[0.0,0.0,0.0]","[0.0,0.0,0.0]","[0.0187825262546539,0.0,0.0187825262546539]",True,True,"[0.0,1.0,0.0]",[51.30689215669124],[51.30689215669124],0,0,True,three_sweeps_and_continuous_static_landing,0,True
1,baseline,0.35,45,28,238,0.0166666666666667,-0.2999998768545422,0.0166666638106108,0.0,"[0.0,0.0,0.0]","[0.0,0.0,0.0]","[0.0,0.0,0.0]","[0.0187825262546539,0.0,0.0187825262546539]",True,True,"[0.0,1.0,0.0]",[51.30689215669124],[51.30689215669124],0,0,True,three_sweeps_and_continuous_static_landing,0,True
1,baseline,0.35,45,29,239,0.0166666666666667,-0.2999998768545422,0.0166666638106108,0.0,"[0.0,0.0,0.0]","[0.0,0.0,0.0]","[0.0,0.0,0.0]","[0.0187825262546539,0.0,0.0187825262546539]",True,True,"[0.0,1.0,0.0]",[51.30689215669124],[51.30689215669124],0,0,True,three_sweeps_and_continuous_static_landing,0,True
1,baseline,0.35,45,30,240,0.0166666666666667,-0.2999998768545422,0.0166666638106108,0.0,"[0.0,0.0,0.0]","[0.0,0.0,0.0]","[0.0,0.0,0.0]","[0.0187825262546539,0.0,0.0187825262546539]",True,True,"[0.0,1.0,0.0]",[51.30689215669124],[51.30689215669124],0,0,True,three_sweeps_and_continuous_static_landing,0,True
1,baseline,0.35,45,31,241,0.0166666666666667,-0.2999998768545422,0.0166666638106108,0.0,"[0.0,0.0,0.0]","[0.0,0.0,0.0]","[0.0,0.0,0.0]","[0.0187825262546539,0.0,0.0187825262546539]",True,True,"[0.0,1.0,0.0]",[51.30689215669124],[51.30689215669124],0,0,True,three_sweeps_and_continuous_static_landing,0,True
1,baseline,0.35,45,32,242,0.0166666666666667,-0.2999998768545422,0.0166666638106108,0.0,"[0.0,0.0,0.0]","[0.0,0.0,0.0]","[0.0,0.0,0.0]","[0.0187825262546539,0.0,0.0187825262546539]",True,True,"[0.0,1.0,0.0]",[51.30689215669124],[51.30689215669124],0,0,True,three_sweeps_and_continuous_static_landing,0,True
1,baseline,0.35,45,33,243,0.0166666666666667,-0.2999998768545422,0.0166666638106108,0.0,"[0.0,0.0,0.0]","[0.0,0.0,0.0]","[0.0,0.0,0.0]","[0.0187825262546539,0.0,0.0187825262546539]",True,True,"[0.0,1.0,0.0]",[51.30689215669124],[51.30689215669124],0,0,True,three_sweeps_and_continuous_static_landing,0,True
1,baseline,0.35,45,34,244,0.0166666666666667,-0.2999998768545422,0.0166666638106108,0.0,"[0.0,0.0,0.0]","[0.0,0.0,0.0]","[0.0,0.0,0.0]","[0.0187825262546539,0.0,0.0187825262546539]",True,True,"[0.0,1.0,0.0]",[51.30689215669124],[51.30689215669124],0,0,True,three_sweeps_and_continuous_static_landing,0,True
1,baseline,0.35,45,35,245,0.0166666666666667,-0.2999998768545422,0.0166666638106108,0.0,"[0.0,0.0,0.0]","[0.0,0.0,0.0]","[0.0,0.0,0.0]","[0.0187825262546539,0.0,0.0187825262546539]",True,True,"[0.0,1.0,0.0]",[51.30689215669124],[51.30689215669124],0,0,True,three_sweeps_and_continuous_static_landing,0,True
1,baseline,0.35,45,36,246,0.0166666666666667,-0.2999998768545422,0.0166666638106108,0.0,"[0.0,0.0,0.0]","[0.0,0.0,0.0]","[0.0,0.0,0.0]","[0.0187825262546539,0.0,0.0187825262546539]",True,True,"[0.0,1.0,0.0]",[51.30689215669124],[51.30689215669124],0,0,True,three_sweeps_and_continuous_static_landing,0,True
1,baseline,0.35,45,37,247,0.0166666666666667,-0.2999998768545422,0.0166666638106108,0.0,"[0.0,0.0,0.0]","[0.0,0.0,0.0]","[0.0,0.0,0.0]","[0.0187825262546539,0.0,0.0187825262546539]",True,True,"[0.0,1.0,0.0]",[51.30689215669124],[51.30689215669124],0,0,True,three_sweeps_and_continuous_static_landing,0,True
1,baseline,0.35,45,38,248,0.0166666666666667,-0.2999998768545422,0.0166666638106108,0.0,"[0.0,0.0,0.0]","[0.0,0.0,0.0]","[0.0,0.0,0.0]","[0.0187825262546539,0.0,0.0187825262546539]",True,True,"[0.0,1.0,0.0]",[51.30689215669124],[51.30689215669124],0,0,True,three_sweeps_and_continuous_static_landing,0,True
1,baseline,0.35,45,39,249,0.0166666666666667,-0.2999998768545422,0.0166666638106108,0.0,"[0.0,0.0,0.0]","[0.0,0.0,0.0]","[0.0,0.0,0.0]","[0.0187825262546539,0.0,0.0187825262546539]",True,True,"[0.0,1.0,0.0]",[51.30689215669124],[51.30689215669124],0,0,True,three_sweeps_and_continuous_static_landing,0,True
1,baseline,0.35,45,40,250,0.0166666666666667,-0.2999998768545422,0.0166666638106108,0.0,"[0.0,0.0,0.0]","[0.0,0.0,0.0]","[0.0,0.0,0.0]","[0.0187825262546539,0.0,0.0187825262546539]",True,True,"[0.0,1.0,0.0]",[51.30689215669124],[51.30689215669124],0,0,True,three_sweeps_and_continuous_static_landing,0,True
1,baseline,0.35,45,41,251,0.0166666666666667,-0.2999998768545422,0.0166666638106108,0.0,"[0.0,0.0,0.0]","[0.0,0.0,0.0]","[0.0,0.0,0.0]","[0.0187825262546539,0.0,0.0187825262546539]",True,True,"[0.0,1.0,0.0]",[51.30689215669124],[51.30689215669124],0,0,True,three_sweeps_and_continuous_static_landing,0,True
1,baseline,0.35,45,42,252,0.0166666666666667,-0.2999998768545422,0.0166666638106108,0.0,"[0.0,0.0,0.0]","[0.0,0.0,0.0]","[0.0,0.0,0.0]","[0.0187825262546539,0.0,0.0187825262546539]",True,True,"[0.0,1.0,0.0]",[51.30689215669124],[51.30689215669124],0,0,True,three_sweeps_and_continuous_static_landing,0,True
1,baseline,0.35,45,43,253,0.0166666666666667,-0.2999998768545422,0.0166666638106108,0.0,"[0.0,0.0,0.0]","[0.0,0.0,0.0]","[0.0,0.0,0.0]","[0.0187825262546539,0.0,0.0187825262546539]",True,True,"[0.0,1.0,0.0]",[51.30689215669124],[51.30689215669124],0,0,True,three_sweeps_and_continuous_static_landing,0,True
1,baseline,0.35,45,44,254,0.0166666666666667,-0.2999998768545422,0.0166666638106108,0.0,"[0.0,0.0,0.0]","[0.0,0.0,0.0]","[0.0,0.0,0.0]","[0.0187825262546539,0.0,0.0187825262546539]",True,True,"[0.0,1.0,0.0]",[51.30689215669124],[51.30689215669124],0,0,True,three_sweeps_and_continuous_static_landing,0,True
1,baseline,0.35,45,45,255,0.0166666666666667,-0.2999998768545422,0.0166666638106108,0.0,"[0.0,0.0,0.0]","[0.0,0.0,0.0]","[0.0,0.0,0.0]","[0.0187825262546539,0.0,0.0187825262546539]",True,True,"[0.0,1.0,0.0]",[51.30689215669124],[51.30689215669124],0,0,True,three_sweeps_and_continuous_static_landing,0,True
1,baseline,0.35,45,46,256,0.0166666666666667,-0.2999998768545422,0.0166666638106108,0.0,"[0.0,0.0,0.0]","[0.0,0.0,0.0]","[0.0,0.0,0.0]","[0.0187825262546539,0.0,0.0187825262546539]",True,True,"[0.0,1.0,0.0]",[51.30689215669124],[51.30689215669124],0,0,True,three_sweeps_and_continuous_static_landing,0,True
1,baseline,0.35,45,47,257,0.0166666666666667,-0.2999998768545422,0.0166666638106108,0.0,"[0.0,0.0,0.0]","[0.0,0.0,0.0]","[0.0,0.0,0.0]","[0.0187825262546539,0.0,0.0187825262546539]",True,True,"[0.0,1.0,0.0]",[51.30689215669124],[51.30689215669124],0,0,True,three_sweeps_and_continuous_static_landing,0,True
1,baseline,0.35,45,48,258,0.0166666666666667,-0.2999998768545422,0.0166666638106108,0.0,"[0.0,0.0,0.0]","[0.0,0.0,0.0]","[0.0,0.0,0.0]","[0.0187825262546539,0.0,0.0187825262546539]",True,True,"[0.0,1.0,0.0]",[51.30689215669124],[51.30689215669124],0,0,True,three_sweeps_and_continuous_static_landing,0,True
1,baseline,0.35,45,49,259,0.0166666666666667,-0.2999998768545422,0.0166666638106108,0.0,"[0.0,0.0,0.0]","[0.0,0.0,0.0]","[0.0,0.0,0.0]","[0.0187825262546539,0.0,0.0187825262546539]",True,True,"[0.0,1.0,0.0]",[51.30689215669124],[51.30689215669124],0,0,True,three_sweeps_and_continuous_static_landing,0,True
1,baseline,0.35,45,50,260,0.0166666666666667,-0.2999998768545422,0.0166666638106108,0.0,"[0.0,0.0,0.0]","[0.0,0.0,0.0]","[0.0,0.0,0.0]","[0.0187825262546539,0.0,0.0187825262546539]",True,True,"[0.0,1.0,0.0]",[51.30689215669124],[51.30689215669124],0,0,True,three_sweeps_and_continuous_static_landing,0,True
1,baseline,0.35,45,51,261,0.0166666666666667,-0.2999998768545422,0.0166666638106108,0.0,"[0.0,0.0,0.0]","[0.0,0.0,0.0]","[0.0,0.0,0.0]","[0.0187825262546539,0.0,0.0187825262546539]",True,True,"[0.0,1.0,0.0]",[51.30689215669124],[51.30689215669124],0,0,True,three_sweeps_and_continuous_static_landing,0,True
1,baseline,0.35,45,52,262,0.0166666666666667,-0.2999998768545422,0.0166666638106108,0.0,"[0.0,0.0,0.0]","[0.0,0.0,0.0]","[0.0,0.0,0.0]","[0.0187825262546539,0.0,0.0187825262546539]",True,True,"[0.0,1.0,0.0]",[51.30689215669124],[51.30689215669124],0,0,True,three_sweeps_and_continuous_static_landing,0,True
1,baseline,0.35,45,53,263,0.0166666666666667,-0.2999998768545422,0.0166666638106108,0.0,"[0.0,0.0,0.0]","[0.0,0.0,0.0]","[0.0,0.0,0.0]","[0.0187825262546539,0.0,0.0187825262546539]",True,True,"[0.0,1.0,0.0]",[51.30689215669124],[51.30689215669124],0,0,True,three_sweeps_and_continuous_static_landing,0,True
1,baseline,0.35,45,54,264,0.0166666666666667,-0.2999998768545422,0.0166666638106108,0.0,"[0.0,0.0,0.0]","[0.0,0.0,0.0]","[0.0,0.0,0.0]","[0.0187825262546539,0.0,0.0187825262546539]",True,True,"[0.0,1.0,0.0]",[51.30689215669124],[51.30689215669124],0,0,True,three_sweeps_and_continuous_static_landing,0,True
1,baseline,0.35,45,55,265,0.0166666666666667,-0.2999998768545422,0.0166666638106108,0.0,"[0.0,0.0,0.0]","[0.0,0.0,0.0]","[0.0,0.0,0.0]","[0.0187825262546539,0.0,0.0187825262546539]",True,True,"[0.0,1.0,0.0]",[51.30689215669124],[51.30689215669124],0,0,True,three_sweeps_and_continuous_static_landing,0,True
1,baseline,0.35,45,56,266,0.0166666666666667,-0.2999998768545422,0.0166666638106108,0.0,"[0.0,0.0,0.0]","[0.0,0.0,0.0]","[0.0,0.0,0.0]","[0.0187825262546539,0.0,0.0187825262546539]",True,True,"[0.0,1.0,0.0]",[51.30689215669124],[51.30689215669124],0,0,True,three_sweeps_and_continuous_static_landing,0,True
1,baseline,0.35,45,57,267,0.0166666666666667,-0.2999998768545422,0.0166666638106108,0.0,"[0.0,0.0,0.0]","[0.0,0.0,0.0]","[0.0,0.0,0.0]","[0.0187825262546539,0.0,0.0187825262546539]",True,True,"[0.0,1.0,0.0]",[51.30689215669124],[51.30689215669124],0,0,True,three_sweeps_and_continuous_static_landing,0,True
1,baseline,0.35,45,58,268,0.0166666666666667,-0.2999998768545422,0.0166666638106108,0.0,"[0.0,0.0,0.0]","[0.0,0.0,0.0]","[0.0,0.0,0.0]","[0.0187825262546539,0.0,0.0187825262546539]",True,True,"[0.0,1.0,0.0]",[51.30689215669124],[51.30689215669124],0,0,True,three_sweeps_and_continuous_static_landing,0,True
1,baseline,0.35,45,59,269,0.0166666666666667,-0.2999998768545422,0.0166666638106108,0.0,"[0.0,0.0,0.0]","[0.0,0.0,0.0]","[0.0,0.0,0.0]","[0.0187825262546539,0.0,0.0187825262546539]",True,True,"[0.0,1.0,0.0]",[51.30689215669124],[51.30689215669124],0,0,True,three_sweeps_and_continuous_static_landing,0,True
1,baseline,0.35,45,60,270,0.0166666666666667,-0.2999998768545422,0.0166666638106108,0.0,"[0.0,0.0,0.0]","[0.0,0.0,0.0]","[0.0,0.0,0.0]","[0.0187825262546539,0.0,0.0187825262546539]",True,True,"[0.0,1.0,0.0]",[51.30689215669124],[51.30689215669124],0,0,True,three_sweeps_and_continuous_static_landing,0,True
1,baseline,0.35,45,61,271,0.0166666666666667,-0.2999998768545422,0.0166666638106108,0.0,"[0.0,0.0,0.0]","[0.0,0.0,0.0]","[0.0,0.0,0.0]","[0.0187825262546539,0.0,0.0187825262546539]",True,True,"[0.0,1.0,0.0]",[51.30689215669124],[51.30689215669124],0,0,True,three_sweeps_and_continuous_static_landing,0,True
1,baseline,0.35,45,62,272,0.0166666666666667,-0.2999998768545422,0.0166666638106108,0.0,"[0.0,0.0,0.0]","[0.0,0.0,0.0]","[0.0,0.0,0.0]","[0.0187825262546539,0.0,0.0187825262546539]",True,True,"[0.0,1.0,0.0]",[51.30689215669124],[51.30689215669124],0,0,True,three_sweeps_and_continuous_static_landing,0,True
1,baseline,0.35,45,63,273,0.0166666666666667,-0.2999998768545422,0.0166666638106108,0.0,"[0.0,0.0,0.0]","[0.0,0.0,0.0]","[0.0,0.0,0.0]","[0.0187825262546539,0.0,0.0187825262546539]",True,True,"[0.0,1.0,0.0]",[51.30689215669124],[51.30689215669124],0,0,True,three_sweeps_and_continuous_static_landing,0,True
1,baseline,0.35,45,64,274,0.0166666666666667,-0.2999998768545422,0.0166666638106108,0.0,"[0.0,0.0,0.0]","[0.0,0.0,0.0]","[0.0,0.0,0.0]","[0.0187825262546539,0.0,0.0187825262546539]",True,True,"[0.0,1.0,0.0]",[51.30689215669124],[51.30689215669124],0,0,True,three_sweeps_and_continuous_static_landing,0,True
1,baseline,0.35,45,65,275,0.0166666666666667,-0.2999998768545422,0.0166666638106108,0.0,"[0.0,0.0,0.0]","[0.0,0.0,0.0]","[0.0,0.0,0.0]","[0.0187825262546539,0.0,0.0187825262546539]",True,True,"[0.0,1.0,0.0]",[51.30689215669124],[51.30689215669124],0,0,True,three_sweeps_and_continuous_static_landing,0,True
1,baseline,0.35,45,66,276,0.0166666666666667,-0.2999998768545422,0.0166666638106108,0.0,"[0.0,0.0,0.0]","[0.0,0.0,0.0]","[0.0,0.0,0.0]","[0.0187825262546539,0.0,0.0187825262546539]",True,True,"[0.0,1.0,0.0]",[51.30689215669124],[51.30689215669124],0,0,True,three_sweeps_and_continuous_static_landing,0,True
1,baseline,0.35,45,67,277,0.0166666666666667,-0.2999998768545422,0.0166666638106108,0.0,"[0.0,0.0,0.0]","[0.0,0.0,0.0]","[0.0,0.0,0.0]","[0.0187825262546539,0.0,0.0187825262546539]",True,True,"[0.0,1.0,0.0]",[51.30689215669124],[51.30689215669124],0,0,True,three_sweeps_and_continuous_static_landing,0,True
1,baseline,0.35,45,68,278,0.0166666666666667,-0.2999998768545422,0.0166666638106108,0.0,"[0.0,0.0,0.0]","[0.0,0.0,0.0]","[0.0,0.0,0.0]","[0.0187825262546539,0.0,0.0187825262546539]",True,True,"[0.0,1.0,0.0]",[51.30689215669124],[51.30689215669124],0,0,True,three_sweeps_and_continuous_static_landing,0,True
1,baseline,0.35,45,69,279,0.0166666666666667,-0.2999998768545422,0.0166666638106108,0.0,"[0.0,0.0,0.0]","[0.0,0.0,0.0]","[0.0,0.0,0.0]","[0.0187825262546539,0.0,0.0187825262546539]",True,True,"[0.0,1.0,0.0]",[51.30689215669124],[51.30689215669124],0,0,True,three_sweeps_and_continuous_static_landing,0,True
1,baseline,0.35,45,70,280,0.0166666666666667,-0.2999998768545422,0.0166666638106108,0.0,"[0.0,0.0,0.0]","[0.0,0.0,0.0]","[0.0,0.0,0.0]","[0.0187825262546539,0.0,0.0187825262546539]",True,True,"[0.0,1.0,0.0]",[51.30689215669124],[51.30689215669124],0,0,True,three_sweeps_and_continuous_static_landing,0,True
1,baseline,0.35,45,71,281,0.0166666666666667,-0.2999998768545422,0.0166666638106108,0.0,"[0.0,0.0,0.0]","[0.0,0.0,0.0]","[0.0,0.0,0.0]","[0.0187825262546539,0.0,0.0187825262546539]",True,True,"[0.0,1.0,0.0]",[51.30689215669124],[51.30689215669124],0,0,True,three_sweeps_and_continuous_static_landing,0,True
1,baseline,0.35,45,72,282,0.0166666666666667,-0.2999998768545422,0.0166666638106108,0.0,"[0.0,0.0,0.0]","[0.0,0.0,0.0]","[0.0,0.0,0.0]","[0.0187825262546539,0.0,0.0187825262546539]",True,True,"[0.0,1.0,0.0]",[51.30689215669124],[51.30689215669124],0,0,True,three_sweeps_and_continuous_static_landing,0,True
1,baseline,0.35,45,73,283,0.0166666666666667,-0.2999998768545422,0.0166666638106108,0.0,"[0.0,0.0,0.0]","[0.0,0.0,0.0]","[0.0,0.0,0.0]","[0.0187825262546539,0.0,0.0187825262546539]",True,True,"[0.0,1.0,0.0]",[51.30689215669124],[51.30689215669124],0,0,True,three_sweeps_and_continuous_static_landing,0,True
1,baseline,0.35,45,74,284,0.0166666666666667,-0.2999998768545422,0.0166666638106108,0.0,"[0.0,0.0,0.0]","[0.0,0.0,0.0]","[0.0,0.0,0.0]","[0.0187825262546539,0.0,0.0187825262546539]",True,True,"[0.0,1.0,0.0]",[51.30689215669124],[51.30689215669124],0,0,True,three_sweeps_and_continuous_static_landing,0,True
1,baseline,0.35,45,75,285,0.0166666666666667,-0.2999998768545422,0.0166666638106108,0.0,"[0.0,0.0,0.0]","[0.0,0.0,0.0]","[0.0,0.0,0.0]","[0.0187825262546539,0.0,0.0187825262546539]",True,True,"[0.0,1.0,0.0]",[51.30689215669124],[51.30689215669124],0,0,True,three_sweeps_and_continuous_static_landing,0,True
1,baseline,0.35,45,76,286,0.0166666666666667,-0.2999998768545422,0.0166666638106108,0.0,"[0.0,0.0,0.0]","[0.0,0.0,0.0]","[0.0,0.0,0.0]","[0.0187825262546539,0.0,0.0187825262546539]",True,True,"[0.0,1.0,0.0]",[51.30689215669124],[51.30689215669124],0,0,True,three_sweeps_and_continuous_static_landing,0,True
1,baseline,0.35,45,77,287,0.0166666666666667,-0.2999998768545422,0.0166666638106108,0.0,"[0.0,0.0,0.0]","[0.0,0.0,0.0]","[0.0,0.0,0.0]","[0.0187825262546539,0.0,0.0187825262546539]",True,True,"[0.0,1.0,0.0]",[51.30689215669124],[51.30689215669124],0,0,True,three_sweeps_and_continuous_static_landing,0,True
1,baseline,0.35,45,78,288,0.0166666666666667,-0.2999998768545422,0.0166666638106108,0.0,"[0.0,0.0,0.0]","[0.0,0.0,0.0]","[0.0,0.0,0.0]","[0.0187825262546539,0.0,0.0187825262546539]",True,True,"[0.0,1.0,0.0]",[51.30689215669124],[51.30689215669124],0,0,True,three_sweeps_and_continuous_static_landing,0,True
1,baseline,0.35,45,79,289,0.0166666666666667,-0.2999998768545422,0.0166666638106108,0.0,"[0.0,0.0,0.0]","[0.0,0.0,0.0]","[0.0,0.0,0.0]","[0.0187825262546539,0.0,0.0187825262546539]",True,True,"[0.0,1.0,0.0]",[51.30689215669124],[51.30689215669124],0,0,True,three_sweeps_and_continuous_static_landing,0,True
1,baseline,0.35,45,80,290,0.0166666666666667,-0.2999998768545422,0.0166666638106108,0.0,"[0.0,0.0,0.0]","[0.0,0.0,0.0]","[0.0,0.0,0.0]","[0.0187825262546539,0.0,0.0187825262546539]",True,True,"[0.0,1.0,0.0]",[51.30689215669124],[51.30689215669124],0,0,True,three_sweeps_and_continuous_static_landing,0,True
1,baseline,0.35,45,81,291,0.0166666666666667,-0.2999998768545422,0.0166666638106108,0.0,"[0.0,0.0,0.0]","[0.0,0.0,0.0]","[0.0,0.0,0.0]","[0.0187825262546539,0.0,0.0187825262546539]",True,True,"[0.0,1.0,0.0]",[51.30689215669124],[51.30689215669124],0,0,True,three_sweeps_and_continuous_static_landing,0,True
1,baseline,0.35,45,82,292,0.0166666666666667,-0.2999998768545422,0.0166666638106108,0.0,"[0.0,0.0,0.0]","[0.0,0.0,0.0]","[0.0,0.0,0.0]","[0.0187825262546539,0.0,0.0187825262546539]",True,True,"[0.0,1.0,0.0]",[51.30689215669124],[51.30689215669124],0,0,True,three_sweeps_and_continuous_static_landing,0,True
1,baseline,0.35,45,83,293,0.0166666666666667,-0.2999998768545422,0.0166666638106108,0.0,"[0.0,0.0,0.0]","[0.0,0.0,0.0]","[0.0,0.0,0.0]","[0.0187825262546539,0.0,0.0187825262546539]",True,True,"[0.0,1.0,0.0]",[51.30689215669124],[51.30689215669124],0,0,True,three_sweeps_and_continuous_static_landing,0,True
1,baseline,0.35,45,84,294,0.0166666666666667,-0.2999998768545422,0.0166666638106108,0.0,"[0.0,0.0,0.0]","[0.0,0.0,0.0]","[0.0,0.0,0.0]","[0.0187825262546539,0.0,0.0187825262546539]",True,True,"[0.0,1.0,0.0]",[51.30689215669124],[51.30689215669124],0,0,True,three_sweeps_and_continuous_static_landing,0,True
1,baseline,0.35,45,85,295,0.0166666666666667,-0.2999998768545422,0.0166666638106108,0.0,"[0.0,0.0,0.0]","[0.0,0.0,0.0]","[0.0,0.0,0.0]","[0.0187825262546539,0.0,0.0187825262546539]",True,True,"[0.0,1.0,0.0]",[51.30689215669124],[51.30689215669124],0,0,True,three_sweeps_and_continuous_static_landing,0,True
1,baseline,0.35,45,86,296,0.0166666666666667,-0.2999998768545422,0.0166666638106108,0.0,"[0.0,0.0,0.0]","[0.0,0.0,0.0]","[0.0,0.0,0.0]","[0.0187825262546539,0.0,0.0187825262546539]",True,True,"[0.0,1.0,0.0]",[51.30689215669124],[51.30689215669124],0,0,True,three_sweeps_and_continuous_static_landing,0,True
1,baseline,0.35,45,87,297,0.0166666666666667,-0.2999998768545422,0.0166666638106108,0.0,"[0.0,0.0,0.0]","[0.0,0.0,0.0]","[0.0,0.0,0.0]","[0.0187825262546539,0.0,0.0187825262546539]",True,True,"[0.0,1.0,0.0]",[51.30689215669124],[51.30689215669124],0,0,True,three_sweeps_and_continuous_static_landing,0,True
1,baseline,0.35,45,88,298,0.0166666666666667,-0.2999998768545422,0.0166666638106108,0.0,"[0.0,0.0,0.0]","[0.0,0.0,0.0]","[0.0,0.0,0.0]","[0.0187825262546539,0.0,0.0187825262546539]",True,True,"[0.0,1.0,0.0]",[51.30689215669124],[51.30689215669124],0,0,True,three_sweeps_and_continuous_static_landing,0,True
1,baseline,0.35,45,89,299,0.0166666666666667,-0.2999998768545422,0.0166666638106108,0.0,"[0.0,0.0,0.0]","[0.0,0.0,0.0]","[0.0,0.0,0.0]","[0.0187825262546539,0.0,0.0187825262546539]",True,True,"[0.0,1.0,0.0]",[51.30689215669124],[51.30689215669124],0,0,True,three_sweeps_and_continuous_static_landing,0,True
1,baseline,0.35,45,90,300,0.0166666666666667,-0.2999998768545422,0.0166666638106108,0.0,"[0.0,0.0,0.0]","[0.0,0.0,0.0]","[0.0,0.0,0.0]","[0.0187825262546539,0.0,0.0187825262546539]",True,True,"[0.0,1.0,0.0]",[51.30689215669124],[51.30689215669124],0,0,True,three_sweeps_and_continuous_static_landing,0,True
1,baseline,0.35,45,91,301,0.0166666666666667,-0.2999998768545422,0.0166666638106108,0.0,"[0.0,0.0,0.0]","[0.0,0.0,0.0]","[0.0,0.0,0.0]","[0.0187825262546539,0.0,0.0187825262546539]",True,True,"[0.0,1.0,0.0]",[51.30689215669124],[51.30689215669124],0,0,True,three_sweeps_and_continuous_static_landing,0,True
1,baseline,0.35,45,92,302,0.0166666666666667,-0.2999998768545422,0.0166666638106108,0.0,"[0.0,0.0,0.0]","[0.0,0.0,0.0]","[0.0,0.0,0.0]","[0.0187825262546539,0.0,0.0187825262546539]",True,True,"[0.0,1.0,0.0]",[51.30689215669124],[51.30689215669124],0,0,True,three_sweeps_and_continuous_static_landing,0,True
1,baseline,0.35,45,93,303,0.0166666666666667,-0.2999998768545422,0.0166666638106108,0.0,"[0.0,0.0,0.0]","[0.0,0.0,0.0]","[0.0,0.0,0.0]","[0.0187825262546539,0.0,0.0187825262546539]",True,True,"[0.0,1.0,0.0]",[51.30689215669124],[51.30689215669124],0,0,True,three_sweeps_and_continuous_static_landing,0,True
1,baseline,0.35,45,94,304,0.0166666666666667,-0.2999998768545422,0.0166666638106108,0.0,"[0.0,0.0,0.0]","[0.0,0.0,0.0]","[0.0,0.0,0.0]","[0.0187825262546539,0.0,0.0187825262546539]",True,True,"[0.0,1.0,0.0]",[51.30689215669124],[51.30689215669124],0,0,True,three_sweeps_and_continuous_static_landing,0,True
1,baseline,0.35,45,95,305,0.0166666666666667,-0.2999998768545422,0.0166666638106108,0.0,"[0.0,0.0,0.0]","[0.0,0.0,0.0]","[0.0,0.0,0.0]","[0.0187825262546539,0.0,0.0187825262546539]",True,True,"[0.0,1.0,0.0]",[51.30689215669124],[51.30689215669124],0,0,True,three_sweeps_and_continuous_static_landing,0,True
1,baseline,0.35,45,96,306,0.0166666666666667,-0.2999998768545422,0.0166666638106108,0.0,"[0.0,0.0,0.0]","[0.0,0.0,0.0]","[0.0,0.0,0.0]","[0.0187825262546539,0.0,0.0187825262546539]",True,True,"[0.0,1.0,0.0]",[51.30689215669124],[51.30689215669124],0,0,True,three_sweeps_and_continuous_static_landing,0,True
1,baseline,0.35,45,97,307,0.0166666666666667,-0.2999998768545422,0.0166666638106108,0.0,"[0.0,0.0,0.0]","[0.0,0.0,0.0]","[0.0,0.0,0.0]","[0.0187825262546539,0.0,0.0187825262546539]",True,True,"[0.0,1.0,0.0]",[51.30689215669124],[51.30689215669124],0,0,True,three_sweeps_and_continuous_static_landing,0,True
1,baseline,0.35,45,98,308,0.0166666666666667,-0.2999998768545422,0.0166666638106108,0.0,"[0.0,0.0,0.0]","[0.0,0.0,0.0]","[0.0,0.0,0.0]","[0.0187825262546539,0.0,0.0187825262546539]",True,True,"[0.0,1.0,0.0]",[51.30689215669124],[51.30689215669124],0,0,True,three_sweeps_and_continuous_static_landing,0,True
1,baseline,0.35,45,99,309,0.0166666666666667,-0.2999998768545422,0.0166666638106108,0.0,"[0.0,0.0,0.0]","[0.0,0.0,0.0]","[0.0,0.0,0.0]","[0.0187825262546539,0.0,0.0187825262546539]",True,True,"[0.0,1.0,0.0]",[51.30689215669124],[51.30689215669124],0,0,True,three_sweeps_and_continuous_static_landing,0,True
1,baseline,0.35,45,100,310,0.0166666666666667,-0.2999998768545422,0.0166666638106108,0.0,"[0.0,0.0,0.0]","[0.0,0.0,0.0]","[0.0,0.0,0.0]","[0.0187825262546539,0.0,0.0187825262546539]",True,True,"[0.0,1.0,0.0]",[51.30689215669124],[51.30689215669124],0,0,True,three_sweeps_and_continuous_static_landing,0,True
1,baseline,0.35,45,101,311,0.0166666666666667,-0.2999998768545422,0.0166666638106108,0.0,"[0.0,0.0,0.0]","[0.0,0.0,0.0]","[0.0,0.0,0.0]","[0.0187825262546539,0.0,0.0187825262546539]",True,True,"[0.0,1.0,0.0]",[51.30689215669124],[51.30689215669124],0,0,True,three_sweeps_and_continuous_static_landing,0,True
1,baseline,0.35,45,102,312,0.0166666666666667,-0.2999998768545422,0.0166666638106108,0.0,"[0.0,0.0,0.0]","[0.0,0.0,0.0]","[0.0,0.0,0.0]","[0.0187825262546539,0.0,0.0187825262546539]",True,True,"[0.0,1.0,0.0]",[51.30689215669124],[51.30689215669124],0,0,True,three_sweeps_and_continuous_static_landing,0,True
1,baseline,0.35,45,103,313,0.0166666666666667,-0.2999998768545422,0.0166666638106108,0.0,"[0.0,0.0,0.0]","[0.0,0.0,0.0]","[0.0,0.0,0.0]","[0.0187825262546539,0.0,0.0187825262546539]",True,True,"[0.0,1.0,0.0]",[51.30689215669124],[51.30689215669124],0,0,True,three_sweeps_and_continuous_static_landing,0,True
1,baseline,0.35,45,104,314,0.0166666666666667,-0.2999998768545422,0.0166666638106108,0.0,"[0.0,0.0,0.0]","[0.0,0.0,0.0]","[0.0,0.0,0.0]","[0.0187825262546539,0.0,0.0187825262546539]",True,True,"[0.0,1.0,0.0]",[51.30689215669124],[51.30689215669124],0,0,True,three_sweeps_and_continuous_static_landing,0,True
1,baseline,0.35,45,105,315,0.0166666666666667,-0.2999998768545422,0.0166666638106108,0.0,"[0.0,0.0,0.0]","[0.0,0.0,0.0]","[0.0,0.0,0.0]","[0.0187825262546539,0.0,0.0187825262546539]",True,True,"[0.0,1.0,0.0]",[51.30689215669124],[51.30689215669124],0,0,True,three_sweeps_and_continuous_static_landing,0,True
1,baseline,0.35,45,106,316,0.0166666666666667,-0.2999998768545422,0.0166666638106108,0.0,"[0.0,0.0,0.0]","[0.0,0.0,0.0]","[0.0,0.0,0.0]","[0.0187825262546539,0.0,0.0187825262546539]",True,True,"[0.0,1.0,0.0]",[51.30689215669124],[51.30689215669124],0,0,True,three_sweeps_and_continuous_static_landing,0,True
1,baseline,0.35,45,107,317,0.0166666666666667,-0.2999998768545422,0.0166666638106108,0.0,"[0.0,0.0,0.0]","[0.0,0.0,0.0]","[0.0,0.0,0.0]","[0.0187825262546539,0.0,0.0187825262546539]",True,True,"[0.0,1.0,0.0]",[51.30689215669124],[51.30689215669124],0,0,True,three_sweeps_and_continuous_static_landing,0,True
1,baseline,0.35,45,108,318,0.0166666666666667,-0.2999998768545422,0.0166666638106108,0.0,"[0.0,0.0,0.0]","[0.0,0.0,0.0]","[0.0,0.0,0.0]","[0.0187825262546539,0.0,0.0187825262546539]",True,True,"[0.0,1.0,0.0]",[51.30689215669124],[51.30689215669124],0,0,True,three_sweeps_and_continuous_static_landing,0,True
1,baseline,0.35,45,109,319,0.0166666666666667,-0.2999998768545422,0.0166666638106108,0.0,"[0.0,0.0,0.0]","[0.0,0.0,0.0]","[0.0,0.0,0.0]","[0.0187825262546539,0.0,0.0187825262546539]",True,True,"[0.0,1.0,0.0]",[51.30689215669124],[51.30689215669124],0,0,True,three_sweeps_and_continuous_static_landing,0,True
1,baseline,0.35,45,110,320,0.0166666666666667,-0.2999998768545422,0.0166666638106108,0.0,"[0.0,0.0,0.0]","[0.0,0.0,0.0]","[0.0,0.0,0.0]","[0.0187825262546539,0.0,0.0187825262546539]",True,True,"[0.0,1.0,0.0]",[51.30689215669124],[51.30689215669124],0,0,True,three_sweeps_and_continuous_static_landing,0,True
1,baseline,0.35,45,111,321,0.0166666666666667,-0.2999998768545422,0.0166666638106108,0.0,"[0.0,0.0,0.0]","[0.0,0.0,0.0]","[0.0,0.0,0.0]","[0.0187825262546539,0.0,0.0187825262546539]",True,True,"[0.0,1.0,0.0]",[51.30689215669124],[51.30689215669124],0,0,True,three_sweeps_and_continuous_static_landing,0,True
1,baseline,0.35,45,112,322,0.0166666666666667,-0.2999998768545422,0.0166666638106108,0.0,"[0.0,0.0,0.0]","[0.0,0.0,0.0]","[0.0,0.0,0.0]","[0.0187825262546539,0.0,0.0187825262546539]",True,True,"[0.0,1.0,0.0]",[51.30689215669124],[51.30689215669124],0,0,True,three_sweeps_and_continuous_static_landing,0,True
1,baseline,0.35,45,113,323,0.0166666666666667,-0.2999998768545422,0.0166666638106108,0.0,"[0.0,0.0,0.0]","[0.0,0.0,0.0]","[0.0,0.0,0.0]","[0.0187825262546539,0.0,0.0187825262546539]",True,True,"[0.0,1.0,0.0]",[51.30689215669124],[51.30689215669124],0,0,True,three_sweeps_and_continuous_static_landing,0,True
1,baseline,0.35,45,114,324,0.0166666666666667,-0.2999998768545422,0.0166666638106108,0.0,"[0.0,0.0,0.0]","[0.0,0.0,0.0]","[0.0,0.0,0.0]","[0.0187825262546539,0.0,0.0187825262546539]",True,True,"[0.0,1.0,0.0]",[51.30689215669124],[51.30689215669124],0,0,True,three_sweeps_and_continuous_static_landing,0,True
1,baseline,0.35,45,115,325,0.0166666666666667,-0.2999998768545422,0.0166666638106108,0.0,"[0.0,0.0,0.0]","[0.0,0.0,0.0]","[0.0,0.0,0.0]","[0.0187825262546539,0.0,0.0187825262546539]",True,True,"[0.0,1.0,0.0]",[51.30689215669124],[51.30689215669124],0,0,True,three_sweeps_and_continuous_static_landing,0,True
1,baseline,0.35,45,116,326,0.0166666666666667,-0.2999998768545422,0.0166666638106108,0.0,"[0.0,0.0,0.0]","[0.0,0.0,0.0]","[0.0,0.0,0.0]","[0.0187825262546539,0.0,0.0187825262546539]",True,True,"[0.0,1.0,0.0]",[51.30689215669124],[51.30689215669124],0,0,True,three_sweeps_and_continuous_static_landing,0,True
1,baseline,0.35,45,117,327,0.0166666666666667,-0.2999998768545422,0.0166666638106108,0.0,"[0.0,0.0,0.0]","[0.0,0.0,0.0]","[0.0,0.0,0.0]","[0.0187825262546539,0.0,0.0187825262546539]",True,True,"[0.0,1.0,0.0]",[51.30689215669124],[51.30689215669124],0,0,True,three_sweeps_and_continuous_static_landing,0,True
1,baseline,0.35,45,118,328,0.0166666666666667,-0.2999998768545422,0.0166666638106108,0.0,"[0.0,0.0,0.0]","[0.0,0.0,0.0]","[0.0,0.0,0.0]","[0.0187825262546539,0.0,0.0187825262546539]",True,True,"[0.0,1.0,0.0]",[51.30689215669124],[51.30689215669124],0,0,True,three_sweeps_and_continuous_static_landing,0,True
1,baseline,0.35,45,119,329,0.0166666666666667,-0.2999998768545422,0.0166666638106108,0.0,"[0.0,0.0,0.0]","[0.0,0.0,0.0]","[0.0,0.0,0.0]","[0.0187825262546539,0.0,0.0187825262546539]",True,True,"[0.0,1.0,0.0]",[51.30689215669124],[51.30689215669124],0,0,True,three_sweeps_and_continuous_static_landing,0,True
1,baseline,0.35,45,120,330,0.0166666666666667,-0.2999998768545422,0.0166666638106108,0.0,"[0.0,0.0,0.0]","[0.0,0.0,0.0]","[0.0,0.0,0.0]","[0.0187825262546539,0.0,0.0187825262546539]",True,True,"[0.0,1.0,0.0]",[51.30689215669124],[51.30689215669124],0,0,True,three_sweeps_and_continuous_static_landing,0,True
1,baseline,0.35,45,121,331,0.0166666666666667,-0.2999998768545422,0.0166666638106108,0.0,"[0.0,0.0,0.0]","[0.0,0.0,0.0]","[0.0,0.0,0.0]","[0.0187825262546539,0.0,0.0187825262546539]",True,True,"[0.0,1.0,0.0]",[51.30689215669124],[51.30689215669124],0,0,True,three_sweeps_and_continuous_static_landing,0,True
1,baseline,0.35,45,122,332,0.0166666666666667,-0.2999998768545422,0.0166666638106108,0.0,"[0.0,0.0,0.0]","[0.0,0.0,0.0]","[0.0,0.0,0.0]","[0.0187825262546539,0.0,0.0187825262546539]",True,True,"[0.0,1.0,0.0]",[51.30689215669124],[51.30689215669124],0,0,True,three_sweeps_and_continuous_static_landing,0,True
1,baseline,0.35,45,123,333,0.0166666666666667,-0.2999998768545422,0.0166666638106108,0.0,"[0.0,0.0,0.0]","[0.0,0.0,0.0]","[0.0,0.0,0.0]","[0.0187825262546539,0.0,0.0187825262546539]",True,True,"[0.0,1.0,0.0]",[51.30689215669124],[51.30689215669124],0,0,True,three_sweeps_and_continuous_static_landing,0,True
1,baseline,0.35,45,124,334,0.0166666666666667,-0.2999998768545422,0.0166666638106108,0.0,"[0.0,0.0,0.0]","[0.0,0.0,0.0]","[0.0,0.0,0.0]","[0.0187825262546539,0.0,0.0187825262546539]",True,True,"[0.0,1.0,0.0]",[51.30689215669124],[51.30689215669124],0,0,True,three_sweeps_and_continuous_static_landing,0,True
1,baseline,0.35,45,125,335,0.0166666666666667,-0.2999998768545422,0.0166666638106108,0.0,"[0.0,0.0,0.0]","[0.0,0.0,0.0]","[0.0,0.0,0.0]","[0.0187825262546539,0.0,0.0187825262546539]",True,True,"[0.0,1.0,0.0]",[51.30689215669124],[51.30689215669124],0,0,True,three_sweeps_and_continuous_static_landing,0,True
1,baseline,0.35,45,126,336,0.0166666666666667,-0.2999998768545422,0.0166666638106108,0.0,"[0.0,0.0,0.0]","[0.0,0.0,0.0]","[0.0,0.0,0.0]","[0.0187825262546539,0.0,0.0187825262546539]",True,True,"[0.0,1.0,0.0]",[51.30689215669124],[51.30689215669124],0,0,True,three_sweeps_and_continuous_static_landing,0,True
1,candidate,0.35,45,0,357,0.0166666666666667,-0.8999999255915682,0.0166666638106108,0.0,"[4.24264049530029,0.0,4.24264049530029]","[0.0707107186317444,0.0,0.0707107186317444]","[4.24264287948608,0.0,4.24264287948608]","[0.070710688829422,0.0,0.070710688829422]",True,False,"[0.0,1.0,0.0]",[],[],0,0,False,no_bounded_riser,0,True
1,candidate,0.35,45,1,358,0.0166666666666667,-0.7999999525911037,0.0166666638106108,0.0,"[4.24264049530029,0.0,4.24264049530029]","[0.0707106590270996,0.0,0.0707106590270996]","[4.24263954162598,0.0,4.24263954162598]","[0.070710688829422,0.0,0.070710688829422]",True,False,"[0.0,1.0,0.0]",[],[],0,0,False,no_bounded_riser,0,True
1,candidate,0.35,45,2,359,0.0166666666666667,-0.6999999374437915,0.0166666638106108,0.0,"[4.24264049530029,0.0,4.24264049530029]","[0.070710688829422,0.0,0.070710688829422]","[4.24264097213745,0.0,4.24264097213745]","[0.070710688829422,0.0,0.070710688829422]",True,False,"[0.0,1.0,0.0]",[],[],0,0,False,no_bounded_riser,0,True
1,candidate,0.35,45,3,360,0.0166666666666667,-0.5999999222964791,0.0166666638106108,0.0,"[4.24264049530029,0.0,4.24264049530029]","[0.070710688829422,0.0,0.070710688829422]","[4.24264097213745,0.0,4.24264097213745]","[0.070710688829422,0.0,0.070710688829422]",True,False,"[0.0,1.0,0.0]",[],[],0,0,False,no_bounded_riser,0,True
1,candidate,0.35,45,4,361,0.0166666666666667,-0.49999990714916687,0.0166666638106108,0.0,"[4.24264049530029,0.0,4.24264049530029]","[0.070710688829422,0.0,0.070710688829422]","[4.24264097213745,0.0,4.24264097213745]","[0.070710688829422,0.0,0.070710688829422]",True,False,"[0.0,1.0,0.0]",[],[],0,0,False,no_bounded_riser,0,True
1,candidate,0.35,45,5,362,0.0166666666666667,-0.39999989200185454,0.0166666638106108,0.0,"[4.24264049530029,0.0,4.24264049530029]","[0.070710688829422,0.0,0.070710688829422]","[4.24264097213745,0.0,4.24264097213745]","[0.070710688829422,0.0,0.070710688829422]",True,False,"[0.0,1.0,0.0]",[],[],0,0,False,no_bounded_riser,0,True
1,candidate,0.35,45,6,363,0.0166666666666667,-0.2999998768545422,0.0166666638106108,0.0,"[4.24264049530029,0.0,4.24264049530029]","[0.070710688829422,0.0,0.070710688829422]","[4.24264097213745,0.0,4.24264097213745]","[0.070710688829422,0.0,0.070710688829422]",True,False,"[0.0,1.0,0.0]",[],[],0,0,False,no_bounded_riser,0,True
1,candidate,0.35,45,7,364,0.0166666666666667,-0.19999986170722994,0.0877559557557106,0.0710892900824547,"[4.24264049530029,0.0,4.24264049530029]","[0.070710688829422,-0.0843750014901161,0.070710688829422]","[4.24264097213745,-5.0625,4.24264097213745]","[0.070710688829422,0.0,0.070710688829422]",True,False,"[-0.40467157959938,0.82004988193512,-0.40467157959938]",[],[51.30689215669124],0,0,True,three_sweeps_and_continuous_static_landing,1,False
1,candidate,0.35,45,8,365,0.0166666666666667,-0.13190977347654684,0.14460888504982,0.0568529292941093,"[4.24264049530029,0.0,4.24264049530029]","[0.0481468439102173,0.0568529292941093,0.0481470823287964]","[2.88881039619446,3.41117548942566,2.8888247013092]","[0.0214102938771248,0.0344928205013275,0.0214103236794472]",True,False,"[-0.25278103351593,0.933918356895447,-0.25278103351593]","[30.647545359505788,27.564595861445923,20.945905238816067]",[30.647545359505788],3,3,False,ordinary_walkable_contact,0,True
1,candidate,0.35,45,9,366,0.0166666666666667,-0.034808842474946436,0.160827845335007,0.0162189602851868,"[4.24264049530029,0.0,4.24264049530029]","[0.068660594522953,0.0162189602851868,0.0686608552932739]","[4.11963558197021,0.973137557506561,4.11965131759644]","[0.0189421400427818,0.0162189602851868,0.018942404538393]",True,False,"[-0.0678988844156265,0.995379149913788,-0.0678988844156265]","[10.071401344769088,5.510182025264509]",[10.071401344769088],2,2,False,ordinary_walkable_contact,0,True
1,candidate,0.35,45,10,367,0.0166666666666667,0.06519116213565374,0.167940884828568,0.00711303949356079,"[4.24264049530029,0.0,4.24264049530029]","[0.0707106813788414,0.00711303949356079,0.0707106813788414]","[4.24264049530029,0.426782339811325,4.24264049530029]","[0.000383950769901276,0.00711303949356079,0.000383950769901276]",True,False,"[0.0,1.0,0.0]","[0.0,0.0]",[],2,2,False,no_bounded_riser,0,True
1,candidate,0.35,45,11,368,0.0166666666666667,0.16519117991714394,0.167940884828568,0.0,"[4.24264049530029,0.0,4.24264049530029]","[0.070710688829422,0.0,0.070710688829422]","[4.24264097213745,0.0,4.24264097213745]","[0.070710688829422,0.0,0.070710688829422]",True,False,"[0.0,1.0,0.0]",[0.0],[],1,1,False,no_bounded_riser,0,True
1,candidate,0.35,45,12,369,0.0166666666666667,0.2651911950644562,0.167940884828568,0.0,"[4.24264049530029,0.0,4.24264049530029]","[0.070710688829422,0.0,0.070710688829422]","[4.24264097213745,0.0,4.24264097213745]","[0.070710688829422,0.0,0.070710688829422]",True,False,"[0.0,1.0,0.0]",[0.0],[],1,1,False,no_bounded_riser,0,True
1,candidate,0.35,45,13,370,0.0166666666666667,0.3651912102117686,0.167940884828568,0.0,"[4.24264049530029,0.0,4.24264049530029]","[0.070710688829422,0.0,0.070710688829422]","[4.24264097213745,0.0,4.24264097213745]","[0.070710688829422,0.0,0.070710688829422]",True,False,"[0.0,1.0,0.0]",[0.0],[],1,1,False,no_bounded_riser,0,True
1,candidate,0.35,45,14,371,0.0166666666666667,0.46519122535908086,0.167940884828568,0.0,"[4.24264049530029,0.0,4.24264049530029]","[0.070710688829422,0.0,0.070710688829422]","[4.24264097213745,0.0,4.24264097213745]","[0.070710688829422,0.0,0.070710688829422]",True,False,"[0.0,1.0,0.0]",[0.0],[],1,1,False,no_bounded_riser,0,True
1,candidate,0.35,45,15,372,0.0166666666666667,0.5651912405063931,0.167940884828568,0.0,"[4.24264049530029,0.0,4.24264049530029]","[0.070710688829422,0.0,0.070710688829422]","[4.24264097213745,0.0,4.24264097213745]","[0.070710688829422,0.0,0.070710688829422]",True,False,"[0.0,1.0,0.0]",[0.0],[],1,1,False,no_bounded_riser,0,True
1,candidate,0.35,45,16,373,0.0166666666666667,0.6651912556537054,0.167940884828568,0.0,"[4.24264049530029,0.0,4.24264049530029]","[0.070710688829422,0.0,0.070710688829422]","[4.24264097213745,0.0,4.24264097213745]","[0.070710688829422,0.0,0.070710688829422]",True,False,"[0.0,1.0,0.0]",[0.0],[],1,1,False,no_bounded_riser,0,True
1,candidate,0.35,45,17,374,0.0166666666666667,0.7651912497275937,0.167940884828568,0.0,"[4.24264049530029,0.0,4.24264049530029]","[0.0707106590270996,0.0,0.070710688829422]","[4.24263954162598,0.0,4.24264097213745]","[0.070710688829422,0.0,0.070710688829422]",True,False,"[0.0,1.0,0.0]",[0.0],[],1,1,False,no_bounded_riser,0,True
1,candidate,0.35,45,18,375,0.0166666666666667,0.8651912648749054,0.167940884828568,0.0,"[4.24264049530029,0.0,4.24264049530029]","[0.0707106590270996,0.0,0.0707107186317444]","[4.24263954162598,0.0,4.24264287948608]","[0.070710688829422,0.0,0.070710688829422]",True,False,"[0.0,1.0,0.0]",[0.0],[],1,1,False,no_bounded_riser,0,True
1,candidate,0.35,45,19,376,0.0166666666666667,0.9651912378753696,0.167940884828568,0.0,"[4.24264049530029,0.0,4.24264049530029]","[0.0707106590270996,0.0,0.0707106590270996]","[4.24263954162598,0.0,4.24263954162598]","[0.070710688829422,0.0,0.070710688829422]",True,False,"[0.0,1.0,0.0]",[0.0],[],1,1,False,no_bounded_riser,0,True
1,candidate,0.35,45,20,377,0.0166666666666667,1.0651912108758332,0.167940884828568,0.0,"[4.24264049530029,0.0,4.24264049530029]","[0.0707106590270996,0.0,0.0707106590270996]","[4.24263954162598,0.0,4.24263954162598]","[0.070710688829422,0.0,0.070710688829422]",True,False,"[0.0,1.0,0.0]",[0.0],[],1,1,False,no_bounded_riser,0,True
2,baseline,0.42,-45,0,398,0.0166666666666667,-0.8999999255915682,0.0166666638106108,0.0,"[-4.24264049530029,0.0,4.24264049530029]","[-0.0707107186317444,0.0,0.0707107186317444]","[-4.24264287948608,0.0,4.24264287948608]","[-0.070710688829422,0.0,0.070710688829422]",True,False,"[0.0,1.0,0.0]",[],[],0,0,False,no_bounded_riser,0,True
2,baseline,0.42,-45,1,399,0.0166666666666667,-0.7999999525911037,0.0166666638106108,0.0,"[-4.24264049530029,0.0,4.24264049530029]","[-0.0707106590270996,0.0,0.0707106590270996]","[-4.24263954162598,0.0,4.24263954162598]","[-0.070710688829422,0.0,0.070710688829422]",True,False,"[0.0,1.0,0.0]",[],[],0,0,False,no_bounded_riser,0,True
2,baseline,0.42,-45,2,400,0.0166666666666667,-0.6999999374437915,0.0166666638106108,0.0,"[-4.24264049530029,0.0,4.24264049530029]","[-0.070710688829422,0.0,0.070710688829422]","[-4.24264097213745,0.0,4.24264097213745]","[-0.070710688829422,0.0,0.070710688829422]",True,False,"[0.0,1.0,0.0]",[],[],0,0,False,no_bounded_riser,0,True
2,baseline,0.42,-45,3,401,0.0166666666666667,-0.5999999222964791,0.0166666638106108,0.0,"[-4.24264049530029,0.0,4.24264049530029]","[-0.070710688829422,0.0,0.070710688829422]","[-4.24264097213745,0.0,4.24264097213745]","[-0.070710688829422,0.0,0.070710688829422]",True,False,"[0.0,1.0,0.0]",[],[],0,0,False,no_bounded_riser,0,True
2,baseline,0.42,-45,4,402,0.0166666666666667,-0.49999990714916687,0.0166666638106108,0.0,"[-4.24264049530029,0.0,4.24264049530029]","[-0.070710688829422,0.0,0.070710688829422]","[-4.24264097213745,0.0,4.24264097213745]","[-0.070710688829422,0.0,0.070710688829422]",True,False,"[0.0,1.0,0.0]",[],[],0,0,False,no_bounded_riser,0,True
2,baseline,0.42,-45,5,403,0.0166666666666667,-0.39999989200185454,0.0166666638106108,0.0,"[-4.24264049530029,0.0,4.24264049530029]","[-0.070710688829422,0.0,0.070710688829422]","[-4.24264097213745,0.0,4.24264097213745]","[-0.070710688829422,0.0,0.070710688829422]",True,False,"[0.0,1.0,0.0]",[],[],0,0,False,no_bounded_riser,0,True
2,baseline,0.42,-45,6,404,0.0166666666666667,-0.3125054157901802,0.0293711498379707,0.01270448602736,"[-4.24264049530029,0.0,4.24264049530029]","[-0.0618680119514465,0.01270448602736,0.0618678629398346]","[-3.71208047866821,0.762269139289856,3.71207165718079]","[0.00525190681219101,0.01270448602736,-0.00525204092264175]",True,False,"[0.510615170001984,0.691769003868103,-0.510615170001984]","[46.55273250251933,46.22969550799202]",[46.55273250251933],0,2,True,three_sweeps_and_continuous_static_landing,0,True
2,baseline,0.42,-45,7,405,0.0166666666666667,-0.2609099814129924,0.0822997242212296,0.0529285743832588,"[-4.24264049530029,0.0,4.24264049530029]","[-0.0364836603403091,0.0529285743832588,0.0364833027124405]","[-2.18901944160461,3.17571425437927,2.1889979839325]","[-0.0135973785072565,0.0395244657993317,0.0135970953851938]",True,False,"[0.420834511518478,0.803614675998688,-0.420834511518478]","[43.79571333003482,41.81825684988733,36.52332180559622]",[43.79571333003482],3,3,False,ordinary_walkable_contact,0,True
2,baseline,0.42,-45,8,406,0.0166666666666667,-0.18613302171154025,0.125755026936531,0.0434553027153015,"[-4.24264049530029,0.0,4.24264049530029]","[-0.0528755187988281,0.0434553027153015,0.0528750717639923]","[-3.17253088951111,2.60731792449951,3.17250418663025]","[-0.0109902303665876,0.0273693986237049,0.0109901856631041]",True,False,"[0.300945401191711,0.904910981655121,-0.300945401191711]","[32.340690651195374,28.669616836582627,25.188703546506716]",[32.340690651195374],3,3,False,ordinary_walkable_contact,0,True
2,baseline,0.42,-45,9,407,0.0166666666666667,-0.09187769050489142,0.142333164811134,0.0165781378746033,"[-4.24264049530029,0.0,4.24264049530029]","[-0.0666487962007523,0.0165781378746033,0.0666483715176582]","[-3.9989275932312,0.994688212871552,3.99890208244324]","[-0.032004103064537,0.0165781378746033,0.032003678381443]",True,False,"[0.153788849711418,0.976062595844269,-0.153788849711418]","[19.003633014857705,12.561638965039812]",[19.003633014857705],2,2,False,ordinary_walkable_contact,0,True
2,baseline,0.42,-45,10,408,0.0166666666666667,0.00812231410570875,0.165543973445892,0.023210808634758,"[-4.24264049530029,0.0,4.24264049530029]","[-0.0707106813788414,0.023210808634758,0.0707106813788414]","[-4.24264049530029,1.39264845848083,4.24264049530029]","[-0.00221599638462067,0.023210808634758,0.00221599638462067]",True,False,"[0.0,1.0,0.0]","[0.0,0.0]",[],2,2,False,no_bounded_riser,0,True
2,baseline,0.42,-45,11,409,0.0166666666666667,0.10812232925302105,0.165543973445892,0.0,"[-4.24264049530029,0.0,4.24264049530029]","[-0.070710688829422,0.0,0.070710688829422]","[-4.24264097213745,0.0,4.24264097213745]","[-0.070710688829422,0.0,0.070710688829422]",True,False,"[0.0,1.0,0.0]",[0.0],[],1,1,False,no_bounded_riser,0,True
2,baseline,0.42,-45,12,410,0.0166666666666667,0.20812234966868998,0.165543973445892,0.0,"[-4.24264049530029,0.0,4.24264049530029]","[-0.0707106962800026,0.0,0.070710688829422]","[-4.24264144897461,0.0,4.24264097213745]","[-0.070710688829422,0.0,0.070710688829422]",True,False,"[0.0,1.0,0.0]",[0.0],[],1,1,False,no_bounded_riser,0,True
2,baseline,0.42,-45,13,411,0.0166666666666667,0.3081223648160023,0.165543973445892,0.0,"[-4.24264049530029,0.0,4.24264049530029]","[-0.070710688829422,0.0,0.070710688829422]","[-4.24264097213745,0.0,4.24264097213745]","[-0.070710688829422,0.0,0.070710688829422]",True,False,"[0.0,1.0,0.0]",[0.0],[],1,1,False,no_bounded_riser,0,True
2,baseline,0.42,-45,14,412,0.0166666666666667,0.4081223905000266,0.165543973445892,0.0,"[-4.24264049530029,0.0,4.24264049530029]","[-0.070710688829422,0.0,0.0707107037305832]","[-4.24264097213745,0.0,4.24264192581177]","[-0.070710688829422,0.0,0.070710688829422]",True,False,"[0.0,1.0,0.0]",[0.0],[],1,1,False,no_bounded_riser,0,True
2,baseline,0.42,-45,15,413,0.0166666666666667,0.5081224056473388,0.165543973445892,0.0,"[-4.24264049530029,0.0,4.24264049530029]","[-0.070710688829422,0.0,0.070710688829422]","[-4.24264097213745,0.0,4.24264097213745]","[-0.070710688829422,0.0,0.070710688829422]",True,False,"[0.0,1.0,0.0]",[0.0],[],1,1,False,no_bounded_riser,0,True
2,baseline,0.42,-45,16,414,0.0166666666666667,0.6081224207946512,0.165543973445892,0.0,"[-4.24264049530029,0.0,4.24264049530029]","[-0.070710688829422,0.0,0.070710688829422]","[-4.24264097213745,0.0,4.24264097213745]","[-0.070710688829422,0.0,0.070710688829422]",True,False,"[0.0,1.0,0.0]",[0.0],[],1,1,False,no_bounded_riser,0,True
2,baseline,0.42,-45,17,415,0.0166666666666667,0.7081224359419629,0.165543973445892,0.0,"[-4.24264049530029,0.0,4.24264049530029]","[-0.0707106590270996,0.0,0.0707107186317444]","[-4.24263954162598,0.0,4.24264287948608]","[-0.070710688829422,0.0,0.070710688829422]",True,False,"[0.0,1.0,0.0]",[0.0],[],1,1,False,no_bounded_riser,0,True
2,baseline,0.42,-45,18,416,0.0166666666666667,0.8081224089424272,0.165543973445892,0.0,"[-4.24264049530029,0.0,4.24264049530029]","[-0.0707106590270996,0.0,0.0707106590270996]","[-4.24263954162598,0.0,4.24263954162598]","[-0.070710688829422,0.0,0.070710688829422]",True,False,"[0.0,1.0,0.0]",[0.0],[],1,1,False,no_bounded_riser,0,True
2,baseline,0.42,-45,19,417,0.0166666666666667,0.9081223819428901,0.165543973445892,0.0,"[-4.24264049530029,0.0,4.24264049530029]","[-0.0707106590270996,0.0,0.0707106590270996]","[-4.24263954162598,0.0,4.24263954162598]","[-0.070710688829422,0.0,0.070710688829422]",True,False,"[0.0,1.0,0.0]",[0.0],[],1,1,False,no_bounded_riser,0,True
2,baseline,0.42,-45,20,418,0.0166666666666667,1.0081223549433544,0.165543973445892,0.0,"[-4.24264049530029,0.0,4.24264049530029]","[-0.0707106590270996,0.0,0.0707106590270996]","[-4.24263954162598,0.0,4.24263954162598]","[-0.070710688829422,0.0,0.070710688829422]",True,False,"[0.0,1.0,0.0]",[0.0],[],1,1,False,no_bounded_riser,0,True
