WorkerThreadPool: 32 threads, 9 max low-priority.
Godot Engine v4.5.2.stable.official.6ce3de25a - https://godotengine.org
TextServer: Added interface "Dummy"
TextServer: Added interface "ICU / HarfBuzz / Graphite (Built-in)"
Unrecognized output string "misc2" in mapping:
030000000d0f0000ab01000011010000,Horipad Steam,a:b0,b:b1,back:b10,dpdown:h0.4,dpleft:h0.8,dpright:h0.2,dpup:h0.1,guide:b12,leftshoulder:b6,leftstick:b13,lefttrigger:a5,leftx:a0,lefty:a1,misc2:b2,paddle1:b19,paddle2:b18,paddle3:b15,paddle4:b5,rightshoulder:b7,rightstick:b14,righttrigger:a4,rightx:a2,righty:a3,start:b11,x:b3,y:b4,platform:Linux,
Unrecognized output string "misc2" in mapping:
050000000d0f00009601000091000000,Horipad Steam,a:b0,b:b1,back:b10,dpdown:h0.4,dpleft:h0.8,dpright:h0.2,dpup:h0.1,guide:b12,leftshoulder:b6,leftstick:b13,lefttrigger:a5,leftx:a0,lefty:a1,misc2:b2,paddle1:b19,paddle2:b18,paddle3:b15,paddle4:b5,rightshoulder:b7,rightstick:b14,righttrigger:a4,rightx:a2,righty:a3,start:b11,x:b3,y:b4,platform:Linux,
Unrecognized output string "misc2" in mapping:
030000007e0500006920000011010000,Nintendo Switch 2 Pro Controller,a:b0,b:b1,back:b14,dpdown:b8,dpleft:b10,dpright:b9,dpup:b11,guide:b16,leftshoulder:b12,leftstick:b15,lefttrigger:b13,leftx:a0,lefty:a1~,misc1:b17,misc2:b20,paddle1:b18,paddle2:b19,rightshoulder:b4,rightstick:b7,righttrigger:b5,rightx:a2,righty:a3~,start:b6,x:b2,y:b3,platform:Linux,
SDL: Init OK!
Xshape 1.1 detected.
Xinerama 1.1 detected.
Xrandr 1.6 detected.
Xrender 0.11 detected.
Xinput 2.2 detected.
XInput: Refreshing devices.
XInput: No touch devices found.
Detecting GPUs, set DRI_PRIME in the environment to override GPU detection logic.
Only one GPU found, using default.
XcursorGetTheme could not get cursor theme
Failed loading custom cursor: crossed_circle
DBus 1.16.2 detected.
Using "default" pen tablet driver...
Shader 'CanvasSdfShaderGLES3' SHA256: b992cd00bee14dd47860da613a149a50b716574e6c34c79d6410347ac08c2d3c
Shader 'SkeletonShaderGLES3' SHA256: 2660804b1ac769e02ef429545b4157c096d9228f496a194425b43b96f6f74962
Shader 'ParticlesShaderGLES3' SHA256: 230997cecfa1bd237f4234451b91d9b90e9d172d5ddca5372e41c75d71f9aa5f
Shader 'ParticlesCopyShaderGLES3' SHA256: 15cbb2c3f5d63e7c8a4a1fb32d1bd9cc0be2548489f00f17be72f882350c4f99
Shader 'CopyShaderGLES3' SHA256: 8fb0d982fbd83e7ff0d5d4b0d2388b0f620da8e19d39c3d1c4a49c8aee61b466
Shader 'CubemapFilterShaderGLES3' SHA256: f23c8f019b03e7d1eec15d6686d66de4b1bdbec0e1addb45895a68c1963df15a
Shader 'GlowShaderGLES3' SHA256: eb94d53bdc10df0874b8249b8e16f185752270d4ca0d8a819030e4ac2a588c83
Shader 'PostShaderGLES3' SHA256: f342d5db998a1631ad8de294662bb3a6bef1109eecde314e4423f9e148c78642
Shader 'FeedShaderGLES3' SHA256: dd0680cb9a5bb5e2c8cde2d4dc38e3cb1d880928e10da3c6953abe9f9e918101
Shader 'CanvasShaderGLES3' SHA256: 1d4e3756e0c8eaf061c8f093cb514f2f8a672a59212b4774ff3a9f6545169acb
Shader 'CanvasOcclusionShaderGLES3' SHA256: bdc3fc427ef1c01223b7e2515d3f4df7aad4325ae18bcbdd53b04a677038f5ed
Shader 'SceneShaderGLES3' SHA256: f80bfab89848326598917afac91cf4c41baa4cbcfcd499f4d2d90e6929209895
Shader 'SkyShaderGLES3' SHA256: 37a5a78ad36af5c5f5215f8b81c90543051ccb1a2968c7da57f34d3ef7e34fb9
OpenGL API 4.5 (Core Profile) Mesa 25.2.8-0ubuntu0.25.10.2 - Compatibility - Using Device: Mesa - llvmpipe (LLVM 20.1.8, 256 bits)

TextServer: Primary interface set to: "ICU / HarfBuzz / Graphite (Built-in)".
CORE API HASH: 3758106041
EDITOR API HASH: 1819551975
SceneTreeFTI: traversal method DEFAULT
Loading resource: res://debug/diagnostics.gd
Loading resource: res://input_bindings/service.gd
Loading resource: res://ui/local_settings.gd
Loading resource: res://career/service.gd
Loading resource: res://career/identity.gd
Loaded system CA certificates
Loading resource: res://tests/new_maps/stormglass_causeway/hosted.tscn
Loading resource: res://tests/new_maps/stormglass_causeway/hosted.gd
Loading resource: res://moth/surface.gdshader
Loading resource: res://graphics_atmosphere/horizon.gdshader
Loading resource: res://graphics_atmosphere/distant_ground.gdshader
Loading resource: res://material_language/family.gdshader
Loading resource: res://moth_scenery/panel.gdshader
Loading resource: res://moth_scenery/motes.gdshader
Loading resource: res://multiplayer_worlds/dressing/wear_panel.gdshader
Loading resource: res://multiplayer_worlds/dressing/surface.gdshader
Loading resource: res://ambience/rain_contact.gdshader
Loading resource: res://multiplayer_worlds/art/worlds/stormglass-causeway.glb
Loading resource: res://.godot/imported/stormglass-causeway.glb-266120bb19d461f9fb6ec5be9930d560.scn
Loading resource: res://multiplayer_worlds/art/worlds/stormglass-causeway_MothLocal_asphalt.png
Loading resource: res://.godot/imported/stormglass-causeway_MothLocal_asphalt.png-fd1a576f0ee6cd2036db6555c4ef73bf.ctex
Loading resource: res://multiplayer_worlds/art/worlds/stormglass-causeway_MothLocalNormal_asphalt.png
Loading resource: res://.godot/imported/stormglass-causeway_MothLocalNormal_asphalt.png-46117fbed7d800400692f2cc34c5a2ec.ctex
Loading resource: res://multiplayer_worlds/art/worlds/stormglass-causeway_MothLocal_concrete.png
Loading resource: res://.godot/imported/stormglass-causeway_MothLocal_concrete.png-b7d99ba5159856a74b8b06967728e9bd.ctex
Loading resource: res://multiplayer_worlds/art/worlds/stormglass-causeway_MothLocalNormal_concrete.png
Loading resource: res://.godot/imported/stormglass-causeway_MothLocalNormal_concrete.png-d9538a4a77a297da34366c5eb350fceb.ctex
Loading resource: res://multiplayer_worlds/art/worlds/stormglass-causeway_MothLocal_salt.png
Loading resource: res://.godot/imported/stormglass-causeway_MothLocal_salt.png-6adaf52150ee6ae34de5601e0a8d0fd2.ctex
Loading resource: res://multiplayer_worlds/art/worlds/stormglass-causeway_MothLocalNormal_salt.png
Loading resource: res://.godot/imported/stormglass-causeway_MothLocalNormal_salt.png-8385eddc2d8a3db8c666c9429f3b1db1.ctex
Loading resource: res://multiplayer_worlds/art/worlds/stormglass-causeway_MothLocal_teal.png
Loading resource: res://.godot/imported/stormglass-causeway_MothLocal_teal.png-53f8c0338e2d0461ab6ff12d2a83f7ec.ctex
Loading resource: res://multiplayer_worlds/art/worlds/stormglass-causeway_MothLocal_steel.png
Loading resource: res://.godot/imported/stormglass-causeway_MothLocal_steel.png-39637c8755a3cb0188d88bbec961c113.ctex
Loading resource: res://multiplayer_worlds/art/worlds/stormglass-causeway_MothLocalNormal_steel.png
Loading resource: res://.godot/imported/stormglass-causeway_MothLocalNormal_steel.png-2cb03b366d528ec6eda46377ef26ab38.ctex
Loading resource: res://multiplayer_worlds/art/worlds/stormglass-causeway_MothLocal_brick.png
Loading resource: res://.godot/imported/stormglass-causeway_MothLocal_brick.png-8a0b20466f62c47341f9e3905f9ad21a.ctex
Loading resource: res://multiplayer_worlds/art/worlds/stormglass-causeway_MothLocalNormal_brick.png
Loading resource: res://.godot/imported/stormglass-causeway_MothLocalNormal_brick.png-55c89fe1a88b30a91fdd00926663cb48.ctex
Loading resource: res://multiplayer_worlds/art/worlds/stormglass-causeway.glb
Loading resource: res://.godot/imported/stormglass-causeway.glb-266120bb19d461f9fb6ec5be9930d560.scn
Loading resource: res://audio/music/samples/strings-pad-cello-c3-p.ogg
Loading resource: res://.godot/imported/strings-pad-cello-c3-p.ogg-4d63491ac282d0b099a85776a9d7e232.oggvorbisstr
Loading resource: res://audio/music/samples/strings-pad-viola-f3-p.ogg
Loading resource: res://.godot/imported/strings-pad-viola-f3-p.ogg-60046e32e53d9e57bad9cf89ac751ddb.oggvorbisstr
Loading resource: res://audio/music/samples/strings-pad-violin-a3-p.ogg
Loading resource: res://.godot/imported/strings-pad-violin-a3-p.ogg-b5f997d64dfb98f112681089e3af02c9.oggvorbisstr
Loading resource: res://audio/music/samples/strings-pad-violin-a3-mf.ogg
Loading resource: res://.godot/imported/strings-pad-violin-a3-mf.ogg-2adc8c45d00afa6660aabbdf8c887e2d.oggvorbisstr
Loading resource: res://audio/music/samples/strings-pad-viola-c4-p.ogg
Loading resource: res://.godot/imported/strings-pad-viola-c4-p.ogg-5bb19cc114afc44f318b5ccfc4726485.oggvorbisstr
Loading resource: res://audio/music/samples/strings-pad-violin-e4-mf.ogg
Loading resource: res://.godot/imported/strings-pad-violin-e4-mf.ogg-9997eb7d055a530c10fb156912d04613.oggvorbisstr
Loading resource: res://audio/music/samples/low-strings-stacc-cello-rr1-d2-p.ogg
Loading resource: res://.godot/imported/low-strings-stacc-cello-rr1-d2-p.ogg-14b2cf0539bece8824413e97fc8adcf3.oggvorbisstr
Loading resource: res://audio/music/samples/low-strings-stacc-cello-rr2-d2-mf.ogg
Loading resource: res://.godot/imported/low-strings-stacc-cello-rr2-d2-mf.ogg-7856ca0b1b7a12f3650c466383348916.oggvorbisstr
Loading resource: res://audio/music/samples/low-strings-stacc-viola-rr1-f3-p.ogg
Loading resource: res://.godot/imported/low-strings-stacc-viola-rr1-f3-p.ogg-a7bf5d1dbf493a54e2a98be36069c48d.oggvorbisstr
Loading resource: res://audio/music/samples/low-strings-stacc-violin-rr1-c4-mf.ogg
Loading resource: res://.godot/imported/low-strings-stacc-violin-rr1-c4-mf.ogg-7748c2c673c804eceb3ad390ac124114.oggvorbisstr
Loading resource: res://audio/music/samples/low-brass-tuba-d2-p.ogg
Loading resource: res://.godot/imported/low-brass-tuba-d2-p.ogg-4a5de09d8f7f03a05b97891542761fb0.oggvorbisstr
Loading resource: res://audio/music/samples/low-brass-tuba-f2-mf.ogg
Loading resource: res://.godot/imported/low-brass-tuba-f2-mf.ogg-9b168a6634cca9db53e3cbb9da9fca04.oggvorbisstr
Loading resource: res://audio/music/samples/low-brass-fhorn-c3-p.ogg
Loading resource: res://.godot/imported/low-brass-fhorn-c3-p.ogg-edee0bdb06d9820cd9d9f028c8549674.oggvorbisstr
Loading resource: res://audio/music/samples/low-brass-trombone-f3-mf.ogg
Loading resource: res://.godot/imported/low-brass-trombone-f3-mf.ogg-0c38b94c8962f132c83bd53752073347.oggvorbisstr
Loading resource: res://audio/music/samples/brass-stacc-tuba-rr1-d2-mf.ogg
Loading resource: res://.godot/imported/brass-stacc-tuba-rr1-d2-mf.ogg-5b8053949b284f12689ecb7838c38a71.oggvorbisstr
Loading resource: res://audio/music/samples/brass-stacc-horn-rr1-f2-p.ogg
Loading resource: res://.godot/imported/brass-stacc-horn-rr1-f2-p.ogg-84a54cd8ce52943938d91834e9b947f5.oggvorbisstr
Loading resource: res://audio/music/samples/brass-stacc-horn-rr2-f2-mf.ogg
Loading resource: res://.godot/imported/brass-stacc-horn-rr2-f2-mf.ogg-bcdc96bd869192470b9e39b6ffd2c4b4.oggvorbisstr
Loading resource: res://audio/music/samples/brass-stacc-trumpet-rr1-d4-mf.ogg
Loading resource: res://.godot/imported/brass-stacc-trumpet-rr1-d4-mf.ogg-8b423091695d9007d3ec334a6f60ce43.oggvorbisstr
Loading resource: res://audio/music/samples/trumpet-pad-trumpet-d4-p.ogg
Loading resource: res://.godot/imported/trumpet-pad-trumpet-d4-p.ogg-3f08417f18184fa9b21a02be784a2057.oggvorbisstr
Loading resource: res://audio/music/samples/trumpet-pad-trumpet-a4-mf.ogg
Loading resource: res://.godot/imported/trumpet-pad-trumpet-a4-mf.ogg-e25b40e063af72d3e719a711771d3cfb.oggvorbisstr
Loading resource: res://audio/music/samples/timpani-timp1-fs2-p.ogg
Loading resource: res://.godot/imported/timpani-timp1-fs2-p.ogg-bf9ba5cd28e3c3a10db8a22b2beff368.oggvorbisstr
Loading resource: res://audio/music/samples/timpani-timp4-e3-mf.ogg
Loading resource: res://.godot/imported/timpani-timp4-e3-mf.ogg-65070d5ddaec8dfd130ccf7c882d9747.oggvorbisstr
Loading resource: res://audio/music/samples/timpani-roll-timp1-fs2-p.ogg
Loading resource: res://.godot/imported/timpani-roll-timp1-fs2-p.ogg-ee642b8d64bcd5db1e0901753df8d7b1.oggvorbisstr
Loading resource: res://audio/music/samples/bells-glock-g4-p.ogg
Loading resource: res://.godot/imported/bells-glock-g4-p.ogg-9c11943559e229a0a877f7f1c4abd63d.oggvorbisstr
Loading resource: res://audio/music/samples/bells-glock-c5-mf.ogg
Loading resource: res://.godot/imported/bells-glock-c5-mf.ogg-1b44f9c331929ab7b818f1c9b1936aaa.oggvorbisstr
Loading resource: res://audio/music/samples/tubular-bells-chimes-c3-mf.ogg
Loading resource: res://.godot/imported/tubular-bells-chimes-c3-mf.ogg-bc0b2bc6a61c8e799fbf29386a3d8a9b.oggvorbisstr
Loading resource: res://audio/music/samples/gong-gong-c4-mf.ogg
Loading resource: res://.godot/imported/gong-gong-c4-mf.ogg-78942ea7d07cc59d9fe0951e1243b5f9.oggvorbisstr
Loading resource: res://audio/music/samples/cymbal-swell-swell1-c4-p.ogg
Loading resource: res://.godot/imported/cymbal-swell-swell1-c4-p.ogg-4be23ffdf280fefef50367f9c830e642.oggvorbisstr
Loading resource: res://audio/music/samples/cymbal-crash-crash3-c4-mf.ogg
Loading resource: res://.godot/imported/cymbal-crash-crash3-c4-mf.ogg-ffb4ce03b75a6dba9ad0532190dcb48f.oggvorbisstr
Loading resource: res://audio/music/samples/harp-harp-d2-p.ogg
Loading resource: res://.godot/imported/harp-harp-d2-p.ogg-9620baa26337bcd14248e8ebb518ae30.oggvorbisstr
Loading resource: res://audio/music/samples/harp-harp-d4-p.ogg
Loading resource: res://.godot/imported/harp-harp-d4-p.ogg-d15f87a0d617002906b114cbddc2ed8c.oggvorbisstr
Loading resource: res://audio/music/samples/harp-harp-a4-p.ogg
Loading resource: res://.godot/imported/harp-harp-a4-p.ogg-cc1271d7714a3cb7ba943c4674dcc30e.oggvorbisstr
Loading resource: res://audio/music/samples/taiko-bassdrum-c2-p.ogg
Loading resource: res://.godot/imported/taiko-bassdrum-c2-p.ogg-d4976764a48eadb6b27f413ef6e1c312.oggvorbisstr
Loading resource: res://audio/music/samples/taiko-bassdrum-c2-mf.ogg
Loading resource: res://.godot/imported/taiko-bassdrum-c2-mf.ogg-f444f522f912cc29160e745609754425.oggvorbisstr
Loading resource: res://audio/music/samples/taiko-framel-f2-p.ogg
Loading resource: res://.godot/imported/taiko-framel-f2-p.ogg-acdbfcf4bdf3d0ab6d32ab50ba57922b.oggvorbisstr
Loading resource: res://audio/music/samples/taiko-framel-muted-a2-mf.ogg
Loading resource: res://.godot/imported/taiko-framel-muted-a2-mf.ogg-e2c30644c414f395ec5fc60e1cba5e22.oggvorbisstr
Loading resource: res://audio/music/samples/taiko-frames-d3-mf.ogg
Loading resource: res://.godot/imported/taiko-frames-d3-mf.ogg-6d5d16d4841133dd1066b0d97d214d14.oggvorbisstr
Loading resource: res://audio/announcer/capture-42.wav
Loading resource: res://.godot/imported/capture-42.wav-d26380d738fd1e19e7a934a305a43a1f.sample
Loading resource: res://audio/announcer/capture-137.wav
Loading resource: res://.godot/imported/capture-137.wav-32c14eedb3ad7f415e8ec53687de89aa.sample
Loading resource: res://audio/announcer/capture-526.wav
Loading resource: res://.godot/imported/capture-526.wav-2dbc658456303cbcffa977c3cc3e5fda.sample
Loading resource: res://audio/announcer/flag-pickup-42.wav
Loading resource: res://.godot/imported/flag-pickup-42.wav-2933ef01c326de908c1a73310101bde6.sample
Loading resource: res://audio/announcer/flag-pickup-137.wav
Loading resource: res://.godot/imported/flag-pickup-137.wav-e9c5412e7415f34fd7757aa97a12a496.sample
Loading resource: res://audio/announcer/flag-pickup-526.wav
Loading resource: res://.godot/imported/flag-pickup-526.wav-dd3ddb2912ca9ea94675363dcb554738.sample
Loading resource: res://audio/announcer/flag-return-42.wav
Loading resource: res://.godot/imported/flag-return-42.wav-3f23fb46a3872d1efedc350e13e0943e.sample
Loading resource: res://audio/announcer/flag-return-137.wav
Loading resource: res://.godot/imported/flag-return-137.wav-4edd535bd4eec0c4649fe7f920c23715.sample
Loading resource: res://audio/announcer/flag-return-526.wav
Loading resource: res://.godot/imported/flag-return-526.wav-da2bb687cb6ee2be30ff66bd4b27c69a.sample
Loading resource: res://audio/announcer/goal-42.wav
Loading resource: res://.godot/imported/goal-42.wav-2c11d461bb6c6ecee6e97d588e37e664.sample
Loading resource: res://audio/announcer/goal-137.wav
Loading resource: res://.godot/imported/goal-137.wav-cc40793a8585d88d7f292f49e6b640e8.sample
Loading resource: res://audio/announcer/goal-526.wav
Loading resource: res://.godot/imported/goal-526.wav-87b6de77070f7775447cb155e9d564ec.sample
Loading resource: res://audio/announcer/killstreak-42.wav
Loading resource: res://.godot/imported/killstreak-42.wav-d3df926ab3840f31d07d10ad115635d8.sample
Loading resource: res://audio/announcer/killstreak-137.wav
Loading resource: res://.godot/imported/killstreak-137.wav-89ab41950f4bdd7b2298681f8ec31acd.sample
Loading resource: res://audio/announcer/killstreak-526.wav
Loading resource: res://.godot/imported/killstreak-526.wav-c78eb32bcacde06c74c44213b075b200.sample
Loading resource: res://audio/announcer/spree-42.wav
Loading resource: res://.godot/imported/spree-42.wav-b3be388f3ead4b11f1bbdb71f3e904e5.sample
Loading resource: res://audio/announcer/spree-137.wav
Loading resource: res://.godot/imported/spree-137.wav-7f6a1187315ab4dce0ef1e3a16db40da.sample
Loading resource: res://audio/announcer/spree-526.wav
Loading resource: res://.godot/imported/spree-526.wav-a17b64bde01f3d907056739f9f73e952.sample
Loading resource: res://audio/announcer/multikill-42.wav
Loading resource: res://.godot/imported/multikill-42.wav-f499bf766651e4678fe8433c95bcb998.sample
Loading resource: res://audio/announcer/multikill-137.wav
Loading resource: res://.godot/imported/multikill-137.wav-80e09bf324ea0e98fe99fd406a9a8706.sample
Loading resource: res://audio/announcer/multikill-526.wav
Loading resource: res://.godot/imported/multikill-526.wav-1fb616723b85039d47bb4d3740fd09b3.sample
Loading resource: res://audio/announcer/victory-42.wav
Loading resource: res://.godot/imported/victory-42.wav-9caf1886a0ac0865073cb2292d009f14.sample
Loading resource: res://audio/announcer/victory-137.wav
Loading resource: res://.godot/imported/victory-137.wav-dfc3d56d4e719fe55e443553cf091cc2.sample
Loading resource: res://audio/announcer/victory-526.wav
Loading resource: res://.godot/imported/victory-526.wav-8da42eef6ec74d1295743f5b77d2825f.sample
Loading resource: res://audio/announcer/defeat-42.wav
Loading resource: res://.godot/imported/defeat-42.wav-e8d0a88d96e26bd15ea6a241742227d8.sample
Loading resource: res://audio/announcer/defeat-137.wav
Loading resource: res://.godot/imported/defeat-137.wav-2b2f2b1b883b83041e3df62e274b90ab.sample
Loading resource: res://audio/announcer/defeat-526.wav
Loading resource: res://.godot/imported/defeat-526.wav-936c829e8fc38a9eaada0cf86409ae43.sample
Loading resource: res://audio/announcer/score-42.wav
Loading resource: res://.godot/imported/score-42.wav-a208dc69e00b496fd5c76d7f513f655e.sample
Loading resource: res://audio/announcer/score-137.wav
Loading resource: res://.godot/imported/score-137.wav-c520ea342930456f0fdd29f5cdd45add.sample
Loading resource: res://audio/announcer/score-526.wav
Loading resource: res://.godot/imported/score-526.wav-dd58f0407f9ffc1bfa6dfb1ce6670c4f.sample
Loading resource: res://audio/announcer/boss-42.wav
Loading resource: res://.godot/imported/boss-42.wav-82fb85917511263f2e7b5038edd86d74.sample
Loading resource: res://audio/announcer/boss-137.wav
Loading resource: res://.godot/imported/boss-137.wav-b58ac6e9346cc36c210681bb770d7aa6.sample
Loading resource: res://audio/announcer/boss-526.wav
Loading resource: res://.godot/imported/boss-526.wav-d02c10ac643c629384ecf5187546017f.sample
Loading resource: res://audio/announcer/objective-42.wav
Loading resource: res://.godot/imported/objective-42.wav-573e06dc998ca38c6033ee1e2a12d1c7.sample
Loading resource: res://audio/announcer/objective-137.wav
Loading resource: res://.godot/imported/objective-137.wav-84a3e5a56f4edcfa847ab866bd24266f.sample
Loading resource: res://audio/announcer/objective-526.wav
Loading resource: res://.godot/imported/objective-526.wav-dbba0fecc617df6ddf82946cf8d056aa.sample
Loading resource: res://audio/music/orchestral/strings.wav
Loading resource: res://.godot/imported/strings.wav-9abb7bb5680e835fa0122a80ddc32ab9.sample
Loading resource: res://audio/music/orchestral/motion.wav
Loading resource: res://.godot/imported/motion.wav-8dbb3f161b6c3d7f151a10d179f26a6b.sample
Loading resource: res://audio/music/orchestral/brass.wav
Loading resource: res://.godot/imported/brass.wav-74cca4270298c56eebf5769fd529b13e.sample
Loading resource: res://audio/music/orchestral/warden.wav
Loading resource: res://.godot/imported/warden.wav-bc39bbbfbb2068e454a72df449d8762d.sample
Loading resource: res://audio/telegraphs/58-overseer.wav
Loading resource: res://.godot/imported/58-overseer.wav-d799427b66f32759141d053e047dbc59.sample
Loading resource: res://audio/telegraphs/58-mender.wav
Loading resource: res://.godot/imported/58-mender.wav-375df9e71b5c227212a8384f111531a2.sample
Loading resource: res://audio/telegraphs/58-flanker.wav
Loading resource: res://.godot/imported/58-flanker.wav-2b263b427194d8cfb4c8ab5f573ac2bc.sample
Loading resource: res://audio/telegraphs/58-phalanx.wav
Loading resource: res://.godot/imported/58-phalanx.wav-ad6061da2d48122b6ed040f2349f2b19.sample
Loading resource: res://audio/telegraphs/58-sapper.wav
Loading resource: res://.godot/imported/58-sapper.wav-2caca211ee77a6b87b69283f70280082.sample
Loading resource: res://audio/telegraphs/58-artillery.wav
Loading resource: res://.godot/imported/58-artillery.wav-2fd3a3d69f6267c1af0a51b6968ddf11.sample
Loading resource: res://audio/telegraphs/58-boss.wav
Loading resource: res://.godot/imported/58-boss.wav-64ea2a3e67d2b2c192ed823caa96f367.sample
Loading resource: res://audio/telegraphs/58-generic.wav
Loading resource: res://.godot/imported/58-generic.wav-9030d30b73ddaef9eba6881b7b562638.sample
Loading resource: res://audio/moth/bed-ritual.wav
Loading resource: res://.godot/imported/bed-ritual.wav-55e206d52b8004dadf78c65c12666a0b.sample
Loading resource: res://audio/telegraphs/69-overseer.wav
Loading resource: res://.godot/imported/69-overseer.wav-c9be34ddcd03dc7d69b98eb3d713a840.sample
Loading resource: res://audio/telegraphs/69-mender.wav
Loading resource: res://.godot/imported/69-mender.wav-e68767981f2485d9c89638e57070cb72.sample
Loading resource: res://audio/telegraphs/69-flanker.wav
Loading resource: res://.godot/imported/69-flanker.wav-2515d30adb48cad77f4f5cd3ce118182.sample
Loading resource: res://audio/telegraphs/69-phalanx.wav
Loading resource: res://.godot/imported/69-phalanx.wav-533eedf9084306212fbf6462fff0dae7.sample
Loading resource: res://audio/telegraphs/69-sapper.wav
Loading resource: res://.godot/imported/69-sapper.wav-940076427e687df043564bd2a7743fb1.sample
Loading resource: res://audio/telegraphs/69-artillery.wav
Loading resource: res://.godot/imported/69-artillery.wav-863a52a9722b96faf77bbbb4ec619e2e.sample
Loading resource: res://audio/telegraphs/69-boss.wav
Loading resource: res://.godot/imported/69-boss.wav-bd59d11cde02de93744fc0beb498196a.sample
Loading resource: res://audio/telegraphs/69-generic.wav
Loading resource: res://.godot/imported/69-generic.wav-12c98806ee5208a121a1ce0d423ba305.sample
STORMGLASS_STARTED {"hash":"6afb8a36ee954ff9457a5522a7412c809191fb070eb7fe9eda4d379753acce48","role":"host","starts":1}
Loading resource: res://vehicle_assets/generated/puma-lod0.glb
Loading resource: res://.godot/imported/puma-lod0.glb-4be8372ac289059f106098dc6005829f.scn
Loading resource: res://vehicle_assets/generated/puma-lod0_MothLocal_armor.png
Loading resource: res://.godot/imported/puma-lod0_MothLocal_armor.png-8d08c3449febad1b460185f66773be81.ctex
Loading resource: res://vehicle_assets/generated/puma-lod0_MothLocal_edge.png
Loading resource: res://.godot/imported/puma-lod0_MothLocal_edge.png-4891ff14f40eb42c72be7ac44bec773c.ctex
Loading resource: res://vehicle_assets/generated/puma-lod0_MothLocalNormal_edge.png
Loading resource: res://.godot/imported/puma-lod0_MothLocalNormal_edge.png-dea06521f6bd586e5d014ca502dd59da.ctex
Loading resource: res://vehicle_assets/generated/puma-lod0_MothLocal_rubber.png
Loading resource: res://.godot/imported/puma-lod0_MothLocal_rubber.png-3daf88aec531cd3682d63b787ffe69fc.ctex
Loading resource: res://vehicle_assets/generated/puma-lod0_MothLocal_recess.png
Loading resource: res://.godot/imported/puma-lod0_MothLocal_recess.png-021f337e9e589b015f65b86f923cfc45.ctex
Loading resource: res://vehicle_assets/generated/puma-lod0_MothLocal_seat.png
Loading resource: res://.godot/imported/puma-lod0_MothLocal_seat.png-5becf007e183c3c57cefb5fb1e875cce.ctex
Loading resource: res://vehicle_assets/generated/puma-lod0_MothLocal_team_accent.png
Loading resource: res://.godot/imported/puma-lod0_MothLocal_team_accent.png-d0d934d198550426ca249c3cfa593bb5.ctex
Loading resource: res://vehicle_assets/generated/puma-lod0_MothLocal_red.png
Loading resource: res://.godot/imported/puma-lod0_MothLocal_red.png-a1602093c8a8d69b8ad85a7ac51197d6.ctex
Loading resource: res://vehicle_assets/generated/puma-lod1.glb
Loading resource: res://.godot/imported/puma-lod1.glb-e94621cc7ca18f4e2e7a540ab90d3c2f.scn
Loading resource: res://vehicle_assets/generated/puma-lod1_MothLocal_armor.png
Loading resource: res://.godot/imported/puma-lod1_MothLocal_armor.png-a8bbee69d57f07978dc4be6a8ab8e907.ctex
Loading resource: res://vehicle_assets/generated/puma-lod1_MothLocal_edge.png
Loading resource: res://.godot/imported/puma-lod1_MothLocal_edge.png-1380d184a9c47d2f718ed14aee245637.ctex
Loading resource: res://vehicle_assets/generated/puma-lod1_MothLocalNormal_edge.png
Loading resource: res://.godot/imported/puma-lod1_MothLocalNormal_edge.png-3d73be794df0619623c2b2b8cf51add6.ctex
Loading resource: res://vehicle_assets/generated/puma-lod1_MothLocal_rubber.png
Loading resource: res://.godot/imported/puma-lod1_MothLocal_rubber.png-1521c719103458a4ce78a0ec45cf6112.ctex
Loading resource: res://vehicle_assets/generated/puma-lod1_MothLocal_recess.png
Loading resource: res://.godot/imported/puma-lod1_MothLocal_recess.png-1348a8f0a30d95fb6abdb417e12de414.ctex
Loading resource: res://vehicle_assets/generated/puma-lod1_MothLocal_seat.png
Loading resource: res://.godot/imported/puma-lod1_MothLocal_seat.png-23f0a40fc8aa8ca497b1420da0a1e92c.ctex
Loading resource: res://vehicle_assets/generated/puma-lod1_MothLocal_team_accent.png
Loading resource: res://.godot/imported/puma-lod1_MothLocal_team_accent.png-bf06f7e768475d5f302e627bfec54c27.ctex
Loading resource: res://vehicle_assets/generated/puma-lod1_MothLocal_red.png
Loading resource: res://.godot/imported/puma-lod1_MothLocal_red.png-ff558fe6296caeedf5a6146be58afa28.ctex
Loading resource: res://vehicle_assets/generated/puma-lod2.glb
Loading resource: res://.godot/imported/puma-lod2.glb-800eb99c144b28717202dcd5613895e3.scn
Loading resource: res://vehicle_assets/generated/puma-lod2_MothLocal_armor.png
Loading resource: res://.godot/imported/puma-lod2_MothLocal_armor.png-dc190f2ba233966a1f08c2876f9aa1d5.ctex
Loading resource: res://vehicle_assets/generated/puma-lod2_MothLocal_edge.png
Loading resource: res://.godot/imported/puma-lod2_MothLocal_edge.png-b5e1f4a47a3b0d185a69e34f5086f185.ctex
Loading resource: res://vehicle_assets/generated/puma-lod2_MothLocalNormal_edge.png
Loading resource: res://.godot/imported/puma-lod2_MothLocalNormal_edge.png-70995aee16ccbc69d63385be17eb183c.ctex
Loading resource: res://vehicle_assets/generated/puma-lod2_MothLocal_recess.png
Loading resource: res://.godot/imported/puma-lod2_MothLocal_recess.png-4023a8af165883fcc48383771ca9f843.ctex
Loading resource: res://vehicle_assets/generated/puma-lod2_MothLocal_seat.png
Loading resource: res://.godot/imported/puma-lod2_MothLocal_seat.png-8106cf3c5c75656129ed6bafa50b4d27.ctex
Loading resource: res://vehicle_assets/generated/puma-lod2_MothLocal_team_accent.png
Loading resource: res://.godot/imported/puma-lod2_MothLocal_team_accent.png-99a7ec4e09e8cc08c24e9dd17b7c2fb2.ctex
Loading resource: res://vehicle_assets/generated/puma-lod2_MothLocal_rubber.png
Loading resource: res://.godot/imported/puma-lod2_MothLocal_rubber.png-f82faf152dc92bdeac3662fba7b860de.ctex
Loading resource: res://vehicle_assets/generated/puma-lod0.glb
Loading resource: res://.godot/imported/puma-lod0.glb-4be8372ac289059f106098dc6005829f.scn
Loading resource: res://vehicle_assets/generated/puma-lod1.glb
Loading resource: res://.godot/imported/puma-lod1.glb-e94621cc7ca18f4e2e7a540ab90d3c2f.scn
Loading resource: res://vehicle_assets/generated/puma-lod2.glb
Loading resource: res://.godot/imported/puma-lod2.glb-800eb99c144b28717202dcd5613895e3.scn
STORMGLASS_NATIVE_CAPTURE {"camera":"(-63.83899, 4.893356, -130.1334)","engineFrames":171,"error":0,"label":"frame-000000","renderer":"llvmpipe (LLVM 20.1.8, 256 bits)","ticksMs":11813,"vehicle":{"altitude":0.0,"driver":0.0,"flight":false,"gunner":null,"health":300.0,"heat":0.0,"id":0.0,"kind":"puma","maxHealth":300.0,"overheated":false,"passengers":[],"pitchBody":-0.007,"respawnTimer":0.0,"roll":0.045,"turretYaw":0.0,"vx":13.996,"vy":0.0,"vz":0.25,"x":-53.28,"y":0.0,"yaw":1.532,"z":-129.978},"viewport":"(1280.0, 800.0)"}
STORMGLASS_NATIVE_CAPTURE {"camera":"(-62.84924, 4.960768, -130.2558)","engineFrames":172,"error":0,"label":"frame-000001","renderer":"llvmpipe (LLVM 20.1.8, 256 bits)","ticksMs":11958,"vehicle":{"altitude":0.0,"driver":0.0,"flight":false,"gunner":null,"health":300.0,"heat":0.0,"id":0.0,"kind":"puma","maxHealth":300.0,"overheated":false,"passengers":[],"pitchBody":0.021,"respawnTimer":0.0,"roll":0.069,"turretYaw":0.0,"vx":14.734,"vy":0.0,"vz":0.779,"x":-50.893,"y":0.0,"yaw":1.488,"z":-129.892},"viewport":"(1280.0, 800.0)"}
STORMGLASS_NATIVE_CAPTURE {"camera":"(-60.51884, 4.819298, -130.4698)","engineFrames":173,"error":0,"label":"frame-000002","renderer":"llvmpipe (LLVM 20.1.8, 256 bits)","ticksMs":12106,"vehicle":{"altitude":0.0,"driver":0.0,"flight":false,"gunner":null,"health":300.0,"heat":0.0,"id":0.0,"kind":"puma","maxHealth":300.0,"overheated":false,"passengers":[],"pitchBody":-0.021,"respawnTimer":0.0,"roll":0.074,"turretYaw":0.0,"vx":13.734,"vy":0.0,"vz":1.171,"x":-49.005,"y":0.0,"yaw":1.452,"z":-129.758},"viewport":"(1280.0, 800.0)"}
STORMGLASS_NATIVE_CAPTURE {"camera":"(-58.60299, 4.825233, -130.667)","engineFrames":174,"error":0,"label":"frame-000003","renderer":"llvmpipe (LLVM 20.1.8, 256 bits)","ticksMs":12252,"vehicle":{"altitude":0.0,"driver":0.0,"flight":false,"gunner":null,"health":300.0,"heat":0.0,"id":0.0,"kind":"puma","maxHealth":300.0,"overheated":false,"passengers":[],"pitchBody":0.018,"respawnTimer":0.0,"roll":0.069,"turretYaw":0.0,"vx":14.448,"vy":0.0,"vz":1.867,"x":-46.664,"y":0.0,"yaw":1.413,"z":-129.501},"viewport":"(1280.0, 800.0)"}
STORMGLASS_NATIVE_CAPTURE {"camera":"(-56.24083, 4.773867, -130.7666)","engineFrames":175,"error":0,"label":"frame-000004","renderer":"llvmpipe (LLVM 20.1.8, 256 bits)","ticksMs":12416,"vehicle":{"altitude":0.0,"driver":0.0,"flight":false,"gunner":null,"health":300.0,"heat":0.0,"id":0.0,"kind":"puma","maxHealth":300.0,"overheated":false,"passengers":[],"pitchBody":-0.021,"respawnTimer":0.0,"roll":0.054,"turretYaw":0.0,"vx":13.46,"vy":0.0,"vz":2.113,"x":-44.814,"y":0.0,"yaw":1.391,"z":-129.232},"viewport":"(1280.0, 800.0)"}
STORMGLASS_NATIVE_CAPTURE {"camera":"(-54.33691, 4.811323, -130.769)","engineFrames":176,"error":0,"label":"frame-000005","renderer":"llvmpipe (LLVM 20.1.8, 256 bits)","ticksMs":12567,"vehicle":{"altitude":0.0,"driver":0.0,"flight":false,"gunner":null,"health":300.0,"heat":0.0,"id":0.0,"kind":"puma","maxHealth":300.0,"overheated":false,"passengers":[],"pitchBody":0.018,"respawnTimer":0.0,"roll":0.042,"turretYaw":0.0,"vx":14.197,"vy":0.0,"vz":2.65,"x":-42.517,"y":0.0,"yaw":1.368,"z":-128.832},"viewport":"(1280.0, 800.0)"}
STORMGLASS_NATIVE_CAPTURE {"camera":"(-52.01303, 4.77086, -130.6109)","engineFrames":177,"error":0,"label":"frame-000006","renderer":"llvmpipe (LLVM 20.1.8, 256 bits)","ticksMs":12726,"vehicle":{"altitude":0.0,"driver":0.0,"flight":false,"gunner":null,"health":300.0,"heat":0.0,"id":0.0,"kind":"puma","maxHealth":300.0,"overheated":false,"passengers":[],"pitchBody":-0.022,"respawnTimer":0.0,"roll":0.02,"turretYaw":0.0,"vx":13.223,"vy":0.0,"vz":2.702,"x":-40.227,"y":0.0,"yaw":1.361,"z":-128.38},"viewport":"(1280.0, 800.0)"}
STORMGLASS_NATIVE_CAPTURE {"camera":"(-49.70131, 4.755865, -130.2992)","engineFrames":178,"error":0,"label":"frame-000007","renderer":"llvmpipe (LLVM 20.1.8, 256 bits)","ticksMs":12877,"vehicle":{"altitude":0.0,"driver":0.0,"flight":false,"gunner":null,"health":300.0,"heat":0.0,"id":0.0,"kind":"puma","maxHealth":300.0,"overheated":false,"passengers":[],"pitchBody":0.019,"respawnTimer":0.0,"roll":0.006,"turretYaw":0.0,"vx":14.027,"vy":0.0,"vz":2.975,"x":-37.964,"y":0.0,"yaw":1.359,"z":-127.906},"viewport":"(1280.0, 800.0)"}
STORMGLASS_NATIVE_CAPTURE {"camera":"(-47.42514, 4.752938, -129.8944)","engineFrames":179,"error":0,"label":"frame-000008","renderer":"llvmpipe (LLVM 20.1.8, 256 bits)","ticksMs":13032,"vehicle":{"altitude":0.0,"driver":0.0,"flight":false,"gunner":null,"health":300.0,"heat":0.0,"id":0.0,"kind":"puma","maxHealth":300.0,"overheated":false,"passengers":[],"pitchBody":-0.024,"respawnTimer":0.0,"roll":-0.002,"turretYaw":0.0,"vx":12.935,"vy":0.0,"vz":2.749,"x":-35.729,"y":0.0,"yaw":1.363,"z":-127.431},"viewport":"(1280.0, 800.0)"}
STORMGLASS_NATIVE_CAPTURE {"camera":"(-45.1883, 4.754963, -129.4245)","engineFrames":180,"error":0,"label":"frame-000009","renderer":"llvmpipe (LLVM 20.1.8, 256 bits)","ticksMs":13187,"vehicle":{"altitude":0.0,"driver":0.0,"flight":false,"gunner":null,"health":300.0,"heat":0.0,"id":0.0,"kind":"puma","maxHealth":300.0,"overheated":false,"passengers":[],"pitchBody":0.017,"respawnTimer":0.0,"roll":-0.007,"turretYaw":0.0,"vx":13.794,"vy":0.0,"vz":2.895,"x":-33.938,"y":0.0,"yaw":1.367,"z":-127.053},"viewport":"(1280.0, 800.0)"}
STORMGLASS_NATIVE_CAPTURE {"camera":"(-43.38233, 4.808314, -129.0214)","engineFrames":181,"error":0,"label":"frame-000010","renderer":"llvmpipe (LLVM 20.1.8, 256 bits)","ticksMs":13347,"vehicle":{"altitude":0.0,"driver":0.0,"flight":false,"gunner":null,"health":300.0,"heat":0.0,"id":0.0,"kind":"puma","maxHealth":300.0,"overheated":false,"passengers":[],"pitchBody":-0.021,"respawnTimer":0.0,"roll":-0.01,"turretYaw":0.0,"vx":12.935,"vy":0.0,"vz":2.646,"x":-31.704,"y":0.0,"yaw":1.374,"z":-126.59},"viewport":"(1280.0, 800.0)"}
STORMGLASS_NATIVE_CAPTURE {"camera":"(-41.17022, 4.774923, -128.5137)","engineFrames":182,"error":0,"label":"frame-000011","renderer":"llvmpipe (LLVM 20.1.8, 256 bits)","ticksMs":13505,"vehicle":{"altitude":0.0,"driver":0.0,"flight":false,"gunner":null,"health":300.0,"heat":0.0,"id":0.0,"kind":"puma","maxHealth":300.0,"overheated":false,"passengers":[],"pitchBody":0.02,"respawnTimer":0.0,"roll":-0.01,"turretYaw":0.0,"vx":13.821,"vy":0.0,"vz":2.738,"x":-29.481,"y":0.0,"yaw":1.38,"z":-126.143},"viewport":"(1280.0, 800.0)"}
STORMGLASS_NATIVE_CAPTURE {"camera":"(-38.96162, 4.764745, -128.014)","engineFrames":183,"error":0,"label":"frame-000012","renderer":"llvmpipe (LLVM 20.1.8, 256 bits)","ticksMs":13662,"vehicle":{"altitude":0.0,"driver":0.0,"flight":false,"gunner":null,"health":300.0,"heat":0.0,"id":0.0,"kind":"puma","maxHealth":300.0,"overheated":false,"passengers":[],"pitchBody":0.03,"respawnTimer":0.0,"roll":-0.009,"turretYaw":0.0,"vx":14.758,"vy":0.0,"vz":2.836,"x":-27.089,"y":0.0,"yaw":1.385,"z":-125.677},"viewport":"(1280.0, 800.0)"}
STORMGLASS_NATIVE_CAPTURE {"camera":"(-36.58765, 4.74185, -127.4994)","engineFrames":184,"error":0,"label":"frame-000013","renderer":"llvmpipe (LLVM 20.1.8, 256 bits)","ticksMs":13827,"vehicle":{"altitude":0.0,"driver":0.0,"flight":false,"gunner":null,"health":300.0,"heat":0.0,"id":0.0,"kind":"puma","maxHealth":300.0,"overheated":false,"passengers":[],"pitchBody":-0.022,"respawnTimer":0.0,"roll":-0.007,"turretYaw":0.0,"vx":13.753,"vy":0.0,"vz":2.581,"x":-24.708,"y":0.0,"yaw":1.388,"z":-125.226},"viewport":"(1280.0, 800.0)"}
STORMGLASS_NATIVE_CAPTURE {"camera":"(-34.2162, 4.73534, -127.0108)","engineFrames":185,"error":0,"label":"frame-000014","renderer":"llvmpipe (LLVM 20.1.8, 256 bits)","ticksMs":13991,"vehicle":{"altitude":0.0,"driver":0.0,"flight":false,"gunner":null,"health":300.0,"heat":0.0,"id":0.0,"kind":"puma","maxHealth":300.0,"overheated":false,"passengers":[],"pitchBody":0.017,"respawnTimer":0.0,"roll":-0.003,"turretYaw":0.0,"vx":14.515,"vy":0.0,"vz":2.683,"x":-22.36,"y":0.0,"yaw":1.389,"z":-124.79},"viewport":"(1280.0, 800.0)"}
STORMGLASS_NATIVE_CAPTURE {"camera":"(-31.87164, 4.737029, -126.553)","engineFrames":186,"error":0,"label":"frame-000015","renderer":"llvmpipe (LLVM 20.1.8, 256 bits)","ticksMs":14154,"vehicle":{"altitude":0.0,"driver":0.0,"flight":false,"gunner":null,"health":300.0,"heat":0.0,"id":0.0,"kind":"puma","maxHealth":300.0,"overheated":false,"passengers":[],"pitchBody":-0.024,"respawnTimer":0.0,"roll":-0.001,"turretYaw":0.0,"vx":13.541,"vy":0.0,"vz":2.491,"x":-20.017,"y":0.0,"yaw":1.389,"z":-124.358},"viewport":"(1280.0, 800.0)"}
STORMGLASS_NATIVE_CAPTURE {"camera":"(-29.5298, 4.738259, -126.1123)","engineFrames":187,"error":0,"label":"frame-000016","renderer":"llvmpipe (LLVM 20.1.8, 256 bits)","ticksMs":14315,"vehicle":{"altitude":0.0,"driver":0.0,"flight":false,"gunner":null,"health":300.0,"heat":0.0,"id":0.0,"kind":"puma","maxHealth":300.0,"overheated":false,"passengers":[],"pitchBody":0.017,"respawnTimer":0.0,"roll":0.001,"turretYaw":0.0,"vx":14.33,"vy":0.0,"vz":2.637,"x":-17.702,"y":0.0,"yaw":1.388,"z":-123.932},"viewport":"(1280.0, 800.0)"}
STORMGLASS_NATIVE_CAPTURE {"camera":"(-27.2131, 4.74194, -125.688)","engineFrames":188,"error":0,"label":"frame-000017","renderer":"llvmpipe (LLVM 20.1.8, 256 bits)","ticksMs":14472,"vehicle":{"altitude":0.0,"driver":0.0,"flight":false,"gunner":null,"health":300.0,"heat":0.0,"id":0.0,"kind":"puma","maxHealth":300.0,"overheated":false,"passengers":[],"pitchBody":-0.023,"respawnTimer":0.0,"roll":0.001,"turretYaw":0.0,"vx":13.381,"vy":0.0,"vz":2.471,"x":-15.387,"y":0.0,"yaw":1.388,"z":-123.505},"viewport":"(1280.0, 800.0)"}
STORMGLASS_NATIVE_CAPTURE {"camera":"(-24.89745, 4.743213, -125.262)","engineFrames":189,"error":0,"label":"frame-000018","renderer":"llvmpipe (LLVM 20.1.8, 256 bits)","ticksMs":14628,"vehicle":{"altitude":0.0,"driver":0.0,"flight":false,"gunner":null,"health":300.0,"heat":0.0,"id":0.0,"kind":"puma","maxHealth":300.0,"overheated":false,"passengers":[],"pitchBody":0.018,"respawnTimer":0.0,"roll":0.002,"turretYaw":0.0,"vx":14.191,"vy":0.0,"vz":2.634,"x":-13.096,"y":0.0,"yaw":1.387,"z":-123.081},"viewport":"(1280.0, 800.0)"}
STORMGLASS_NATIVE_CAPTURE {"camera":"(-22.60415, 4.746408, -124.844)","engineFrames":190,"error":0,"label":"frame-000019","renderer":"llvmpipe (LLVM 20.1.8, 256 bits)","ticksMs":14777,"vehicle":{"altitude":0.0,"driver":0.0,"flight":false,"gunner":null,"health":300.0,"heat":0.0,"id":0.0,"kind":"puma","maxHealth":300.0,"overheated":false,"passengers":[],"pitchBody":-0.023,"respawnTimer":0.0,"roll":0.001,"turretYaw":0.0,"vx":13.263,"vy":0.0,"vz":2.473,"x":-10.803,"y":0.0,"yaw":1.386,"z":-122.654},"viewport":"(1280.0, 800.0)"}
STORMGLASS_NATIVE_CAPTURE {"camera":"(-20.30928, 4.747246, -124.4254)","engineFrames":191,"error":0,"label":"frame-000020","renderer":"llvmpipe (LLVM 20.1.8, 256 bits)","ticksMs":14917,"vehicle":{"altitude":0.0,"driver":0.0,"flight":false,"gunner":null,"health":300.0,"heat":0.0,"id":0.0,"kind":"puma","maxHealth":300.0,"overheated":false,"passengers":[],"pitchBody":0.019,"respawnTimer":0.0,"roll":0.001,"turretYaw":0.0,"vx":14.091,"vy":0.0,"vz":2.638,"x":-8.53,"y":0.0,"yaw":1.385,"z":-122.229},"viewport":"(1280.0, 800.0)"}
STORMGLASS_NATIVE_CAPTURE {"camera":"(-18.03368, 4.749823, -124.0091)","engineFrames":192,"error":0,"label":"frame-000021","renderer":"llvmpipe (LLVM 20.1.8, 256 bits)","ticksMs":15049,"vehicle":{"altitude":0.0,"driver":0.0,"flight":false,"gunner":null,"health":300.0,"heat":0.0,"id":0.0,"kind":"puma","maxHealth":300.0,"overheated":false,"passengers":[],"pitchBody":-0.02,"respawnTimer":0.0,"roll":0.001,"turretYaw":0.0,"vx":13.199,"vy":0.0,"vz":2.476,"x":-6.72,"y":0.0,"yaw":1.385,"z":-121.89},"viewport":"(1280.0, 800.0)"}
STORMGLASS_NATIVE_CAPTURE {"camera":"(-16.20288, 4.80518, -123.6698)","engineFrames":193,"error":0,"label":"frame-000022","renderer":"llvmpipe (LLVM 20.1.8, 256 bits)","ticksMs":15181,"vehicle":{"altitude":0.0,"driver":0.0,"flight":false,"gunner":null,"health":300.0,"heat":0.0,"id":0.0,"kind":"puma","maxHealth":300.0,"overheated":false,"passengers":[],"pitchBody":0.015,"respawnTimer":0.0,"roll":0.0,"turretYaw":0.0,"vx":13.84,"vy":0.0,"vz":2.6,"x":-4.923,"y":0.0,"yaw":1.385,"z":-121.553},"viewport":"(1280.0, 800.0)"}
STORMGLASS_NATIVE_CAPTURE {"camera":"(-14.39777, 4.826501, -123.3327)","engineFrames":194,"error":0,"label":"frame-000023","renderer":"llvmpipe (LLVM 20.1.8, 256 bits)","ticksMs":15314,"vehicle":{"altitude":0.0,"driver":0.0,"flight":false,"gunner":null,"health":300.0,"heat":0.0,"id":0.0,"kind":"puma","maxHealth":300.0,"overheated":false,"passengers":[],"pitchBody":0.027,"respawnTimer":0.0,"roll":0.0,"turretYaw":0.0,"vx":14.591,"vy":0.0,"vz":2.743,"x":-3.02,"y":0.0,"yaw":1.385,"z":-121.195},"viewport":"(1280.0, 800.0)"}
STORMGLASS_NATIVE_CAPTURE {"camera":"(-12.49649, 4.821403, -122.9759)","engineFrames":195,"error":0,"label":"frame-000024","renderer":"llvmpipe (LLVM 20.1.8, 256 bits)","ticksMs":15449,"vehicle":{"altitude":0.0,"driver":0.0,"flight":false,"gunner":null,"health":300.0,"heat":0.0,"id":0.0,"kind":"puma","maxHealth":300.0,"overheated":false,"passengers":[],"pitchBody":-0.016,"respawnTimer":0.0,"roll":0.0,"turretYaw":0.0,"vx":13.827,"vy":0.0,"vz":2.6,"x":-1.121,"y":0.0,"yaw":1.385,"z":-120.838},"viewport":"(1280.0, 800.0)"}
STORMGLASS_NATIVE_CAPTURE {"camera":"(-10.59794, 4.820067, -122.6192)","engineFrames":196,"error":0,"label":"frame-000025","renderer":"llvmpipe (LLVM 20.1.8, 256 bits)","ticksMs":15583,"vehicle":{"altitude":0.0,"driver":0.0,"flight":false,"gunner":null,"health":300.0,"heat":0.0,"id":0.0,"kind":"puma","maxHealth":300.0,"overheated":false,"passengers":[],"pitchBody":0.018,"respawnTimer":0.0,"roll":0.0,"turretYaw":0.0,"vx":14.57,"vy":0.0,"vz":2.739,"x":1.238,"y":0.0,"yaw":1.385,"z":-120.394},"viewport":"(1280.0, 800.0)"}
STORMGLASS_NATIVE_CAPTURE {"camera":"(-8.258875, 4.765427, -122.1792)","engineFrames":197,"error":0,"label":"frame-000026","renderer":"llvmpipe (LLVM 20.1.8, 256 bits)","ticksMs":15718,"vehicle":{"altitude":0.0,"driver":0.0,"flight":false,"gunner":null,"health":300.0,"heat":0.0,"id":0.0,"kind":"puma","maxHealth":300.0,"overheated":false,"passengers":[],"pitchBody":-0.022,"respawnTimer":0.0,"roll":0.0,"turretYaw":0.0,"vx":13.62,"vy":0.0,"vz":2.559,"x":3.108,"y":0.0,"yaw":1.385,"z":-120.043},"viewport":"(1280.0, 800.0)"}
STORMGLASS_NATIVE_CAPTURE {"camera":"(-6.37501, 4.803579, -121.8253)","engineFrames":198,"error":0,"label":"frame-000027","renderer":"llvmpipe (LLVM 20.1.8, 256 bits)","ticksMs":15850,"vehicle":{"altitude":0.0,"driver":0.0,"flight":false,"gunner":null,"health":300.0,"heat":0.0,"id":0.0,"kind":"puma","maxHealth":300.0,"overheated":false,"passengers":[],"pitchBody":0.016,"respawnTimer":0.0,"roll":0.0,"turretYaw":0.0,"vx":14.4,"vy":0.0,"vz":2.704,"x":4.983,"y":0.0,"yaw":1.385,"z":-119.691},"viewport":"(1280.0, 800.0)"}
STORMGLASS_NATIVE_CAPTURE {"camera":"(-4.495239, 4.816586, -121.4724)","engineFrames":199,"error":0,"label":"frame-000028","renderer":"llvmpipe (LLVM 20.1.8, 256 bits)","ticksMs":15979,"vehicle":{"altitude":0.0,"driver":0.0,"flight":false,"gunner":null,"health":300.0,"heat":0.0,"id":0.0,"kind":"puma","maxHealth":300.0,"overheated":false,"passengers":[],"pitchBody":-0.022,"respawnTimer":0.0,"roll":0.0,"turretYaw":0.0,"vx":13.471,"vy":0.0,"vz":2.528,"x":6.832,"y":0.0,"yaw":1.385,"z":-119.343},"viewport":"(1280.0, 800.0)"}
STORMGLASS_NATIVE_CAPTURE {"camera":"(-2.643334, 4.824318, -121.1241)","engineFrames":200,"error":0,"label":"frame-000029","renderer":"llvmpipe (LLVM 20.1.8, 256 bits)","ticksMs":16120,"vehicle":{"altitude":0.0,"driver":0.0,"flight":false,"gunner":null,"health":300.0,"heat":0.0,"id":0.0,"kind":"puma","maxHealth":300.0,"overheated":false,"passengers":[],"pitchBody":0.013,"respawnTimer":0.0,"roll":0.0,"turretYaw":0.0,"vx":14.079,"vy":0.0,"vz":2.641,"x":8.663,"y":0.0,"yaw":1.385,"z":-119.0},"viewport":"(1280.0, 800.0)"}
STORMGLASS_NATIVE_CAPTURE {"camera":"(-0.810588, 4.829271, -120.7803)","engineFrames":201,"error":0,"label":"frame-000030","renderer":"llvmpipe (LLVM 20.1.8, 256 bits)","ticksMs":16252,"vehicle":{"altitude":0.0,"driver":0.0,"flight":false,"gunner":null,"health":300.0,"heat":0.0,"id":0.0,"kind":"puma","maxHealth":300.0,"overheated":false,"passengers":[],"pitchBody":-0.019,"respawnTimer":0.0,"roll":0.0,"turretYaw":0.0,"vx":13.381,"vy":0.0,"vz":2.509,"x":10.499,"y":0.0,"yaw":1.385,"z":-118.656},"viewport":"(1280.0, 800.0)"}
STORMGLASS_NATIVE_CAPTURE {"camera":"(1.025817, 4.830441, -120.4361)","engineFrames":202,"error":0,"label":"frame-000031","renderer":"llvmpipe (LLVM 20.1.8, 256 bits)","ticksMs":16383,"vehicle":{"altitude":0.0,"driver":0.0,"flight":false,"gunner":null,"health":300.0,"heat":0.0,"id":0.0,"kind":"puma","maxHealth":300.0,"overheated":false,"passengers":[],"pitchBody":0.014,"respawnTimer":0.0,"roll":0.0,"turretYaw":0.0,"vx":14.0,"vy":0.0,"vz":2.624,"x":12.318,"y":0.0,"yaw":1.386,"z":-118.315},"viewport":"(1280.0, 800.0)"}
STORMGLASS_NATIVE_CAPTURE {"camera":"(2.844709, 4.832894, -120.0895)","engineFrames":203,"error":0,"label":"frame-000032","renderer":"llvmpipe (LLVM 20.1.8, 256 bits)","ticksMs":16515,"vehicle":{"altitude":0.0,"driver":0.0,"flight":false,"gunner":null,"health":300.0,"heat":0.0,"id":0.0,"kind":"puma","maxHealth":300.0,"overheated":false,"passengers":[],"pitchBody":-0.018,"respawnTimer":0.0,"roll":0.0,"turretYaw":0.0,"vx":13.311,"vy":0.0,"vz":2.495,"x":14.144,"y":0.0,"yaw":1.386,"z":-117.972},"viewport":"(1280.0, 800.0)"}
STORMGLASS_NATIVE_CAPTURE {"camera":"(4.6704, 4.832916, -119.7448)","engineFrames":204,"error":0,"label":"frame-000033","renderer":"llvmpipe (LLVM 20.1.8, 256 bits)","ticksMs":16647,"vehicle":{"altitude":0.0,"driver":0.0,"flight":false,"gunner":null,"health":300.0,"heat":0.0,"id":0.0,"kind":"puma","maxHealth":300.0,"overheated":false,"passengers":[],"pitchBody":0.017,"respawnTimer":0.0,"roll":0.0,"turretYaw":0.0,"vx":13.945,"vy":0.0,"vz":2.614,"x":16.394,"y":0.0,"yaw":1.386,"z":-117.551},"viewport":"(1280.0, 800.0)"}
STORMGLASS_NATIVE_CAPTURE {"camera":"(6.901746, 4.782713, -119.3262)","engineFrames":205,"error":0,"label":"frame-000034","renderer":"llvmpipe (LLVM 20.1.8, 256 bits)","ticksMs":16777,"vehicle":{"altitude":0.0,"driver":0.0,"flight":false,"gunner":null,"health":300.0,"heat":0.0,"id":0.0,"kind":"puma","maxHealth":300.0,"overheated":false,"passengers":[],"pitchBody":0.028,"respawnTimer":0.0,"roll":0.0,"turretYaw":0.0,"vx":14.684,"vy":0.0,"vz":2.752,"x":18.31,"y":0.0,"yaw":1.386,"z":-117.192},"viewport":"(1280.0, 800.0)"}
STORMGLASS_NATIVE_CAPTURE {"camera":"(8.825598, 4.804278, -118.9655)","engineFrames":206,"error":0,"label":"frame-000035","renderer":"llvmpipe (LLVM 20.1.8, 256 bits)","ticksMs":16909,"vehicle":{"altitude":0.0,"driver":0.0,"flight":false,"gunner":null,"health":300.0,"heat":0.0,"id":0.0,"kind":"puma","maxHealth":300.0,"overheated":false,"passengers":[],"pitchBody":-0.019,"respawnTimer":0.0,"roll":0.0,"turretYaw":0.0,"vx":13.719,"vy":0.0,"vz":2.571,"x":20.194,"y":0.0,"yaw":1.385,"z":-116.839},"viewport":"(1280.0, 800.0)"}
STORMGLASS_NATIVE_CAPTURE {"camera":"(10.71483, 4.815776, -118.6171)","engineFrames":207,"error":0,"label":"frame-000036","renderer":"llvmpipe (LLVM 20.1.8, 256 bits)","ticksMs":17038,"vehicle":{"altitude":0.0,"driver":0.0,"flight":false,"gunner":null,"health":300.0,"heat":0.0,"id":0.0,"kind":"puma","maxHealth":300.0,"overheated":false,"passengers":[],"pitchBody":0.016,"respawnTimer":0.0,"roll":0.0,"turretYaw":0.0,"vx":14.486,"vy":0.0,"vz":2.715,"x":22.082,"y":0.0,"yaw":1.385,"z":-116.485},"viewport":"(1280.0, 800.0)"}
STORMGLASS_NATIVE_CAPTURE {"camera":"(12.60454, 4.819395, -118.2648)","engineFrames":208,"error":0,"label":"frame-000037","renderer":"llvmpipe (LLVM 20.1.8, 256 bits)","ticksMs":17170,"vehicle":{"altitude":0.0,"driver":0.0,"flight":false,"gunner":null,"health":300.0,"heat":0.0,"id":0.0,"kind":"puma","maxHealth":300.0,"overheated":false,"passengers":[],"pitchBody":-0.022,"respawnTimer":0.0,"roll":0.0,"turretYaw":0.0,"vx":13.547,"vy":0.0,"vz":2.54,"x":23.941,"y":0.0,"yaw":1.385,"z":-116.136},"viewport":"(1280.0, 800.0)"}
STORMGLASS_NATIVE_CAPTURE {"camera":"(14.46545, 4.824142, -117.9163)","engineFrames":209,"error":0,"label":"frame-000038","renderer":"llvmpipe (LLVM 20.1.8, 256 bits)","ticksMs":17305,"vehicle":{"altitude":0.0,"driver":0.0,"flight":false,"gunner":null,"health":300.0,"heat":0.0,"id":0.0,"kind":"puma","maxHealth":300.0,"overheated":false,"passengers":[],"pitchBody":0.016,"respawnTimer":0.0,"roll":0.041,"turretYaw":0.0,"vx":14.304,"vy":0.0,"vz":2.841,"x":25.806,"y":0.0,"yaw":1.356,"z":-115.778},"viewport":"(1280.0, 800.0)"}
STORMGLASS_NATIVE_CAPTURE {"camera":"(16.36235, 4.825263, -117.7184)","engineFrames":210,"error":0,"label":"frame-000039","renderer":"llvmpipe (LLVM 20.1.8, 256 bits)","ticksMs":17434,"vehicle":{"altitude":0.0,"driver":0.0,"flight":false,"gunner":null,"health":300.0,"heat":0.0,"id":0.0,"kind":"puma","maxHealth":300.0,"overheated":false,"passengers":[],"pitchBody":-0.022,"respawnTimer":0.0,"roll":0.078,"turretYaw":0.0,"vx":13.294,"vy":0.0,"vz":3.036,"x":27.637,"y":0.0,"yaw":1.31,"z":-115.387},"viewport":"(1280.0, 800.0)"}
STORMGLASS_NATIVE_CAPTURE {"camera":"(18.26612, 4.829762, -117.6457)","engineFrames":211,"error":0,"label":"frame-000040","renderer":"llvmpipe (LLVM 20.1.8, 256 bits)","ticksMs":17562,"vehicle":{"altitude":0.0,"driver":0.0,"flight":false,"gunner":null,"health":300.0,"heat":0.0,"id":0.0,"kind":"puma","maxHealth":300.0,"overheated":false,"passengers":[],"pitchBody":0.012,"respawnTimer":0.0,"roll":0.104,"turretYaw":0.0,"vx":13.725,"vy":0.0,"vz":3.803,"x":29.432,"y":0.0,"yaw":1.254,"z":-114.93},"viewport":"(1280.0, 800.0)"}
STORMGLASS_NATIVE_CAPTURE {"camera":"(20.17926, 4.834861, -117.6253)","engineFrames":212,"error":0,"label":"frame-000041","renderer":"llvmpipe (LLVM 20.1.8, 256 bits)","ticksMs":17693,"vehicle":{"altitude":0.0,"driver":0.0,"flight":false,"gunner":null,"health":300.0,"heat":0.0,"id":0.0,"kind":"puma","maxHealth":300.0,"overheated":false,"passengers":[],"pitchBody":-0.02,"respawnTimer":0.0,"roll":0.11,"turretYaw":0.0,"vx":12.824,"vy":0.0,"vz":4.258,"x":31.205,"y":0.0,"yaw":1.199,"z":-114.385},"viewport":"(1280.0, 800.0)"}
STORMGLASS_NATIVE_CAPTURE {"camera":"(22.10463, 4.836877, -117.5546)","engineFrames":213,"error":0,"label":"frame-000042","renderer":"llvmpipe (LLVM 20.1.8, 256 bits)","ticksMs":17826,"vehicle":{"altitude":0.0,"driver":0.0,"flight":false,"gunner":null,"health":300.0,"heat":0.0,"id":0.0,"kind":"puma","maxHealth":300.0,"overheated":false,"passengers":[],"pitchBody":0.014,"respawnTimer":0.0,"roll":0.103,"turretYaw":0.0,"vx":13.147,"vy":0.0,"vz":5.164,"x":32.929,"y":0.0,"yaw":1.151,"z":-113.753},"viewport":"(1280.0, 800.0)"}
STORMGLASS_NATIVE_CAPTURE {"camera":"(23.99828, 4.839553, -117.3704)","engineFrames":214,"error":0,"label":"frame-000043","renderer":"llvmpipe (LLVM 20.1.8, 256 bits)","ticksMs":17959,"vehicle":{"altitude":0.0,"driver":0.0,"flight":false,"gunner":null,"health":300.0,"heat":0.0,"id":0.0,"kind":"puma","maxHealth":300.0,"overheated":false,"passengers":[],"pitchBody":-0.018,"respawnTimer":0.0,"roll":0.083,"turretYaw":0.0,"vx":12.264,"vy":0.0,"vz":5.442,"x":34.626,"y":0.0,"yaw":1.115,"z":-113.037},"viewport":"(1280.0, 800.0)"}
STORMGLASS_NATIVE_CAPTURE {"camera":"(25.85369, 4.839049, -117.0237)","engineFrames":215,"error":0,"label":"frame-000044","renderer":"llvmpipe (LLVM 20.1.8, 256 bits)","ticksMs":18095,"vehicle":{"altitude":0.0,"driver":0.0,"flight":false,"gunner":null,"health":300.0,"heat":0.0,"id":0.0,"kind":"puma","maxHealth":300.0,"overheated":false,"passengers":[],"pitchBody":0.015,"respawnTimer":0.0,"roll":0.063,"turretYaw":0.0,"vx":12.631,"vy":0.0,"vz":6.169,"x":36.277,"y":0.0,"yaw":1.089,"z":-112.261},"viewport":"(1280.0, 800.0)"}
STORMGLASS_NATIVE_CAPTURE {"camera":"(27.63967, 4.840212, -116.5313)","engineFrames":216,"error":0,"label":"frame-000045","renderer":"llvmpipe (LLVM 20.1.8, 256 bits)","ticksMs":18230,"vehicle":{"altitude":0.0,"driver":0.0,"flight":false,"gunner":null,"health":300.0,"heat":0.0,"id":0.0,"kind":"puma","maxHealth":300.0,"overheated":false,"passengers":[],"pitchBody":-0.022,"respawnTimer":0.0,"roll":0.037,"turretYaw":0.0,"vx":11.659,"vy":0.0,"vz":6.113,"x":38.304,"y":0.0,"yaw":1.071,"z":-111.228},"viewport":"(1280.0, 800.0)"}
STORMGLASS_NATIVE_CAPTURE {"camera":"(29.754, 4.787487, -115.7132)","engineFrames":217,"error":0,"label":"frame-000046","renderer":"llvmpipe (LLVM 20.1.8, 256 bits)","ticksMs":18366,"vehicle":{"altitude":0.0,"driver":0.0,"flight":false,"gunner":null,"health":300.0,"heat":0.0,"id":0.0,"kind":"puma","maxHealth":300.0,"overheated":false,"passengers":[],"pitchBody":0.018,"respawnTimer":0.0,"roll":0.018,"turretYaw":0.0,"vx":12.346,"vy":0.0,"vz":6.688,"x":39.911,"y":0.0,"yaw":1.067,"z":-110.368},"viewport":"(1280.0, 800.0)"}
STORMGLASS_NATIVE_CAPTURE {"camera":"(31.42839, 4.820997, -114.9532)","engineFrames":218,"error":0,"label":"frame-000047","renderer":"llvmpipe (LLVM 20.1.8, 256 bits)","ticksMs":18501,"vehicle":{"altitude":0.0,"driver":0.0,"flight":false,"gunner":null,"health":300.0,"heat":0.0,"id":0.0,"kind":"puma","maxHealth":300.0,"overheated":false,"passengers":[],"pitchBody":0.029,"respawnTimer":0.0,"roll":0.006,"turretYaw":0.0,"vx":12.985,"vy":0.0,"vz":7.124,"x":41.605,"y":0.0,"yaw":1.067,"z":-109.442},"viewport":"(1280.0, 800.0)"}
STORMGLASS_NATIVE_CAPTURE {"camera":"(33.14539, 4.820146, -114.0701)","engineFrames":219,"error":0,"label":"frame-000048","renderer":"llvmpipe (LLVM 20.1.8, 256 bits)","ticksMs":18634,"vehicle":{"altitude":0.0,"driver":0.0,"flight":false,"gunner":null,"health":300.0,"heat":0.0,"id":0.0,"kind":"puma","maxHealth":300.0,"overheated":false,"passengers":[],"pitchBody":-0.015,"respawnTimer":0.0,"roll":-0.006,"turretYaw":0.0,"vx":12.309,"vy":0.0,"vz":6.75,"x":43.296,"y":0.0,"yaw":1.072,"z":-108.514},"viewport":"(1280.0, 800.0)"}
STORMGLASS_NATIVE_CAPTURE {"camera":"(34.832, 4.820014, -113.1342)","engineFrames":220,"error":0,"label":"frame-000049","renderer":"llvmpipe (LLVM 20.1.8, 256 bits)","ticksMs":18771,"vehicle":{"altitude":0.0,"driver":0.0,"flight":false,"gunner":null,"health":300.0,"heat":0.0,"id":0.0,"kind":"puma","maxHealth":300.0,"overheated":false,"passengers":[],"pitchBody":-0.031,"respawnTimer":0.0,"roll":-0.013,"turretYaw":0.0,"vx":11.576,"vy":0.0,"vz":6.277,"x":44.88,"y":0.0,"yaw":1.08,"z":-107.65},"viewport":"(1280.0, 800.0)"}
STORMGLASS_NATIVE_CAPTURE {"camera":"(36.39733, 4.834673, -112.2242)","engineFrames":221,"error":0,"label":"frame-000050","renderer":"llvmpipe (LLVM 20.1.8, 256 bits)","ticksMs":18907,"vehicle":{"altitude":0.0,"driver":0.0,"flight":false,"gunner":null,"health":300.0,"heat":0.0,"id":0.0,"kind":"puma","maxHealth":300.0,"overheated":false,"passengers":[],"pitchBody":0.018,"respawnTimer":0.0,"roll":-0.016,"turretYaw":0.0,"vx":12.423,"vy":0.0,"vz":6.584,"x":46.875,"y":0.0,"yaw":1.091,"z":-106.582},"viewport":"(1280.0, 800.0)"}
STORMGLASS_NATIVE_CAPTURE {"camera":"(38.3374, 4.786424, -111.0917)","engineFrames":222,"error":0,"label":"frame-000051","renderer":"llvmpipe (LLVM 20.1.8, 256 bits)","ticksMs":19038,"vehicle":{"altitude":0.0,"driver":0.0,"flight":false,"gunner":null,"health":300.0,"heat":0.0,"id":0.0,"kind":"puma","maxHealth":300.0,"overheated":false,"passengers":[],"pitchBody":0.029,"respawnTimer":0.0,"roll":-0.017,"turretYaw":0.0,"vx":13.156,"vy":0.0,"vz":6.837,"x":48.587,"y":0.0,"yaw":1.099,"z":-105.684},"viewport":"(1280.0, 800.0)"}
STORMGLASS_NATIVE_CAPTURE {"camera":"(40.01925, 4.807558, -110.119)","engineFrames":223,"error":0,"label":"frame-000052","renderer":"llvmpipe (LLVM 20.1.8, 256 bits)","ticksMs":19167,"vehicle":{"altitude":0.0,"driver":0.0,"flight":false,"gunner":null,"health":300.0,"heat":0.0,"id":0.0,"kind":"puma","maxHealth":300.0,"overheated":false,"passengers":[],"pitchBody":-0.018,"respawnTimer":0.0,"roll":-0.014,"turretYaw":0.0,"vx":12.341,"vy":0.0,"vz":6.306,"x":50.279,"y":0.0,"yaw":1.105,"z":-104.813},"viewport":"(1280.0, 800.0)"}
STORMGLASS_NATIVE_CAPTURE {"camera":"(41.68432, 4.818613, -109.1865)","engineFrames":224,"error":0,"label":"frame-000053","renderer":"llvmpipe (LLVM 20.1.8, 256 bits)","ticksMs":19292,"vehicle":{"altitude":0.0,"driver":0.0,"flight":false,"gunner":null,"health":300.0,"heat":0.0,"id":0.0,"kind":"puma","maxHealth":300.0,"overheated":false,"passengers":[],"pitchBody":-0.031,"respawnTimer":0.0,"roll":-0.011,"turretYaw":0.0,"vx":11.619,"vy":0.0,"vz":5.853,"x":51.869,"y":0.0,"yaw":1.109,"z":-104.007},"viewport":"(1280.0, 800.0)"}
STORMGLASS_NATIVE_CAPTURE {"camera":"(43.25768, 4.836738, -108.3324)","engineFrames":225,"error":0,"label":"frame-000054","renderer":"llvmpipe (LLVM 20.1.8, 256 bits)","ticksMs":19416,"vehicle":{"altitude":0.0,"driver":0.0,"flight":false,"gunner":null,"health":300.0,"heat":0.0,"id":0.0,"kind":"puma","maxHealth":300.0,"overheated":false,"passengers":[],"pitchBody":0.015,"respawnTimer":0.0,"roll":-0.007,"turretYaw":0.0,"vx":12.447,"vy":0.0,"vz":6.201,"x":53.482,"y":0.0,"yaw":1.112,"z":-103.201},"viewport":"(1280.0, 800.0)"}
STORMGLASS_NATIVE_CAPTURE {"camera":"(44.85489, 4.840782, -107.4914)","engineFrames":226,"error":0,"label":"frame-000055","renderer":"llvmpipe (LLVM 20.1.8, 256 bits)","ticksMs":19539,"vehicle":{"altitude":0.0,"driver":0.0,"flight":false,"gunner":null,"health":300.0,"heat":0.0,"id":0.0,"kind":"puma","maxHealth":300.0,"overheated":false,"passengers":[],"pitchBody":0.028,"respawnTimer":0.0,"roll":-0.004,"turretYaw":0.0,"vx":13.168,"vy":0.0,"vz":6.519,"x":55.197,"y":0.0,"yaw":1.113,"z":-102.35},"viewport":"(1280.0, 800.0)"}
STORMGLASS_NATIVE_CAPTURE {"camera":"(46.55658, 4.829072, -106.6235)","engineFrames":227,"error":0,"label":"frame-000056","renderer":"llvmpipe (LLVM 20.1.8, 256 bits)","ticksMs":19662,"vehicle":{"altitude":0.0,"driver":0.0,"flight":false,"gunner":null,"health":300.0,"heat":0.0,"id":0.0,"kind":"puma","maxHealth":300.0,"overheated":false,"passengers":[],"pitchBody":-0.018,"respawnTimer":0.0,"roll":-0.002,"turretYaw":0.0,"vx":12.324,"vy":0.0,"vz":6.082,"x":56.888,"y":0.0,"yaw":1.113,"z":-101.514},"viewport":"(1280.0, 800.0)"}
STORMGLASS_NATIVE_CAPTURE {"camera":"(48.24352, 4.8282, -105.78)","engineFrames":228,"error":0,"label":"frame-000057","renderer":"llvmpipe (LLVM 20.1.8, 256 bits)","ticksMs":19788,"vehicle":{"altitude":0.0,"driver":0.0,"flight":false,"gunner":null,"health":300.0,"heat":0.0,"id":0.0,"kind":"puma","maxHealth":300.0,"overheated":false,"passengers":[],"pitchBody":-0.029,"respawnTimer":0.0,"roll":-0.001,"turretYaw":0.0,"vx":11.756,"vy":0.0,"vz":5.797,"x":58.087,"y":0.0,"yaw":1.113,"z":-100.923},"viewport":"(1280.0, 800.0)"}
STORMGLASS_NATIVE_CAPTURE {"camera":"(49.46317, 4.893688, -105.1746)","engineFrames":229,"error":0,"label":"frame-000058","renderer":"llvmpipe (LLVM 20.1.8, 256 bits)","ticksMs":19913,"vehicle":{"altitude":0.0,"driver":0.0,"flight":false,"gunner":null,"health":300.0,"heat":0.0,"id":0.0,"kind":"puma","maxHealth":300.0,"overheated":false,"passengers":[],"pitchBody":0.013,"respawnTimer":0.0,"roll":0.001,"turretYaw":0.0,"vx":12.374,"vy":0.0,"vz":6.104,"x":59.69,"y":0.0,"yaw":1.112,"z":-100.132},"viewport":"(1280.0, 800.0)"}
STORMGLASS_NATIVE_CAPTURE {"camera":"(51.05761, 4.863034, -104.3928)","engineFrames":230,"error":0,"label":"frame-000059","renderer":"llvmpipe (LLVM 20.1.8, 256 bits)","ticksMs":20036,"vehicle":{"altitude":0.0,"driver":0.0,"flight":false,"gunner":null,"health":300.0,"heat":0.0,"id":0.0,"kind":"puma","maxHealth":300.0,"overheated":false,"passengers":[],"pitchBody":0.028,"respawnTimer":0.0,"roll":0.002,"turretYaw":0.0,"vx":13.087,"vy":0.0,"vz":6.468,"x":61.394,"y":0.0,"yaw":1.111,"z":-99.29},"viewport":"(1280.0, 800.0)"}
STORMGLASS_NATIVE_CAPTURE {"camera":"(52.75664, 4.838646, -103.5616)","engineFrames":231,"error":0,"label":"frame-000060","renderer":"llvmpipe (LLVM 20.1.8, 256 bits)","ticksMs":20159,"vehicle":{"altitude":0.0,"driver":0.0,"flight":false,"gunner":null,"health":300.0,"heat":0.0,"id":0.0,"kind":"puma","maxHealth":300.0,"overheated":false,"passengers":[],"pitchBody":-0.015,"respawnTimer":0.0,"roll":0.002,"turretYaw":0.0,"vx":12.413,"vy":0.0,"vz":6.151,"x":63.099,"y":0.0,"yaw":1.11,"z":-98.447},"viewport":"(1280.0, 800.0)"}
STORMGLASS_NATIVE_CAPTURE {"camera":"(54.46234, 4.829778, -102.7275)","engineFrames":232,"error":0,"label":"frame-000061","renderer":"llvmpipe (LLVM 20.1.8, 256 bits)","ticksMs":20281,"vehicle":{"altitude":0.0,"driver":0.0,"flight":false,"gunner":null,"health":300.0,"heat":0.0,"id":0.0,"kind":"puma","maxHealth":300.0,"overheated":false,"passengers":[],"pitchBody":-0.03,"respawnTimer":0.0,"roll":0.002,"turretYaw":0.0,"vx":11.647,"vy":0.0,"vz":5.787,"x":64.696,"y":0.0,"yaw":1.109,"z":-97.654},"viewport":"(1280.0, 800.0)"}
STORMGLASS_NATIVE_CAPTURE {"camera":"(56.06731, 4.840657, -101.9414)","engineFrames":233,"error":0,"label":"frame-000062","renderer":"llvmpipe (LLVM 20.1.8, 256 bits)","ticksMs":20406,"vehicle":{"altitude":0.0,"driver":0.0,"flight":false,"gunner":null,"health":300.0,"heat":0.0,"id":0.0,"kind":"puma","maxHealth":300.0,"overheated":false,"passengers":[],"pitchBody":0.016,"respawnTimer":0.0,"roll":0.002,"turretYaw":0.0,"vx":12.444,"vy":0.0,"vz":6.199,"x":66.309,"y":0.0,"yaw":1.108,"z":-96.851},"viewport":"(1280.0, 800.0)"}
STORMGLASS_NATIVE_CAPTURE {"camera":"(57.68518, 4.842329, -101.1467)","engineFrames":234,"error":0,"label":"frame-000063","renderer":"llvmpipe (LLVM 20.1.8, 256 bits)","ticksMs":20524,"vehicle":{"altitude":0.0,"driver":0.0,"flight":false,"gunner":null,"health":300.0,"heat":0.0,"id":0.0,"kind":"puma","maxHealth":300.0,"overheated":false,"passengers":[],"pitchBody":0.027,"respawnTimer":0.0,"roll":0.002,"turretYaw":0.0,"vx":12.977,"vy":0.0,"vz":6.476,"x":67.585,"y":0.0,"yaw":1.107,"z":-96.215},"viewport":"(1280.0, 800.0)"}
STORMGLASS_NATIVE_CAPTURE {"camera":"(58.98094, 4.888, -100.5114)","engineFrames":235,"error":0,"label":"frame-000064","renderer":"llvmpipe (LLVM 20.1.8, 256 bits)","ticksMs":20642,"vehicle":{"altitude":0.0,"driver":0.0,"flight":false,"gunner":null,"health":300.0,"heat":0.0,"id":0.0,"kind":"puma","maxHealth":300.0,"overheated":false,"passengers":[],"pitchBody":-0.015,"respawnTimer":0.0,"roll":0.001,"turretYaw":0.0,"vx":12.316,"vy":0.0,"vz":6.157,"x":69.276,"y":0.0,"yaw":1.107,"z":-95.37},"viewport":"(1280.0, 800.0)"}
STORMGLASS_NATIVE_CAPTURE {"camera":"(60.66032, 4.848788, -99.67656)","engineFrames":236,"error":0,"label":"frame-000065","renderer":"llvmpipe (LLVM 20.1.8, 256 bits)","ticksMs":20758,"vehicle":{"altitude":0.0,"driver":0.0,"flight":false,"gunner":null,"health":300.0,"heat":0.0,"id":0.0,"kind":"puma","maxHealth":300.0,"overheated":false,"passengers":[],"pitchBody":0.015,"respawnTimer":0.0,"roll":0.001,"turretYaw":0.0,"vx":12.86,"vy":0.0,"vz":6.436,"x":70.949,"y":0.0,"yaw":1.106,"z":-94.534},"viewport":"(1280.0, 800.0)"}
STORMGLASS_NATIVE_CAPTURE {"camera":"(62.33248, 4.837145, -98.84872)","engineFrames":237,"error":0,"label":"frame-000066","renderer":"llvmpipe (LLVM 20.1.8, 256 bits)","ticksMs":20873,"vehicle":{"altitude":0.0,"driver":0.0,"flight":false,"gunner":null,"health":300.0,"heat":0.0,"id":0.0,"kind":"puma","maxHealth":300.0,"overheated":false,"passengers":[],"pitchBody":-0.016,"respawnTimer":0.0,"roll":0.001,"turretYaw":0.0,"vx":12.237,"vy":0.0,"vz":6.128,"x":72.198,"y":0.0,"yaw":1.106,"z":-93.908},"viewport":"(1280.0, 800.0)"}
STORMGLASS_NATIVE_CAPTURE {"camera":"(63.60079, 4.889595, -98.2167)","engineFrames":238,"error":0,"label":"frame-000067","renderer":"llvmpipe (LLVM 20.1.8, 256 bits)","ticksMs":20991,"vehicle":{"altitude":0.0,"driver":0.0,"flight":false,"gunner":null,"health":300.0,"heat":0.0,"id":0.0,"kind":"puma","maxHealth":300.0,"overheated":false,"passengers":[],"pitchBody":0.015,"respawnTimer":0.0,"roll":0.0,"turretYaw":0.0,"vx":12.791,"vy":0.0,"vz":6.408,"x":73.861,"y":0.0,"yaw":1.106,"z":-93.075},"viewport":"(1280.0, 800.0)"}
STORMGLASS_NATIVE_CAPTURE {"camera":"(65.25175, 4.85296, -97.39086)","engineFrames":239,"error":0,"label":"frame-000068","renderer":"llvmpipe (LLVM 20.1.8, 256 bits)","ticksMs":21109,"vehicle":{"altitude":0.0,"driver":0.0,"flight":false,"gunner":null,"health":300.0,"heat":0.0,"id":0.0,"kind":"puma","maxHealth":300.0,"overheated":false,"passengers":[],"pitchBody":-0.021,"respawnTimer":0.0,"roll":0.0,"turretYaw":0.0,"vx":11.985,"vy":0.0,"vz":6.004,"x":75.505,"y":0.0,"yaw":1.106,"z":-92.252},"viewport":"(1280.0, 800.0)"}
STORMGLASS_NATIVE_CAPTURE {"camera":"(66.89227, 4.842391, -96.56985)","engineFrames":240,"error":0,"label":"frame-000069","renderer":"llvmpipe (LLVM 20.1.8, 256 bits)","ticksMs":21232,"vehicle":{"altitude":0.0,"driver":0.0,"flight":false,"gunner":null,"health":300.0,"heat":0.0,"id":0.0,"kind":"puma","maxHealth":300.0,"overheated":false,"passengers":[],"pitchBody":0.012,"respawnTimer":0.0,"roll":0.0,"turretYaw":0.0,"vx":12.563,"vy":0.0,"vz":6.293,"x":76.737,"y":0.0,"yaw":1.107,"z":-91.634},"viewport":"(1280.0, 800.0)"}
STORMGLASS_NATIVE_CAPTURE {"camera":"(68.13952, 4.893775, -95.93858)","engineFrames":241,"error":0,"label":"frame-000070","renderer":"llvmpipe (LLVM 20.1.8, 256 bits)","ticksMs":21348,"vehicle":{"altitude":0.0,"driver":0.0,"flight":false,"gunner":null,"health":300.0,"heat":0.0,"id":0.0,"kind":"puma","maxHealth":300.0,"overheated":false,"passengers":[],"pitchBody":-0.018,"respawnTimer":0.0,"roll":0.0,"turretYaw":0.0,"vx":11.958,"vy":0.0,"vz":5.988,"x":78.377,"y":0.0,"yaw":1.107,"z":-90.813},"viewport":"(1280.0, 800.0)"}
STORMGLASS_NATIVE_CAPTURE {"camera":"(69.76614, 4.857534, -95.1218)","engineFrames":242,"error":0,"label":"frame-000071","renderer":"llvmpipe (LLVM 20.1.8, 256 bits)","ticksMs":21466,"vehicle":{"altitude":0.0,"driver":0.0,"flight":false,"gunner":null,"health":300.0,"heat":0.0,"id":0.0,"kind":"puma","maxHealth":300.0,"overheated":false,"passengers":[],"pitchBody":0.015,"respawnTimer":0.0,"roll":0.0,"turretYaw":0.0,"vx":12.548,"vy":0.0,"vz":6.282,"x":80.006,"y":0.0,"yaw":1.107,"z":-89.998},"viewport":"(1280.0, 800.0)"}
STORMGLASS_NATIVE_CAPTURE {"camera":"(71.39082, 4.84604, -94.30789)","engineFrames":243,"error":0,"label":"frame-000072","renderer":"llvmpipe (LLVM 20.1.8, 256 bits)","ticksMs":21584,"vehicle":{"altitude":0.0,"driver":0.0,"flight":false,"gunner":null,"health":300.0,"heat":0.0,"id":0.0,"kind":"puma","maxHealth":300.0,"overheated":false,"passengers":[],"pitchBody":0.026,"respawnTimer":0.0,"roll":0.0,"turretYaw":0.0,"vx":13.075,"vy":0.0,"vz":6.543,"x":81.292,"y":0.0,"yaw":1.107,"z":-89.354},"viewport":"(1280.0, 800.0)"}
STORMGLASS_NATIVE_CAPTURE {"camera":"(72.69099, 4.887824, -93.65662)","engineFrames":244,"error":0,"label":"frame-000073","renderer":"llvmpipe (LLVM 20.1.8, 256 bits)","ticksMs":21707,"vehicle":{"altitude":0.0,"driver":0.0,"flight":false,"gunner":null,"health":300.0,"heat":0.0,"id":0.0,"kind":"puma","maxHealth":300.0,"overheated":false,"passengers":[],"pitchBody":-0.015,"respawnTimer":0.0,"roll":0.0,"turretYaw":0.0,"vx":12.407,"vy":0.0,"vz":6.207,"x":82.995,"y":0.0,"yaw":1.107,"z":-88.502},"viewport":"(1280.0, 800.0)"}
STORMGLASS_NATIVE_CAPTURE {"camera":"(74.38, 4.847085, -92.81136)","engineFrames":245,"error":0,"label":"frame-000074","renderer":"llvmpipe (LLVM 20.1.8, 256 bits)","ticksMs":21827,"vehicle":{"altitude":0.0,"driver":0.0,"flight":false,"gunner":null,"health":300.0,"heat":0.0,"id":0.0,"kind":"puma","maxHealth":300.0,"overheated":false,"passengers":[],"pitchBody":0.015,"respawnTimer":0.0,"roll":0.0,"turretYaw":0.0,"vx":12.942,"vy":0.0,"vz":6.473,"x":84.679,"y":0.0,"yaw":1.107,"z":-87.659},"viewport":"(1280.0, 800.0)"}
STORMGLASS_NATIVE_CAPTURE {"camera":"(76.05995, 4.835005, -91.97047)","engineFrames":246,"error":0,"label":"frame-000075","renderer":"llvmpipe (LLVM 20.1.8, 256 bits)","ticksMs":21946,"vehicle":{"altitude":0.0,"driver":0.0,"flight":false,"gunner":null,"health":300.0,"heat":0.0,"id":0.0,"kind":"puma","maxHealth":300.0,"overheated":false,"passengers":[],"pitchBody":-0.022,"respawnTimer":0.0,"roll":0.0,"turretYaw":0.0,"vx":12.118,"vy":0.0,"vz":6.059,"x":86.342,"y":0.0,"yaw":1.107,"z":-86.828},"viewport":"(1280.0, 800.0)"}
STORMGLASS_NATIVE_CAPTURE {"camera":"(77.72225, 4.833537, -91.13931)","engineFrames":247,"error":0,"label":"frame-000076","renderer":"llvmpipe (LLVM 20.1.8, 256 bits)","ticksMs":22066,"vehicle":{"altitude":0.0,"driver":0.0,"flight":false,"gunner":null,"health":300.0,"heat":0.0,"id":0.0,"kind":"puma","maxHealth":300.0,"overheated":false,"passengers":[],"pitchBody":0.011,"respawnTimer":0.0,"roll":0.0,"turretYaw":0.0,"vx":12.685,"vy":0.0,"vz":6.342,"x":87.587,"y":0.0,"yaw":1.107,"z":-86.205},"viewport":"(1280.0, 800.0)"}
STORMGLASS_NATIVE_CAPTURE {"camera":"(78.98616, 4.888885, -90.50706)","engineFrames":248,"error":0,"label":"frame-000077","renderer":"llvmpipe (LLVM 20.1.8, 256 bits)","ticksMs":22186,"vehicle":{"altitude":0.0,"driver":0.0,"flight":false,"gunner":null,"health":300.0,"heat":0.0,"id":0.0,"kind":"puma","maxHealth":300.0,"overheated":false,"passengers":[],"pitchBody":-0.019,"respawnTimer":0.0,"roll":0.0,"turretYaw":0.0,"vx":12.065,"vy":0.0,"vz":6.031,"x":89.242,"y":0.0,"yaw":1.107,"z":-85.378},"viewport":"(1280.0, 800.0)"}
STORMGLASS_NATIVE_CAPTURE {"camera":"(80.62908, 4.853874, -89.68578)","engineFrames":249,"error":0,"label":"frame-000078","renderer":"llvmpipe (LLVM 20.1.8, 256 bits)","ticksMs":22309,"vehicle":{"altitude":0.0,"driver":0.0,"flight":false,"gunner":null,"health":300.0,"heat":0.0,"id":0.0,"kind":"puma","maxHealth":300.0,"overheated":false,"passengers":[],"pitchBody":0.015,"respawnTimer":0.0,"roll":0.0,"turretYaw":0.0,"vx":12.642,"vy":0.0,"vz":6.319,"x":90.884,"y":0.0,"yaw":1.107,"z":-84.557},"viewport":"(1280.0, 800.0)"}
STORMGLASS_NATIVE_CAPTURE {"camera":"(82.26744, 4.843034, -88.86667)","engineFrames":250,"error":0,"label":"frame-000079","renderer":"llvmpipe (LLVM 20.1.8, 256 bits)","ticksMs":22433,"vehicle":{"altitude":0.0,"driver":0.0,"flight":false,"gunner":null,"health":300.0,"heat":0.0,"id":0.0,"kind":"puma","maxHealth":300.0,"overheated":false,"passengers":[],"pitchBody":0.027,"respawnTimer":0.0,"roll":0.0,"turretYaw":0.0,"vx":13.32,"vy":0.0,"vz":6.658,"x":92.621,"y":0.0,"yaw":1.107,"z":-83.689},"viewport":"(1280.0, 800.0)"}
STORMGLASS_NATIVE_CAPTURE {"camera":"(83.99886, 4.826663, -88.0013)","engineFrames":251,"error":0,"label":"frame-000080","renderer":"llvmpipe (LLVM 20.1.8, 256 bits)","ticksMs":22556,"vehicle":{"altitude":0.0,"driver":0.0,"flight":false,"gunner":null,"health":300.0,"heat":0.0,"id":0.0,"kind":"puma","maxHealth":300.0,"overheated":false,"passengers":[],"pitchBody":-0.019,"respawnTimer":0.0,"roll":0.0,"turretYaw":0.0,"vx":12.448,"vy":0.0,"vz":6.222,"x":94.33,"y":0.0,"yaw":1.107,"z":-82.834},"viewport":"(1280.0, 800.0)"}
STORMGLASS_NATIVE_CAPTURE {"camera":"(85.70724, 4.824448, -87.14692)","engineFrames":252,"error":0,"label":"frame-000081","renderer":"llvmpipe (LLVM 20.1.8, 256 bits)","ticksMs":22673,"vehicle":{"altitude":0.0,"driver":0.0,"flight":false,"gunner":null,"health":300.0,"heat":0.0,"id":0.0,"kind":"puma","maxHealth":300.0,"overheated":false,"passengers":[],"pitchBody":-0.03,"respawnTimer":0.0,"roll":0.034,"turretYaw":0.0,"vx":11.827,"vy":0.0,"vz":6.005,"x":95.539,"y":0.0,"yaw":1.084,"z":-82.226},"viewport":"(1280.0, 800.0)"}
STORMGLASS_NATIVE_CAPTURE {"camera":"(86.99779, 4.890521, -86.64389)","engineFrames":253,"error":0,"label":"frame-000082","renderer":"llvmpipe (LLVM 20.1.8, 256 bits)","ticksMs":22796,"vehicle":{"altitude":0.0,"driver":0.0,"flight":false,"gunner":null,"health":300.0,"heat":0.0,"id":0.0,"kind":"puma","maxHealth":300.0,"overheated":false,"passengers":[],"pitchBody":0.011,"respawnTimer":0.0,"roll":0.089,"turretYaw":0.0,"vx":12.212,"vy":0.0,"vz":6.691,"x":97.137,"y":0.0,"yaw":1.028,"z":-81.384},"viewport":"(1280.0, 800.0)"}
STORMGLASS_NATIVE_CAPTURE {"camera":"(88.76082, 4.861288, -86.13)","engineFrames":254,"error":0,"label":"frame-000083","renderer":"llvmpipe (LLVM 20.1.8, 256 bits)","ticksMs":22917,"vehicle":{"altitude":0.0,"driver":0.0,"flight":false,"gunner":null,"health":300.0,"heat":0.0,"id":0.0,"kind":"puma","maxHealth":300.0,"overheated":false,"passengers":[],"pitchBody":0.025,"respawnTimer":0.0,"roll":0.159,"turretYaw":0.0,"vx":12.401,"vy":0.0,"vz":7.834,"x":98.785,"y":0.0,"yaw":0.938,"z":-80.41},"viewport":"(1280.0, 800.0)"}
STORMGLASS_NATIVE_CAPTURE {"camera":"(90.74691, 4.841537, -85.72209)","engineFrames":255,"error":0,"label":"frame-000084","renderer":"llvmpipe (LLVM 20.1.8, 256 bits)","ticksMs":23038,"vehicle":{"altitude":0.0,"driver":0.0,"flight":false,"gunner":null,"health":300.0,"heat":0.0,"id":0.0,"kind":"puma","maxHealth":300.0,"overheated":false,"passengers":[],"pitchBody":-0.021,"respawnTimer":0.0,"roll":0.174,"turretYaw":0.0,"vx":10.951,"vy":0.0,"vz":8.15,"x":100.329,"y":0.0,"yaw":0.85,"z":-79.342},"viewport":"(1280.0, 800.0)"}
STORMGLASS_NATIVE_CAPTURE {"camera":"(92.74042, 4.840686, -85.27907)","engineFrames":256,"error":0,"label":"frame-000085","renderer":"llvmpipe (LLVM 20.1.8, 256 bits)","ticksMs":23160,"vehicle":{"altitude":0.0,"driver":0.0,"flight":false,"gunner":null,"health":300.0,"heat":0.0,"id":0.0,"kind":"puma","maxHealth":300.0,"overheated":false,"passengers":[],"pitchBody":0.009,"respawnTimer":0.0,"roll":0.167,"turretYaw":0.0,"vx":10.837,"vy":0.0,"vz":9.205,"x":101.418,"y":0.0,"yaw":0.793,"z":-78.465},"viewport":"(1280.0, 800.0)"}
STORMGLASS_NATIVE_CAPTURE {"camera":"(94.26098, 4.895671, -84.88443)","engineFrames":257,"error":0,"label":"frame-000086","renderer":"llvmpipe (LLVM 20.1.8, 256 bits)","ticksMs":23287,"vehicle":{"altitude":0.0,"driver":0.0,"flight":false,"gunner":null,"health":300.0,"heat":0.0,"id":0.0,"kind":"puma","maxHealth":300.0,"overheated":false,"passengers":[],"pitchBody":-0.021,"respawnTimer":0.0,"roll":0.146,"turretYaw":0.0,"vx":9.601,"vy":0.0,"vz":9.434,"x":102.778,"y":0.0,"yaw":0.727,"z":-77.21},"viewport":"(1280.0, 800.0)"}
STORMGLASS_NATIVE_CAPTURE {"camera":"(96.04851, 4.861033, -84.09482)","engineFrames":258,"error":0,"label":"frame-000087","renderer":"llvmpipe (LLVM 20.1.8, 256 bits)","ticksMs":23417,"vehicle":{"altitude":0.0,"driver":0.0,"flight":false,"gunner":null,"health":300.0,"heat":0.0,"id":0.0,"kind":"puma","maxHealth":300.0,"overheated":false,"passengers":[],"pitchBody":0.013,"respawnTimer":0.0,"roll":0.119,"turretYaw":0.0,"vx":9.355,"vy":0.0,"vz":10.502,"x":104.031,"y":0.0,"yaw":0.675,"z":-75.88},"viewport":"(1280.0, 800.0)"}
STORMGLASS_NATIVE_CAPTURE {"camera":"(97.71011, 4.85024, -83.14719)","engineFrames":259,"error":0,"label":"frame-000088","renderer":"llvmpipe (LLVM 20.1.8, 256 bits)","ticksMs":23548,"vehicle":{"altitude":0.0,"driver":0.0,"flight":false,"gunner":null,"health":300.0,"heat":0.0,"id":0.0,"kind":"puma","maxHealth":300.0,"overheated":false,"passengers":[],"pitchBody":0.026,"respawnTimer":0.0,"roll":0.086,"turretYaw":0.0,"vx":9.307,"vy":0.0,"vz":11.517,"x":105.273,"y":0.0,"yaw":0.644,"z":-74.401},"viewport":"(1280.0, 800.0)"}
STORMGLASS_NATIVE_CAPTURE {"camera":"(99.26134, 4.832348, -81.93465)","engineFrames":260,"error":0,"label":"frame-000089","renderer":"llvmpipe (LLVM 20.1.8, 256 bits)","ticksMs":23676,"vehicle":{"altitude":0.0,"driver":0.0,"flight":false,"gunner":null,"health":300.0,"heat":0.0,"id":0.0,"kind":"puma","maxHealth":300.0,"overheated":false,"passengers":[],"pitchBody":-0.016,"respawnTimer":0.0,"roll":0.05,"turretYaw":0.0,"vx":8.489,"vy":0.0,"vz":11.164,"x":106.457,"y":0.0,"yaw":0.629,"z":-72.881},"viewport":"(1280.0, 800.0)"}
STORMGLASS_NATIVE_CAPTURE {"camera":"(100.6439, 4.82534, -80.57224)","engineFrames":261,"error":0,"label":"frame-000090","renderer":"llvmpipe (LLVM 20.1.8, 256 bits)","ticksMs":23806,"vehicle":{"altitude":0.0,"driver":0.0,"flight":false,"gunner":null,"health":300.0,"heat":0.0,"id":0.0,"kind":"puma","maxHealth":300.0,"overheated":false,"passengers":[],"pitchBody":-0.031,"respawnTimer":0.0,"roll":0.023,"turretYaw":0.0,"vx":7.792,"vy":0.0,"vz":10.598,"x":107.534,"y":0.0,"yaw":0.624,"z":-71.434},"viewport":"(1280.0, 800.0)"}
STORMGLASS_NATIVE_CAPTURE {"camera":"(101.8304, 4.836802, -79.20142)","engineFrames":262,"error":0,"label":"frame-000091","renderer":"llvmpipe (LLVM 20.1.8, 256 bits)","ticksMs":23936,"vehicle":{"altitude":0.0,"driver":0.0,"flight":false,"gunner":null,"health":300.0,"heat":0.0,"id":0.0,"kind":"puma","maxHealth":300.0,"overheated":false,"passengers":[],"pitchBody":0.012,"respawnTimer":0.0,"roll":0.001,"turretYaw":0.0,"vx":8.135,"vy":0.0,"vz":11.195,"x":108.591,"y":0.0,"yaw":0.628,"z":-69.985},"viewport":"(1280.0, 800.0)"}
STORMGLASS_NATIVE_CAPTURE {"camera":"(102.9142, 4.841935, -77.76963)","engineFrames":263,"error":0,"label":"frame-000092","renderer":"llvmpipe (LLVM 20.1.8, 256 bits)","ticksMs":24067,"vehicle":{"altitude":0.0,"driver":0.0,"flight":false,"gunner":null,"health":300.0,"heat":0.0,"id":0.0,"kind":"puma","maxHealth":300.0,"overheated":false,"passengers":[],"pitchBody":0.027,"respawnTimer":0.0,"roll":-0.012,"turretYaw":0.0,"vx":8.638,"vy":0.0,"vz":11.812,"x":109.713,"y":0.0,"yaw":0.637,"z":-68.444},"viewport":"(1280.0, 800.0)"}
STORMGLASS_NATIVE_CAPTURE {"camera":"(104.0032, 4.830479, -76.20984)","engineFrames":264,"error":0,"label":"frame-000093","renderer":"llvmpipe (LLVM 20.1.8, 256 bits)","ticksMs":24199,"vehicle":{"altitude":0.0,"driver":0.0,"flight":false,"gunner":null,"health":300.0,"heat":0.0,"id":0.0,"kind":"puma","maxHealth":300.0,"overheated":false,"passengers":[],"pitchBody":-0.015,"respawnTimer":0.0,"roll":-0.021,"turretYaw":0.0,"vx":8.282,"vy":0.0,"vz":11.142,"x":110.844,"y":0.0,"yaw":0.649,"z":-66.91},"viewport":"(1280.0, 800.0)"}
STORMGLASS_NATIVE_CAPTURE {"camera":"(105.0661, 4.826494, -74.62714)","engineFrames":265,"error":0,"label":"frame-000094","renderer":"llvmpipe (LLVM 20.1.8, 256 bits)","ticksMs":24330,"vehicle":{"altitude":0.0,"driver":0.0,"flight":false,"gunner":null,"health":300.0,"heat":0.0,"id":0.0,"kind":"puma","maxHealth":300.0,"overheated":false,"passengers":[],"pitchBody":-0.03,"respawnTimer":0.0,"roll":-0.023,"turretYaw":0.0,"vx":7.884,"vy":0.0,"vz":10.375,"x":111.918,"y":0.0,"yaw":0.661,"z":-65.483},"viewport":"(1280.0, 800.0)"}
STORMGLASS_NATIVE_CAPTURE {"camera":"(106.0607, 4.839254, -73.13403)","engineFrames":266,"error":0,"label":"frame-000095","renderer":"llvmpipe (LLVM 20.1.8, 256 bits)","ticksMs":24462,"vehicle":{"altitude":0.0,"driver":0.0,"flight":false,"gunner":null,"health":300.0,"heat":0.0,"id":0.0,"kind":"puma","maxHealth":300.0,"overheated":false,"passengers":[],"pitchBody":0.013,"respawnTimer":0.0,"roll":-0.022,"turretYaw":0.0,"vx":8.433,"vy":0.0,"vz":10.834,"x":113.003,"y":0.0,"yaw":0.671,"z":-64.074},"viewport":"(1280.0, 800.0)"}
STORMGLASS_NATIVE_CAPTURE {"camera":"(107.0683, 4.844723, -71.66252)","engineFrames":267,"error":0,"label":"frame-000096","renderer":"llvmpipe (LLVM 20.1.8, 256 bits)","ticksMs":24597,"vehicle":{"altitude":0.0,"driver":0.0,"flight":false,"gunner":null,"health":300.0,"heat":0.0,"id":0.0,"kind":"puma","maxHealth":300.0,"overheated":false,"passengers":[],"pitchBody":0.029,"respawnTimer":0.0,"roll":-0.02,"turretYaw":0.0,"vx":9.19,"vy":0.0,"vz":11.502,"x":114.48,"y":0.0,"yaw":0.682,"z":-62.206},"viewport":"(1280.0, 800.0)"}
STORMGLASS_NATIVE_CAPTURE {"camera":"(108.4481, 4.776404, -69.75021)","engineFrames":268,"error":0,"label":"frame-000097","renderer":"llvmpipe (LLVM 20.1.8, 256 bits)","ticksMs":24729,"vehicle":{"altitude":0.0,"driver":0.0,"flight":false,"gunner":null,"health":300.0,"heat":0.0,"id":0.0,"kind":"puma","maxHealth":300.0,"overheated":false,"passengers":[],"pitchBody":-0.018,"respawnTimer":0.0,"roll":-0.016,"turretYaw":0.0,"vx":8.678,"vy":0.0,"vz":10.689,"x":115.666,"y":0.0,"yaw":0.689,"z":-60.734},"viewport":"(1280.0, 800.0)"}
STORMGLASS_NATIVE_CAPTURE {"camera":"(109.5772, 4.809011, -68.21674)","engineFrames":269,"error":0,"label":"frame-000098","renderer":"llvmpipe (LLVM 20.1.8, 256 bits)","ticksMs":24859,"vehicle":{"altitude":0.0,"driver":0.0,"flight":false,"gunner":null,"health":300.0,"heat":0.0,"id":0.0,"kind":"puma","maxHealth":300.0,"overheated":false,"passengers":[],"pitchBody":0.017,"respawnTimer":0.0,"roll":-0.011,"turretYaw":0.0,"vx":9.258,"vy":0.0,"vz":11.253,"x":116.868,"y":0.0,"yaw":0.693,"z":-59.266},"viewport":"(1280.0, 800.0)"}
STORMGLASS_NATIVE_CAPTURE {"camera":"(110.7376, 4.819785, -66.70949)","engineFrames":270,"error":0,"label":"frame-000099","renderer":"llvmpipe (LLVM 20.1.8, 256 bits)","ticksMs":24989,"vehicle":{"altitude":0.0,"driver":0.0,"flight":false,"gunner":null,"health":300.0,"heat":0.0,"id":0.0,"kind":"puma","maxHealth":300.0,"overheated":false,"passengers":[],"pitchBody":-0.021,"respawnTimer":0.0,"roll":-0.005,"turretYaw":0.0,"vx":8.699,"vy":0.0,"vz":10.501,"x":118.06,"y":0.0,"yaw":0.694,"z":-57.823},"viewport":"(1280.0, 800.0)"}
STORMGLASS_NATIVE_CAPTURE {"camera":"(111.909, 4.826625, -65.24615)","engineFrames":271,"error":0,"label":"frame-000100","renderer":"llvmpipe (LLVM 20.1.8, 256 bits)","ticksMs":25119,"vehicle":{"altitude":0.0,"driver":0.0,"flight":false,"gunner":null,"health":300.0,"heat":0.0,"id":0.0,"kind":"puma","maxHealth":300.0,"overheated":false,"passengers":[],"pitchBody":0.017,"respawnTimer":0.0,"roll":-0.002,"turretYaw":0.0,"vx":9.241,"vy":0.0,"vz":11.118,"x":119.261,"y":0.0,"yaw":0.694,"z":-56.376},"viewport":"(1280.0, 800.0)"}
STORMGLASS_NATIVE_CAPTURE {"camera":"(113.1012, 4.828021, -63.79116)","engineFrames":272,"error":0,"label":"frame-000101","renderer":"llvmpipe (LLVM 20.1.8, 256 bits)","ticksMs":25248,"vehicle":{"altitude":0.0,"driver":0.0,"flight":false,"gunner":null,"health":300.0,"heat":0.0,"id":0.0,"kind":"puma","maxHealth":300.0,"overheated":false,"passengers":[],"pitchBody":-0.021,"respawnTimer":0.0,"roll":0.001,"turretYaw":0.0,"vx":8.655,"vy":0.0,"vz":10.408,"x":120.449,"y":0.0,"yaw":0.693,"z":-54.948},"viewport":"(1280.0, 800.0)"}
STORMGLASS_NATIVE_CAPTURE {"camera":"(114.2904, 4.83122, -62.36257)","engineFrames":273,"error":0,"label":"frame-000102","renderer":"llvmpipe (LLVM 20.1.8, 256 bits)","ticksMs":25384,"vehicle":{"altitude":0.0,"driver":0.0,"flight":false,"gunner":null,"health":300.0,"heat":0.0,"id":0.0,"kind":"puma","maxHealth":300.0,"overheated":false,"passengers":[],"pitchBody":0.014,"respawnTimer":0.0,"roll":0.002,"turretYaw":0.0,"vx":9.056,"vy":0.0,"vz":10.906,"x":121.625,"y":0.0,"yaw":0.692,"z":-53.532},"viewport":"(1280.0, 800.0)"}
STORMGLASS_NATIVE_CAPTURE {"camera":"(115.472, 4.834358, -60.94967)","engineFrames":274,"error":0,"label":"frame-000103","renderer":"llvmpipe (LLVM 20.1.8, 256 bits)","ticksMs":25515,"vehicle":{"altitude":0.0,"driver":0.0,"flight":false,"gunner":null,"health":300.0,"heat":0.0,"id":0.0,"kind":"puma","maxHealth":300.0,"overheated":false,"passengers":[],"pitchBody":-0.018,"respawnTimer":0.0,"roll":0.003,"turretYaw":0.0,"vx":8.601,"vy":0.0,"vz":10.383,"x":122.806,"y":0.0,"yaw":0.69,"z":-52.108},"viewport":"(1280.0, 800.0)"}
STORMGLASS_NATIVE_CAPTURE {"camera":"(116.6636, 4.834376, -59.53444)","engineFrames":275,"error":0,"label":"frame-000104","renderer":"llvmpipe (LLVM 20.1.8, 256 bits)","ticksMs":25642,"vehicle":{"altitude":0.0,"driver":0.0,"flight":false,"gunner":null,"health":300.0,"heat":0.0,"id":0.0,"kind":"puma","maxHealth":300.0,"overheated":false,"passengers":[],"pitchBody":0.015,"respawnTimer":0.0,"roll":0.003,"turretYaw":0.0,"vx":8.995,"vy":0.0,"vz":10.895,"x":123.975,"y":0.0,"yaw":0.689,"z":-50.695},"viewport":"(1280.0, 800.0)"}
STORMGLASS_NATIVE_CAPTURE {"camera":"(117.8417, 4.836287, -58.12805)","engineFrames":276,"error":0,"label":"frame-000105","renderer":"llvmpipe (LLVM 20.1.8, 256 bits)","ticksMs":25779,"vehicle":{"altitude":0.0,"driver":0.0,"flight":false,"gunner":null,"health":300.0,"heat":0.0,"id":0.0,"kind":"puma","maxHealth":300.0,"overheated":false,"passengers":[],"pitchBody":0.027,"respawnTimer":0.0,"roll":0.003,"turretYaw":0.0,"vx":9.46,"vy":0.0,"vz":11.495,"x":125.21,"y":0.0,"yaw":0.687,"z":-49.196},"viewport":"(1280.0, 800.0)"}
STORMGLASS_NATIVE_CAPTURE {"camera":"(119.0865, 4.82421, -56.64299)","engineFrames":277,"error":0,"label":"frame-000106","renderer":"llvmpipe (LLVM 20.1.8, 256 bits)","ticksMs":25920,"vehicle":{"altitude":0.0,"driver":0.0,"flight":false,"gunner":null,"health":300.0,"heat":0.0,"id":0.0,"kind":"puma","maxHealth":300.0,"overheated":false,"passengers":[],"pitchBody":-0.022,"respawnTimer":0.0,"roll":0.003,"turretYaw":0.0,"vx":8.798,"vy":0.0,"vz":10.728,"x":126.735,"y":0.0,"yaw":0.686,"z":-47.34},"viewport":"(1280.0, 800.0)"}
STORMGLASS_NATIVE_CAPTURE {"camera":"(120.6073, 4.766687, -54.81125)","engineFrames":278,"error":0,"label":"frame-000107","renderer":"llvmpipe (LLVM 20.1.8, 256 bits)","ticksMs":26048,"vehicle":{"altitude":0.0,"driver":0.0,"flight":false,"gunner":null,"health":300.0,"heat":0.0,"id":0.0,"kind":"puma","maxHealth":300.0,"overheated":false,"passengers":[],"pitchBody":0.016,"respawnTimer":0.0,"roll":0.002,"turretYaw":0.0,"vx":9.288,"vy":0.0,"vz":11.35,"x":127.945,"y":0.0,"yaw":0.685,"z":-45.862},"viewport":"(1280.0, 800.0)"}
STORMGLASS_NATIVE_CAPTURE {"camera":"(121.8345, 4.803156, -53.3299)","engineFrames":279,"error":0,"label":"frame-000108","renderer":"llvmpipe (LLVM 20.1.8, 256 bits)","ticksMs":26179,"vehicle":{"altitude":0.0,"driver":0.0,"flight":false,"gunner":null,"health":300.0,"heat":0.0,"id":0.0,"kind":"puma","maxHealth":300.0,"overheated":false,"passengers":[],"pitchBody":-0.022,"respawnTimer":0.0,"roll":0.001,"turretYaw":0.0,"vx":8.681,"vy":0.0,"vz":10.623,"x":129.137,"y":0.0,"yaw":0.685,"z":-44.404},"viewport":"(1280.0, 800.0)"}
STORMGLASS_NATIVE_CAPTURE {"camera":"(123.0338, 4.819313, -51.87004)","engineFrames":280,"error":0,"label":"frame-000109","renderer":"llvmpipe (LLVM 20.1.8, 256 bits)","ticksMs":26310,"vehicle":{"altitude":0.0,"driver":0.0,"flight":false,"gunner":null,"health":300.0,"heat":0.0,"id":0.0,"kind":"puma","maxHealth":300.0,"overheated":false,"passengers":[],"pitchBody":0.016,"respawnTimer":0.0,"roll":0.001,"turretYaw":0.0,"vx":9.189,"vy":0.0,"vz":11.255,"x":130.333,"y":0.0,"yaw":0.684,"z":-42.939},"viewport":"(1280.0, 800.0)"}
STORMGLASS_NATIVE_CAPTURE {"camera":"(124.2368, 4.824146, -50.40844)","engineFrames":281,"error":0,"label":"frame-000110","renderer":"llvmpipe (LLVM 20.1.8, 256 bits)","ticksMs":26438,"vehicle":{"altitude":0.0,"driver":0.0,"flight":false,"gunner":null,"health":300.0,"heat":0.0,"id":0.0,"kind":"puma","maxHealth":300.0,"overheated":false,"passengers":[],"pitchBody":-0.022,"respawnTimer":0.0,"roll":0.0,"turretYaw":0.0,"vx":8.6,"vy":0.0,"vz":10.535,"x":131.513,"y":0.0,"yaw":0.685,"z":-41.494},"viewport":"(1280.0, 800.0)"}
STORMGLASS_NATIVE_CAPTURE {"camera":"(125.4157, 4.828886, -48.96022)","engineFrames":282,"error":0,"label":"frame-000111","renderer":"llvmpipe (LLVM 20.1.8, 256 bits)","ticksMs":26567,"vehicle":{"altitude":0.0,"driver":0.0,"flight":false,"gunner":null,"health":300.0,"heat":0.0,"id":0.0,"kind":"puma","maxHealth":300.0,"overheated":false,"passengers":[],"pitchBody":-0.082,"respawnTimer":0.0,"roll":0.0,"turretYaw":0.0,"vx":6.528,"vy":0.0,"vz":7.997,"x":132.515,"y":0.0,"yaw":0.685,"z":-40.266},"viewport":"(1280.0, 800.0)"}
STORMGLASS_NATIVE_CAPTURE {"camera":"(126.4255, 4.86395, -47.72141)","engineFrames":283,"error":0,"label":"frame-000112","renderer":"llvmpipe (LLVM 20.1.8, 256 bits)","ticksMs":26698,"vehicle":{"altitude":0.0,"driver":0.0,"flight":false,"gunner":null,"health":300.0,"heat":0.0,"id":0.0,"kind":"puma","maxHealth":300.0,"overheated":false,"passengers":[],"pitchBody":-0.107,"respawnTimer":0.0,"roll":0.0,"turretYaw":0.0,"vx":4.438,"vy":0.0,"vz":5.438,"x":133.227,"y":0.0,"yaw":0.685,"z":-39.394},"viewport":"(1280.0, 800.0)"}
STORMGLASS_NATIVE_CAPTURE {"camera":"(127.1538, 4.932586, -46.82863)","engineFrames":284,"error":0,"label":"frame-000113","renderer":"llvmpipe (LLVM 20.1.8, 256 bits)","ticksMs":26828,"vehicle":{"altitude":0.0,"driver":0.0,"flight":false,"gunner":null,"health":300.0,"heat":0.0,"id":0.0,"kind":"puma","maxHealth":300.0,"overheated":false,"passengers":[],"pitchBody":0.006,"respawnTimer":0.0,"roll":0.0,"turretYaw":0.0,"vx":5.364,"vy":0.0,"vz":6.568,"x":133.889,"y":0.0,"yaw":0.685,"z":-38.583},"viewport":"(1280.0, 800.0)"}
STORMGLASS_NATIVE_CAPTURE {"camera":"(127.8243, 4.967504, -46.00697)","engineFrames":285,"error":0,"label":"frame-000114","renderer":"llvmpipe (LLVM 20.1.8, 256 bits)","ticksMs":26960,"vehicle":{"altitude":0.0,"driver":0.0,"flight":false,"gunner":null,"health":300.0,"heat":0.0,"id":0.0,"kind":"puma","maxHealth":300.0,"overheated":false,"passengers":[],"pitchBody":-0.004,"respawnTimer":0.0,"roll":0.0,"turretYaw":0.0,"vx":5.288,"vy":0.0,"vz":6.473,"x":134.607,"y":0.0,"yaw":0.685,"z":-37.705},"viewport":"(1280.0, 800.0)"}
STORMGLASS_NATIVE_CAPTURE {"camera":"(128.5424, 4.969398, -45.12814)","engineFrames":286,"error":0,"label":"frame-000115","renderer":"llvmpipe (LLVM 20.1.8, 256 bits)","ticksMs":27096,"vehicle":{"altitude":0.0,"driver":0.0,"flight":false,"gunner":null,"health":300.0,"heat":0.0,"id":0.0,"kind":"puma","maxHealth":300.0,"overheated":false,"passengers":[],"pitchBody":-0.011,"respawnTimer":0.0,"roll":0.0,"turretYaw":0.0,"vx":5.09,"vy":0.0,"vz":6.228,"x":135.297,"y":0.0,"yaw":0.685,"z":-36.861},"viewport":"(1280.0, 800.0)"}
STORMGLASS_NATIVE_CAPTURE {"camera":"(129.2339, 4.975587, -44.28219)","engineFrames":287,"error":0,"label":"frame-000116","renderer":"llvmpipe (LLVM 20.1.8, 256 bits)","ticksMs":27230,"vehicle":{"altitude":0.0,"driver":0.0,"flight":false,"gunner":null,"health":300.0,"heat":0.0,"id":0.0,"kind":"puma","maxHealth":300.0,"overheated":false,"passengers":[],"pitchBody":-0.012,"respawnTimer":0.0,"roll":0.0,"turretYaw":0.0,"vx":4.906,"vy":0.0,"vz":6.001,"x":135.961,"y":0.0,"yaw":0.685,"z":-36.048},"viewport":"(1280.0, 800.0)"}
STORMGLASS_NATIVE_CAPTURE {"camera":"(129.8999, 4.982926, -43.46705)","engineFrames":288,"error":0,"label":"frame-000117","renderer":"llvmpipe (LLVM 20.1.8, 256 bits)","ticksMs":27366,"vehicle":{"altitude":0.0,"driver":0.0,"flight":false,"gunner":null,"health":300.0,"heat":0.0,"id":0.0,"kind":"puma","maxHealth":300.0,"overheated":false,"passengers":[],"pitchBody":0.037,"respawnTimer":0.0,"roll":0.0,"turretYaw":0.0,"vx":5.757,"vy":0.0,"vz":7.04,"x":136.84,"y":0.0,"yaw":0.686,"z":-34.973},"viewport":"(1280.0, 800.0)"}
STORMGLASS_NATIVE_CAPTURE {"camera":"(130.7646, 4.94353, -42.40034)","engineFrames":289,"error":0,"label":"frame-000118","renderer":"llvmpipe (LLVM 20.1.8, 256 bits)","ticksMs":27507,"vehicle":{"altitude":0.0,"driver":0.0,"flight":false,"gunner":null,"health":300.0,"heat":0.0,"id":0.0,"kind":"puma","maxHealth":300.0,"overheated":false,"passengers":[],"pitchBody":0.002,"respawnTimer":0.0,"roll":0.0,"turretYaw":0.0,"vx":5.522,"vy":0.0,"vz":6.752,"x":137.59,"y":0.0,"yaw":0.686,"z":-34.056},"viewport":"(1280.0, 800.0)"}
STORMGLASS_NATIVE_CAPTURE {"camera":"(131.5156, 4.954359, -41.47868)","engineFrames":290,"error":0,"label":"frame-000119","renderer":"llvmpipe (LLVM 20.1.8, 256 bits)","ticksMs":27642,"vehicle":{"altitude":0.0,"driver":0.0,"flight":false,"gunner":null,"health":300.0,"heat":0.0,"id":0.0,"kind":"puma","maxHealth":300.0,"overheated":false,"passengers":[],"pitchBody":-0.009,"respawnTimer":0.0,"roll":0.0,"turretYaw":0.0,"vx":5.305,"vy":0.0,"vz":6.486,"x":138.309,"y":0.0,"yaw":0.686,"z":-33.176},"viewport":"(1280.0, 800.0)"}
STORMGLASS_NATIVE_CAPTURE {"camera":"(132.2366, 4.964316, -40.59528)","engineFrames":291,"error":0,"label":"frame-000120","renderer":"llvmpipe (LLVM 20.1.8, 256 bits)","ticksMs":27780,"vehicle":{"altitude":0.0,"driver":0.0,"flight":false,"gunner":null,"health":300.0,"heat":0.0,"id":0.0,"kind":"puma","maxHealth":300.0,"overheated":false,"passengers":[],"pitchBody":-0.013,"respawnTimer":0.0,"roll":0.0,"turretYaw":0.0,"vx":5.105,"vy":0.0,"vz":6.24,"x":139.002,"y":0.0,"yaw":0.686,"z":-32.33},"viewport":"(1280.0, 800.0)"}
STORMGLASS_NATIVE_CAPTURE {"camera":"(132.9312, 4.973297, -39.74608)","engineFrames":292,"error":0,"label":"frame-000121","renderer":"llvmpipe (LLVM 20.1.8, 256 bits)","ticksMs":27918,"vehicle":{"altitude":0.0,"driver":0.0,"flight":false,"gunner":null,"health":300.0,"heat":0.0,"id":0.0,"kind":"puma","maxHealth":300.0,"overheated":false,"passengers":[],"pitchBody":-0.013,"respawnTimer":0.0,"roll":0.0,"turretYaw":0.0,"vx":4.875,"vy":0.0,"vz":5.959,"x":139.831,"y":0.0,"yaw":0.686,"z":-31.316},"viewport":"(1280.0, 800.0)"}
STORMGLASS_NATIVE_CAPTURE {"camera":"(133.7545, 4.949737, -38.73933)","engineFrames":293,"error":0,"label":"frame-000122","renderer":"llvmpipe (LLVM 20.1.8, 256 bits)","ticksMs":28055,"vehicle":{"altitude":0.0,"driver":0.0,"flight":false,"gunner":null,"health":300.0,"heat":0.0,"id":0.0,"kind":"puma","maxHealth":300.0,"overheated":false,"passengers":[],"pitchBody":0.037,"respawnTimer":0.0,"roll":0.0,"turretYaw":0.0,"vx":5.769,"vy":0.0,"vz":7.051,"x":140.549,"y":0.0,"yaw":0.686,"z":-30.439},"viewport":"(1280.0, 800.0)"}
STORMGLASS_NATIVE_CAPTURE {"camera":"(134.4756, 4.962992, -37.85814)","engineFrames":294,"error":0,"label":"frame-000123","renderer":"llvmpipe (LLVM 20.1.8, 256 bits)","ticksMs":28197,"vehicle":{"altitude":0.0,"driver":0.0,"flight":false,"gunner":null,"health":300.0,"heat":0.0,"id":0.0,"kind":"puma","maxHealth":300.0,"overheated":false,"passengers":[],"pitchBody":0.005,"respawnTimer":0.0,"roll":0.012,"turretYaw":0.0,"vx":5.633,"vy":0.0,"vz":6.94,"x":141.317,"y":0.0,"yaw":0.673,"z":-29.498},"viewport":"(1280.0, 800.0)"}
STORMGLASS_NATIVE_CAPTURE {"camera":"(135.2997, 4.957812, -36.96535)","engineFrames":295,"error":0,"label":"frame-000124","renderer":"llvmpipe (LLVM 20.1.8, 256 bits)","ticksMs":28339,"vehicle":{"altitude":0.0,"driver":0.0,"flight":false,"gunner":null,"health":300.0,"heat":0.0,"id":0.0,"kind":"puma","maxHealth":300.0,"overheated":false,"passengers":[],"pitchBody":-0.011,"respawnTimer":0.0,"roll":0.039,"turretYaw":0.0,"vx":5.185,"vy":0.0,"vz":6.722,"x":142.217,"y":0.0,"yaw":0.628,"z":-28.364},"viewport":"(1280.0, 800.0)"}
STORMGLASS_NATIVE_CAPTURE {"camera":"(136.4174, 4.928124, -36.01622)","engineFrames":296,"error":0,"label":"frame-000125","renderer":"llvmpipe (LLVM 20.1.8, 256 bits)","ticksMs":28486,"vehicle":{"altitude":0.0,"driver":0.0,"flight":false,"gunner":null,"health":300.0,"heat":0.0,"id":0.0,"kind":"puma","maxHealth":300.0,"overheated":false,"passengers":[],"pitchBody":-0.014,"respawnTimer":0.0,"roll":0.057,"turretYaw":0.0,"vx":4.725,"vy":0.0,"vz":6.645,"x":142.875,"y":0.0,"yaw":0.573,"z":-27.474},"viewport":"(1280.0, 800.0)"}
STORMGLASS_NATIVE_CAPTURE {"camera":"(137.4338, 4.960579, -35.36967)","engineFrames":297,"error":0,"label":"frame-000126","renderer":"llvmpipe (LLVM 20.1.8, 256 bits)","ticksMs":28637,"vehicle":{"altitude":0.0,"driver":0.0,"flight":false,"gunner":null,"health":300.0,"heat":0.0,"id":0.0,"kind":"puma","maxHealth":300.0,"overheated":false,"passengers":[],"pitchBody":-0.014,"respawnTimer":0.0,"roll":0.065,"turretYaw":0.0,"vx":4.088,"vy":0.0,"vz":6.596,"x":143.604,"y":0.0,"yaw":0.502,"z":-26.371},"viewport":"(1280.0, 800.0)"}
STORMGLASS_NATIVE_CAPTURE {"camera":"(138.6469, 4.947474, -34.58526)","engineFrames":298,"error":0,"label":"frame-000127","renderer":"llvmpipe (LLVM 20.1.8, 256 bits)","ticksMs":28788,"vehicle":{"altitude":0.0,"driver":0.0,"flight":false,"gunner":null,"health":300.0,"heat":0.0,"id":0.0,"kind":"puma","maxHealth":300.0,"overheated":false,"passengers":[],"pitchBody":0.034,"respawnTimer":0.0,"roll":0.072,"turretYaw":0.0,"vx":4.307,"vy":0.0,"vz":7.99,"x":144.167,"y":0.0,"yaw":0.444,"z":-25.387},"viewport":"(1280.0, 800.0)"}
STORMGLASS_NATIVE_CAPTURE {"camera":"(139.7101, 4.965838, -33.87488)","engineFrames":299,"error":0,"label":"frame-000128","renderer":"llvmpipe (LLVM 20.1.8, 256 bits)","ticksMs":28940,"vehicle":{"altitude":0.0,"driver":0.0,"flight":false,"gunner":null,"health":300.0,"heat":0.0,"id":0.0,"kind":"puma","maxHealth":300.0,"overheated":false,"passengers":[],"pitchBody":-0.002,"respawnTimer":0.0,"roll":0.082,"turretYaw":0.0,"vx":3.604,"vy":0.0,"vz":8.002,"x":144.828,"y":0.0,"yaw":0.365,"z":-24.04},"viewport":"(1280.0, 800.0)"}
STORMGLASS_NATIVE_CAPTURE {"camera":"(140.975, 4.928893, -32.8343)","engineFrames":300,"error":0,"label":"frame-000129","renderer":"llvmpipe (LLVM 20.1.8, 256 bits)","ticksMs":29093,"vehicle":{"altitude":0.0,"driver":0.0,"flight":false,"gunner":null,"health":300.0,"heat":0.0,"id":0.0,"kind":"puma","maxHealth":300.0,"overheated":false,"passengers":[],"pitchBody":0.037,"respawnTimer":0.0,"roll":0.083,"turretYaw":0.0,"vx":3.416,"vy":0.0,"vz":9.517,"x":145.408,"y":0.0,"yaw":0.293,"z":-22.58},"viewport":"(1280.0, 800.0)"}
STORMGLASS_NATIVE_CAPTURE {"camera":"(142.192, 4.907002, -31.63569)","engineFrames":301,"error":0,"label":"frame-000130","renderer":"llvmpipe (LLVM 20.1.8, 256 bits)","ticksMs":29249,"vehicle":{"altitude":0.0,"driver":0.0,"flight":false,"gunner":null,"health":300.0,"heat":0.0,"id":0.0,"kind":"puma","maxHealth":300.0,"overheated":false,"passengers":[],"pitchBody":0.046,"respawnTimer":0.0,"roll":0.091,"turretYaw":0.0,"vx":3.102,"vy":0.0,"vz":11.079,"x":145.952,"y":0.0,"yaw":0.223,"z":-20.848},"viewport":"(1280.0, 800.0)"}
STORMGLASS_NATIVE_CAPTURE {"camera":"(143.3781, 4.869555, -30.12159)","engineFrames":302,"error":0,"label":"frame-000131","renderer":"llvmpipe (LLVM 20.1.8, 256 bits)","ticksMs":29406,"vehicle":{"altitude":0.0,"driver":0.0,"flight":false,"gunner":null,"health":300.0,"heat":0.0,"id":0.0,"kind":"puma","maxHealth":300.0,"overheated":false,"passengers":[],"pitchBody":0.045,"respawnTimer":0.0,"roll":0.091,"turretYaw":0.0,"vx":2.722,"vy":0.0,"vz":12.214,"x":146.338,"y":0.0,"yaw":0.174,"z":-19.284},"viewport":"(1280.0, 800.0)"}
STORMGLASS_NATIVE_CAPTURE {"camera":"(144.3046, 4.878904, -28.68724)","engineFrames":303,"error":0,"label":"frame-000132","renderer":"llvmpipe (LLVM 20.1.8, 256 bits)","ticksMs":29563,"vehicle":{"altitude":0.0,"driver":0.0,"flight":false,"gunner":null,"health":300.0,"heat":0.0,"id":0.0,"kind":"puma","maxHealth":300.0,"overheated":false,"passengers":[],"pitchBody":0.042,"respawnTimer":0.0,"roll":0.077,"turretYaw":0.0,"vx":2.214,"vy":0.0,"vz":13.466,"x":146.744,"y":0.0,"yaw":0.128,"z":-17.131},"viewport":"(1280.0, 800.0)"}
STORMGLASS_NATIVE_CAPTURE {"camera":"(145.182, 4.812888, -26.64926)","engineFrames":304,"error":0,"label":"frame-000133","renderer":"llvmpipe (LLVM 20.1.8, 256 bits)","ticksMs":29721,"vehicle":{"altitude":0.0,"driver":0.0,"flight":false,"gunner":null,"health":300.0,"heat":0.0,"id":0.0,"kind":"puma","maxHealth":300.0,"overheated":false,"passengers":[],"pitchBody":0.037,"respawnTimer":0.0,"roll":0.055,"turretYaw":0.0,"vx":1.791,"vy":0.0,"vz":14.528,"x":147.072,"y":0.0,"yaw":0.099,"z":-14.787},"viewport":"(1280.0, 800.0)"}
STORMGLASS_NATIVE_CAPTURE {"camera":"(145.8694, 4.768137, -24.37408)","engineFrames":305,"error":0,"label":"frame-000134","renderer":"llvmpipe (LLVM 20.1.8, 256 bits)","ticksMs":29875,"vehicle":{"altitude":0.0,"driver":0.0,"flight":false,"gunner":null,"health":300.0,"heat":0.0,"id":0.0,"kind":"puma","maxHealth":300.0,"overheated":false,"passengers":[],"pitchBody":-0.018,"respawnTimer":0.0,"roll":0.026,"turretYaw":0.0,"vx":1.372,"vy":0.0,"vz":13.59,"x":147.329,"y":0.0,"yaw":0.09,"z":-12.437},"viewport":"(1280.0, 800.0)"}
STORMGLASS_NATIVE_CAPTURE {"camera":"(146.3267, 4.751711, -22.05317)","engineFrames":306,"error":0,"label":"frame-000135","renderer":"llvmpipe (LLVM 20.1.8, 256 bits)","ticksMs":30034,"vehicle":{"altitude":0.0,"driver":0.0,"flight":false,"gunner":null,"health":300.0,"heat":0.0,"id":0.0,"kind":"puma","maxHealth":300.0,"overheated":false,"passengers":[],"pitchBody":0.019,"respawnTimer":0.0,"roll":-0.002,"turretYaw":0.0,"vx":1.363,"vy":0.0,"vz":14.413,"x":147.552,"y":0.0,"yaw":0.096,"z":-10.111},"viewport":"(1280.0, 800.0)"}
STORMGLASS_NATIVE_CAPTURE {"camera":"(146.5989, 4.748652, -19.7333)","engineFrames":307,"error":0,"label":"frame-000136","renderer":"llvmpipe (LLVM 20.1.8, 256 bits)","ticksMs":30191,"vehicle":{"altitude":0.0,"driver":0.0,"flight":false,"gunner":null,"health":300.0,"heat":0.0,"id":0.0,"kind":"puma","maxHealth":300.0,"overheated":false,"passengers":[],"pitchBody":-0.022,"respawnTimer":0.0,"roll":-0.018,"turretYaw":0.0,"vx":1.363,"vy":0.0,"vz":13.459,"x":147.779,"y":0.0,"yaw":0.11,"z":-7.782},"viewport":"(1280.0, 800.0)"}
STORMGLASS_NATIVE_CAPTURE {"camera":"(146.7661, 4.74722, -17.39872)","engineFrames":308,"error":0,"label":"frame-000137","renderer":"llvmpipe (LLVM 20.1.8, 256 bits)","ticksMs":30345,"vehicle":{"altitude":0.0,"driver":0.0,"flight":false,"gunner":null,"health":300.0,"heat":0.0,"id":0.0,"kind":"puma","maxHealth":300.0,"overheated":false,"passengers":[],"pitchBody":0.021,"respawnTimer":0.0,"roll":-0.027,"turretYaw":0.0,"vx":1.674,"vy":0.0,"vz":14.455,"x":148.034,"y":0.0,"yaw":0.127,"z":-5.445},"viewport":"(1280.0, 800.0)"}
STORMGLASS_NATIVE_CAPTURE {"camera":"(146.8987, 4.745609, -15.04863)","engineFrames":309,"error":0,"label":"frame-000138","renderer":"llvmpipe (LLVM 20.1.8, 256 bits)","ticksMs":30501,"vehicle":{"altitude":0.0,"driver":0.0,"flight":false,"gunner":null,"health":300.0,"heat":0.0,"id":0.0,"kind":"puma","maxHealth":300.0,"overheated":false,"passengers":[],"pitchBody":-0.024,"respawnTimer":0.0,"roll":-0.024,"turretYaw":0.0,"vx":1.737,"vy":0.0,"vz":13.29,"x":148.319,"y":0.0,"yaw":0.141,"z":-3.145},"viewport":"(1280.0, 800.0)"}
STORMGLASS_NATIVE_CAPTURE {"camera":"(147.0532, 4.748847, -12.73111)","engineFrames":310,"error":0,"label":"frame-000139","renderer":"llvmpipe (LLVM 20.1.8, 256 bits)","ticksMs":30652,"vehicle":{"altitude":0.0,"driver":0.0,"flight":false,"gunner":null,"health":300.0,"heat":0.0,"id":0.0,"kind":"puma","maxHealth":300.0,"overheated":false,"passengers":[],"pitchBody":0.016,"respawnTimer":0.0,"roll":-0.021,"turretYaw":0.0,"vx":2.006,"vy":0.0,"vz":14.109,"x":148.571,"y":0.0,"yaw":0.15,"z":-1.311},"viewport":"(1280.0, 800.0)"}
STORMGLASS_NATIVE_CAPTURE {"camera":"(147.2019, 4.803813, -10.86234)","engineFrames":311,"error":0,"label":"frame-000140","renderer":"llvmpipe (LLVM 20.1.8, 256 bits)","ticksMs":30805,"vehicle":{"altitude":0.0,"driver":0.0,"flight":false,"gunner":null,"health":300.0,"heat":0.0,"id":0.0,"kind":"puma","maxHealth":300.0,"overheated":false,"passengers":[],"pitchBody":-0.022,"respawnTimer":0.0,"roll":-0.014,"turretYaw":0.0,"vx":2.007,"vy":0.0,"vz":13.184,"x":148.908,"y":0.0,"yaw":0.157,"z":0.97},"viewport":"(1280.0, 800.0)"}
STORMGLASS_NATIVE_CAPTURE {"camera":"(147.4548, 4.770596, -8.581393)","engineFrames":312,"error":0,"label":"frame-000141","renderer":"llvmpipe (LLVM 20.1.8, 256 bits)","ticksMs":30968,"vehicle":{"altitude":0.0,"driver":0.0,"flight":false,"gunner":null,"health":300.0,"heat":0.0,"id":0.0,"kind":"puma","maxHealth":300.0,"overheated":false,"passengers":[],"pitchBody":0.019,"respawnTimer":0.0,"roll":-0.008,"turretYaw":0.0,"vx":2.233,"vy":0.0,"vz":14.026,"x":149.262,"y":0.0,"yaw":0.161,"z":3.23},"viewport":"(1280.0, 800.0)"}
STORMGLASS_NATIVE_CAPTURE {"camera":"(147.7508, 4.760922, -6.316005)","engineFrames":313,"error":0,"label":"frame-000142","renderer":"llvmpipe (LLVM 20.1.8, 256 bits)","ticksMs":31122,"vehicle":{"altitude":0.0,"driver":0.0,"flight":false,"gunner":null,"health":300.0,"heat":0.0,"id":0.0,"kind":"puma","maxHealth":300.0,"overheated":false,"passengers":[],"pitchBody":-0.023,"respawnTimer":0.0,"roll":-0.004,"turretYaw":0.0,"vx":2.101,"vy":0.0,"vz":12.938,"x":149.622,"y":0.0,"yaw":0.163,"z":5.466},"viewport":"(1280.0, 800.0)"}
STORMGLASS_NATIVE_CAPTURE {"camera":"(148.0764, 4.760091, -4.074798)","engineFrames":314,"error":0,"label":"frame-000143","renderer":"llvmpipe (LLVM 20.1.8, 256 bits)","ticksMs":31276,"vehicle":{"altitude":0.0,"driver":0.0,"flight":false,"gunner":null,"health":300.0,"heat":0.0,"id":0.0,"kind":"puma","maxHealth":300.0,"overheated":false,"passengers":[],"pitchBody":0.022,"respawnTimer":0.0,"roll":0.0,"turretYaw":0.0,"vx":2.287,"vy":0.0,"vz":14.011,"x":149.99,"y":0.0,"yaw":0.162,"z":7.722},"viewport":"(1280.0, 800.0)"}
STORMGLASS_NATIVE_CAPTURE {"camera":"(148.4359, 4.757382, -1.818422)","engineFrames":315,"error":0,"label":"frame-000144","renderer":"llvmpipe (LLVM 20.1.8, 256 bits)","ticksMs":31432,"vehicle":{"altitude":0.0,"driver":0.0,"flight":false,"gunner":null,"health":300.0,"heat":0.0,"id":0.0,"kind":"puma","maxHealth":300.0,"overheated":false,"passengers":[],"pitchBody":0.03,"respawnTimer":0.0,"roll":0.003,"turretYaw":0.0,"vx":2.396,"vy":0.0,"vz":14.753,"x":150.304,"y":0.0,"yaw":0.16,"z":9.647},"viewport":"(1280.0, 800.0)"}
STORMGLASS_NATIVE_CAPTURE {"camera":"(148.76, 4.795135, 0.119085)","engineFrames":316,"error":0,"label":"frame-000145","renderer":"llvmpipe (LLVM 20.1.8, 256 bits)","ticksMs":31594,"vehicle":{"altitude":0.0,"driver":0.0,"flight":false,"gunner":null,"health":300.0,"heat":0.0,"id":0.0,"kind":"puma","maxHealth":300.0,"overheated":false,"passengers":[],"pitchBody":-0.022,"respawnTimer":0.0,"roll":0.004,"turretYaw":0.0,"vx":2.206,"vy":0.0,"vz":13.749,"x":150.688,"y":0.0,"yaw":0.157,"z":12.027},"viewport":"(1280.0, 800.0)"}
STORMGLASS_NATIVE_CAPTURE {"camera":"(149.1618, 4.755478, 2.481355)","engineFrames":317,"error":0,"label":"frame-000146","renderer":"llvmpipe (LLVM 20.1.8, 256 bits)","ticksMs":31752,"vehicle":{"altitude":0.0,"driver":0.0,"flight":false,"gunner":null,"health":300.0,"heat":0.0,"id":0.0,"kind":"puma","maxHealth":300.0,"overheated":false,"passengers":[],"pitchBody":-0.033,"respawnTimer":0.0,"roll":0.004,"turretYaw":0.0,"vx":2.011,"vy":0.0,"vz":12.713,"x":151.037,"y":0.0,"yaw":0.155,"z":14.222},"viewport":"(1280.0, 800.0)"}
STORMGLASS_NATIVE_CAPTURE {"camera":"(149.531, 4.762999, 4.675947)","engineFrames":318,"error":0,"label":"frame-000147","renderer":"llvmpipe (LLVM 20.1.8, 256 bits)","ticksMs":31906,"vehicle":{"altitude":0.0,"driver":0.0,"flight":false,"gunner":null,"health":300.0,"heat":0.0,"id":0.0,"kind":"puma","maxHealth":300.0,"overheated":false,"passengers":[],"pitchBody":0.018,"respawnTimer":0.0,"roll":0.003,"turretYaw":0.0,"vx":2.126,"vy":0.0,"vz":13.641,"x":151.381,"y":0.0,"yaw":0.153,"z":16.412},"viewport":"(1280.0, 800.0)"}
STORMGLASS_NATIVE_CAPTURE {"camera":"(149.8945, 4.766311, 6.864139)","engineFrames":319,"error":0,"label":"frame-000148","renderer":"llvmpipe (LLVM 20.1.8, 256 bits)","ticksMs":32059,"vehicle":{"altitude":0.0,"driver":0.0,"flight":false,"gunner":null,"health":300.0,"heat":0.0,"id":0.0,"kind":"puma","maxHealth":300.0,"overheated":false,"passengers":[],"pitchBody":0.03,"respawnTimer":0.0,"roll":0.002,"turretYaw":0.0,"vx":2.254,"vy":0.0,"vz":14.616,"x":151.747,"y":0.0,"yaw":0.152,"z":18.777},"viewport":"(1280.0, 800.0)"}
STORMGLASS_NATIVE_CAPTURE {"camera":"(150.2733, 4.747343, 9.220085)","engineFrames":320,"error":0,"label":"frame-000149","renderer":"llvmpipe (LLVM 20.1.8, 256 bits)","ticksMs":32215,"vehicle":{"altitude":0.0,"driver":0.0,"flight":false,"gunner":null,"health":300.0,"heat":0.0,"id":0.0,"kind":"puma","maxHealth":300.0,"overheated":false,"passengers":[],"pitchBody":-0.075,"respawnTimer":0.0,"roll":0.001,"turretYaw":0.0,"vx":1.628,"vy":0.0,"vz":10.563,"x":152.07,"y":0.0,"yaw":0.151,"z":20.875},"viewport":"(1280.0, 800.0)"}
STORMGLASS_NATIVE_CAPTURE {"camera":"(150.6087, 4.771598, 11.32522)","engineFrames":321,"error":0,"label":"frame-000150","renderer":"llvmpipe (LLVM 20.1.8, 256 bits)","ticksMs":32369,"vehicle":{"altitude":0.0,"driver":0.0,"flight":false,"gunner":null,"health":300.0,"heat":0.0,"id":0.0,"kind":"puma","maxHealth":300.0,"overheated":false,"passengers":[],"pitchBody":-0.108,"respawnTimer":0.0,"roll":0.0,"turretYaw":0.0,"vx":1.002,"vy":0.0,"vz":6.484,"x":152.283,"y":0.0,"yaw":0.151,"z":22.256},"viewport":"(1280.0, 800.0)"}
STORMGLASS_NATIVE_CAPTURE {"camera":"(150.8311, 4.865848, 12.74056)","engineFrames":322,"error":0,"label":"frame-000151","renderer":"llvmpipe (LLVM 20.1.8, 256 bits)","ticksMs":32523,"vehicle":{"altitude":0.0,"driver":0.0,"flight":false,"gunner":null,"health":300.0,"heat":0.0,"id":0.0,"kind":"puma","maxHealth":300.0,"overheated":false,"passengers":[],"pitchBody":0.007,"respawnTimer":0.0,"roll":0.0,"turretYaw":0.0,"vx":1.217,"vy":0.0,"vz":7.961,"x":152.433,"y":0.0,"yaw":0.151,"z":23.233},"viewport":"(1280.0, 800.0)"}
STORMGLASS_NATIVE_CAPTURE {"camera":"(150.988, 4.950336, 13.74949)","engineFrames":323,"error":0,"label":"frame-000152","renderer":"llvmpipe (LLVM 20.1.8, 256 bits)","ticksMs":32672,"vehicle":{"altitude":0.0,"driver":0.0,"flight":false,"gunner":null,"health":300.0,"heat":0.0,"id":0.0,"kind":"puma","maxHealth":300.0,"overheated":false,"passengers":[],"pitchBody":-0.005,"respawnTimer":0.0,"roll":0.0,"turretYaw":0.0,"vx":1.189,"vy":0.0,"vz":7.8,"x":152.636,"y":0.0,"yaw":0.151,"z":24.56},"viewport":"(1280.0, 800.0)"}
STORMGLASS_NATIVE_CAPTURE {"camera":"(151.1911, 4.937354, 15.07135)","engineFrames":324,"error":0,"label":"frame-000153","renderer":"llvmpipe (LLVM 20.1.8, 256 bits)","ticksMs":32828,"vehicle":{"altitude":0.0,"driver":0.0,"flight":false,"gunner":null,"health":300.0,"heat":0.0,"id":0.0,"kind":"puma","maxHealth":300.0,"overheated":false,"passengers":[],"pitchBody":0.042,"respawnTimer":0.0,"roll":0.0,"turretYaw":0.0,"vx":1.418,"vy":0.0,"vz":9.313,"x":152.853,"y":0.0,"yaw":0.151,"z":25.985},"viewport":"(1280.0, 800.0)"}
STORMGLASS_NATIVE_CAPTURE {"camera":"(151.4078, 4.920512, 16.48979)","engineFrames":325,"error":0,"label":"frame-000154","renderer":"llvmpipe (LLVM 20.1.8, 256 bits)","ticksMs":32981,"vehicle":{"altitude":0.0,"driver":0.0,"flight":false,"gunner":null,"health":300.0,"heat":0.0,"id":0.0,"kind":"puma","maxHealth":300.0,"overheated":false,"passengers":[],"pitchBody":-0.002,"respawnTimer":0.0,"roll":0.0,"turretYaw":0.0,"vx":1.345,"vy":0.0,"vz":8.825,"x":153.082,"y":0.0,"yaw":0.151,"z":27.492},"viewport":"(1280.0, 800.0)"}
STORMGLASS_NATIVE_CAPTURE {"camera":"(-136.4083, 4.996076, -123.3458)","engineFrames":1471,"error":0,"label":"results","renderer":"llvmpipe (LLVM 20.1.8, 256 bits)","ticksMs":106442,"vehicle":{"altitude":0.0,"driver":0.0,"flight":false,"gunner":null,"health":300.0,"heat":0.0,"id":0.0,"kind":"puma","maxHealth":300.0,"overheated":false,"passengers":[],"pitchBody":-0.00006918045842941,"respawnTimer":0.0,"roll":0.172116837961465,"turretYaw":0.0,"vx":5.94942809016163,"vy":0.0,"vz":-5.77201666015662,"x":-129.206912391321,"y":0.0,"yaw":-4.07330030624601,"z":-128.908675499412},"viewport":"(1280.0, 800.0)"}
CANDIDATE_RESULTS {"ack":1448,"hash":"6afb8a36ee954ff9457a5522a7412c809191fb070eb7fe9eda4d379753acce48","mode":"puma-race","role":"host","sent":1396,"state":{"actors":[{"active":0.0,"activeSpeedMultiplier":1.0,"ads":false,"alt":false,"ammo":[0.0,0.0,0.0,0.0,0.0,0.0,0.0,0.0,0.0,0.0],"armor":0.0,"attachments":{"behaviors":[],"items":[],"modifiers":{"bloomMax":1.0,"bloomPerShot":1.0,"burst":0.0,"cap":0.0,"damage":1.0,"interval":1.0,"pellets":0.0,"range":1.0,"recoilKick":1.0,"reload":1.0,"spread":1.0},"visual":{"barrel":"stock","magazine":"stock","optic":"none","underbarrel":"none"}},"baseHeight":1.8,"bodyYaw":-2.31899817846542,"bot":null,"botScan":44.0,"braceKnockbackScale":1.0,"braceMitigation":0.0,"braceTimer":0.0,"burst":0.0,"burstLeft":0.0,"burstTimer":0.0,"carrySpeedMultiplier":1.0,"carryingFlag":false,"character":"chatgpt","cooldown":0.0,"cooldownMultiplier":1.0,"coyote":0.0,"crouching":false,"damageMultiplier":1.0,"dead":0.0,"deaths":0.0,"eyeHeight":1.45,"finish":null,"firingThisTick":false,"frags":0.0,"gear":{"armor":0.0,"damage":1.0,"health":0.0,"speed":1.0,"spread":1.0},"gearDamage":1.0,"gearSpeed":1.0,"gearSpread":1.0,"glideSteer":0.0,"grenadeCooldown":0.0,"grounded":true,"harness":"openclaw","health":100.0,"hitScale":1.0,"holsterSkip":0.0,"id":0.0,"inputCrouch":false,"inputJump":false,"inputMobility":false,"juggernaut":false,"juggernautDamage":1.0,"juggernautShield":0.0,"jumpBuffer":0.0,"jumpCutArmed":false,"jumpHeld":false,"ladder":0.0,"lastValid":{"x":-128.928194718956,"y":0.2,"z":-128.617442844802},"maxHealth":100.0,"melee":0.0,"moveSpeed":8.6,"movement":{"activeTime":0.0,"anchor":null,"chains":0.0,"charges":0.0,"cooldown":0.0,"enabled":false,"fuel":0.0,"fuelRecharge":0.0,"grapple":null,"grappleLanding":null,"landingArmed":false,"maxCharges":0.0,"maxFuel":0.0,"miss":0.0,"phase":"ready","recovery":0.0,"v":1.0,"verb":"grapple","windup":0.0},"movementLanded":false,"name":"Godot","pitch":0.0,"powerups":{},"protection":1.5,"punchPitch":0.0,"punchVelPitch":0.0,"punchVelYaw":0.0,"punchYaw":0.0,"reloadDuration":0.0,"reloadTimer":0.0,"reloadWeapon":-1.0,"reloading":false,"riderSpeedBonus":0.0,"riderSpeedTimer":0.0,"scoreStats":{"captures":0.0,"damage":0.0,"flagDrops":0.0,"flagPickups":0.0,"flagReturns":0.0,"hits":0.0,"objectiveCaptures":0.0,"objectiveContests":0.0,"objectiveNeutralizations":0.0,"objectiveTime":0.0,"shots":0.0},"shotWait":0.25,"shots":0.0,"slideCooldown":0.0,"slideTimer":0.0,"sliding":false,"slow":0.0,"slowMultiplier":0.55,"spawnArmor":5.0,"speedMultiplier":1.0,"spread":0.0,"sprinting":false,"streak":0.0,"temporaryShield":0.0,"threatPing":0.0,"traversalCooldown":0.0,"traversalEvent":null,"traversalFlight":false,"traversalPad":null,"traversalTarget":null,"upgradeBase":-1.0,"upgradeTimer":0.0,"upgradeWeapon":null,"vehicleId":0.0,"vehicleSeat":"driver","vehicleSeatIndex":0.0,"verbState":{"active":false,"open":false,"shotsLeft":0.0,"verb":"adaptive","windowIn":0.0},"vx":5.94942809016163,"vy":0.0,"vz":-5.77201666015662,"weapon":0.0,"weaponSwitch":0.0,"x":-128.928194718956,"y":0.2,"yaw":-7.13432158996379,"z":-128.617442844802,"zipRide":null},{"active":0.0,"activeSpeedMultiplier":1.0,"ads":false,"alt":false,"ammo":[0.0,0.0,0.0,0.0,0.0,0.0,0.0,0.0,0.0,0.0],"armor":0.0,"attachments":{"behaviors":[],"items":[],"modifiers":{"bloomMax":1.0,"bloomPerShot":1.0,"burst":0.0,"cap":0.0,"damage":1.0,"interval":1.0,"pellets":0.0,"range":1.0,"recoilKick":1.0,"reload":1.0,"spread":1.0},"visual":{"barrel":"stock","magazine":"stock","optic":"none","underbarrel":"none"}},"baseHeight":1.8,"bodyYaw":-2.27060347399642,"bot":null,"botScan":44.0,"braceKnockbackScale":1.0,"braceMitigation":0.0,"braceTimer":0.0,"burst":0.0,"burstLeft":0.0,"burstTimer":0.0,"carrySpeedMultiplier":1.0,"carryingFlag":false,"character":"chatgpt","cooldown":0.0,"cooldownMultiplier":1.0,"coyote":0.0,"crouching":false,"damageMultiplier":1.0,"dead":0.0,"deaths":0.0,"eyeHeight":1.45,"finish":null,"firingThisTick":false,"frags":0.0,"gear":{"armor":0.0,"damage":1.0,"health":0.0,"speed":1.0,"spread":1.0},"gearDamage":1.0,"gearSpeed":1.0,"gearSpread":1.0,"glideSteer":0.0,"grenadeCooldown":0.0,"grounded":true,"harness":"openclaw","health":100.0,"hitScale":1.0,"holsterSkip":0.0,"id":1.0,"inputCrouch":false,"inputJump":false,"inputMobility":false,"juggernaut":false,"juggernautDamage":1.0,"juggernautShield":0.0,"jumpBuffer":0.0,"jumpCutArmed":false,"jumpHeld":false,"ladder":0.0,"lastValid":{"x":-132.368232099293,"y":0.2,"z":-121.374167029215},"maxHealth":100.0,"melee":0.0,"moveSpeed":8.6,"movement":{"activeTime":0.0,"anchor":null,"chains":0.0,"charges":0.0,"cooldown":0.0,"enabled":false,"fuel":0.0,"fuelRecharge":0.0,"grapple":null,"grappleLanding":null,"landingArmed":false,"maxCharges":0.0,"maxFuel":0.0,"miss":0.0,"phase":"ready","recovery":0.0,"v":1.0,"verb":"grapple","windup":0.0},"movementLanded":false,"name":"Godot guest","pitch":0.0,"powerups":{},"protection":1.5,"punchPitch":0.0,"punchVelPitch":0.0,"punchVelYaw":0.0,"punchYaw":0.0,"reloadDuration":0.0,"reloadTimer":0.0,"reloadWeapon":-1.0,"reloading":false,"riderSpeedBonus":0.0,"riderSpeedTimer":0.0,"scoreStats":{"captures":0.0,"damage":0.0,"flagDrops":0.0,"flagPickups":0.0,"flagReturns":0.0,"hits":0.0,"objectiveCaptures":0.0,"objectiveContests":0.0,"objectiveNeutralizations":0.0,"objectiveTime":0.0,"shots":0.0},"shotWait":0.25,"shots":0.0,"slideCooldown":0.0,"slideTimer":0.0,"sliding":false,"slow":0.0,"slowMultiplier":0.55,"spawnArmor":5.0,"speedMultiplier":1.0,"spread":0.0,"sprinting":false,"streak":0.0,"temporaryShield":0.0,"threatPing":0.0,"traversalCooldown":0.0,"traversalEvent":null,"traversalFlight":false,"traversalPad":null,"traversalTarget":null,"upgradeBase":-1.0,"upgradeTimer":0.0,"upgradeWeapon":null,"vehicleId":1.0,"vehicleSeat":"driver","vehicleSeatIndex":0.0,"verbState":{"active":false,"open":false,"shotsLeft":0.0,"verb":"adaptive","windowIn":0.0},"vx":2.49555419491407,"vy":0.0,"vz":-8.19312589501404,"weapon":0.0,"weaponSwitch":0.0,"x":-132.368232099293,"y":0.2,"yaw":-6.58035518359111,"z":-121.374167029215,"zipRide":null}],"config":{"berserk":false,"bigHead":false,"botCount":0.0,"bounty":false,"checkpoint":null,"damage":1.0,"difficulty":"easy","endless":false,"fastPowers":false,"fragLimit":1.0,"gravity":1.0,"instagib":false,"lifeSteal":false,"loadout":null,"mirrorLoadout":false,"mission":"convoy-run","mode":"puma-race","mutators":[],"noRecoil":false,"oneShot":false,"playerName":"","randomLoadout":false,"respawn":2.0,"speed":1.0,"startingWeapon":0.0,"suddenDeath":false,"timeLimit":900.0,"unlimitedAmmo":false},"deployables":[],"feed":[],"flags":[],"leaders":["Godot"],"mapId":"stormglass-causeway","mapName":"Stormglass Causeway","modeName":"Puma Circuit","objectives":null,"over":true,"overReason":"race-finish","pickups":[],"projectiles":0.0,"race":{"boxes":[],"coins":[],"countdown":0.0,"elapsed":104.899999999995,"gates":[{"halfWidth":13.9,"nx":0.811242185175561,"nz":-0.584710284663765,"x":-130.0,"z":-130.0},{"halfWidth":13.9,"nx":0.995708839705243,"nz":0.0925413774094543,"x":-50.0,"z":-130.0},{"halfWidth":13.9,"nx":0.947810970315916,"nz":0.318832815984807,"x":30.0,"z":-115.0},{"halfWidth":13.9,"nx":0.781108466038694,"nz":0.624395358953507,"x":100.0,"z":-80.0},{"halfWidth":13.9,"nx":0.407020187230949,"nz":0.913419162918363,"x":145.0,"z":-25.0},{"halfWidth":13.9,"nx":-0.17629831581479,"nz":0.984336783748768,"x":155.0,"z":40.0},{"halfWidth":13.9,"nx":-0.750417976754927,"nz":0.660963584596793,"x":130.0,"z":85.0},{"halfWidth":13.9,"nx":-0.816059498930971,"nz":0.577967900669694,"x":80.0,"z":105.0},{"halfWidth":13.9,"nx":-0.88638840980783,"nz":0.462942314936048,"x":45.0,"z":145.0},{"halfWidth":13.9,"nx":-0.955636089748998,"nz":-0.294549934593855,"x":0.0,"z":150.0},{"halfWidth":13.9,"nx":-0.99551551450357,"nz":-0.0945984163857509,"x":-35.0,"z":120.0},{"halfWidth":13.9,"nx":-0.997484208812643,"nz":-0.0708890200906793,"x":-70.0,"z":140.0},{"halfWidth":13.9,"nx":-0.978439217349438,"nz":-0.206534979973416,"x":-115.0,"z":105.0},{"halfWidth":13.9,"nx":-0.972064160128522,"nz":-0.234715292628392,"x":-155.0,"z":115.0},{"halfWidth":13.9,"nx":-0.500936891949318,"nz":-0.865483812837743,"x":-195.0,"z":80.0},{"halfWidth":13.9,"nx":0.396224135629695,"nz":-0.918153818455547,"x":-205.0,"z":30.0},{"halfWidth":13.9,"nx":0.982122473970114,"nz":-0.18824305066276,"x":-165.0,"z":5.0},{"halfWidth":13.9,"nx":0.979248956078112,"nz":-0.202661002711249,"x":-110.0,"z":15.0},{"halfWidth":13.9,"nx":0.274512909269269,"nz":-0.961583414293592,"x":-65.0,"z":-15.0},{"halfWidth":13.9,"nx":-0.761475161746387,"nz":-0.648194089793569,"x":-90.0,"z":-70.0},{"halfWidth":13.9,"nx":-0.471857925532024,"nz":-0.881674598767944,"x":-145.0,"z":-85.0}],"hazards":[],"laps":1.0,"phase":"finished","standings":[{"actorId":0.0,"coins":0.0,"completedLaps":1.0,"effects":{"shield":0.0,"slow":0.0,"star":0.0,"turbo":0.0},"finishTime":104.899356515317,"item":null,"lap":1.0,"nextGate":1.0,"position":1.0,"progress":21.0099135951085,"vehicleId":0.0},{"actorId":1.0,"coins":0.0,"completedLaps":0.0,"effects":{"shield":0.0,"slow":0.0,"star":0.0,"turbo":0.0},"finishTime":null,"item":null,"lap":1.0,"nextGate":0.0,"position":2.0,"progress":20.8104505502032,"vehicleId":1.0}],"winnerId":0.0},"rockets":[],"singleplayer":null,"stats":{"falls":0.0,"kills":0.0,"pickups":0.0,"powers":0.0,"respawns":2.0,"shots":0.0},"suddenDeath":false,"teamScores":{"0":0.0,"1":0.0},"time":107.899999999995,"vehicles":[{"altitude":0.0,"driver":0.0,"flight":false,"gunner":null,"health":300.0,"heat":0.0,"id":0.0,"kind":"puma","maxHealth":300.0,"overheated":false,"passengers":[],"pitchBody":-0.00006918045842941,"respawnTimer":0.0,"roll":0.172116837961465,"turretYaw":0.0,"vx":5.94942809016163,"vy":0.0,"vz":-5.77201666015662,"x":-129.206912391321,"y":0.0,"yaw":-4.07330030624601,"z":-128.908675499412},{"altitude":0.0,"driver":1.0,"flight":false,"gunner":null,"health":300.0,"heat":0.0,"id":1.0,"kind":"puma","maxHealth":300.0,"overheated":false,"passengers":[],"pitchBody":0.00412917587912399,"respawnTimer":0.0,"roll":0.00470296167096815,"turretYaw":0.0,"vx":2.49555419491407,"vy":0.0,"vz":-8.19312589501404,"x":-132.765203976602,"y":0.0,"yaw":-3.44072068984105,"z":-121.444262169028}],"winner":0.0}}
STORMGLASS_STARTED {"hash":"6afb8a36ee954ff9457a5522a7412c809191fb070eb7fe9eda4d379753acce48","role":"host","starts":2}
Loading resource: res://vehicle_assets/generated/puma-lod0.glb
Loading resource: res://.godot/imported/puma-lod0.glb-4be8372ac289059f106098dc6005829f.scn
Loading resource: res://vehicle_assets/generated/puma-lod0_MothLocal_armor.png
Loading resource: res://.godot/imported/puma-lod0_MothLocal_armor.png-8d08c3449febad1b460185f66773be81.ctex
Loading resource: res://vehicle_assets/generated/puma-lod0_MothLocal_edge.png
Loading resource: res://.godot/imported/puma-lod0_MothLocal_edge.png-4891ff14f40eb42c72be7ac44bec773c.ctex
Loading resource: res://vehicle_assets/generated/puma-lod0_MothLocalNormal_edge.png
Loading resource: res://.godot/imported/puma-lod0_MothLocalNormal_edge.png-dea06521f6bd586e5d014ca502dd59da.ctex
Loading resource: res://vehicle_assets/generated/puma-lod0_MothLocal_rubber.png
Loading resource: res://.godot/imported/puma-lod0_MothLocal_rubber.png-3daf88aec531cd3682d63b787ffe69fc.ctex
Loading resource: res://vehicle_assets/generated/puma-lod0_MothLocal_recess.png
Loading resource: res://.godot/imported/puma-lod0_MothLocal_recess.png-021f337e9e589b015f65b86f923cfc45.ctex
Loading resource: res://vehicle_assets/generated/puma-lod0_MothLocal_seat.png
Loading resource: res://.godot/imported/puma-lod0_MothLocal_seat.png-5becf007e183c3c57cefb5fb1e875cce.ctex
Loading resource: res://vehicle_assets/generated/puma-lod0_MothLocal_team_accent.png
Loading resource: res://.godot/imported/puma-lod0_MothLocal_team_accent.png-d0d934d198550426ca249c3cfa593bb5.ctex
Loading resource: res://vehicle_assets/generated/puma-lod0_MothLocal_red.png
Loading resource: res://.godot/imported/puma-lod0_MothLocal_red.png-a1602093c8a8d69b8ad85a7ac51197d6.ctex
Loading resource: res://vehicle_assets/generated/puma-lod1.glb
Loading resource: res://.godot/imported/puma-lod1.glb-e94621cc7ca18f4e2e7a540ab90d3c2f.scn
Loading resource: res://vehicle_assets/generated/puma-lod1_MothLocal_armor.png
Loading resource: res://.godot/imported/puma-lod1_MothLocal_armor.png-a8bbee69d57f07978dc4be6a8ab8e907.ctex
Loading resource: res://vehicle_assets/generated/puma-lod1_MothLocal_edge.png
Loading resource: res://.godot/imported/puma-lod1_MothLocal_edge.png-1380d184a9c47d2f718ed14aee245637.ctex
Loading resource: res://vehicle_assets/generated/puma-lod1_MothLocalNormal_edge.png
Loading resource: res://.godot/imported/puma-lod1_MothLocalNormal_edge.png-3d73be794df0619623c2b2b8cf51add6.ctex
Loading resource: res://vehicle_assets/generated/puma-lod1_MothLocal_rubber.png
Loading resource: res://.godot/imported/puma-lod1_MothLocal_rubber.png-1521c719103458a4ce78a0ec45cf6112.ctex
Loading resource: res://vehicle_assets/generated/puma-lod1_MothLocal_recess.png
Loading resource: res://.godot/imported/puma-lod1_MothLocal_recess.png-1348a8f0a30d95fb6abdb417e12de414.ctex
Loading resource: res://vehicle_assets/generated/puma-lod1_MothLocal_seat.png
Loading resource: res://.godot/imported/puma-lod1_MothLocal_seat.png-23f0a40fc8aa8ca497b1420da0a1e92c.ctex
Loading resource: res://vehicle_assets/generated/puma-lod1_MothLocal_team_accent.png
Loading resource: res://.godot/imported/puma-lod1_MothLocal_team_accent.png-bf06f7e768475d5f302e627bfec54c27.ctex
Loading resource: res://vehicle_assets/generated/puma-lod1_MothLocal_red.png
Loading resource: res://.godot/imported/puma-lod1_MothLocal_red.png-ff558fe6296caeedf5a6146be58afa28.ctex
Loading resource: res://vehicle_assets/generated/puma-lod2.glb
Loading resource: res://.godot/imported/puma-lod2.glb-800eb99c144b28717202dcd5613895e3.scn
Loading resource: res://vehicle_assets/generated/puma-lod2_MothLocal_armor.png
Loading resource: res://.godot/imported/puma-lod2_MothLocal_armor.png-dc190f2ba233966a1f08c2876f9aa1d5.ctex
Loading resource: res://vehicle_assets/generated/puma-lod2_MothLocal_edge.png
Loading resource: res://.godot/imported/puma-lod2_MothLocal_edge.png-b5e1f4a47a3b0d185a69e34f5086f185.ctex
Loading resource: res://vehicle_assets/generated/puma-lod2_MothLocalNormal_edge.png
Loading resource: res://.godot/imported/puma-lod2_MothLocalNormal_edge.png-70995aee16ccbc69d63385be17eb183c.ctex
Loading resource: res://vehicle_assets/generated/puma-lod2_MothLocal_recess.png
Loading resource: res://.godot/imported/puma-lod2_MothLocal_recess.png-4023a8af165883fcc48383771ca9f843.ctex
Loading resource: res://vehicle_assets/generated/puma-lod2_MothLocal_seat.png
Loading resource: res://.godot/imported/puma-lod2_MothLocal_seat.png-8106cf3c5c75656129ed6bafa50b4d27.ctex
Loading resource: res://vehicle_assets/generated/puma-lod2_MothLocal_team_accent.png
Loading resource: res://.godot/imported/puma-lod2_MothLocal_team_accent.png-99a7ec4e09e8cc08c24e9dd17b7c2fb2.ctex
Loading resource: res://vehicle_assets/generated/puma-lod2_MothLocal_rubber.png
Loading resource: res://.godot/imported/puma-lod2_MothLocal_rubber.png-f82faf152dc92bdeac3662fba7b860de.ctex
Loading resource: res://vehicle_assets/generated/puma-lod0.glb
Loading resource: res://.godot/imported/puma-lod0.glb-4be8372ac289059f106098dc6005829f.scn
Loading resource: res://vehicle_assets/generated/puma-lod1.glb
Loading resource: res://.godot/imported/puma-lod1.glb-e94621cc7ca18f4e2e7a540ab90d3c2f.scn
Loading resource: res://vehicle_assets/generated/puma-lod2.glb
Loading resource: res://.godot/imported/puma-lod2.glb-800eb99c144b28717202dcd5613895e3.scn
STORMGLASS_NATIVE_CAPTURE {"camera":"(-138.4397, 5.0, -117.3264)","engineFrames":1481,"error":0,"label":"restart","renderer":"llvmpipe (LLVM 20.1.8, 256 bits)","ticksMs":107519,"vehicle":{"altitude":0.0,"driver":0.0,"flight":false,"gunner":null,"health":300.0,"heat":0.0,"id":0.0,"kind":"puma","maxHealth":300.0,"overheated":false,"passengers":[],"pitchBody":0.0,"respawnTimer":0.0,"roll":0.0,"turretYaw":0.0,"vx":0.0,"vy":0.0,"vz":0.0,"x":-135.595,"y":0.0,"yaw":2.82,"z":-125.865},"viewport":"(1280.0, 800.0)"}
CANDIDATE_TEARDOWN_READY {"hash":"6afb8a36ee954ff9457a5522a7412c809191fb070eb7fe9eda4d379753acce48","phase":"active","role":"host"}
STORMGLASS_LEAVE_HOME {"behavior":"canonical Leave match returns to launcher by quitting native process","overlay":true}
XR: Clearing primary interface
XR: Removed interface "Native mobile"
XR: Removed interface "OpenXR"
Orphan StringName: Effects (static: 0, total: 2)
Orphan StringName: Ambience (static: 0, total: 4)
StringName: 2 unclaimed string names at exit.
